date,gross_return,net_return,turnover,operations,signal_changed,trade_cost,equity,drawdown,w__CASH,w_dbc.us,w_efv.us,w_gld.us,w_gsg.us,w_iau.us,w_ief.us,w_ijh.us,w_ijr.us,w_ivv.us,w_lqd.us,w_mchi.us,w_mtum.us,w_qqq.us,w_spy.us,w_tlt.us,w_vea.us,w_vnq.us,w_vtv.us,w_vwo.us
2006-03-01,0.011009837462738654,0.009009837462738654,0.5,4,True,0.002,0.998,0.0,0.5,0.0,0.0,0.0,0.0,0.30000000000000004,0.0,0.0,0.0,0.15000000000000002,0.0,0.0,0.0,0.0,0.0,0.05,0.0,0.0,0.0,0.0
2006-04-01,0.032674813494234456,0.032674813494234456,0.0,0,False,0.0,1.0070528094093982,-0.002369666750520749,0.5,0.0,0.0,0.0,0.0,0.30000000000000004,0.0,0.0,0.0,0.15000000000000002,0.0,0.0,0.0,0.0,0.0,0.05,0.0,0.0,0.0,0.0
2006-05-01,-0.01298416761197161,-0.01298416761197161,0.0,0,False,0.0,1.0399580721356951,-0.0016494481890126922,0.5,0.0,0.0,0.0,0.0,0.30000000000000004,0.0,0.0,0.0,0.15000000000000002,0.0,0.0,0.0,0.0,0.0,0.05,0.0,0.0,0.0,0.0
2006-06-01,-0.002413175932671569,-0.002413175932671569,0.0,0,False,0.0,1.0264550822176624,-0.04058608341812908,0.5,0.0,0.0,0.0,0.0,0.30000000000000004,0.0,0.0,0.0,0.15000000000000002,0.0,0.0,0.0,0.0,0.0,0.05,0.0,0.0,0.0,0.0
2006-07-01,0.009837505935031283,0.009837505935031283,0.0,0,False,0.0,1.0176517903558289,-0.04881440326406661,0.5,0.0,0.0,0.0,0.0,0.30000000000000004,0.0,0.0,0.0,0.15000000000000002,0.0,0.0,0.0,0.0,0.0,0.05,0.0,0.0,0.0,0.0
2006-08-01,-0.007086162120424238,-0.0074861621204242385,0.1,3,True,0.0004,1.0272518807048965,-0.03984132646713601,0.5,0.0,0.0,0.0,0.0,0.35000000000000003,0.0,0.0,0.0,0.05,0.0,0.0,0.0,0.0,0.0,0.1,0.0,0.0,0.0,0.0
2006-09-01,0.003628350814212822,0.002428350814212822,0.30000000000000004,3,True,0.0012000000000000001,1.0187486402109034,-0.047789192289334204,0.5,0.0,0.0,0.0,0.0,0.05,0.0,0.0,0.0,0.30000000000000004,0.0,0.0,0.0,0.0,0.0,0.15000000000000002,0.0,0.0,0.0,0.0
2006-10-01,0.009519886117269139,0.00911988611726914,0.1,2,True,0.0004,1.0241474145997074,-0.04274302965558929,0.5,0.0,0.0,0.0,0.0,0.05,0.0,0.0,0.0,0.2,0.0,0.0,0.0,0.0,0.0,0.25,0.0,0.0,0.0,0.0
2006-11-01,0.014090666662613294,0.013290666662613294,0.2,3,True,0.0008,1.0326568355834655,-0.034789387011789574,0.5,0.0,0.0,0.0,0.0,0.1,0.0,0.0,0.0,0.35000000000000003,0.0,0.0,0.0,0.0,0.0,0.05,0.0,0.0,0.0,0.0
2006-12-01,-0.007000476573986431,-0.0076004765739864305,0.15000000000000002,2,True,0.0006000000000000001,1.0465793342352432,-0.02177621264935281,0.5,0.0,0.0,0.0,0.0,0.25,0.0,0.0,0.0,0.2,0.0,0.0,0.0,0.0,0.0,0.05,0.0,0.0,0.0,0.0
2007-01-01,0.013096913348822082,0.012696913348822083,0.1,2,True,0.0004,1.0352334829861851,-0.03238102894613237,0.5,0.0,0.0,0.0,0.0,0.15000000000000002,0.0,0.0,0.0,0.30000000000000004,0.0,0.0,0.0,0.0,0.0,0.05,0.0,0.0,0.0,0.0
2007-02-01,0.003832995520973653,0.003232995520973653,0.15000000000000002,3,True,0.0006000000000000001,1.0477433060724888,-0.02068826365040577,0.5,0.1,0.0,0.0,0.0,0.2,0.0,0.0,0.0,0.15000000000000002,0.0,0.0,0.0,0.0,0.0,0.05,0.0,0.0,0.0,0.0
2007-03-01,-0.0005197156001742753,-0.0011197156001742752,0.15,4,True,0.0006,1.0511282458909115,-0.017524405411650235,0.5,0.2,0.0,0.0,0.0,0.15000000000000002,0.0,0.0,0.0,0.05,0.0,0.0,0.0,0.0,0.0,0.1,0.0,0.0,0.0,0.0
2007-04-01,0.012013278483550839,0.01161327848355084,0.1,3,True,0.0004,1.0526399680513816,-0.016111418809619193,0.5,0.15000000000000002,0.0,0.0,0.0,0.15000000000000002,0.0,0.0,0.0,0.15000000000000002,0.0,0.0,0.0,0.0,0.0,0.05,0.0,0.0,0.0,0.0
2007-05-01,0.003748478247979004,0.003748478247979004,0.0,0,False,0.0,1.064859510880447,-0.0048961863799005245,0.5,0.15000000000000002,0.0,0.0,0.0,0.15000000000000002,0.0,0.0,0.0,0.15000000000000002,0.0,0.0,0.0,0.0,0.0,0.05,0.0,0.0,0.0,0.0
2007-06-01,-0.0047998910054489145,-0.0047998910054489145,0.0,0,False,0.0,1.068851113594136,-0.0013251548538933955,0.5,0.15000000000000002,0.0,0.0,0.0,0.15000000000000002,0.0,0.0,0.0,0.15000000000000002,0.0,0.0,0.0,0.0,0.0,0.05,0.0,0.0,0.0,0.0
2007-07-01,-0.003130867496204881,-0.003530867496204881,0.1,3,True,0.0004,1.0594987010175108,-0.01042239788046273,0.5,0.2,0.0,0.0,0.0,0.05,0.0,0.0,0.0,0.2,0.0,0.0,0.0,0.0,0.0,0.05,0.0,0.0,0.0,0.0
2007-08-01,0.005950353133653842,0.005150353133653841,0.20000000000000004,4,True,0.0008000000000000001,1.0549144710891536,-0.014704093795438022,0.5,0.15000000000000002,0.0,0.0,0.0,0.15000000000000002,0.0,0.0,0.0,0.05,0.0,0.0,0.0,0.0,0.0,0.15000000000000002,0.0,0.0,0.0,0.0
2007-09-01,0.028196980738770874,0.027596980738770874,0.15000000000000002,4,True,0.0006000000000000001,1.0571692181840735,-0.012598147632942536,0.5,0.05,0.0,0.0,0.0,0.2,0.0,0.0,0.0,0.15000000000000002,0.0,0.0,0.0,0.0,0.0,0.1,0.0,0.0,0.0,0.0
2007-10-01,0.0224158437863172,0.0220158437863172,0.1,3,True,0.0004,1.0858914809433322,0.0,0.5,0.15000000000000002,0.0,0.0,0.0,0.2,0.0,0.0,0.0,0.1,0.0,0.0,0.0,0.0,0.0,0.05,0.0,0.0,0.0,0.0
2007-11-01,0.0024325448075612215,0.0024325448075612215,0.0,0,False,0.0,1.1102326547490506,-0.005310177594857746,0.5,0.15000000000000002,0.0,0.0,0.0,0.2,0.0,0.0,0.0,0.1,0.0,0.0,0.0,0.0,0.0,0.05,0.0,0.0,0.0,0.0
2007-12-01,0.02438481766775091,0.02398481766775091,0.1,3,True,0.0004,1.1099610665462136,-0.015228503725636222,0.5,0.15000000000000002,0.0,0.0,0.0,0.15000000000000002,0.0,0.0,0.0,0.05,0.0,0.0,0.0,0.0,0.0,0.15000000000000002,0.0,0.0,0.0,0.0
2008-01-01,0.004884054290469615,0.004884054290469615,0.0,0,False,0.0,1.1077254987227187,-0.017211927772586177,0.5,0.15000000000000002,0.0,0.0,0.0,0.15000000000000002,0.0,0.0,0.0,0.05,0.0,0.0,0.0,0.0,0.0,0.15000000000000002,0.0,0.0,0.0,0.0
2008-02-01,0.031161739361717004,0.031161739361717004,0.0,0,False,0.0,1.113135690197418,-0.01241193747180147,0.5,0.15000000000000002,0.0,0.0,0.0,0.15000000000000002,0.0,0.0,0.0,0.05,0.0,0.0,0.0,0.0,0.0,0.15000000000000002,0.0,0.0,0.0,0.0
2008-03-01,-0.01844760223781853,-0.01844760223781853,0.0,0,False,0.0,1.1442455443132662,-0.0009458645814293121,0.5,0.15000000000000002,0.0,0.0,0.0,0.15000000000000002,0.0,0.0,0.0,0.05,0.0,0.0,0.0,0.0,0.0,0.15000000000000002,0.0,0.0,0.0,0.0
2008-04-01,0.010186800973870367,0.009586800973870368,0.15000000000000002,4,True,0.0006000000000000001,1.122463075474789,-0.031175768790368763,0.5,0.25,0.0,0.0,0.0,0.05,0.0,0.0,0.0,0.1,0.0,0.0,0.0,0.0,0.0,0.1,0.0,0.0,0.0,0.0
2008-05-01,0.02559614724009691,0.02559614724009691,0.0,0,False,0.0,1.133897383425169,-0.02130654916837338,0.5,0.25,0.0,0.0,0.0,0.05,0.0,0.0,0.0,0.1,0.0,0.0,0.0,0.0,0.0,0.1,0.0,0.0,0.0,0.0
2008-06-01,0.03199390018960566,0.031593900189605666,0.1,3,True,0.0004,1.1595554709321476,-0.01587814081816319,0.5,0.25,0.0,0.0,0.0,0.15000000000000002,0.0,0.0,0.0,0.05,0.0,0.0,0.0,0.0,0.0,0.05,0.0,0.0,0.0,0.0
2008-07-01,-0.03636407222258267,-0.03636407222258267,0.0,0,False,0.0,1.1961755112642887,0.0,0.5,0.25,0.0,0.0,0.0,0.15000000000000002,0.0,0.0,0.0,0.05,0.0,0.0,0.0,0.0,0.0,0.05,0.0,0.0,0.0,0.0
2008-08-01,-0.024179259478176042,-0.024579259478176043,0.1,2,True,0.0004,1.1522166275023569,-0.042942881185438875,0.5,0.15000000000000002,0.0,0.0,0.0,0.15000000000000002,0.0,0.0,0.0,0.05,0.0,0.0,0.0,0.0,0.0,0.15000000000000002,0.0,0.0,0.0,0.0
2008-09-01,-0.017113724186028814,-0.017713724186028814,0.15000000000000002,4,True,0.0006000000000000001,1.133428058082162,-0.05854909071820502,0.5,0.1,0.0,0.0,0.0,0.05,0.0,0.0,0.0,0.15000000000000002,0.0,0.0,0.0,0.0,0.0,0.2,0.0,0.0,0.0,0.0
2008-10-01,-0.061442708502787644,-0.06204270850278765,0.15000000000000002,3,True,0.0006000000000000001,1.112694446903062,-0.07577089580593832,0.5,0.05,0.0,0.0,0.0,0.2,0.0,0.0,0.0,0.05,0.0,0.0,0.0,0.0,0.0,0.2,0.0,0.0,0.0,0.0
2008-11-01,0.03425803552473159,0.03425803552473159,0.0,0,False,0.0,1.0462995086302351,-0.1309200290596435,0.5,0.05,0.0,0.0,0.0,0.2,0.0,0.0,0.0,0.05,0.0,0.0,0.0,0.0,0.0,0.2,0.0,0.0,0.0,0.0
2008-12-01,0.04876518579588379,0.04876518579588379,0.0,0,False,0.0,1.0821436743663992,-0.10114705654133582,0.5,0.05,0.0,0.0,0.0,0.2,0.0,0.0,0.0,0.05,0.0,0.0,0.0,0.0,0.0,0.2,0.0,0.0,0.0,0.0
2009-01-01,-0.023419988387002932,-0.023419988387002932,0.0,0,False,0.0,1.1323040946010279,-0.05948268013640223,0.5,0.05,0.0,0.0,0.0,0.2,0.0,0.0,0.0,0.05,0.0,0.0,0.0,0.0,0.0,0.2,0.0,0.0,0.0,0.0
2009-02-01,-0.010574335734913832,-0.010574335734913832,0.0,0,False,0.0,1.1105781372597756,-0.07752875032858442,0.5,0.05,0.0,0.0,0.0,0.2,0.0,0.0,0.0,0.05,0.0,0.0,0.0,0.0,0.0,0.2,0.0,0.0,0.0,0.0
2009-03-01,0.018556802622040937,0.018556802622040937,0.0,0,False,0.0,1.1051228463700322,-0.08206003798457906,0.5,0.05,0.0,0.0,0.0,0.2,0.0,0.0,0.0,0.05,0.0,0.0,0.0,0.0,0.0,0.2,0.0,0.0,0.0,0.0
2009-04-01,-0.005405662762244891,-0.005805662762244891,0.1,3,True,0.0004,1.1251801407460678,-0.06539999688765885,0.5,0.05,0.0,0.0,0.0,0.15000000000000002,0.0,0.0,0.0,0.15000000000000002,0.0,0.0,0.0,0.0,0.0,0.15000000000000002,0.0,0.0,0.0,0.0
2009-05-01,0.04353179868576634,0.043131798685766345,0.1,3,True,0.0004,1.118650157239876,-0.07082394847034834,0.5,0.1,0.0,0.0,0.0,0.15000000000000002,0.0,0.0,0.0,0.2,0.0,0.0,0.0,0.0,0.0,0.05,0.0,0.0,0.0,0.0
2009-06-01,-0.014324545389502098,-0.014324545389502098,0.0,0,False,0.0,1.167347010684643,-0.03037524365152422,0.5,0.1,0.0,0.0,0.0,0.15000000000000002,0.0,0.0,0.0,0.2,0.0,0.0,0.0,0.0,0.0,0.05,0.0,0.0,0.0,0.0
2009-07-01,0.02456072500124103,0.02456072500124103,0.0,0,False,0.0,1.1506252954447915,-0.044264677484622705,0.5,0.1,0.0,0.0,0.0,0.15000000000000002,0.0,0.0,0.0,0.2,0.0,0.0,0.0,0.0,0.0,0.05,0.0,0.0,0.0,0.0
2009-08-01,-0.006995062599607683,-0.006995062599607683,0.0,0,False,0.0,1.1719758322463247,-0.026530440060264948,0.5,0.1,0.0,0.0,0.0,0.15000000000000002,0.0,0.0,0.0,0.2,0.0,0.0,0.0,0.0,0.0,0.05,0.0,0.0,0.0,0.0
2009-09-01,0.016790153449734106,0.016390153449734105,0.1,3,True,0.0004,1.1633122768193604,-0.033726584602627674,0.5,0.05,0.0,0.0,0.0,0.15000000000000002,0.0,0.0,0.0,0.15000000000000002,0.0,0.0,0.0,0.0,0.0,0.15000000000000002,0.0,0.0,0.0,0.0
2009-10-01,0.008682656400617212,0.008682656400617212,0.0,0,False,0.0,1.1828444684571169,-0.017502705683707265,0.5,0.05,0.0,0.0,0.0,0.15000000000000002,0.0,0.0,0.0,0.15000000000000002,0.0,0.0,0.0,0.0,0.0,0.15000000000000002,0.0,0.0,0.0,0.0
2009-11-01,0.0381993271298422,0.037599327129842194,0.15000000000000002,4,True,0.0006000000000000001,1.1900119374399825,-0.013275457151030956,0.5,0.15000000000000002,0.0,0.0,0.0,0.2,0.0,0.0,0.0,0.1,0.0,0.0,0.0,0.0,0.0,0.05,0.0,0.0,0.0,0.0
2009-12-01,-0.011528311459823642,-0.011528311459823642,0.0,0,False,0.0,1.2347283109710334,0.0,0.5,0.15000000000000002,0.0,0.0,0.0,0.2,0.0,0.0,0.0,0.1,0.0,0.0,0.0,0.0,0.0,0.05,0.0,0.0,0.0,0.0
2010-01-01,-0.017651457880819624,-0.017651457880819624,0.0,0,False,0.0,1.1941034984423904,-0.03499881442664454,0.5,0.15000000000000002,0.0,0.0,0.0,0.2,0.0,0.0,0.0,0.1,0.0,0.0,0.0,0.0,0.0,0.05,0.0,0.0,0.0,0.0
2010-02-01,0.006438416875536402,0.006038416875536402,0.1,3,True,0.0004,1.1725566205019613,-0.05241167921185019,0.5,0.05,0.0,0.0,0.0,0.2,0.0,0.0,0.0,0.15000000000000002,0.0,0.0,0.0,0.0,0.0,0.1,0.0,0.0,0.0,0.0
2010-03-01,0.008145197456615863,0.008145197456615863,0.0,0,False,0.0,1.180106028834923,-0.0463107105762266,0.5,0.05,0.0,0.0,0.0,0.2,0.0,0.0,0.0,0.15000000000000002,0.0,0.0,0.0,0.0,0.0,0.1,0.0,0.0,0.0,0.0
2010-04-01,0.017505771635685008,0.017505771635685008,0.0,0,False,0.0,1.1897182254595267,-0.03854272300160999,0.5,0.05,0.0,0.0,0.0,0.2,0.0,0.0,0.0,0.15000000000000002,0.0,0.0,0.0,0.0,0.0,0.1,0.0,0.0,0.0,0.0
2010-05-01,-0.009468515594230283,-0.009468515594230283,0.0,0,False,0.0,1.2076456510027547,-0.024054877579450573,0.5,0.05,0.0,0.0,0.0,0.2,0.0,0.0,0.0,0.15000000000000002,0.0,0.0,0.0,0.0,0.0,0.1,0.0,0.0,0.0,0.0
2010-06-01,-0.006937424440704672,-0.006937424440704672,0.0,0,False,0.0,1.1962110393239305,-0.03329562919020279,0.5,0.05,0.0,0.0,0.0,0.2,0.0,0.0,0.0,0.15000000000000002,0.0,0.0,0.0,0.0,0.0,0.1,0.0,0.0,0.0,0.0
2010-07-01,0.0009453103266870225,0.0003453103266870224,0.15000000000000002,3,True,0.0006000000000000001,1.1871996681741097,-0.04057806647856321,0.5,0.05,0.0,0.0,0.0,0.15000000000000002,0.0,0.0,0.0,0.05,0.0,0.0,0.0,0.0,0.0,0.25,0.0,0.0,0.0,0.0
2010-08-01,-0.007242522187846157,-0.008442522187846158,0.30000000000000004,4,True,0.0012000000000000001,1.1905739929948094,-0.03785114418352575,0.5,0.2,0.0,0.0,0.0,0.05,0.0,0.0,0.0,0.2,0.0,0.0,0.0,0.0,0.0,0.05,0.0,0.0,0.0,0.0
2010-09-01,0.015401581621577256,0.014201581621577256,0.30000000000000004,4,True,0.0012000000000000001,1.1791162534814073,-0.04711058629122111,0.5,0.05,0.0,0.0,0.0,0.2,0.0,0.0,0.0,0.05,0.0,0.0,0.0,0.0,0.0,0.2,0.0,0.0,0.0,0.0
2010-10-01,0.013017263685676662,0.012417263685676663,0.15000000000000002,3,True,0.0006000000000000001,1.1965581427955088,-0.03301512146032293,0.5,0.15000000000000002,0.0,0.0,0.0,0.2,0.0,0.0,0.0,0.1,0.0,0.0,0.0,0.0,0.0,0.05,0.0,0.0,0.0,0.0
2010-11-01,0.008439081710560417,0.008439081710560417,0.0,0,False,0.0,1.2121340556555216,-0.020427624316309845,0.5,0.15000000000000002,0.0,0.0,0.0,0.2,0.0,0.0,0.0,0.1,0.0,0.0,0.0,0.0,0.0,0.05,0.0,0.0,0.0,0.0
2010-12-01,0.01818072895752688,0.01818072895752688,0.0,0,False,0.0,1.2223633539953513,-0.012160932996507445,0.5,0.15000000000000002,0.0,0.0,0.0,0.2,0.0,0.0,0.0,0.1,0.0,0.0,0.0,0.0,0.0,0.05,0.0,0.0,0.0,0.0
2011-01-01,-0.0032102320380701273,-0.0032102320380701273,0.0,0,False,0.0,1.2348523197331842,-0.004732338104686984,0.5,0.15000000000000002,0.0,0.0,0.0,0.2,0.0,0.0,0.0,0.1,0.0,0.0,0.0,0.0,0.0,0.05,0.0,0.0,0.0,0.0
2011-02-01,0.023213330421069867,0.023213330421069867,0.0,0,False,0.0,1.2308881572540915,-0.007927378239358407,0.5,0.15000000000000002,0.0,0.0,0.0,0.2,0.0,0.0,0.0,0.1,0.0,0.0,0.0,0.0,0.0,0.05,0.0,0.0,0.0,0.0
2011-03-01,0.003806157174064107,0.003806157174064107,0.0,0,False,0.0,1.2594611707598125,0.0,0.5,0.15000000000000002,0.0,0.0,0.0,0.2,0.0,0.0,0.0,0.1,0.0,0.0,0.0,0.0,0.0,0.05,0.0,0.0,0.0,0.0
2011-04-01,0.023451270139607072,0.023451270139607072,0.0,0,False,0.0,1.2642548779303555,0.0,0.5,0.15000000000000002,0.0,0.0,0.0,0.2,0.0,0.0,0.0,0.1,0.0,0.0,0.0,0.0,0.0,0.05,0.0,0.0,0.0,0.0
2011-05-01,-0.009547588474262217,-0.009547588474262217,0.0,0,False,0.0,1.2997757769368603,0.0,0.5,0.15000000000000002,0.0,0.0,0.0,0.2,0.0,0.0,0.0,0.1,0.0,0.0,0.0,0.0,0.0,0.05,0.0,0.0,0.0,0.0
2011-06-01,-0.01468310246090014,-0.015283102460900139,0.15000000000000002,3,True,0.0006000000000000001,1.2865936330782268,-0.010141859921177665,0.5,0.05,0.0,0.0,0.0,0.2,0.0,0.0,0.0,0.05,0.0,0.0,0.0,0.0,0.0,0.2,0.0,0.0,0.0,0.0
2011-07-01,0.006514817190209667,0.005514817190209667,0.25,4,True,0.001,1.2664347444912594,-0.025651372365297243,0.5,0.1,0.0,0.0,0.0,0.1,0.0,0.0,0.0,0.25,0.0,0.0,0.0,0.0,0.0,0.05,0.0,0.0,0.0,0.0
2011-08-01,0.03776648619456535,0.03696648619456535,0.20000000000000004,3,True,0.0008000000000000001,1.2736655870666818,-0.020088226241384177,0.5,0.1,0.0,0.0,0.0,0.2,0.0,0.0,0.0,0.05,0.0,0.0,0.0,0.0,0.0,0.15000000000000002,0.0,0.0,0.0,0.0
2011-09-01,-0.017056790941217946,-0.017056790941217946,0.0,0,False,0.0,1.3217674608771288,-0.004897354781930097,0.5,0.1,0.0,0.0,0.0,0.2,0.0,0.0,0.0,0.05,0.0,0.0,0.0,0.0,0.0,0.15000000000000002,0.0,0.0,0.0,0.0
2011-10-01,0.015830470788777473,0.015830470788777473,0.0,0,False,0.0,1.2913172229225074,-0.0324309540210268,0.5,0.1,0.0,0.0,0.0,0.2,0.0,0.0,0.0,0.05,0.0,0.0,0.0,0.0,0.0,0.15000000000000002,0.0,0.0,0.0,0.0
2011-11-01,0.0030036995858193694,0.0026036995858193693,0.1,3,True,0.0004,1.3112346787460276,-0.01750703495033057,0.5,0.05,0.0,0.0,0.0,0.15000000000000002,0.0,0.0,0.0,0.15000000000000002,0.0,0.0,0.0,0.0,0.0,0.15000000000000002,0.0,0.0,0.0,0.0
2011-12-01,-0.004177428456379345,-0.004177428456379345,0.0,0,False,0.0,1.3151732338074893,-0.014555921238140201,0.5,0.05,0.0,0.0,0.0,0.15000000000000002,0.0,0.0,0.0,0.15000000000000002,0.0,0.0,0.0,0.0,0.0,0.15000000000000002,0.0,0.0,0.0,0.0
2012-01-01,0.011188109897738673,0.010788109897738674,0.1,3,True,0.0004,1.2898656393293053,-0.033518608802905026,0.5,0.1,0.0,0.0,0.0,0.05,0.0,0.0,0.0,0.15000000000000002,0.0,0.0,0.0,0.0,0.0,0.2,0.0,0.0,0.0,0.0
2012-02-01,0.0035462875275396604,0.00294628752753966,0.15000000000000002,3,True,0.0006000000000000001,1.3029928140888147,-0.023682568724610387,0.5,0.05,0.0,0.0,0.0,0.2,0.0,0.0,0.0,0.15000000000000002,0.0,0.0,0.0,0.0,0.0,0.1,0.0,0.0,0.0,0.0
2012-03-01,-6.256399520605024e-05,-0.0006625639952060503,0.15000000000000002,3,True,0.0006000000000000001,1.3068290330931394,-0.020808134235321907,0.5,0.15000000000000002,0.0,0.0,0.0,0.05,0.0,0.0,0.0,0.2,0.0,0.0,0.0,0.0,0.0,0.1,0.0,0.0,0.0,0.0
2012-04-01,-0.0022581020157708305,-0.0022581020157708305,0.0,0,False,0.0,1.3011711673828728,-0.025047507512765077,0.5,0.15000000000000002,0.0,0.0,0.0,0.05,0.0,0.0,0.0,0.2,0.0,0.0,0.0,0.0,0.0,0.1,0.0,0.0,0.0,0.0
2012-05-01,-0.0009004030463583557,-0.0013004030463583556,0.1,2,True,0.0004,1.297713696950884,-0.02763815008145054,0.5,0.05,0.0,0.0,0.0,0.05,0.0,0.0,0.0,0.2,0.0,0.0,0.0,0.0,0.0,0.2,0.0,0.0,0.0,0.0
2012-06-01,0.009048328430519639,0.009048328430519639,0.0,0,False,0.0,1.2965452315848485,-0.028513667653279895,0.5,0.05,0.0,0.0,0.0,0.05,0.0,0.0,0.0,0.2,0.0,0.0,0.0,0.0,0.0,0.2,0.0,0.0,0.0,0.0
2012-07-01,0.009178860331975736,0.009178860331975736,0.0,0,False,0.0,1.3052911723497937,-0.02196043548700022,0.5,0.05,0.0,0.0,0.0,0.05,0.0,0.0,0.0,0.2,0.0,0.0,0.0,0.0,0.0,0.2,0.0,0.0,0.0,0.0
2012-08-01,0.011827325544654156,0.011427325544654157,0.1,2,True,0.0004,1.316745348810268,-0.013377953666418918,0.5,0.15000000000000002,0.0,0.0,0.0,0.05,0.0,0.0,0.0,0.1,0.0,0.0,0.0,0.0,0.0,0.2,0.0,0.0,0.0,0.0
2012-09-01,0.007847409524182426,0.007247409524182426,0.15000000000000002,4,True,0.0006000000000000001,1.332945622834347,-0.0012392758854468111,0.5,0.2,0.0,0.0,0.0,0.1,0.0,0.0,0.0,0.15000000000000002,0.0,0.0,0.0,0.0,0.0,0.05,0.0,0.0,0.0,0.0
2012-10-01,-0.013517892470989445,-0.013517892470989445,0.0,0,False,0.0,1.3425997495343884,-0.0064254437885635785,0.5,0.2,0.0,0.0,0.0,0.1,0.0,0.0,0.0,0.15000000000000002,0.0,0.0,0.0,0.0,0.0,0.05,0.0,0.0,0.0,0.0
2012-11-01,0.0012456943206315856,0.0006456943206315857,0.15,4,True,0.0006,1.323655960110312,-0.020444563914660097,0.5,0.05,0.0,0.0,0.0,0.15000000000000002,0.0,0.0,0.0,0.2,0.0,0.0,0.0,0.0,0.0,0.1,0.0,0.0,0.0,0.0
2012-12-01,-0.000965337087084061,-0.001565337087084061,0.15000000000000002,3,True,0.0006000000000000001,1.3260976016915422,-0.01863765686634611,0.5,0.2,0.0,0.0,0.0,0.05,0.0,0.0,0.0,0.15000000000000002,0.0,0.0,0.0,0.0,0.0,0.1,0.0,0.0,0.0,0.0
2013-01-01,0.006889297404669705,0.006889297404669705,0.0,0,False,0.0,1.31385105773473,-0.027700562234258874,0.5,0.2,0.0,0.0,0.0,0.05,0.0,0.0,0.0,0.15000000000000002,0.0,0.0,0.0,0.0,0.0,0.1,0.0,0.0,0.0,0.0
2013-02-01,-0.010374507414073109,-0.010374507414073109,0.0,0,False,0.0,1.3229025684169047,-0.02100210224109733,0.5,0.2,0.0,0.0,0.0,0.05,0.0,0.0,0.0,0.15000000000000002,0.0,0.0,0.0,0.0,0.0,0.1,0.0,0.0,0.0,0.0
2013-03-01,0.00729750161513163,0.00669750161513163,0.15000000000000002,3,True,0.0006000000000000001,1.3083925990492196,-0.031740027955845185,0.5,0.05,0.0,0.0,0.0,0.05,0.0,0.0,0.0,0.2,0.0,0.0,0.0,0.0,0.0,0.2,0.0,0.0,0.0,0.0
2013-04-01,0.00564152151681322,0.00564152151681322,0.0,0,False,0.0,1.317940596154008,-0.02467414924598521,0.5,0.05,0.0,0.0,0.0,0.05,0.0,0.0,0.0,0.2,0.0,0.0,0.0,0.0,0.0,0.2,0.0,0.0,0.0,0.0
2013-05-01,-0.005333637881484266,-0.007333637881484266,0.5,5,True,0.002,1.3227250348123225,-0.02113348381810609,0.0,0.05,0.0,0.0,0.0,0.05,0.0,0.125,0.0,0.2,0.0,0.0,0.0,0.0,0.0,0.2,0.125,0.125,0.125,0.0
2013-06-01,-0.018716493509420166,-0.020316493509420167,0.4,7,True,0.0016,1.3081823150794716,-0.03463141089924937,0.0,0.15000000000000002,0.0,0.0,0.0,0.05,0.0,0.125,0.125,0.25,0.0,0.0,0.0,0.0,0.125,0.05,0.0,0.0,0.125,0.0
2013-07-01,0.05077389583568212,0.05077389583568212,0.0,0,False,0.0,1.2816438129033163,-0.054215406270021416,0.0,0.15000000000000002,0.0,0.0,0.0,0.05,0.0,0.125,0.125,0.25,0.0,0.0,0.0,0.0,0.125,0.05,0.0,0.0,0.125,0.0
2013-08-01,-0.022743842974418654,-0.022743842974418654,0.0,0,False,0.0,1.3467178623581162,-0.006194237824982185,0.0,0.15000000000000002,0.0,0.0,0.0,0.05,0.0,0.125,0.125,0.25,0.0,0.0,0.0,0.0,0.125,0.05,0.0,0.0,0.125,0.0
2013-09-01,0.007495224266157313,0.006395224266157313,0.275,4,True,0.0011,1.314697406371182,-0.029823621942280387,0.0,0.15000000000000002,0.0,0.0,0.0,0.2,0.0,0.125,0.125,0.1,0.0,0.0,0.0,0.125,0.0,0.05,0.0,0.0,0.125,0.0
2013-10-01,0.021072040758809495,0.019272040758809495,0.45000000000000007,8,True,0.0018000000000000002,1.3207127819467643,-0.02538459645984359,0.0,0.1,0.125,0.0,0.0,0.05,0.0,0.125,0.125,0.2,0.0,0.0,0.0,0.0,0.0,0.15000000000000002,0.125,0.0,0.0,0.0
2013-11-01,0.01694492221056228,0.01534492221056228,0.4,7,True,0.0016,1.346385226885797,-0.0148224549787217,0.0,0.05,0.0,0.0,0.0,0.05,0.0,0.125,0.125,0.35000000000000003,0.0,0.0,0.0,0.125,0.125,0.05,0.0,0.0,0.0,0.0
2013-12-01,0.010839085190503906,0.009739085190503906,0.275,5,True,0.0011,1.3757141620178976,0.0,0.0,0.15000000000000002,0.0,0.0,0.0,0.05,0.0,0.125,0.125,0.2,0.0,0.0,0.0,0.125,0.0,0.1,0.0,0.0,0.125,0.0
2014-01-01,-0.034507458426278496,-0.035407458426278494,0.22500000000000003,5,True,0.0009000000000000002,1.3836100087152716,-0.010848794565831654,0.0,0.1,0.0,0.0,0.0,0.05,0.0,0.0,0.125,0.30000000000000004,0.0,0.0,0.0,0.125,0.125,0.05,0.0,0.0,0.125,0.0
2014-02-01,0.04913284582944373,0.04743284582944373,0.42500000000000004,6,True,0.0017000000000000001,1.358694738491225,-0.028660872695215445,0.0,0.05,0.0,0.0,0.0,0.1,0.0,0.125,0.125,0.05,0.0,0.0,0.0,0.125,0.125,0.30000000000000004,0.0,0.0,0.0,0.0
2014-03-01,0.0009598973174316733,-4.010268256832692e-05,0.25000000000000006,4,True,0.0010000000000000002,1.4212971455801997,0.0,0.0,0.1,0.0,0.0,0.0,0.15000000000000002,0.0,0.125,0.125,0.2,0.0,0.0,0.0,0.125,0.125,0.05,0.0,0.0,0.0,0.0
2014-04-01,-0.001792356049283685,-0.002692356049283685,0.22500000000000003,4,True,0.0009000000000000001,1.4199596685475102,-0.010461511645210364,0.0,0.1,0.0,0.0,0.0,0.05,0.0,0.125,0.125,0.2,0.0,0.0,0.0,0.125,0.0,0.15000000000000002,0.0,0.0,0.125,0.0
2014-05-01,0.014521998022720944,0.014021998022720944,0.125,2,True,0.0005,1.4167058879482282,-0.012728999382341066,0.0,0.1,0.0,0.0,0.0,0.05,0.0,0.0,0.125,0.2,0.0,0.0,0.0,0.125,0.125,0.15000000000000002,0.0,0.0,0.125,0.0
2014-06-01,0.022577426991319642,0.02157742699131964,0.25,4,True,0.001,1.4394017664533603,-0.000649822350012208,0.0,0.1,0.125,0.0,0.0,0.05,0.0,0.0,0.0,0.2,0.0,0.0,0.0,0.125,0.125,0.15000000000000002,0.0,0.125,0.0,0.0
2014-07-01,-0.023833520183361788,-0.025133520183361787,0.325,6,True,0.0013,1.4685162987804017,0.0,0.0,0.05,0.125,0.0,0.0,0.25,0.0,0.125,0.0,0.15000000000000002,0.0,0.0,0.0,0.125,0.0,0.05,0.0,0.125,0.0,0.0
2014-08-01,0.0263975723289697,0.0242975723289697,0.525,8,True,0.0021000000000000003,1.4305060015233628,-0.025883469790976332,0.0,0.05,0.0,0.0,0.0,0.1,0.0,0.0,0.0,0.15000000000000002,0.0,0.125,0.125,0.125,0.0,0.2,0.0,0.0,0.0,0.125
2014-09-01,-0.03995564666957459,-0.04045564666957459,0.125,2,True,0.0005,1.4740979576561792,-0.00010622254648895435,0.0,0.05,0.0,0.0,0.0,0.1,0.0,0.0,0.0,0.15000000000000002,0.0,0.125,0.0,0.125,0.0,0.2,0.0,0.125,0.0,0.125
2014-10-01,0.02064852524768484,0.019148525247684837,0.375,6,True,0.0015,1.4123700830622852,-0.0485309361564672,0.0,0.05,0.0,0.0,0.0,0.1,0.0,0.0,0.0,0.15000000000000002,0.0,0.0,0.125,0.125,0.125,0.2,0.0,0.0,0.125,0.0
2014-11-01,0.019857976160768467,0.019357976160768467,0.125,2,True,0.0005,1.4418250542765654,-0.028688053456753848,0.0,0.05,0.0,0.0,0.0,0.1,0.0,0.0,0.0,0.15000000000000002,0.0,0.0,0.125,0.125,0.125,0.2,0.0,0.125,0.0,0.0
2014-12-01,0.005160786269468365,0.005160786269468365,0.0,0,False,0.0,1.469721553441472,-0.00989506409563956,0.0,0.05,0.0,0.0,0.0,0.1,0.0,0.0,0.0,0.15000000000000002,0.0,0.0,0.125,0.125,0.125,0.2,0.0,0.125,0.0,0.0
2015-01-01,0.02698777078136995,0.02648777078136995,0.125,2,True,0.0005,1.4553146250327613,-0.021324939545922517,0.0,0.05,0.0,0.0,0.0,0.1,0.0,0.0,0.0,0.15000000000000002,0.0,0.125,0.125,0.125,0.0,0.2,0.0,0.125,0.0,0.0
2015-02-01,0.005196914084354146,0.005196914084354146,0.0,0,False,0.0,1.4876585256748407,-0.014464634404591226,0.0,0.05,0.0,0.0,0.0,0.1,0.0,0.0,0.0,0.15000000000000002,0.0,0.125,0.125,0.125,0.0,0.2,0.0,0.125,0.0,0.0
2015-03-01,0.001878257888689682,0.001878257888689682,0.0,0,False,0.0,1.4959006475214836,-0.009004441472393765,0.0,0.05,0.0,0.0,0.0,0.1,0.0,0.0,0.0,0.15000000000000002,0.0,0.125,0.125,0.125,0.0,0.2,0.0,0.125,0.0,0.0
2015-04-01,0.007776985469729651,0.007276985469729651,0.125,2,True,0.0005,1.49796097954603,-0.007639524698809463,0.0,0.05,0.0,0.0,0.0,0.1,0.0,0.125,0.0,0.15000000000000002,0.0,0.125,0.0,0.125,0.0,0.2,0.0,0.125,0.0,0.0
2015-05-01,-0.004685754402856622,-0.005985754402856622,0.325,6,True,0.0013,1.5076481065377687,-0.017970044775812655,0.0,0.15000000000000002,0.0,0.0,0.0,0.05,0.0,0.125,0.0,0.25,0.0,0.125,0.125,0.125,0.0,0.05,0.0,0.0,0.0,0.0
2015-06-01,-0.021582456530429703,-0.022182456530429703,0.15,4,True,0.0006,1.4996832876019301,-0.023158053004664114,0.0,0.05,0.0,0.0,0.0,0.15000000000000002,0.0,0.125,0.0,0.2,0.0,0.125,0.125,0.125,0.0,0.1,0.0,0.0,0.0,0.0
2015-07-01,-0.029978735954012938,-0.03087873595401294,0.225,5,True,0.0009,1.4659958534434359,-0.04510088523111455,0.0,0.15000000000000002,0.0,0.0,0.0,0.1,0.0,0.0,0.125,0.2,0.0,0.125,0.125,0.125,0.0,0.05,0.0,0.0,0.0,0.0
2015-08-01,-0.05311541979921709,-0.05421541979921709,0.275,5,True,0.0011,1.4309587023408148,-0.06792287650300699,0.0,0.05,0.0,0.0,0.0,0.1,0.0,0.0,0.125,0.15000000000000002,0.0,0.0,0.125,0.125,0.125,0.2,0.0,0.0,0.0,0.0
2015-09-01,0.004727115547298172,0.0023271155472981715,0.6,7,True,0.0024000000000000002,1.3502139726703195,-0.1205172073147236,0.0,0.05,0.0,0.0,0.0,0.2,0.5,0.0,0.0,0.05,0.0,0.0,0.0,0.0,0.0,0.2,0.0,0.0,0.0,0.0
2015-10-01,0.047065943941152856,0.04466594394115286,0.6,7,True,0.0024000000000000002,1.3533407583163901,-0.11848052703456335,0.0,0.05,0.0,0.0,0.0,0.1,0.0,0.0,0.0,0.15000000000000002,0.125,0.0,0.125,0.125,0.0,0.2,0.0,0.125,0.0,0.0
2015-11-01,-0.005704419189838901,-0.006204419189838901,0.125,2,True,0.0005,1.4107939652486685,-0.08105749046089061,0.0,0.05,0.0,0.0,0.0,0.1,0.0,0.0,0.0,0.15000000000000002,0.0,0.0,0.125,0.125,0.125,0.2,0.0,0.125,0.0,0.0
2015-12-01,-0.03133637870093256,-0.03183637870093256,0.125,2,True,0.0005,1.4013438095618662,-0.0872129957977984,0.0,0.05,0.0,0.0,0.0,0.1,0.0,0.0,0.125,0.15000000000000002,0.0,0.0,0.125,0.125,0.0,0.2,0.0,0.125,0.0,0.0
2016-01-01,0.028249089008792055,0.026249089008792054,0.5,5,True,0.002,1.369740386009001,-0.10779837542449566,0.0,0.05,0.0,0.0,0.0,0.1,0.0,0.0,0.0,0.15000000000000002,0.0,0.0,0.0,0.0,0.0,0.7,0.0,0.0,0.0,0.0
2016-02-01,0.02120902395112072,0.019209023951120723,0.5,2,True,0.002,1.402806200613154,-0.08626044472676997,0.0,0.05,0.0,0.0,0.0,0.1,0.5,0.0,0.0,0.15000000000000002,0.0,0.0,0.0,0.0,0.0,0.2,0.0,0.0,0.0,0.0
2016-03-01,0.021332869669245302,0.0193328696692453,0.5,2,True,0.002,1.4296932342188977,-0.0687471587726658,0.0,0.05,0.0,0.0,0.0,0.1,0.0,0.0,0.0,0.15000000000000002,0.0,0.0,0.0,0.0,0.0,0.7,0.0,0.0,0.0,0.0
2016-04-01,0.008451261861141464,0.0064512618611414635,0.5,5,True,0.002,1.457272308264188,-0.050783101555085586,0.0,0.05,0.0,0.125,0.0,0.1,0.0,0.0,0.0,0.15000000000000002,0.0,0.0,0.125,0.125,0.0,0.2,0.0,0.125,0.0,0.0
2016-05-01,-0.010025886446237985,-0.011825886446237985,0.45,8,True,0.0018,1.4663153041412937,-0.04489280606917134,0.0,0.15000000000000002,0.0,0.125,0.0,0.2,0.0,0.0,0.125,0.1,0.125,0.0,0.0,0.0,0.0,0.05,0.0,0.125,0.0,0.0
2016-06-01,0.05186470648443944,0.05076470648443945,0.275,5,True,0.0011,1.447407386442813,-0.05720877124055501,0.0,0.15000000000000002,0.0,0.125,0.0,0.05,0.0,0.125,0.0,0.15000000000000002,0.125,0.0,0.0,0.0,0.0,0.15000000000000002,0.0,0.125,0.0,0.0
2016-07-01,0.0026082670097536623,0.0015082670097536623,0.275,5,True,0.0011,1.5208020212838051,-0.009402038585868633,0.0,0.1,0.0,0.125,0.0,0.2,0.0,0.0,0.0,0.05,0.125,0.0,0.125,0.0,0.0,0.15000000000000002,0.0,0.125,0.0,0.0
2016-08-01,-0.00963271904419928,-0.01103271904419928,0.35,7,True,0.0014,1.5226340028736522,-0.008528228744890676,0.0,0.05,0.0,0.125,0.0,0.15000000000000002,0.0,0.125,0.125,0.15000000000000002,0.0,0.0,0.0,0.0,0.0,0.15000000000000002,0.0,0.125,0.0,0.0
2016-09-01,0.0027279432714202405,0.0017279432714202405,0.25,4,True,0.001,1.506458930419509,-0.019060718959888034,0.0,0.05,0.0,0.0,0.0,0.15000000000000002,0.0,0.0,0.125,0.15000000000000002,0.0,0.125,0.0,0.0,0.0,0.15000000000000002,0.0,0.125,0.0,0.125
2016-10-01,-0.02281967467084635,-0.024119674670846348,0.32500000000000007,6,True,0.0013000000000000002,1.5137717388438587,-0.01434676959547454,0.0,0.25,0.0,0.0,0.0,0.1,0.0,0.0,0.125,0.1,0.0,0.125,0.0,0.125,0.0,0.05,0.0,0.0,0.0,0.125
2016-11-01,-0.0148918430097237,-0.0153918430097237,0.125,2,True,0.0005,1.4765663114072674,-0.03857211929678783,0.0,0.25,0.0,0.0,0.0,0.1,0.0,0.0,0.0,0.1,0.125,0.125,0.0,0.125,0.0,0.05,0.0,0.0,0.0,0.125
2016-12-01,0.02229507342620215,0.020295073426202147,0.5,8,True,0.002,1.451668362668935,-0.0547837732566685,0.0,0.25,0.0,0.0,0.0,0.1,0.0,0.125,0.125,0.1,0.0,0.0,0.0,0.0,0.125,0.05,0.0,0.0,0.125,0.0
2017-01-01,0.009882475466457211,0.009882475466457211,0.0,0,False,0.0,1.4764218554717403,-0.038666178034872156,0.0,0.25,0.0,0.0,0.0,0.1,0.0,0.125,0.125,0.1,0.0,0.0,0.0,0.0,0.125,0.05,0.0,0.0,0.125,0.0
2017-02-01,0.022833259045200036,0.022333259045200036,0.125,2,True,0.0005,1.490267051957463,-0.02965123721416385,0.0,0.25,0.0,0.0,0.125,0.1,0.0,0.125,0.125,0.1,0.0,0.0,0.0,0.0,0.0,0.05,0.0,0.0,0.125,0.0
2017-03-01,-0.015413139230806446,-0.016513139230806446,0.275,5,True,0.0011,1.522617981425173,-0.008586768035481196,0.0,0.1,0.0,0.0,0.0,0.15000000000000002,0.0,0.125,0.125,0.2,0.0,0.0,0.0,0.125,0.0,0.05,0.0,0.0,0.125,0.0
2017-04-01,0.011627187511228437,0.010227187511228437,0.35,7,True,0.0014,1.5032417366871051,-0.021203107559544243,0.0,0.05,0.0,0.0,0.0,0.15000000000000002,0.0,0.125,0.0,0.15000000000000002,0.0,0.125,0.0,0.125,0.0,0.15000000000000002,0.0,0.0,0.0,0.125
2017-05-01,0.024125830251417492,0.02312583025141749,0.25,4,True,0.001,1.517072610738003,-0.012197492421031075,0.0,0.05,0.0,0.0,0.0,0.15000000000000002,0.0,0.0,0.125,0.15000000000000002,0.0,0.125,0.125,0.125,0.0,0.15000000000000002,0.0,0.0,0.0,0.0
2017-06-01,-0.007241665326695623,-0.007741665326695624,0.125,2,True,0.0005,1.5528964104002312,0.0,0.0,0.05,0.0,0.0,0.0,0.15000000000000002,0.0,0.0,0.0,0.15000000000000002,0.0,0.125,0.125,0.125,0.0,0.15000000000000002,0.0,0.0,0.0,0.125
2017-07-01,0.03532624820962791,0.03442624820962791,0.225,5,True,0.0009,1.5450073992806566,-0.012685687753860253,0.0,0.1,0.125,0.0,0.0,0.05,0.0,0.0,0.0,0.2,0.0,0.125,0.125,0.125,0.0,0.15000000000000002,0.0,0.0,0.0,0.0
2017-08-01,0.016412094874675837,0.015812094874675837,0.15000000000000002,4,True,0.0006000000000000001,1.5971881978589515,0.0,0.0,0.05,0.125,0.0,0.0,0.15000000000000002,0.0,0.0,0.0,0.25,0.0,0.125,0.125,0.125,0.0,0.05,0.0,0.0,0.0,0.0
2017-09-01,-0.007958545946106727,-0.009258545946106728,0.325,5,True,0.0013,1.6212909802722015,-0.0003278341504054927,0.0,0.05,0.0,0.0,0.0,0.30000000000000004,0.0,0.0,0.0,0.05,0.0,0.125,0.125,0.125,0.0,0.1,0.0,0.0,0.0,0.125
2017-10-01,0.026478692814937727,0.024978692814937725,0.37500000000000006,5,True,0.0015000000000000002,1.6105726819733293,-0.012049883507656012,0.0,0.15000000000000002,0.0,0.0,0.0,0.05,0.0,0.0,0.125,0.2,0.0,0.125,0.125,0.125,0.0,0.1,0.0,0.0,0.0,0.0
2017-11-01,0.01444061408999894,0.01394061408999894,0.125,2,True,0.0005,1.6499133441067864,0.0,0.0,0.15000000000000002,0.0,0.0,0.0,0.05,0.0,0.0,0.0,0.2,0.0,0.125,0.125,0.125,0.0,0.1,0.125,0.0,0.0,0.0
2017-12-01,0.026791187704258736,0.026791187704258736,0.0,0,False,0.0,1.6737391059909728,-0.008440430843124624,0.0,0.15000000000000002,0.0,0.0,0.0,0.05,0.0,0.0,0.0,0.2,0.0,0.125,0.125,0.125,0.0,0.1,0.125,0.0,0.0,0.0
2018-01-01,0.045053292169647874,0.044153292169647876,0.225,5,True,0.0009,1.6575048979058418,-0.025919352650989214,0.0,0.15000000000000002,0.0,0.0,0.0,0.15000000000000002,0.0,0.0,0.0,0.15000000000000002,0.0,0.125,0.125,0.125,0.0,0.05,0.0,0.0,0.0,0.125
2018-02-01,-0.03666199813760667,-0.03666199813760667,0.0,0,False,0.0,1.7306219874885067,-0.018085207481683407,0.0,0.15000000000000002,0.0,0.0,0.0,0.15000000000000002,0.0,0.0,0.0,0.15000000000000002,0.0,0.125,0.125,0.125,0.0,0.05,0.0,0.0,0.0,0.125
2018-03-01,-0.01815385555260688,-0.01815385555260688,0.0,0,False,0.0,1.6671739274063022,-0.05408416577627828,0.0,0.15000000000000002,0.0,0.0,0.0,0.15000000000000002,0.0,0.0,0.0,0.15000000000000002,0.0,0.125,0.125,0.125,0.0,0.05,0.0,0.0,0.0,0.125
2018-04-01,0.008848891645403242,0.008448891645403243,0.10000000000000002,2,True,0.0004000000000000001,1.6631800640601746,-0.056350191244121994,0.0,0.15000000000000002,0.0,0.0,0.0,0.15000000000000002,0.0,0.0,0.0,0.05,0.0,0.125,0.125,0.125,0.0,0.15000000000000002,0.0,0.0,0.0,0.125
2018-05-01,0.031811337132996435,0.030511337132996436,0.32500000000000007,6,True,0.0013000000000000002,1.67504581122127,-0.049617841403432617,0.0,0.25,0.0,0.0,0.125,0.05,0.0,0.0,0.0,0.15000000000000002,0.0,0.125,0.125,0.125,0.0,0.05,0.0,0.0,0.0,0.0
2018-06-01,-0.017519936478774603,-0.018019936478774604,0.125,2,True,0.0005,1.7274670926061253,-0.019875221694056977,0.0,0.25,0.0,0.0,0.125,0.05,0.0,0.0,0.125,0.15000000000000002,0.0,0.125,0.0,0.125,0.0,0.05,0.0,0.0,0.0,0.0
2018-07-01,0.0012674569132729904,0.0003674569132729904,0.225,4,True,0.0009,1.70853165192658,-0.030618751731532612,0.0,0.15000000000000002,0.0,0.0,0.125,0.05,0.0,0.0,0.125,0.15000000000000002,0.0,0.0,0.125,0.125,0.0,0.15000000000000002,0.0,0.0,0.0,0.0
2018-08-01,0.031847962313799175,0.031347962313799174,0.125,2,True,0.0005,1.7083029359950215,-0.030748519848490363,0.0,0.15000000000000002,0.0,0.0,0.0,0.05,0.0,0.0,0.125,0.15000000000000002,0.0,0.0,0.125,0.125,0.125,0.15000000000000002,0.0,0.0,0.0,0.0
2018-09-01,0.003945027908305644,0.003945027908305644,0.0,0,False,0.0,1.7681224100768782,-0.0014699500805503973,0.0,0.15000000000000002,0.0,0.0,0.0,0.05,0.0,0.0,0.125,0.15000000000000002,0.0,0.0,0.125,0.125,0.125,0.15000000000000002,0.0,0.0,0.0,0.0
2018-10-01,-0.06742438067550723,-0.06832438067550722,0.225,5,True,0.0009,1.7735001143978355,0.0,0.0,0.2,0.0,0.0,0.125,0.05,0.0,0.0,0.0,0.2,0.0,0.0,0.125,0.125,0.125,0.05,0.0,0.0,0.0,0.0
2018-11-01,0.008636316728269939,0.0071363167282699385,0.37500000000000006,6,True,0.0015000000000000002,1.6514420831052856,-0.0721864932803794,0.0,0.05,0.0,0.0,0.0,0.25,0.0,0.0,0.0,0.1,0.0,0.0,0.125,0.125,0.125,0.1,0.0,0.0,0.125,0.0
2018-12-01,-0.046415788693276006,-0.046915788693276006,0.125,2,True,0.0005,1.6474092675583016,-0.07445221048165407,0.0,0.05,0.0,0.0,0.0,0.25,0.0,0.0,0.0,0.1,0.0,0.0,0.0,0.125,0.125,0.1,0.0,0.125,0.125,0.0
2019-01-01,0.013876286910362134,0.011876286910362134,0.5,5,True,0.002,1.5717322697879128,-0.11696907583083449,0.0,0.05,0.0,0.0,0.0,0.25,0.0,0.0,0.0,0.1,0.0,0.0,0.0,0.0,0.0,0.6,0.0,0.0,0.0,0.0
2019-02-01,-0.011004539120605667,-0.011004539120605667,0.0,0,False,0.0,1.5903549935543442,-0.10650645360558875,0.0,0.05,0.0,0.0,0.0,0.25,0.0,0.0,0.0,0.1,0.0,0.0,0.0,0.0,0.0,0.6,0.0,0.0,0.0,0.0
2019-03-01,0.021804284105911294,0.019004284105911293,0.7,8,True,0.0028,1.5684498789766508,-0.11881318926368023,0.0,0.05,0.0,0.125,0.0,0.1,0.0,0.0,0.0,0.30000000000000004,0.125,0.0,0.0,0.0,0.125,0.05,0.0,0.125,0.0,0.0
2019-04-01,0.010774616379476205,0.009174616379476204,0.4,8,True,0.0016,1.6000845676545499,-0.10104018242529644,0.0,0.1,0.0,0.0,0.0,0.05,0.0,0.0,0.0,0.2,0.0,0.125,0.0,0.125,0.125,0.15000000000000002,0.0,0.125,0.0,0.0
2019-05-01,-0.03055437041127551,-0.03105437041127551,0.125,2,True,0.0005,1.6165162026132256,-0.09180855813273947,0.0,0.1,0.0,0.0,0.0,0.05,0.0,0.0,0.0,0.2,0.0,0.0,0.0,0.125,0.125,0.15000000000000002,0.0,0.125,0.125,0.0
2019-06-01,0.03406858603421811,0.031768586034218116,0.575,10,True,0.0023,1.5680521363164561,-0.11903664912103917,0.0,0.05,0.0,0.125,0.0,0.15000000000000002,0.0,0.0,0.0,0.05,0.125,0.0,0.125,0.0,0.0,0.25,0.0,0.125,0.0,0.0
2019-07-01,0.008411833020023452,0.006611833020023453,0.45,6,True,0.0018,1.6148321271615407,-0.0927547057248308,0.0,0.05,0.0,0.0,0.0,0.15000000000000002,0.0,0.0,0.0,0.25,0.0,0.0,0.125,0.125,0.125,0.05,0.0,0.125,0.0,0.0
2019-08-01,0.04291904053933038,0.04131904053933038,0.4,7,True,0.0015999999999999999,1.6258103600500002,-0.0865869128255039,0.0,0.05,0.0,0.125,0.0,0.2,0.0,0.0,0.0,0.1,0.125,0.0,0.125,0.0,0.0,0.15000000000000002,0.0,0.125,0.0,0.0
2019-09-01,-0.017959625405330446,-0.017959625405330446,0.0,0,False,0.0,1.6874326522146756,-0.051966264865569656,0.0,0.05,0.0,0.125,0.0,0.2,0.0,0.0,0.0,0.1,0.125,0.0,0.125,0.0,0.0,0.15000000000000002,0.0,0.125,0.0,0.0
2019-10-01,0.019167894405582454,0.018667894405582454,0.125,2,True,0.0005,1.6562984303872348,-0.06945809932239022,0.0,0.05,0.0,0.125,0.0,0.2,0.0,0.0,0.0,0.1,0.125,0.0,0.0,0.0,0.125,0.15000000000000002,0.0,0.125,0.0,0.0
2019-11-01,-0.009950375607651725,-0.010850375607651725,0.225,4,True,0.0009,1.6865269422396052,-0.05247511101684432,0.0,0.05,0.0,0.125,0.0,0.2,0.0,0.0,0.0,0.2,0.125,0.0,0.0,0.125,0.0,0.05,0.0,0.125,0.0,0.0
2019-12-01,0.043567310263501025,0.04146731026350103,0.525,9,True,0.0021000000000000003,1.6802264936298967,-0.05601483025876197,0.0,0.05,0.0,0.0,0.0,0.05,0.0,0.0,0.0,0.30000000000000004,0.0,0.0,0.0,0.125,0.125,0.1,0.125,0.0,0.125,0.0
2020-01-01,-0.023595897179031076,-0.025395897179031075,0.45000000000000007,8,True,0.0018000000000000002,1.7190757219375448,-0.03418854938689919,0.0,0.15000000000000002,0.0,0.0,0.0,0.15000000000000002,0.0,0.0,0.0,0.15000000000000002,0.0,0.125,0.0,0.125,0.125,0.05,0.0,0.0,0.0,0.125
2020-02-01,-0.01151889874077583,-0.01291889874077583,0.35000000000000003,6,True,0.0014000000000000002,1.6709742193879837,-0.061212944741456554,0.0,0.05,0.0,0.125,0.0,0.15000000000000002,0.0,0.0,0.0,0.15000000000000002,0.0,0.0,0.125,0.125,0.125,0.15000000000000002,0.0,0.0,0.0,0.0
2020-03-01,-0.0809143211578805,-0.0814143211578805,0.125,2,True,0.0005,1.6084570037911625,-0.09633637875505818,0.0,0.05,0.0,0.125,0.0,0.15000000000000002,0.0,0.0,0.0,0.15000000000000002,0.125,0.0,0.125,0.125,0.0,0.15000000000000002,0.0,0.0,0.0,0.0
2020-04-01,0.03634055114700399,0.03434055114700399,0.5,5,True,0.002,1.4746155010345152,-0.17153123741081389,0.0,0.05,0.0,0.0,0.0,0.15000000000000002,0.0,0.0,0.0,0.15000000000000002,0.0,0.0,0.0,0.0,0.0,0.65,0.0,0.0,0.0,0.0
2020-05-01,4.732894082513234e-05,4.732894082513234e-05,0.0,0,False,0.0,1.5282038410720242,-0.14142422597024684,0.0,0.05,0.0,0.0,0.0,0.15000000000000002,0.0,0.0,0.0,0.15000000000000002,0.0,0.0,0.0,0.0,0.0,0.65,0.0,0.0,0.0,0.0
2020-06-01,0.03549018757569772,0.033490187575697716,0.5,5,True,0.002,1.5252196170025054,-0.14310082330726703,0.0,0.05,0.0,0.125,0.0,0.15000000000000002,0.0,0.0,0.0,0.15000000000000002,0.0,0.125,0.125,0.125,0.0,0.15000000000000002,0.0,0.0,0.0,0.0
2020-07-01,0.08013983359856099,0.08013983359856099,0.0,0,False,0.0,1.5793499473040578,-0.11268931079298117,0.0,0.05,0.0,0.125,0.0,0.15000000000000002,0.0,0.0,0.0,0.15000000000000002,0.0,0.125,0.125,0.125,0.0,0.15000000000000002,0.0,0.0,0.0,0.0
2020-08-01,0.03962910934314569,0.039029109343145685,0.15000000000000002,3,True,0.0006000000000000001,1.6947769202641574,-0.047840106786525505,0.0,0.05,0.0,0.125,0.0,0.30000000000000004,0.0,0.0,0.0,0.1,0.0,0.125,0.125,0.125,0.0,0.05,0.0,0.0,0.0,0.0
2020-09-01,-0.03844817341515423,-0.039048173415154236,0.15000000000000002,3,True,0.0006000000000000001,1.7598257271435567,-0.011294373674760605,0.0,0.1,0.0,0.125,0.0,0.15000000000000002,0.0,0.0,0.0,0.2,0.0,0.125,0.125,0.125,0.0,0.05,0.0,0.0,0.0,0.0
2020-10-01,-0.013016671824934767,-0.013516671824934767,0.125,2,True,0.0005,1.6913175605846884,-0.04978364490272591,0.0,0.1,0.0,0.0,0.0,0.15000000000000002,0.0,0.0,0.0,0.2,0.0,0.125,0.125,0.125,0.125,0.05,0.0,0.0,0.0,0.0
2020-11-01,0.06469756929922153,0.06419756929922153,0.125,2,True,0.0005,1.6514706369047054,-0.07217045117933274,0.0,0.1,0.0,0.0,0.0,0.15000000000000002,0.0,0.0,0.0,0.2,0.0,0.125,0.125,0.125,0.0,0.05,0.0,0.0,0.0,0.125
2020-12-01,0.02749327440444769,0.027093274404447688,0.1,3,True,0.0004,1.756734639449239,-0.013031009153886774,0.0,0.15000000000000002,0.0,0.0,0.0,0.05,0.0,0.0,0.0,0.2,0.0,0.125,0.125,0.125,0.0,0.1,0.0,0.0,0.0,0.125
2021-01-01,0.04010945122411494,0.03870945122411494,0.35,7,True,0.0014,1.7949185633299811,-0.007556277347319895,0.0,0.15000000000000002,0.0,0.0,0.0,0.15000000000000002,0.0,0.125,0.125,0.15000000000000002,0.0,0.125,0.0,0.125,0.0,0.05,0.0,0.0,0.0,0.0
2021-02-01,0.027928120512855772,0.02702812051285577,0.225,5,True,0.0009,1.8626202171535797,-0.01441755715753057,0.0,0.2,0.0,0.0,0.0,0.05,0.0,0.0,0.125,0.2,0.0,0.125,0.0,0.125,0.0,0.05,0.0,0.0,0.0,0.125
2021-03-01,0.0027261247319527206,0.0022261247319527206,0.125,2,True,0.0005,1.9136823791984021,-0.021034354790283816,0.0,0.2,0.0,0.0,0.0,0.05,0.0,0.125,0.125,0.2,0.0,0.125,0.0,0.0,0.0,0.05,0.0,0.0,0.0,0.125
2021-04-01,0.04615948952612873,0.04515948952612873,0.25,4,True,0.001,1.9169804167453761,-0.01934720676081214,0.0,0.2,0.0,0.0,0.125,0.05,0.0,0.125,0.125,0.2,0.0,0.0,0.0,0.0,0.0,0.05,0.0,0.0,0.125,0.0
2021-05-01,0.023186146269884605,0.023186146269884605,0.0,0,False,0.0,1.9905725213871028,-0.007804645984068936,0.0,0.2,0.0,0.0,0.125,0.05,0.0,0.125,0.125,0.2,0.0,0.0,0.0,0.0,0.0,0.05,0.0,0.0,0.125,0.0
2021-06-01,0.0006102297465704004,0.00021022974657040043,0.1,2,True,0.0004,2.035911536537986,0.0,0.0,0.2,0.0,0.0,0.125,0.15000000000000002,0.0,0.125,0.125,0.1,0.0,0.0,0.0,0.0,0.0,0.05,0.0,0.0,0.125,0.0
2021-07-01,0.0061186008432802235,0.005218600843280224,0.225,5,True,0.0009,2.0353204717996816,-0.009417443174846607,0.0,0.2,0.0,0.0,0.125,0.05,0.0,0.125,0.125,0.15000000000000002,0.0,0.0,0.0,0.0,0.0,0.1,0.0,0.125,0.0,0.0
2021-08-01,0.014010526589235434,0.013510526589235433,0.125,2,True,0.0005,2.0570793861326533,-0.0026575121726440942,0.0,0.2,0.0,0.0,0.125,0.05,0.0,0.0,0.125,0.15000000000000002,0.0,0.0,0.0,0.125,0.0,0.1,0.0,0.125,0.0,0.0
2021-09-01,-0.014456029889303147,-0.014956029889303148,0.125,2,True,0.0005,2.083814772891703,-0.0011250427970961319,0.0,0.2,0.0,0.0,0.0,0.05,0.0,0.0,0.125,0.15000000000000002,0.0,0.0,0.0,0.125,0.125,0.1,0.0,0.125,0.0,0.0
2021-10-01,0.05037940391445191,0.048979403914451915,0.35000000000000003,7,True,0.0014000000000000002,2.050815916733058,-0.020288880744580684,0.0,0.30000000000000004,0.0,0.0,0.125,0.05,0.0,0.125,0.125,0.1,0.0,0.0,0.0,0.0,0.0,0.05,0.0,0.125,0.0,0.0
2021-11-01,-0.05136676934907769,-0.05226676934907769,0.22500000000000003,4,True,0.0009000000000000001,2.1521960788362,0.0,0.0,0.2,0.0,0.0,0.125,0.05,0.0,0.0,0.125,0.2,0.0,0.0,0.0,0.125,0.0,0.05,0.0,0.125,0.0,0.0
2021-12-01,0.04212660548121061,0.04082660548121061,0.325,6,True,0.0013,2.0389905811255913,-0.06446692522964959,0.0,0.05,0.0,0.0,0.125,0.1,0.0,0.0,0.0,0.15000000000000002,0.0,0.0,0.0,0.125,0.125,0.2,0.0,0.125,0.0,0.0
2022-01-01,-0.011965202223543315,-0.012565202223543315,0.15000000000000002,3,True,0.0006000000000000001,2.068979411692185,-0.05070739974265848,0.0,0.15000000000000002,0.0,0.0,0.125,0.1,0.0,0.0,0.0,0.2,0.0,0.0,0.0,0.125,0.125,0.05,0.0,0.125,0.0,0.0
2022-02-01,0.03947797960489247,0.038377979604892476,0.275,4,True,0.0011,2.040749823609672,-0.06365974664548468,0.0,0.30000000000000004,0.0,0.0,0.125,0.1,0.0,0.0,0.0,0.05,0.0,0.0,0.0,0.0,0.125,0.05,0.0,0.125,0.125,0.0
2022-03-01,0.03475936742202418,0.03425936742202418,0.125,2,True,0.0005,2.120253846273061,-0.02718157775770469,0.0,0.30000000000000004,0.0,0.125,0.125,0.1,0.0,0.0,0.0,0.05,0.0,0.0,0.0,0.0,0.0,0.05,0.0,0.125,0.125,0.0
2022-04-01,-0.021191612847993327,-0.021591612847993328,0.10000000000000003,2,True,0.0004000000000000002,2.19307494773213,-0.03312558536858212,0.0,0.2,0.0,0.125,0.125,0.1,0.0,0.0,0.0,0.15000000000000002,0.0,0.0,0.0,0.0,0.0,0.05,0.0,0.125,0.125,0.0
2022-05-01,0.00717128031235311,0.00717128031235311,0.0,0,False,0.0,2.149909529503749,-0.05215618827845758,0.0,0.2,0.0,0.125,0.125,0.1,0.0,0.0,0.0,0.15000000000000002,0.0,0.0,0.0,0.0,0.0,0.05,0.0,0.125,0.125,0.0
2022-06-01,-0.02417377640487532,-0.026173776404875317,0.5,5,True,0.002,2.1609964791192477,-0.047268216743048486,0.0,0.2,0.0,0.0,0.0,0.1,0.5,0.0,0.0,0.15000000000000002,0.0,0.0,0.0,0.0,0.0,0.05,0.0,0.0,0.0,0.0
2022-07-01,0.008209984182095282,0.007809984182095281,0.1,3,True,0.0004,2.107913530607929,-0.07067122210858146,0.0,0.2,0.0,0.0,0.0,0.15000000000000002,0.5,0.0,0.0,0.05,0.0,0.0,0.0,0.0,0.0,0.1,0.0,0.0,0.0,0.0
2022-08-01,-0.05022606790288575,-0.051026067902885754,0.2,4,True,0.0008,2.1235192917775616,-0.06379101438409418,0.0,0.1,0.0,0.0,0.0,0.05,0.5,0.0,0.0,0.2,0.0,0.0,0.0,0.0,0.0,0.15000000000000002,0.0,0.0,0.0,0.0
2022-09-01,-0.03369878924348096,-0.03429878924348096,0.15000000000000002,4,True,0.0006000000000000001,2.0156531496750723,-0.11134662260065042,0.0,0.2,0.0,0.0,0.0,0.1,0.5,0.0,0.0,0.15000000000000002,0.0,0.0,0.0,0.0,0.0,0.05,0.0,0.0,0.0,0.0
2022-10-01,-0.011520708472196755,-0.011920708472196754,0.1,2,True,0.0004,1.9160681392797578,-0.1552512774468532,0.0,0.2,0.0,0.0,0.0,0.2,0.5,0.0,0.0,0.05,0.0,0.0,0.0,0.0,0.0,0.05,0.0,0.0,0.0,0.0
2022-11-01,0.044739846172500555,0.04433984617250056,0.1,2,True,0.0004,1.8924787849317721,-0.16565126090402027,0.0,0.2,0.0,0.0,0.0,0.1,0.5,0.0,0.0,0.15000000000000002,0.0,0.0,0.0,0.0,0.0,0.05,0.0,0.0,0.0,0.0
2022-12-01,-0.022259178473145333,-0.022859178473145333,0.15,3,True,0.0006,1.975961705857548,-0.12884563308664865,0.0,0.05,0.0,0.0,0.0,0.2,0.5,0.0,0.0,0.15000000000000002,0.0,0.0,0.0,0.0,0.0,0.1,0.0,0.0,0.0,0.0
2023-01-01,0.04845025510537102,0.04845025510537102,0.0,0,False,0.0,1.9210636815067907,-0.1530488620795517,0.0,0.05,0.0,0.0,0.0,0.2,0.5,0.0,0.0,0.15000000000000002,0.0,0.0,0.0,0.0,0.0,0.1,0.0,0.0,0.0,0.0
2023-02-01,-0.04997315619093318,-0.04997315619093318,0.0,0,False,0.0,2.014139706949459,-0.11201386338552122,0.0,0.05,0.0,0.0,0.0,0.2,0.5,0.0,0.0,0.15000000000000002,0.0,0.0,0.0,0.0,0.0,0.1,0.0,0.0,0.0,0.0
2023-03-01,0.04534536043000097,0.04494536043000097,0.1,3,True,0.0004,1.9127213940681993,-0.15672677755262587,0.0,0.15000000000000002,0.0,0.0,0.0,0.15000000000000002,0.5,0.0,0.0,0.15000000000000002,0.0,0.0,0.0,0.0,0.0,0.05,0.0,0.0,0.0,0.0
2023-04-01,-0.008925529864460175,-0.009325529864460174,0.1,3,True,0.0004,1.9882634626573008,-0.12342208205069383,0.0,0.05,0.0,0.0,0.0,0.2,0.5,0.0,0.0,0.15000000000000002,0.0,0.0,0.0,0.0,0.0,0.1,0.0,0.0,0.0,0.0
2023-05-01,0.004598315750859733,0.0025983157508597332,0.5,5,True,0.002,1.965789492978082,-0.13333031902203385,0.0,0.05,0.125,0.125,0.0,0.2,0.0,0.0,0.0,0.15000000000000002,0.0,0.0,0.0,0.125,0.0,0.1,0.125,0.0,0.0,0.0
2023-06-01,0.01480966404472631,0.01430966404472631,0.125,2,True,0.0005,1.9738413993596342,-0.12978042562811176,0.0,0.05,0.0,0.125,0.0,0.2,0.0,0.0,0.0,0.15000000000000002,0.0,0.0,0.0,0.125,0.125,0.1,0.125,0.0,0.0,0.0
2023-07-01,0.02730118410412602,0.02600118410412602,0.325,5,True,0.0013,2.001915924954923,-0.11740303719044343,0.0,0.05,0.0,0.0,0.0,0.05,0.0,0.125,0.0,0.35000000000000003,0.0,0.0,0.0,0.125,0.125,0.05,0.125,0.0,0.0,0.0
2023-08-01,-0.008478829055930443,-0.009778829055930444,0.325,5,True,0.0013,2.0512269922269377,-0.0956629642609782,0.0,0.2,0.125,0.0,0.0,0.1,0.0,0.125,0.0,0.15000000000000002,0.0,0.0,0.0,0.125,0.125,0.05,0.0,0.0,0.0,0.0
2023-09-01,-0.0380195844475264,-0.0385195844475264,0.125,2,True,0.0005,2.032818071710332,-0.10377901805425849,0.0,0.2,0.0,0.0,0.125,0.1,0.0,0.125,0.0,0.15000000000000002,0.0,0.0,0.0,0.125,0.125,0.05,0.0,0.0,0.0,0.0
2023-10-01,-0.00406005014662832,-0.00456005014662832,0.125,2,True,0.0005,1.9664545782301965,-0.1330370988042372,0.0,0.2,0.125,0.0,0.125,0.1,0.0,0.0,0.0,0.15000000000000002,0.0,0.0,0.0,0.125,0.125,0.05,0.0,0.0,0.0,0.0
2023-11-01,0.038049447806246264,0.037549447806246264,0.125,2,True,0.0005,1.9565126929751524,-0.1374202387859529,0.0,0.2,0.0,0.125,0.125,0.1,0.0,0.0,0.0,0.15000000000000002,0.0,0.0,0.0,0.125,0.125,0.05,0.0,0.0,0.0,0.0
2023-12-01,0.017297545834642478,0.016197545834642477,0.275,5,True,0.0011,2.0287228679561427,-0.10558449567221362,0.0,0.05,0.125,0.125,0.0,0.15000000000000002,0.0,0.0,0.0,0.15000000000000002,0.0,0.0,0.0,0.125,0.125,0.15000000000000002,0.0,0.0,0.0,0.0
2024-01-01,0.01315892685282321,0.012158926852823208,0.25,4,True,0.001,2.075659522469672,-0.08489124467116815,0.0,0.05,0.0,0.0,0.0,0.15000000000000002,0.0,0.125,0.125,0.15000000000000002,0.0,0.0,0.0,0.125,0.125,0.15000000000000002,0.0,0.0,0.0,0.0
2024-02-01,0.037138530938003615,0.036638530938003615,0.125,2,True,0.0005,2.0998195663222585,-0.0742396578288691,0.0,0.05,0.0,0.0,0.0,0.15000000000000002,0.0,0.125,0.0,0.15000000000000002,0.0,0.0,0.125,0.125,0.125,0.15000000000000002,0.0,0.0,0.0,0.0
2024-03-01,0.026099447352357964,0.025699447352357963,0.1,2,True,0.0004,2.176932658738242,-0.04024233540848221,0.0,0.05,0.0,0.0,0.0,0.15000000000000002,0.0,0.125,0.0,0.25,0.0,0.0,0.125,0.125,0.125,0.05,0.0,0.0,0.0,0.0
2024-04-01,-0.034924944193111256,-0.034924944193111256,0.0,0,False,0.0,2.2337493980546097,-0.015193190770453668,0.0,0.05,0.0,0.0,0.0,0.15000000000000002,0.0,0.125,0.0,0.25,0.0,0.0,0.125,0.125,0.125,0.05,0.0,0.0,0.0,0.0
2024-05-01,0.04387708399049867,0.04337708399049867,0.125,2,True,0.0005,2.1546579570736646,-0.05006271986697919,0.0,0.05,0.0,0.125,0.0,0.15000000000000002,0.0,0.0,0.0,0.25,0.0,0.0,0.125,0.125,0.125,0.05,0.0,0.0,0.0,0.0
2024-06-01,0.025707070244701903,0.025707070244701903,0.0,0,False,0.0,2.2419457858651457,-0.01854957547100522,0.0,0.05,0.0,0.125,0.0,0.15000000000000002,0.0,0.0,0.0,0.25,0.0,0.0,0.125,0.125,0.125,0.05,0.0,0.0,0.0,0.0
2024-07-01,-0.004607066166400272,-0.005007066166400272,0.1,2,True,0.0004,2.298659811809728,-0.006065567816275208,0.0,0.15000000000000002,0.0,0.125,0.0,0.15000000000000002,0.0,0.0,0.0,0.15000000000000002,0.0,0.0,0.125,0.125,0.125,0.05,0.0,0.0,0.0,0.0
2024-08-01,0.01760952480157999,0.01720952480157999,0.10000000000000002,2,True,0.0004000000000000001,2.2871545060690903,-0.03690189679317668,0.0,0.05,0.0,0.125,0.0,0.15000000000000002,0.0,0.0,0.0,0.15000000000000002,0.0,0.0,0.125,0.125,0.125,0.15000000000000002,0.0,0.0,0.0,0.0
2024-09-01,0.03947295722453557,0.038972957224535566,0.125,2,True,0.0005,2.3579474182402738,-0.007091702837484948,0.0,0.05,0.0,0.125,0.0,0.15000000000000002,0.0,0.0,0.0,0.15000000000000002,0.0,0.0,0.125,0.0,0.125,0.15000000000000002,0.0,0.125,0.0,0.0
2024-10-01,-0.016512560560711462,-0.017012560560711463,0.125,2,True,0.0005,2.4485721659980024,-0.006029013885684775,0.0,0.05,0.0,0.125,0.0,0.15000000000000002,0.0,0.0,0.0,0.15000000000000002,0.0,0.125,0.125,0.0,0.0,0.15000000000000002,0.0,0.125,0.0,0.0
2024-11-01,0.01964354228123268,0.01824354228123268,0.35,7,True,0.0014,2.4047685738619404,-0.025236519489345022,0.0,0.1,0.0,0.125,0.0,0.2,0.0,0.0,0.0,0.15000000000000002,0.0,0.0,0.125,0.125,0.125,0.05,0.0,0.0,0.0,0.0
2024-12-01,-0.028308773557821677,-0.028808773557821677,0.125,2,True,0.0005,2.457830457224959,-0.0037280938256137874,0.0,0.1,0.0,0.0,0.0,0.2,0.0,0.0,0.125,0.15000000000000002,0.0,0.0,0.125,0.125,0.125,0.05,0.0,0.0,0.0,0.0
2025-01-01,0.03711578908658046,0.03661578908658046,0.125,2,True,0.0005,2.3212474882408634,-0.06412818259811981,0.0,0.1,0.0,0.125,0.0,0.2,0.0,0.0,0.0,0.15000000000000002,0.0,0.0,0.125,0.125,0.125,0.05,0.0,0.0,0.0,0.0
2025-02-01,0.01099209230512114,0.01049209230512114,0.125,2,True,0.0005,2.4058471994007764,-0.030019589767760535,0.0,0.1,0.0,0.125,0.0,0.2,0.0,0.0,0.0,0.15000000000000002,0.0,0.125,0.125,0.125,0.0,0.05,0.0,0.0,0.0,0.0
2025-03-01,0.02767107625134139,0.02657107625134139,0.275,6,True,0.0011,2.444683108513836,-0.028819527298421743,0.0,0.05,0.125,0.125,0.0,0.25,0.0,0.0,0.0,0.05,0.0,0.125,0.125,0.0,0.0,0.15000000000000002,0.0,0.0,0.0,0.0
2025-04-01,-0.009185078361823832,-0.009685078361823833,0.125,2,True,0.0005,2.5083117748075026,-0.003542255985322984,0.0,0.05,0.125,0.125,0.125,0.25,0.0,0.0,0.0,0.05,0.0,0.125,0.0,0.0,0.0,0.15000000000000002,0.0,0.0,0.0,0.0
2025-05-01,0.04158641157162008,0.04108641157162008,0.125,2,True,0.0005,2.4840300982327106,-0.021503054354642392,0.0,0.05,0.125,0.125,0.0,0.25,0.0,0.0,0.0,0.05,0.0,0.125,0.125,0.0,0.0,0.15000000000000002,0.0,0.0,0.0,0.0
2025-06-01,0.011969315532557555,0.011369315532557555,0.15000000000000002,4,True,0.0006000000000000001,2.553649655958121,-0.005824167355568455,0.0,0.1,0.125,0.125,0.0,0.2,0.0,0.0,0.0,0.15000000000000002,0.0,0.125,0.125,0.0,0.0,0.05,0.0,0.0,0.0,0.0
2025-07-01,0.006709049941233627,0.006709049941233627,0.0,0,False,0.0,2.582664565393221,-0.001875478144945597,0.0,0.1,0.125,0.125,0.0,0.2,0.0,0.0,0.0,0.15000000000000002,0.0,0.125,0.125,0.0,0.0,0.05,0.0,0.0,0.0,0.0
2025-08-01,0.03881580985336065,0.03831580985336065,0.125,2,True,0.0005,2.5986917950484254,-0.018577386892770442,0.0,0.1,0.0,0.125,0.0,0.2,0.0,0.0,0.0,0.15000000000000002,0.0,0.125,0.125,0.125,0.0,0.05,0.0,0.0,0.0,0.0
2025-09-01,0.06354860638793616,0.06354860638793616,0.0,0,False,0.0,2.6813006695756973,0.0,0.0,0.1,0.0,0.125,0.0,0.2,0.0,0.0,0.0,0.15000000000000002,0.0,0.125,0.125,0.125,0.0,0.05,0.0,0.0,0.0,0.0
2025-10-01,0.01773220052744561,0.01773220052744561,0.0,0,False,0.0,2.8516935904342735,0.0,0.0,0.1,0.0,0.125,0.0,0.2,0.0,0.0,0.0,0.15000000000000002,0.0,0.125,0.125,0.125,0.0,0.05,0.0,0.0,0.0,0.0
2025-11-01,0.0124301509178138,0.0119301509178138,0.125,2,True,0.0005,2.897005003502638,-0.02415351475664207,0.0,0.1,0.0,0.125,0.0,0.2,0.0,0.0,0.0,0.15000000000000002,0.0,0.125,0.0,0.125,0.125,0.05,0.0,0.0,0.0,0.0
2025-12-01,0.009221308602090415,0.008321308602090415,0.22500000000000003,5,True,0.0009000000000000001,2.9289103114646156,-0.013406318049125399,0.0,0.05,0.125,0.125,0.0,0.30000000000000004,0.0,0.0,0.0,0.1,0.0,0.125,0.0,0.125,0.0,0.05,0.0,0.0,0.0,0.0
2026-01-01,0.04719105091489352,0.04669105091489352,0.125,2,True,0.0005,2.8170727692597226,-0.06693500050516987,0.0,0.05,0.125,0.125,0.0,0.30000000000000004,0.0,0.0,0.0,0.1,0.0,0.125,0.0,0.0,0.0,0.05,0.125,0.0,0.0,0.0
2026-02-01,0.07723928878387235,0.07673928878387234,0.125,2,True,0.0005,3.0064838326876915,-0.055735070790463914,0.0,0.05,0.125,0.125,0.0,0.30000000000000004,0.0,0.0,0.0,0.1,0.0,0.0,0.0,0.0,0.0,0.05,0.125,0.0,0.0,0.125
2026-03-01,-0.01585131412103892,-0.01675131412103892,0.22500000000000003,5,True,0.0009000000000000002,3.235528820626106,0.0,0.0,0.15000000000000002,0.125,0.125,0.125,0.25,0.0,0.0,0.0,0.05,0.0,0.0,0.0,0.0,0.0,0.05,0.125,0.0,0.0,0.0
2026-04-01,0.03753093015784623,0.03693093015784623,0.15000000000000002,2,True,0.0006000000000000001,3.1794667942776482,-0.019676533481748137,0.0,0.30000000000000004,0.125,0.125,0.125,0.1,0.0,0.0,0.0,0.05,0.0,0.0,0.0,0.0,0.0,0.05,0.125,0.0,0.0,0.0
2026-05-01,0.005856536651297742,0.004456536651297742,0.35000000000000003,7,True,0.0014000000000000002,3.2941768272762135,-0.006825658503449739,0.0,0.25,0.0,0.125,0.125,0.05,0.0,0.0,0.125,0.15000000000000002,0.0,0.0,0.125,0.0,0.0,0.05,0.0,0.0,0.0,0.0
2026-06-01,-0.04324629232783779,-0.04374629232783779,0.125,2,True,0.0005,3.31181255995371,-0.017083879247692613,0.0,0.25,0.0,0.0,0.125,0.05,0.0,0.0,0.125,0.15000000000000002,0.0,0.0,0.125,0.125,0.0,0.05,0.0,0.0,0.0,0.0
2026-07-01,0.0,-0.0010999999999999998,0.275,5,True,0.0010999999999999998,3.1651034980105126,-0.06062580664663719,0.0,0.1,0.0,0.0,0.0,0.05,0.0,0.125,0.125,0.2,0.0,0.0,0.125,0.125,0.0,0.15000000000000002,0.0,0.0,0.0,0.0
