date,gross_return,net_return,turnover,operations,signal_changed,trade_cost,equity,drawdown,w__CASH,w_dbc.us,w_iau.us,w_ivv.us,w_rsp.us,w_tlt.us,w_xle.us,w_xlf.us,w_xli.us,w_xlp.us,w_xlv.us
2005-12-01,0.008716416854843534,0.006716416854843534,0.5,3,True,0.002,0.998,0.0,0.5,0.0,0.0,0.0,0.25,0.0,0.25,0.0,0.0,0.0,0.0
2006-01-01,0.014988913650251373,0.013988913650251372,0.25,2,True,0.001,0.9907743825495998,-0.018054364936839207,0.5,0.0,0.0,0.0,0.0,0.0,0.25,0.25,0.0,0.0,0.0
2006-02-01,-0.011391888408369355,-0.012391888408369356,0.25,2,True,0.001,1.0036147698130977,-0.00968021051744583,0.5,0.0,0.0,0.0,0.25,0.0,0.25,0.0,0.0,0.0,0.0
2006-03-01,0.019844488441558956,0.017844488441558955,0.5,4,True,0.002,0.9901973389456948,-0.022919899401735222,0.0,0.0,0.30000000000000004,0.15000000000000002,0.25,0.05,0.25,0.0,0.0,0.0,0.0
2006-04-01,0.04918634189835053,0.04918634189835053,0.0,0,False,0.0,1.006749324439343,-0.006587179634527596,0.0,0.0,0.30000000000000004,0.15000000000000002,0.25,0.05,0.25,0.0,0.0,0.0,0.0
2006-05-01,-0.025604924567501,-0.026604924567501,0.25,2,True,0.001,1.0552113732762327,-0.002186186450353067,0.0,0.0,0.30000000000000004,0.15000000000000002,0.0,0.05,0.25,0.0,0.25,0.0,0.0
2006-06-01,-0.00760055350699726,-0.00860055350699726,0.25,2,True,0.001,1.0271645728950647,-0.06481540607846703,0.0,0.0,0.30000000000000004,0.15000000000000002,0.0,0.05,0.0,0.25,0.25,0.0,0.0
2006-07-01,-0.0046520774411574085,-0.0046520774411574085,0.0,0,False,0.0,1.00920070552384,-0.0811706547466231,0.0,0.0,0.30000000000000004,0.15000000000000002,0.0,0.05,0.0,0.25,0.25,0.0,0.0
2006-08-01,-0.012421803082369015,-0.013821803082369015,0.35,5,True,0.0014,1.0030995175321094,-0.08672549684792719,0.0,0.0,0.35000000000000003,0.05,0.0,0.1,0.25,0.25,0.0,0.0,0.0
2006-09-01,-0.01694676827144236,-0.01914676827144236,0.55,5,True,0.0022,0.9884598065850293,-0.10005425885788055,0.0,0.0,0.05,0.30000000000000004,0.0,0.15000000000000002,0.25,0.0,0.0,0.25,0.0
2006-10-01,0.018520762022428104,0.017120762022428106,0.35,4,True,0.0014,0.9776590130405529,-0.10988786876953516,0.0,0.0,0.05,0.2,0.0,0.25,0.0,0.25,0.0,0.25,0.0
2006-11-01,0.014926548230860504,0.014126548230860504,0.2,3,True,0.0008,0.99357643301157,-0.09539581333394065,0.0,0.0,0.1,0.35000000000000003,0.0,0.05,0.0,0.25,0.0,0.25,0.0
2006-12-01,-0.013799755255373646,-0.015399755255373647,0.4,4,True,0.0016,1.0067936482006674,-0.08336216619933257,0.0,0.0,0.25,0.2,0.0,0.05,0.25,0.25,0.0,0.0,0.0
2007-01-01,0.020129294159875813,0.018729294159875814,0.35,4,True,0.0014,1.003394119592503,-0.08645727565388706,0.0,0.0,0.15000000000000002,0.30000000000000004,0.0,0.05,0.0,0.25,0.0,0.25,0.0
2007-02-01,-0.009840745920424531,-0.010440745920424531,0.15000000000000002,3,True,0.0006000000000000001,1.0215454113311593,-0.0699313859944305,0.0,0.1,0.2,0.15000000000000002,0.0,0.05,0.0,0.25,0.0,0.25,0.0
2007-03-01,-0.0007159239534362816,-0.0013159239534362814,0.15,4,True,0.0006,1.0108857469065784,-0.07963650454047277,0.0,0.2,0.15000000000000002,0.05,0.0,0.1,0.0,0.25,0.0,0.25,0.0
2007-04-01,0.03978548446804571,0.03738548446804571,0.6,7,True,0.0024000000000000002,1.013785298089165,-0.07699660080275017,0.0,0.15000000000000002,0.15000000000000002,0.15000000000000002,0.25,0.05,0.0,0.0,0.0,0.0,0.25
2007-05-01,0.024682280785741674,0.023682280785741673,0.25,2,True,0.001,1.0505377617995062,-0.043535226883185896,0.0,0.15000000000000002,0.15000000000000002,0.15000000000000002,0.25,0.05,0.0,0.0,0.25,0.0,0.0
2007-06-01,-0.008251800763218626,-0.008251800763218626,0.0,0,False,0.0,1.0764674298122663,-0.019927494791445954,0.0,0.15000000000000002,0.15000000000000002,0.15000000000000002,0.25,0.05,0.0,0.0,0.25,0.0,0.0
2007-07-01,-0.005646696632091763,-0.007046696632091763,0.35,5,True,0.0014,1.0585348243598478,-0.03625428096623384,0.0,0.2,0.05,0.2,0.0,0.05,0.25,0.0,0.25,0.0,0.0
2007-08-01,0.013616724808244508,0.012816724808244508,0.20000000000000004,4,True,0.0008000000000000001,1.0502431514781638,-0.0438034555984278,0.0,0.15000000000000002,0.15000000000000002,0.05,0.0,0.15000000000000002,0.25,0.0,0.25,0.0,0.0
2007-09-01,0.05846347147817145,0.05786347147817145,0.15000000000000002,4,True,0.0006000000000000001,1.0544809812203726,-0.03994511274748047,0.0,0.05,0.2,0.15000000000000002,0.0,0.1,0.25,0.0,0.25,0.0,0.0
2007-10-01,0.006473412459892972,0.006073412459892972,0.1,3,True,0.0004,1.1150137382613379,0.0,0.0,0.15000000000000002,0.2,0.1,0.0,0.05,0.25,0.0,0.25,0.0,0.0
2007-11-01,-0.0053122699732436884,-0.0053122699732436884,0.0,0,False,0.0,1.1222316820875506,-0.016780787321745816,0.0,0.15000000000000002,0.2,0.1,0.0,0.05,0.25,0.0,0.25,0.0,0.0
2007-12-01,0.04073873668494821,0.04033873668494821,0.1,3,True,0.0004,1.115020816100853,-0.03672275900344557,0.0,0.15000000000000002,0.15000000000000002,0.05,0.0,0.15000000000000002,0.25,0.0,0.25,0.0,0.0
2008-01-01,-0.025009511843523877,-0.025009511843523877,0.0,0,False,0.0,1.1238925227951428,-0.02917311544186063,0.0,0.15000000000000002,0.15000000000000002,0.05,0.0,0.15000000000000002,0.25,0.0,0.25,0.0,0.0
2008-02-01,0.04385586656053735,0.04385586656053735,0.0,0,False,0.0,1.09578451943545,-0.053453021909228515,0.0,0.15000000000000002,0.15000000000000002,0.05,0.0,0.15000000000000002,0.25,0.0,0.25,0.0,0.0
2008-03-01,-0.02348092001421343,-0.024480920014213432,0.25,2,True,0.001,1.1328510215656042,-0.0214346962645402,0.25,0.15000000000000002,0.15000000000000002,0.05,0.0,0.15000000000000002,0.25,0.0,0.0,0.0,0.0
2008-04-01,0.02474233903643816,0.02314233903643816,0.4,6,True,0.0016,1.1033761556841373,-0.04689530894421845,0.0,0.25,0.05,0.1,0.0,0.1,0.25,0.0,0.0,0.25,0.0
2008-05-01,0.04689225025650391,0.04689225025650391,0.0,0,False,0.0,1.130676262612796,-0.028393424808189627,0.0,0.25,0.05,0.1,0.0,0.1,0.25,0.0,0.0,0.25,0.0
2008-06-01,0.025313794852146333,0.024913794852146332,0.1,3,True,0.0004,1.1810464335434823,-0.01978269593980997,0.0,0.25,0.15000000000000002,0.05,0.0,0.05,0.25,0.0,0.0,0.25,0.0
2008-07-01,-0.03636407222258267,-0.038364072222582674,0.5,3,True,0.002,1.2080379057460062,0.0,0.5,0.25,0.15000000000000002,0.05,0.0,0.05,0.0,0.0,0.0,0.0,0.0
2008-08-01,-0.024179259478176042,-0.024579259478176043,0.1,2,True,0.0004,1.1636430846026036,-0.04294288118543921,0.5,0.15000000000000002,0.15000000000000002,0.05,0.0,0.15000000000000002,0.0,0.0,0.0,0.0,0.0
2008-09-01,-0.017113724186028814,-0.017713724186028814,0.15000000000000002,4,True,0.0006000000000000001,1.144668190165628,-0.05854909071820524,0.5,0.1,0.05,0.15000000000000002,0.0,0.2,0.0,0.0,0.0,0.0,0.0
2008-10-01,-0.061442708502787644,-0.06204270850278765,0.15000000000000002,3,True,0.0006000000000000001,1.1237289651175586,-0.07577089580593865,0.5,0.05,0.2,0.05,0.0,0.2,0.0,0.0,0.0,0.0,0.0
2008-11-01,0.03425803552473159,0.03425803552473159,0.0,0,False,0.0,1.0566755925748739,-0.1309200290596435,0.5,0.05,0.2,0.05,0.0,0.2,0.0,0.0,0.0,0.0,0.0
2008-12-01,0.04876518579588379,0.04876518579588379,0.0,0,False,0.0,1.0928752225634204,-0.10114705654133638,0.5,0.05,0.2,0.05,0.0,0.2,0.0,0.0,0.0,0.0,0.0
2009-01-01,-0.023419988387002932,-0.023419988387002932,0.0,0,False,0.0,1.1445176191046251,-0.058672930328242834,0.5,0.05,0.2,0.05,0.0,0.2,0.0,0.0,0.0,0.0,0.0
2009-02-01,-0.010574335734913832,-0.010574335734913832,0.0,0,False,0.0,1.1225573161369493,-0.07673453750370796,0.5,0.05,0.2,0.05,0.0,0.2,0.0,0.0,0.0,0.0,0.0
2009-03-01,0.018556802622040937,0.018556802622040937,0.0,0,False,0.0,1.1170431821066802,-0.08126972642683805,0.5,0.05,0.2,0.05,0.0,0.2,0.0,0.0,0.0,0.0,0.0
2009-04-01,-0.005405662762244891,-0.005805662762244891,0.1,3,True,0.0004,1.1373168231845474,-0.0645953416652163,0.5,0.05,0.15000000000000002,0.15000000000000002,0.0,0.15000000000000002,0.0,0.0,0.0,0.0,0.0
2009-05-01,0.04353179868576634,0.043131798685766345,0.1,3,True,0.0004,1.1307164044357905,-0.07002396306488912,0.5,0.1,0.15000000000000002,0.2,0.0,0.05,0.0,0.0,0.0,0.0,0.0
2009-06-01,-0.014324545389502098,-0.014324545389502098,0.0,0,False,0.0,1.1799385233243829,-0.02954043344244306,0.5,0.1,0.15000000000000002,0.2,0.0,0.05,0.0,0.0,0.0,0.0,0.0
2009-07-01,0.02456072500124103,0.02456072500124103,0.0,0,False,0.0,1.1630364403902005,-0.04344182555227338,0.5,0.1,0.15000000000000002,0.2,0.0,0.05,0.0,0.0,0.0,0.0,0.0
2009-08-01,-0.006995062599607683,-0.006995062599607683,0.0,0,False,0.0,1.1846172733689124,-0.025692319620840953,0.5,0.1,0.15000000000000002,0.2,0.0,0.05,0.0,0.0,0.0,0.0,0.0
2009-09-01,0.016790153449734106,0.016390153449734105,0.1,3,True,0.0004,1.1758602690645663,-0.03289465977123718,0.5,0.05,0.15000000000000002,0.15000000000000002,0.0,0.15000000000000002,0.0,0.0,0.0,0.0,0.0
2009-10-01,0.008682656400617212,0.008682656400617212,0.0,0,False,0.0,1.195603143417606,-0.01665681270673891,0.5,0.05,0.15000000000000002,0.15000000000000002,0.0,0.15000000000000002,0.0,0.0,0.0,0.0,0.0
2009-11-01,0.0381993271298422,0.037599327129842194,0.15000000000000002,4,True,0.0006000000000000001,1.202847923838687,-0.013275457151031067,0.5,0.15000000000000002,0.2,0.1,0.0,0.05,0.0,0.0,0.0,0.0,0.0
2009-12-01,-0.011528311459823642,-0.011528311459823642,0.0,0,False,0.0,1.2480466276257511,0.0,0.5,0.15000000000000002,0.2,0.1,0.0,0.05,0.0,0.0,0.0,0.0,0.0
2010-01-01,-0.017651457880819624,-0.017651457880819624,0.0,0,False,0.0,1.2069836181978486,-0.034998814426644764,0.5,0.15000000000000002,0.2,0.1,0.0,0.05,0.0,0.0,0.0,0.0,0.0
2010-02-01,0.006438416875536402,0.006038416875536402,0.1,3,True,0.0004,1.1852043262593108,-0.05241167921185019,0.5,0.05,0.2,0.15000000000000002,0.0,0.1,0.0,0.0,0.0,0.0,0.0
2010-03-01,0.042238871303618156,0.040238871303618154,0.5,3,True,0.002,1.1904494954628684,-0.048218089155074306,0.0,0.05,0.2,0.15000000000000002,0.25,0.1,0.0,0.0,0.25,0.0,0.0
2010-04-01,0.039954069781450885,0.039954069781450885,0.0,0,False,0.0,1.2407327384951816,-0.008015895513783677,0.0,0.05,0.2,0.15000000000000002,0.25,0.1,0.0,0.0,0.25,0.0,0.0
2010-05-01,-0.06899913223943854,-0.06899913223943854,0.0,0,False,0.0,1.2762094309689862,-0.010080721200983356,0.0,0.05,0.2,0.15000000000000002,0.25,0.1,0.0,0.0,0.25,0.0,0.0
2010-06-01,-0.03197165092864735,-0.03197165092864735,0.0,0,False,0.0,1.1881520876763387,-0.07838429242520617,0.0,0.05,0.2,0.15000000000000002,0.25,0.1,0.0,0.0,0.25,0.0,0.0
2010-07-01,0.058358458148867955,0.05775845814886795,0.15000000000000002,3,True,0.0006000000000000001,1.1494748049366799,-0.1083851581972749,0.0,0.05,0.15000000000000002,0.05,0.25,0.25,0.0,0.0,0.25,0.0,0.0
2010-08-01,-0.029880980120694706,-0.031080980120694705,0.30000000000000004,4,True,0.0012000000000000001,1.2054632232936815,-0.06495653795978074,0.0,0.2,0.05,0.2,0.25,0.05,0.0,0.0,0.25,0.0,0.0
2010-09-01,0.04903046204617781,0.04783046204617781,0.30000000000000004,4,True,0.0012000000000000001,1.1666378219582105,-0.09507229510467974,0.0,0.05,0.2,0.05,0.25,0.2,0.0,0.0,0.25,0.0,0.0
2010-10-01,0.02772303650044159,0.02712303650044159,0.15000000000000002,3,True,0.0006000000000000001,1.2231043102413224,-0.05127284965230594,0.0,0.15000000000000002,0.2,0.1,0.25,0.05,0.0,0.0,0.25,0.0,0.0
2010-11-01,0.026439205900437704,0.026439205900437704,0.0,0,False,0.0,1.2570124756779901,-0.02497125223425678,0.0,0.15000000000000002,0.2,0.1,0.25,0.05,0.0,0.0,0.25,0.0,0.0
2010-12-01,0.04472607318061596,0.04472607318061596,0.0,0,False,0.0,1.2902468873418595,-0.009416904204253451,0.0,0.15000000000000002,0.2,0.1,0.25,0.05,0.0,0.0,0.25,0.0,0.0
2011-01-01,0.02865555485259764,0.02765555485259764,0.25,2,True,0.001,1.3162889355688527,-0.016460823504619304,0.0,0.15000000000000002,0.2,0.1,0.0,0.05,0.25,0.0,0.25,0.0,0.0
2011-02-01,0.028903931529914124,0.028903931529914124,0.0,0,False,0.0,1.3526539174385495,0.0,0.0,0.15000000000000002,0.2,0.1,0.0,0.05,0.25,0.0,0.25,0.0,0.0
2011-03-01,0.027350444272924525,0.027350444272924525,0.0,0,False,0.0,1.3917509336518634,-0.005468142315506186,0.0,0.15000000000000002,0.2,0.1,0.0,0.05,0.25,0.0,0.25,0.0,0.0
2011-04-01,0.0259918371069896,0.0259918371069896,0.0,0,False,0.0,1.4298159400044996,0.0,0.0,0.15000000000000002,0.2,0.1,0.0,0.05,0.25,0.0,0.25,0.0,0.0
2011-05-01,-0.03708532867148354,-0.03708532867148354,0.0,0,False,0.0,1.4789372093313897,0.0,0.0,0.15000000000000002,0.2,0.1,0.0,0.05,0.25,0.0,0.25,0.0,0.0
2011-06-01,0.0005403404092050468,-5.965959079495321e-05,0.15000000000000002,3,True,0.0006000000000000001,1.4232358826367448,-0.03766307747428088,0.0,0.05,0.2,0.05,0.0,0.2,0.25,0.0,0.25,0.0,0.0
2011-07-01,-0.015326053780847108,-0.01632605378084711,0.25,4,True,0.001,1.4225809095814683,-0.03810594485982233,0.0,0.1,0.1,0.25,0.0,0.05,0.25,0.0,0.25,0.0,0.0
2011-08-01,-0.006528146367695581,-0.00832814636769558,0.45000000000000007,5,True,0.0018000000000000002,1.3982569570091201,-0.05455285850759295,0.0,0.1,0.2,0.05,0.25,0.15000000000000002,0.25,0.0,0.0,0.0,0.0
2011-09-01,-0.04523515859086285,-0.04723515859086285,0.5,4,True,0.002,1.386350673072248,-0.06260342607851421,0.0,0.1,0.2,0.05,0.0,0.15000000000000002,0.0,0.0,0.0,0.25,0.25
2011-10-01,0.02670692929348556,0.02570692929348556,0.25,2,True,0.001,1.3307975731208106,-0.10016627837604497,0.25,0.1,0.2,0.05,0.0,0.15000000000000002,0.0,0.0,0.0,0.25,0.0
2011-11-01,0.021730100676172155,0.020330100676172157,0.35,5,True,0.0014,1.3630617888692718,-0.07835046662630385,0.0,0.05,0.15000000000000002,0.15000000000000002,0.0,0.15000000000000002,0.0,0.0,0.0,0.25,0.25
2011-12-01,0.013264163552629844,0.013264163552629844,0.0,0,False,0.0,1.392681258769245,-0.05832292947794593,0.0,0.05,0.15000000000000002,0.15000000000000002,0.0,0.15000000000000002,0.0,0.0,0.0,0.25,0.25
2012-01-01,0.01685592206135401,0.01645592206135401,0.1,3,True,0.0004,1.38387114339036,-0.06427998791375866,0.0,0.1,0.05,0.15000000000000002,0.0,0.2,0.0,0.0,0.0,0.25,0.25
2012-02-01,0.012190039432044608,0.011590039432044608,0.15000000000000002,3,True,0.0006000000000000001,1.4057907076861949,-0.04945882839628024,0.0,0.05,0.2,0.15000000000000002,0.0,0.1,0.0,0.0,0.0,0.25,0.25
2012-03-01,0.020828151520477504,0.020228151520477505,0.15000000000000002,3,True,0.0006000000000000001,1.4220735954349835,-0.03844897101622968,0.0,0.15000000000000002,0.05,0.2,0.0,0.1,0.0,0.0,0.0,0.25,0.25
2012-04-01,-0.003407780005598677,-0.003407780005598677,0.0,0,False,0.0,1.4415131561983947,-0.025304693733355976,0.0,0.15000000000000002,0.05,0.2,0.0,0.1,0.0,0.0,0.0,0.25,0.25
2012-05-01,-0.023235576971293803,-0.023635576971293804,0.1,2,True,0.0004,1.4360261561683003,-0.029014790413238067,0.0,0.05,0.05,0.2,0.0,0.2,0.0,0.0,0.0,0.25,0.25
2012-06-01,0.044438754939381014,0.044438754939381014,0.0,0,False,0.0,1.4026592598838605,-0.0515761919885791,0.0,0.05,0.05,0.2,0.0,0.2,0.0,0.0,0.0,0.25,0.25
2012-07-01,0.008175780448260783,0.006175780448260783,0.5,4,True,0.002,1.4584091677975408,-0.013880265777564293,0.0,0.05,0.05,0.2,0.0,0.2,0.0,0.25,0.25,0.0,0.0
2012-08-01,0.016648682684769767,0.014248682684769767,0.6,6,True,0.0024000000000000002,1.463870394230417,-0.010674207208376418,0.0,0.15000000000000002,0.05,0.1,0.0,0.2,0.0,0.0,0.0,0.25,0.25
2012-09-01,0.02759896038837232,0.02599896038837232,0.4,6,True,0.0016,1.4859996693682416,0.0,0.0,0.2,0.1,0.15000000000000002,0.0,0.05,0.0,0.25,0.0,0.0,0.25
2012-10-01,-0.006441345084964856,-0.006441345084964856,0.0,0,False,0.0,1.5245684966356614,-0.009575240937025553,0.0,0.2,0.1,0.15000000000000002,0.0,0.05,0.0,0.25,0.0,0.0,0.25
2012-11-01,-0.0063061617899423765,-0.006906161789942376,0.15,4,True,0.0006,1.513839375908259,-0.019947632405488136,0.0,0.05,0.15000000000000002,0.2,0.0,0.1,0.0,0.25,0.0,0.0,0.25
2012-12-01,0.005806390168627841,0.004206390168627841,0.4,5,True,0.0016,1.507555718686725,-0.024015642020723482,0.0,0.2,0.05,0.15000000000000002,0.0,0.1,0.0,0.0,0.0,0.25,0.25
2013-01-01,0.032335603645657296,0.032335603645657296,0.0,0,False,0.0,1.4712250462388654,-0.04753594550567075,0.0,0.2,0.05,0.15000000000000002,0.0,0.1,0.0,0.0,0.0,0.25,0.25
2013-02-01,-0.006867805239864877,-0.007867805239864877,0.25,2,True,0.001,1.5172791982114018,-0.017720707907453503,0.0,0.2,0.05,0.15000000000000002,0.0,0.1,0.0,0.25,0.0,0.0,0.25
2013-03-01,0.029168398566433364,0.028568398566433364,0.15000000000000002,3,True,0.0006000000000000001,1.5059547048914774,-0.025052130690231378,0.0,0.05,0.05,0.2,0.0,0.2,0.0,0.25,0.0,0.0,0.25
2013-04-01,0.014864752270730953,0.014864752270730953,0.0,0,False,0.0,1.549880991946748,0.0,0.0,0.05,0.05,0.2,0.0,0.2,0.0,0.25,0.0,0.0,0.25
2013-05-01,0.019116551894233152,0.019116551894233152,0.0,0,False,0.0,1.5729195889411514,-0.007329252795538532,0.0,0.05,0.05,0.2,0.0,0.2,0.0,0.25,0.0,0.0,0.25
2013-06-01,-0.021350052324824433,-0.021950052324824432,0.15000000000000002,3,True,0.0006000000000000001,1.5945747640209573,-0.018827140552329924,0.0,0.15000000000000002,0.05,0.25,0.0,0.05,0.0,0.25,0.0,0.0,0.25
2013-07-01,0.054352272104539384,0.054352272104539384,0.0,0,False,0.0,1.5595941910676414,-0.04035136730177047,0.0,0.15000000000000002,0.05,0.25,0.0,0.05,0.0,0.25,0.0,0.0,0.25
2013-08-01,-0.024574182003100808,-0.024574182003100808,0.0,0,False,0.0,1.6443616789132092,-0.00011488443419804817,0.0,0.15000000000000002,0.05,0.25,0.0,0.05,0.0,0.25,0.0,0.0,0.25
2013-09-01,-0.0032450881042304647,-0.0038450881042304645,0.15000000000000002,2,True,0.0006000000000000001,1.5976387250074573,-0.028612173296587717,0.0,0.15000000000000002,0.2,0.1,0.0,0.05,0.0,0.25,0.0,0.0,0.25
2013-10-01,0.025762138845944825,0.024962138845944826,0.20000000000000004,4,True,0.0008000000000000001,1.590225575018895,-0.03311947744720678,0.0,0.1,0.05,0.2,0.0,0.15000000000000002,0.0,0.25,0.0,0.0,0.25
2013-11-01,0.02018085014623679,0.01858085014623679,0.4,5,True,0.0016,1.6285832779795775,-0.011546429859287888,0.0,0.05,0.05,0.35000000000000003,0.0,0.05,0.0,0.0,0.25,0.0,0.25
2013-12-01,0.010421710318523809,0.009821710318523809,0.15000000000000002,3,True,0.0006000000000000001,1.6671947045681441,-0.0006397547880199195,0.0,0.15000000000000002,0.05,0.2,0.0,0.1,0.0,0.0,0.25,0.0,0.25
2014-01-01,-0.026406601819088986,-0.026806601819088987,0.10000000000000003,3,True,0.0004000000000000002,1.6538429710244917,-0.024669600287926752,0.0,0.1,0.05,0.30000000000000004,0.0,0.05,0.0,0.0,0.25,0.0,0.25
2014-02-01,0.04850206775879333,0.04730206775879333,0.30000000000000004,4,True,0.0012000000000000001,1.6378693931793924,-0.034089790921165486,0.0,0.05,0.1,0.05,0.0,0.30000000000000004,0.0,0.0,0.25,0.0,0.25
2014-03-01,-0.0005350539728986086,-0.0015350539728986089,0.25000000000000006,4,True,0.0010000000000000002,1.7139310210934304,0.0,0.0,0.1,0.15000000000000002,0.2,0.0,0.05,0.0,0.0,0.25,0.0,0.25
2014-04-01,0.006369887790970153,0.005969887790970153,0.10000000000000002,2,True,0.0004000000000000001,1.710616441131223,-0.010464972989394639,0.0,0.1,0.05,0.2,0.0,0.15000000000000002,0.0,0.0,0.25,0.0,0.25
2014-05-01,0.01754835913163727,0.01754835913163727,0.0,0,False,0.0,1.7215128759146179,-0.004161745902102276,0.0,0.1,0.05,0.2,0.0,0.15000000000000002,0.0,0.0,0.25,0.0,0.25
2014-06-01,0.019861500151040733,0.019861500151040733,0.0,0,False,0.0,1.7516404035498718,-0.00011824483253330964,0.0,0.1,0.05,0.2,0.0,0.15000000000000002,0.0,0.0,0.25,0.0,0.25
2014-07-01,-0.024856897347444444,-0.026656897347444444,0.45,6,True,0.0018,1.7832150345921054,0.0,0.0,0.05,0.25,0.15000000000000002,0.0,0.05,0.25,0.0,0.0,0.0,0.25
2014-08-01,0.023656433827023933,0.023056433827023933,0.15000000000000002,2,True,0.0006000000000000001,1.7378465076239127,-0.027411684986689888,0.0,0.05,0.1,0.15000000000000002,0.0,0.2,0.25,0.0,0.0,0.0,0.25
2014-09-01,-0.030632538940619625,-0.030632538940619625,0.0,0,False,0.0,1.7950642057450301,0.0,0.0,0.05,0.1,0.15000000000000002,0.0,0.2,0.25,0.0,0.0,0.0,0.25
2014-10-01,0.028947934573564475,0.027947934573564474,0.25,2,True,0.001,1.7383367547300717,-0.03483928862924479,0.0,0.05,0.1,0.15000000000000002,0.0,0.2,0.0,0.0,0.0,0.25,0.25
2014-11-01,0.027838579328537214,0.027838579328537214,0.0,0,False,0.0,1.7878478099515394,-0.007349721289521383,0.0,0.05,0.1,0.15000000000000002,0.0,0.2,0.0,0.0,0.0,0.25,0.25
2014-12-01,-0.001314205124822443,-0.001314205124822443,0.0,0,False,0.0,1.8376189530362268,0.0,0.0,0.05,0.1,0.15000000000000002,0.0,0.2,0.0,0.0,0.0,0.25,0.25
2015-01-01,0.02458680834728731,0.02458680834728731,0.0,0,False,0.0,1.797108427023969,-0.02924925164293468,0.0,0.05,0.1,0.15000000000000002,0.0,0.2,0.0,0.0,0.0,0.25,0.25
2015-02-01,0.007023427006552396,0.007023427006552396,0.0,0,False,0.0,1.8318254492526613,-0.01643001380753739,0.0,0.05,0.1,0.15000000000000002,0.0,0.2,0.0,0.0,0.0,0.25,0.25
2015-03-01,-0.0046586883648980955,-0.0046586883648980955,0.0,0,False,0.0,1.8462915709891756,-0.008662656299513571,0.0,0.05,0.1,0.15000000000000002,0.0,0.2,0.0,0.0,0.0,0.25,0.25
2015-04-01,-0.004863572095952805,-0.004863572095952805,0.0,0,False,0.0,1.837690273929199,-0.013280988048300024,0.0,0.05,0.1,0.15000000000000002,0.0,0.2,0.0,0.0,0.0,0.25,0.25
2015-05-01,0.004182666523911209,0.0033826665239112094,0.2,4,True,0.0008,1.82728953276408,-0.018865503127693084,0.0,0.15000000000000002,0.05,0.25,0.0,0.05,0.0,0.0,0.0,0.25,0.25
2015-06-01,-0.010141703374617134,-0.010741703374617134,0.15,4,True,0.0006,1.8338315160369516,-0.015352887665343817,0.0,0.05,0.15000000000000002,0.2,0.0,0.1,0.0,0.0,0.0,0.25,0.25
2015-07-01,-0.005308830752151307,-0.005708830752151307,0.1,3,True,0.0004,1.814507247425976,-0.025728751052672028,0.0,0.15000000000000002,0.1,0.2,0.0,0.05,0.0,0.0,0.0,0.25,0.25
2015-08-01,-0.056721629893526276,-0.05732162989352628,0.15000000000000002,3,True,0.0006000000000000001,1.8102490308779067,-0.028015133738914177,0.0,0.05,0.1,0.15000000000000002,0.0,0.2,0.0,0.0,0.0,0.25,0.25
2015-09-01,-0.0014434987794657407,-0.003843498779465741,0.6,5,True,0.0024000000000000002,1.7024485079663434,-0.08589693621901617,0.5,0.05,0.2,0.05,0.0,0.2,0.0,0.0,0.0,0.0,0.0
2015-10-01,0.013694460867862225,0.013294460867862226,0.1,2,True,0.0004,1.6993110292127411,-0.08758155629873976,0.5,0.05,0.1,0.15000000000000002,0.0,0.2,0.0,0.0,0.0,0.0,0.0
2015-11-01,-0.003932952464032653,-0.0059329524640326535,0.5,3,True,0.002,1.7223997516972072,-0.07518442836031491,0.0,0.05,0.1,0.15000000000000002,0.0,0.2,0.0,0.25,0.0,0.0,0.25
2015-12-01,-0.028567900264937014,-0.028567900264937014,0.0,0,False,0.0,1.7121943840790212,-0.08066404067348765,0.0,0.05,0.1,0.15000000000000002,0.0,0.2,0.0,0.25,0.0,0.0,0.25
2016-01-01,0.011254270597453736,0.009254270597453736,0.5,4,True,0.002,1.6780765466971304,-0.09898307912571225,0.25,0.05,0.1,0.15000000000000002,0.0,0.2,0.0,0.0,0.0,0.25,0.0
2016-02-01,0.018890215861670435,0.018890215861670435,0.0,0,False,0.0,1.693568150088427,-0.09066510530353766,0.25,0.05,0.1,0.15000000000000002,0.0,0.2,0.0,0.0,0.0,0.25,0.0
2016-03-01,0.011883419748515258,0.010883419748515259,0.25,2,True,0.001,1.7238344580020275,-0.07441408527931981,0.5,0.05,0.1,0.15000000000000002,0.0,0.2,0.0,0.0,0.0,0.0,0.0
2016-04-01,0.007206718853475442,0.005206718853475442,0.5,3,True,0.002,1.7408308674305326,-0.06528812942269802,0.0,0.05,0.1,0.15000000000000002,0.0,0.2,0.0,0.0,0.25,0.25,0.0
2016-05-01,-0.005736352799689964,-0.006536352799689964,0.2,4,True,0.0008,1.7497003915224485,-0.06052577736989817,0.0,0.15000000000000002,0.2,0.1,0.0,0.05,0.0,0.0,0.25,0.25,0.0
2016-06-01,0.03678861495232752,0.036188614952327516,0.15000000000000002,3,True,0.0006000000000000001,1.7372287989315014,-0.06722220369014631,0.0,0.15000000000000002,0.05,0.15000000000000002,0.0,0.15000000000000002,0.0,0.0,0.25,0.25,0.0
2016-07-01,1.769244384424752e-05,-0.0005823075561557525,0.15000000000000002,3,True,0.0006000000000000001,1.800058356875307,-0.03348685654531913,0.0,0.1,0.2,0.05,0.0,0.15000000000000002,0.0,0.0,0.25,0.25,0.0
2016-08-01,-0.002073561578044237,-0.002473561578044237,0.1,3,True,0.0004,1.7993701682249799,-0.03385636866317754,0.0,0.05,0.15000000000000002,0.15000000000000002,0.0,0.15000000000000002,0.0,0.0,0.25,0.25,0.0
2016-09-01,-0.0051267652060111475,-0.0051267652060111475,0.0,0,False,0.0,1.7956390633794697,-0.0358597269759896,0.0,0.05,0.15000000000000002,0.15000000000000002,0.0,0.15000000000000002,0.0,0.0,0.25,0.25,0.0
2016-10-01,-0.022278790719259756,-0.024078790719259755,0.45000000000000007,6,True,0.0018000000000000002,1.7904672616451907,-0.038636644920027496,0.0,0.25,0.1,0.1,0.0,0.05,0.25,0.0,0.25,0.0,0.0
2016-11-01,0.04669265202266666,0.04669265202266666,0.0,0,False,0.0,1.7474267761640914,-0.06174655952877617,0.0,0.25,0.1,0.1,0.0,0.05,0.25,0.0,0.25,0.0,0.0
2016-12-01,0.0197690799899057,0.0187690799899057,0.25,2,True,0.001,1.8271897477920536,-0.01891908110565943,0.0,0.25,0.1,0.1,0.0,0.05,0.25,0.25,0.0,0.0,0.0
2017-01-01,-0.0047009790813389955,-0.0047009790813389955,0.0,0,False,0.0,1.8443641927222982,-0.01505873908620281,0.0,0.25,0.1,0.1,0.0,0.05,0.25,0.25,0.0,0.0,0.0
2017-02-01,0.041918805590123245,0.040918805590123244,0.25,2,True,0.001,1.8338581813587074,-0.020669238422755365,0.0,0.25,0.1,0.1,0.0,0.05,0.0,0.25,0.25,0.0,0.0
2017-03-01,-0.026601567336186804,-0.027201567336186804,0.15000000000000002,3,True,0.0006000000000000001,1.9095848871473744,0.0,0.0,0.1,0.15000000000000002,0.2,0.0,0.05,0.0,0.25,0.25,0.0,0.0
2017-04-01,0.005602278471315259,0.005202278471315259,0.1,3,True,0.0004,1.8597532113018325,-0.026095554159932033,0.0,0.05,0.15000000000000002,0.15000000000000002,0.0,0.15000000000000002,0.0,0.25,0.25,0.0,0.0
2017-05-01,0.012704407174936379,0.012704407174936379,0.0,0,False,0.0,1.8694239978527964,-0.02103121446178391,0.0,0.05,0.15000000000000002,0.15000000000000002,0.0,0.15000000000000002,0.0,0.25,0.25,0.0,0.0
2017-06-01,0.015465731076849315,0.015465731076849315,0.0,0,False,0.0,1.8931739215041155,-0.00859399639875369,0.0,0.05,0.15000000000000002,0.15000000000000002,0.0,0.15000000000000002,0.0,0.25,0.25,0.0,0.0
2017-07-01,0.009534356214360808,0.009134356214360808,0.1,3,True,0.0004,1.916595163000888,-0.004266658162220827,0.0,0.1,0.05,0.2,0.0,0.15000000000000002,0.0,0.25,0.25,0.0,0.0
2017-08-01,0.0055330252613898685,0.004933025261389869,0.15000000000000002,4,True,0.0006000000000000001,1.9329342597081356,0.0,0.0,0.05,0.15000000000000002,0.25,0.0,0.05,0.0,0.25,0.25,0.0,0.0
2017-09-01,-0.011205070935127634,-0.014005070935127635,0.7,7,True,0.0028,1.9381870719410788,-0.0013929944756725376,0.0,0.05,0.30000000000000004,0.05,0.0,0.1,0.0,0.0,0.0,0.25,0.25
2017-10-01,0.008539399675053195,0.006539399675053195,0.5,5,True,0.002,1.9177854660920703,-0.022223111237984927,0.0,0.15000000000000002,0.05,0.2,0.0,0.1,0.0,0.0,0.25,0.0,0.25
2017-11-01,0.02332330633300175,0.02332330633300175,0.0,0,False,0.0,1.9302938782726824,-0.01584573662463251,0.0,0.15000000000000002,0.05,0.2,0.0,0.1,0.0,0.0,0.25,0.0,0.25
2017-12-01,0.020751261890461538,0.020751261890461538,0.0,0,False,0.0,1.9753147137083549,-0.0012909238691982683,0.0,0.15000000000000002,0.05,0.2,0.0,0.1,0.0,0.0,0.25,0.0,0.25
2018-01-01,0.044300814782745834,0.042900814782745836,0.35,5,True,0.0014,1.9738593308054562,-0.01690306150715193,0.0,0.15000000000000002,0.15000000000000002,0.15000000000000002,0.0,0.05,0.0,0.25,0.25,0.0,0.0
2018-02-01,-0.04519167502652253,-0.04519167502652253,0.0,0,False,0.0,2.0584170833562667,-0.008038853938670099,0.0,0.15000000000000002,0.15000000000000002,0.15000000000000002,0.0,0.05,0.0,0.25,0.25,0.0,0.0
2018-03-01,-0.018264323394307648,-0.018264323394307648,0.0,0,False,0.0,1.9653937674561879,-0.05286723969041052,0.0,0.15000000000000002,0.15000000000000002,0.15000000000000002,0.0,0.05,0.0,0.25,0.25,0.0,0.0
2018-04-01,0.0013459940257796177,0.0009459940257796176,0.10000000000000002,2,True,0.0004000000000000001,1.9570493567357437,-0.056888451566461495,0.0,0.15000000000000002,0.15000000000000002,0.05,0.0,0.15000000000000002,0.0,0.25,0.25,0.0,0.0
2018-05-01,0.02223159847573552,0.02043159847573552,0.45000000000000007,6,True,0.0018000000000000002,1.9553736406765587,-0.0576959872384023,0.0,0.25,0.05,0.15000000000000002,0.0,0.05,0.25,0.25,0.0,0.0,0.0
2018-06-01,-0.01010083952509601,-0.01210083952509601,0.5,3,True,0.002,1.994847032881465,-0.03867356865904281,0.5,0.25,0.05,0.15000000000000002,0.0,0.05,0.0,0.0,0.0,0.0,0.0
2018-07-01,-0.0020183663651522857,-0.002418366365152286,0.1,2,True,0.0004,1.9851791620494879,-0.04333256236250749,0.5,0.15000000000000002,0.05,0.15000000000000002,0.0,0.15000000000000002,0.0,0.0,0.0,0.0,0.0
2018-08-01,0.008732070226468897,0.008732070226468897,0.0,0,False,0.0,1.980379874262726,-0.04564536235417482,0.5,0.15000000000000002,0.05,0.15000000000000002,0.0,0.15000000000000002,0.0,0.0,0.0,0.0,0.0
2018-09-01,0.02681036352833835,0.024810363528338347,0.5,3,True,0.002,2.002158294838,-0.035150236168168925,0.0,0.15000000000000002,0.05,0.15000000000000002,0.0,0.15000000000000002,0.25,0.0,0.0,0.0,0.25
2018-10-01,-0.0725122019434738,-0.0729122019434738,0.1,3,True,0.0004,2.0509045227056406,-0.011659193243617638,0.0,0.2,0.05,0.2,0.0,0.05,0.25,0.0,0.0,0.0,0.25
2018-11-01,0.015969646726156545,0.013969646726156545,0.5,6,True,0.002,1.8983845419488483,-0.08515930948928818,0.25,0.05,0.25,0.1,0.0,0.1,0.0,0.0,0.0,0.0,0.25
2018-12-01,-0.046020807692367924,-0.047020807692367925,0.25,2,True,0.001,1.9222192690870274,-0.07367323922723179,0.0,0.05,0.25,0.1,0.0,0.1,0.0,0.0,0.0,0.25,0.25
2019-01-01,0.04744448552274966,0.04744448552274966,0.0,0,False,0.0,1.8393673558372632,-0.11359997685739431,0.0,0.05,0.25,0.1,0.0,0.1,0.0,0.0,0.0,0.25,0.25
2019-02-01,0.008285854028845635,0.008285854028845635,0.0,0,False,0.0,1.9266351937223023,-0.07154518379204011,0.0,0.05,0.25,0.1,0.0,0.1,0.0,0.0,0.0,0.25,0.25
2019-03-01,0.017412896927862666,0.016612896927862667,0.2,3,True,0.0008,1.9410449324949586,-0.06460106099839225,0.0,0.05,0.1,0.30000000000000004,0.0,0.05,0.0,0.0,0.0,0.25,0.25
2019-04-01,0.0006010542486647621,1.0542486647620742e-06,0.15000000000000002,4,True,0.0006000000000000001,1.9736592413481422,-0.048884067853712465,0.0,0.1,0.05,0.2,0.0,0.15000000000000002,0.0,0.0,0.0,0.25,0.25
2019-05-01,-0.012796754134017305,-0.012796754134017305,0.0,0,False,0.0,1.9748455176205713,-0.04831239558172307,0.0,0.1,0.05,0.2,0.0,0.15000000000000002,0.0,0.0,0.0,0.25,0.25
2019-06-01,0.02446283942030386,0.022662839420303862,0.45,6,True,0.0018,1.9407386479374287,-0.06474866100772214,0.25,0.05,0.15000000000000002,0.05,0.0,0.25,0.0,0.0,0.0,0.25,0.0
2019-07-01,0.005818932693027291,0.004018932693027291,0.45,4,True,0.0018,1.9810634950010682,-0.04531592221468117,0.0,0.05,0.15000000000000002,0.25,0.25,0.05,0.0,0.0,0.0,0.25,0.0
2019-08-01,0.026230672551788792,0.025630672551788792,0.15,3,True,0.0006,1.9913956154370092,-0.04033682341504985,0.0,0.05,0.2,0.1,0.25,0.15000000000000002,0.0,0.0,0.0,0.25,0.0
2019-09-01,-0.0020095637488731395,-0.0020095637488731395,0.0,0,False,0.0,2.0381804706581814,-0.017790975453159885,0.0,0.05,0.2,0.1,0.25,0.15000000000000002,0.0,0.0,0.0,0.25,0.0
2019-10-01,0.017689467684946232,0.017689467684946232,0.0,0,False,0.0,2.0340846170706848,-0.019764787102705572,0.0,0.05,0.2,0.1,0.25,0.15000000000000002,0.0,0.0,0.0,0.25,0.0
2019-11-01,0.002393222984405163,0.0019932229844051626,0.1,2,True,0.0004,2.0692384645763346,-0.002823978001319838,0.0,0.05,0.2,0.2,0.25,0.05,0.0,0.0,0.0,0.25,0.0
2019-12-01,0.03257098298756467,0.030970982987564667,0.4,5,True,0.0016,2.082607846962618,-0.0021115432870839612,0.0,0.05,0.05,0.30000000000000004,0.0,0.1,0.0,0.25,0.0,0.25,0.0
2020-01-01,-0.01261638535387576,-0.01341638535387576,0.20000000000000004,4,True,0.0008000000000000001,2.1056590584351027,-0.017842453782783263,0.0,0.15000000000000002,0.15000000000000002,0.15000000000000002,0.0,0.05,0.0,0.25,0.0,0.25,0.0
2020-02-01,-0.01453886245058117,-0.015938862450581168,0.35000000000000003,4,True,0.0014000000000000002,2.0793998135577048,-0.0300907403280275,0.0,0.05,0.15000000000000002,0.15000000000000002,0.0,0.15000000000000002,0.0,0.0,0.0,0.25,0.25
2020-03-01,-0.08635439796827418,-0.08635439796827418,0.0,0,False,0.0,1.9829059229657746,-0.07509907272119087,0.0,0.05,0.15000000000000002,0.15000000000000002,0.0,0.15000000000000002,0.0,0.0,0.0,0.25,0.25
2020-04-01,0.032957934020767216,0.030957934020767214,0.5,3,True,0.002,1.8080499292088201,-0.15665839880569743,0.5,0.05,0.15000000000000002,0.15000000000000002,0.0,0.15000000000000002,0.0,0.0,0.0,0.0,0.0
2020-05-01,0.016305073674406236,0.016305073674406236,0.0,0,False,0.0,1.8676395194819377,-0.1288636019565671,0.5,0.05,0.15000000000000002,0.15000000000000002,0.0,0.15000000000000002,0.0,0.0,0.0,0.0,0.0
2020-06-01,0.009272206794046002,0.009272206794046002,0.0,0,False,0.0,1.8980915194443235,-0.11465965880601203,0.5,0.05,0.15000000000000002,0.15000000000000002,0.0,0.15000000000000002,0.0,0.0,0.0,0.0,0.0
2020-07-01,0.03473257726641259,0.03473257726641259,0.0,0,False,0.0,1.9156910165266372,-0.1064506000793497,0.5,0.05,0.15000000000000002,0.15000000000000002,0.0,0.15000000000000002,0.0,0.0,0.0,0.0,0.0
2020-08-01,0.006597304854694342,0.005997304854694342,0.15000000000000002,3,True,0.0006000000000000001,1.9808223488548848,-0.0760709290280871,0.5,0.05,0.30000000000000004,0.1,0.0,0.05,0.0,0.0,0.0,0.0,0.0
2020-09-01,-0.01830105331431511,-0.01890105331431511,0.15000000000000002,3,True,0.0006000000000000001,1.991498487028526,-0.07109118188920693,0.5,0.1,0.15000000000000002,0.2,0.0,0.05,0.0,0.0,0.0,0.0,0.0
2020-10-01,-0.014790769049840807,-0.01679076904984081,0.5,3,True,0.002,1.9511418631079545,-0.08991500931020302,0.0,0.1,0.15000000000000002,0.2,0.0,0.05,0.0,0.0,0.0,0.25,0.25
2020-11-01,0.05696758412810558,0.05696758412810558,0.0,0,False,0.0,1.8949347826414626,-0.11613207802788528,0.0,0.1,0.15000000000000002,0.2,0.0,0.05,0.0,0.0,0.0,0.25,0.25
2020-12-01,0.015298896282890419,0.01289889628289042,0.6,7,True,0.0024000000000000002,1.99807771615457,-0.06802238520602566,0.0,0.15000000000000002,0.05,0.2,0.25,0.1,0.0,0.0,0.25,0.0,0.0
2021-01-01,0.00606824562136929,0.00566824562136929,0.1,3,True,0.0004,2.05354166843107,-0.04215193906082648,0.0,0.15000000000000002,0.15000000000000002,0.15000000000000002,0.25,0.05,0.0,0.0,0.25,0.0,0.0
2021-02-01,0.05318844834209534,0.05278844834209534,0.1,3,True,0.0004,2.0643505917783824,-0.03711025598800466,0.0,0.2,0.05,0.2,0.25,0.05,0.0,0.0,0.25,0.0,0.0
2021-03-01,0.03522867845318352,0.03422867845318352,0.25,2,True,0.001,2.171976046392571,-0.014681703241898991,0.0,0.2,0.05,0.2,0.0,0.05,0.0,0.25,0.25,0.0,0.0
2021-04-01,0.05044314734990633,0.05044314734990633,0.0,0,False,0.0,2.248491892138952,0.0,0.0,0.2,0.05,0.2,0.0,0.05,0.0,0.25,0.25,0.0,0.0
2021-05-01,0.031157560942576934,0.031157560942576934,0.0,0,False,0.0,2.3451314094923155,-0.006846396457983683,0.0,0.2,0.05,0.2,0.0,0.05,0.0,0.25,0.25,0.0,0.0
2021-06-01,-0.002476759955375613,-0.0038767599553756133,0.35,4,True,0.0014,2.4148145043239024,0.0,0.0,0.2,0.15000000000000002,0.1,0.0,0.05,0.25,0.25,0.0,0.0,0.0
2021-07-01,-0.021583944899203136,-0.021983944899203137,0.1,3,True,0.0004,2.4078700550245484,-0.015005367755768773,0.0,0.2,0.05,0.15000000000000002,0.0,0.1,0.25,0.25,0.0,0.0,0.0
2021-08-01,0.006310645015899314,0.006310645015899314,0.0,0,False,0.0,2.3636551319124983,-0.03309249909393264,0.0,0.2,0.05,0.15000000000000002,0.0,0.1,0.25,0.25,0.0,0.0,0.0
2021-09-01,0.04161003595986706,0.04161003595986706,0.0,0,False,0.0,2.378571320390007,-0.026990689092504017,0.0,0.2,0.05,0.15000000000000002,0.0,0.1,0.25,0.25,0.0,0.0,0.0
2021-10-01,0.0582721272377572,0.057872127237757205,0.10000000000000003,3,True,0.0004000000000000002,2.476552741061118,0.0,0.0,0.30000000000000004,0.05,0.1,0.0,0.05,0.25,0.25,0.0,0.0,0.0
2021-11-01,-0.058968849148255065,-0.05936884914825506,0.10000000000000002,2,True,0.0004000000000000001,2.6198183908042476,-0.007295844336436597,0.0,0.2,0.05,0.2,0.0,0.05,0.25,0.25,0.0,0.0,0.0
2021-12-01,0.037353486391622254,0.03655348639162225,0.2,4,True,0.0008,2.4633584507488315,-0.06658179836785438,0.0,0.05,0.1,0.15000000000000002,0.0,0.2,0.25,0.25,0.0,0.0,0.0
2022-01-01,0.03486456686238815,0.03326456686238815,0.4,5,True,0.0016,2.458544540370663,-0.06840589001259345,0.0,0.15000000000000002,0.1,0.2,0.0,0.05,0.25,0.0,0.0,0.0,0.25
2022-02-01,0.04284928418543329,0.042249284185433285,0.15000000000000002,2,True,0.0006000000000000001,2.538665699984838,-0.03804630158281741,0.0,0.30000000000000004,0.1,0.05,0.0,0.05,0.25,0.0,0.0,0.0,0.25
2022-03-01,0.05618771785511299,0.05618771785511299,0.0,0,False,0.0,2.6474457080152995,0.0,0.0,0.30000000000000004,0.1,0.05,0.0,0.05,0.25,0.0,0.0,0.0,0.25
2022-04-01,-0.026335972093951984,-0.026735972093951985,0.10000000000000003,2,True,0.0004000000000000002,2.7950811606377965,-0.013469796920696053,0.0,0.2,0.1,0.15000000000000002,0.0,0.05,0.25,0.0,0.0,0.0,0.25
2022-05-01,0.03427207771569724,0.03327207771569724,0.25,2,True,0.001,2.7106011636448026,-0.05125566093501355,0.0,0.2,0.1,0.15000000000000002,0.0,0.05,0.25,0.0,0.0,0.25,0.0
2022-06-01,-0.06928152752676851,-0.06928152752676851,0.0,0,False,0.0,2.8006955982841153,-0.019721480993036167,0.0,0.2,0.1,0.15000000000000002,0.0,0.05,0.25,0.0,0.0,0.25,0.0
2022-07-01,0.017952542766868855,0.017552542766868854,0.1,3,True,0.0004,2.605616465445856,-0.09065355143335962,0.0,0.2,0.15000000000000002,0.05,0.0,0.1,0.25,0.0,0.0,0.25,0.0
2022-08-01,-0.024220868663381273,-0.02502086866338127,0.2,4,True,0.0008,2.650271991350649,-0.07506900764922653,0.0,0.1,0.05,0.2,0.0,0.15000000000000002,0.25,0.0,0.0,0.25,0.0
2022-09-01,-0.04135629434240833,-0.041956294342408336,0.15000000000000002,4,True,0.0006000000000000001,2.5845284534649933,-0.09801315675380229,0.0,0.2,0.1,0.15000000000000002,0.0,0.05,0.25,0.0,0.0,0.25,0.0
2022-10-01,0.0016317726462448281,-0.0007682273537551721,0.6,5,True,0.0024000000000000002,2.4052952653234647,-0.16056459717613114,0.5,0.2,0.2,0.05,0.0,0.05,0.0,0.0,0.0,0.0,0.0
2022-11-01,0.021966728007090167,0.021566728007090166,0.1,2,True,0.0004,2.4024766567459555,-0.16154827675209626,0.5,0.2,0.1,0.15000000000000002,0.0,0.05,0.0,0.0,0.0,0.0,0.0
2022-12-01,-0.034817006476767234,-0.03741700647676723,0.65,6,True,0.0026,2.448867554867256,-0.1453580971873525,0.0,0.05,0.2,0.15000000000000002,0.0,0.1,0.25,0.0,0.0,0.0,0.25
2023-01-01,0.04311508530340689,0.042115085303406886,0.25,2,True,0.001,2.382015831272486,-0.16868899727861386,0.25,0.05,0.2,0.15000000000000002,0.0,0.1,0.25,0.0,0.0,0.0,0.0
2023-02-01,-0.03632132831210008,-0.03732132831210008,0.25,2,True,0.001,2.4797496984544476,-0.13458039142460798,0.0,0.05,0.2,0.15000000000000002,0.0,0.1,0.25,0.0,0.25,0.0,0.0
2023-03-01,-0.002694342233608607,-0.004094342233608607,0.35,5,True,0.0014,2.386336340871317,-0.16718116214178647,0.0,0.15000000000000002,0.15000000000000002,0.15000000000000002,0.0,0.05,0.0,0.25,0.25,0.0,0.0
2023-04-01,-0.012523427827353013,-0.013923427827353013,0.35,5,True,0.0014,2.3672781764198976,-0.1738323613454773,0.0,0.05,0.2,0.15000000000000002,0.0,0.1,0.25,0.0,0.25,0.0,0.0
2023-05-01,-0.025426570580294953,-0.025426570580294953,0.0,0,False,0.0,2.3343590545955935,-0.18532096180446367,0.0,0.05,0.2,0.15000000000000002,0.0,0.1,0.25,0.0,0.25,0.0,0.0
2023-06-01,0.040346162373418024,0.040346162373418024,0.0,0,False,0.0,2.275004309334168,-0.20603545586942917,0.0,0.05,0.2,0.15000000000000002,0.0,0.1,0.25,0.0,0.25,0.0,0.0
2023-07-01,0.02771721638484237,0.02591721638484237,0.45,5,True,0.0018,2.3657996958667686,-0.17434834328606297,0.0,0.05,0.05,0.35000000000000003,0.25,0.05,0.0,0.0,0.25,0.0,0.0
2023-08-01,-0.011191024788956361,-0.011991024788956361,0.2,3,True,0.0008,2.4250550091348377,-0.15366855046405914,0.0,0.2,0.1,0.15000000000000002,0.25,0.05,0.0,0.0,0.25,0.0,0.0
2023-09-01,-0.05541787121574823,-0.05541787121574823,0.0,0,False,0.0,2.397916158413028,-0.16313986669548886,0.0,0.2,0.1,0.15000000000000002,0.25,0.05,0.0,0.0,0.25,0.0,0.0
2023-10-01,0.0038203836283322405,0.0018203836283322405,0.5,3,True,0.002,2.2847961847276133,-0.20261814283356272,0.5,0.2,0.1,0.15000000000000002,0.0,0.05,0.0,0.0,0.0,0.0,0.0
2023-11-01,0.016302348889552024,0.016302348889552024,0.0,0,False,0.0,2.2889379327004913,-0.20117269456443299,0.5,0.2,0.1,0.15000000000000002,0.0,0.05,0.0,0.0,0.0,0.0,0.0
2023-12-01,0.007949177491999068,0.007349177491999068,0.15000000000000002,3,True,0.0006000000000000001,2.324857245667425,-0.18863704316884455,0.5,0.05,0.15000000000000002,0.15000000000000002,0.0,0.15000000000000002,0.0,0.0,0.0,0.0,0.0
2024-01-01,0.005930683132897942,0.005930683132897942,0.0,0,False,0.0,2.349226481961362,-0.1801323078127216,0.5,0.05,0.15000000000000002,0.15000000000000002,0.0,0.15000000000000002,0.0,0.0,0.0,0.0,0.0
2024-02-01,0.004001066613426025,0.004001066613426025,0.0,0,False,0.0,2.3631589998332863,-0.1752699323194591,0.5,0.05,0.15000000000000002,0.15000000000000002,0.0,0.15000000000000002,0.0,0.0,0.0,0.0,0.0
2024-03-01,0.03468312899118535,0.03228312899118535,0.6,5,True,0.0024000000000000002,2.366919882434354,-0.1739574040628602,0.0,0.05,0.15000000000000002,0.25,0.0,0.05,0.0,0.25,0.25,0.0,0.0
2024-04-01,-0.025531478502649647,-0.02653147850264965,0.25,2,True,0.001,2.446563057958598,-0.1461623544936027,0.0,0.05,0.15000000000000002,0.25,0.0,0.05,0.25,0.25,0.0,0.0,0.0
2024-05-01,0.02067108196968879,0.02067108196968879,0.0,0,False,0.0,2.384098685838951,-0.16796209198460255,0.0,0.05,0.15000000000000002,0.25,0.0,0.05,0.25,0.25,0.0,0.0,0.0
2024-06-01,0.003908730540970733,0.0029087305409707326,0.25,2,True,0.001,2.4490981709937945,-0.14527761337155265,0.0,0.05,0.15000000000000002,0.25,0.0,0.05,0.0,0.25,0.25,0.0,0.0
2024-07-01,0.023711555883987424,0.023311555883987423,0.1,2,True,0.0004,2.4552298798308705,-0.14313767922215526,0.0,0.15000000000000002,0.15000000000000002,0.15000000000000002,0.0,0.05,0.0,0.25,0.25,0.0,0.0
2024-08-01,0.027839644953187755,0.027439644953187754,0.10000000000000002,2,True,0.0004000000000000001,2.512441821454382,-0.12317101236198091,0.0,0.05,0.15000000000000002,0.15000000000000002,0.0,0.15000000000000002,0.0,0.25,0.25,0.0,0.0
2024-09-01,0.02997175732987612,0.02997175732987612,0.0,0,False,0.0,2.607625201516155,-0.08995251310486507,0.0,0.05,0.15000000000000002,0.15000000000000002,0.0,0.15000000000000002,0.0,0.25,0.25,0.0,0.0
2024-10-01,-0.001485652646505897,-0.001485652646505897,0.0,0,False,0.0,2.6857803112632674,-0.06267679066898013,0.0,0.05,0.15000000000000002,0.15000000000000002,0.0,0.15000000000000002,0.0,0.25,0.25,0.0,0.0
2024-11-01,0.04117459764568292,0.04077459764568292,0.1,3,True,0.0004,2.680717458566052,-0.06444369964460384,0.0,0.1,0.2,0.15000000000000002,0.0,0.05,0.0,0.25,0.25,0.0,0.0
2024-12-01,-0.04133197287412381,-0.04133197287412381,0.0,0,False,0.0,2.808947770042921,-0.019691995053217615,0.0,0.1,0.2,0.15000000000000002,0.0,0.05,0.0,0.25,0.25,0.0,0.0
2025-01-01,0.044948351744247536,0.044948351744247536,0.0,0,False,0.0,2.6435156822982173,-0.07742692399022422,0.0,0.1,0.2,0.15000000000000002,0.0,0.05,0.0,0.25,0.25,0.0,0.0
2025-02-01,0.0008131855935803955,0.0008131855935803955,0.0,0,False,0.0,2.768477634115445,-0.033815859738100196,0.0,0.1,0.2,0.15000000000000002,0.0,0.05,0.0,0.25,0.25,0.0,0.0
2025-03-01,0.0035470003766910306,0.0029470003766910308,0.15000000000000002,4,True,0.0006000000000000001,2.7873423289408676,-0.02723218041680142,0.0,0.05,0.25,0.05,0.0,0.15000000000000002,0.0,0.25,0.25,0.0,0.0
2025-04-01,-0.0041515493690063975,-0.0041515493690063975,0.0,0,False,0.0,2.7955506958116487,-0.024367503530750345,0.0,0.05,0.25,0.05,0.0,0.15000000000000002,0.0,0.25,0.25,0.0,0.0
2025-05-01,0.04232173443484972,0.04232173443484972,0.0,0,False,0.0,2.783944829084426,-0.02841789000584949,0.0,0.05,0.25,0.05,0.0,0.15000000000000002,0.0,0.25,0.25,0.0,0.0
2025-06-01,0.026105002331284856,0.025505002331284856,0.15000000000000002,4,True,0.0006000000000000001,2.8839830155034103,-0.0035979923372080336,0.0,0.1,0.2,0.15000000000000002,0.0,0.05,0.0,0.25,0.25,0.0,0.0
2025-07-01,-0.00018331841670296556,-0.00018331841670296556,0.0,0,False,0.0,2.957493837207205,0.0,0.0,0.1,0.2,0.15000000000000002,0.0,0.05,0.0,0.25,0.25,0.0,0.0
2025-08-01,0.028257225694721874,0.028257225694721874,0.0,0,False,0.0,2.956951674119559,-0.020048254953935696,0.0,0.1,0.2,0.15000000000000002,0.0,0.05,0.0,0.25,0.25,0.0,0.0
2025-09-01,0.03173164557225074,0.03173164557225074,0.0,0,False,0.0,3.0386799697858717,-0.0008556632478031734,0.0,0.1,0.2,0.15000000000000002,0.0,0.05,0.0,0.25,0.25,0.0,0.0
2025-10-01,0.008707725430330155,0.008707725430330155,0.0,0,False,0.0,3.135102285594614,-0.002005395294449208,0.0,0.1,0.2,0.15000000000000002,0.0,0.05,0.0,0.25,0.25,0.0,0.0
2025-11-01,0.01058302286334309,0.00858302286334309,0.5,3,True,0.002,3.1647088191277044,-0.014549639976599527,0.5,0.1,0.2,0.15000000000000002,0.0,0.05,0.0,0.0,0.0,0.0,0.0
2025-12-01,0.004580428162833312,0.004180428162833312,0.10000000000000002,3,True,0.0004000000000000001,3.1905278810653597,-0.006509910151173748,0.5,0.05,0.30000000000000004,0.1,0.0,0.05,0.0,0.0,0.0,0.0,0.0
2026-01-01,0.02638869837597849,0.02638869837597849,0.0,0,False,0.0,3.094194152429443,-0.05004458675251566,0.5,0.05,0.30000000000000004,0.1,0.0,0.05,0.0,0.0,0.0,0.0,0.0
2026-02-01,0.10122708444930201,0.099227084449302,0.5,3,True,0.002,3.222169685087837,-0.037585214498006114,0.0,0.05,0.30000000000000004,0.1,0.0,0.05,0.25,0.0,0.25,0.0,0.0
2026-03-01,-0.025684442267436394,-0.026084442267436395,0.10000000000000003,3,True,0.0004000000000000002,3.4971896456118285,0.0,0.0,0.15000000000000002,0.25,0.05,0.0,0.05,0.25,0.0,0.25,0.0,0.0
2026-04-01,0.036074194950205064,0.03547419495020506,0.15000000000000002,2,True,0.0006000000000000001,3.403959731548683,-0.02665852398943469,0.0,0.30000000000000004,0.1,0.05,0.0,0.05,0.25,0.0,0.25,0.0,0.0
2026-05-01,-0.007667123703873379,-0.008067123703873379,0.10000000000000003,3,True,0.0004000000000000002,3.5253441365718152,-0.008905426878275335,0.0,0.25,0.05,0.15000000000000002,0.0,0.05,0.25,0.0,0.25,0.0,0.0
2026-06-01,-0.04065101356976644,-0.04065101356976644,0.0,0,False,0.0,3.4983148869779943,-0.018209250243212516,0.0,0.25,0.05,0.15000000000000002,0.0,0.05,0.25,0.0,0.25,0.0,0.0
2026-07-01,0.0,-0.0006,0.15,3,True,0.0006,3.3540911781315152,-0.0586851673106461,0.0,0.1,0.05,0.2,0.0,0.15000000000000002,0.25,0.0,0.25,0.0,0.0
