date,gross_return,net_return,turnover,operations,signal_changed,trade_cost,equity,drawdown,w__CASH,w_dbc.us,w_efv.us,w_gld.us,w_gsg.us,w_iau.us,w_ief.us,w_ijh.us,w_ijr.us,w_ivv.us,w_lqd.us,w_mchi.us,w_mtum.us,w_qqq.us,w_spy.us,w_tlt.us,w_vea.us,w_vnq.us,w_vt.us,w_vtv.us,w_vwo.us,w_xlk.us
2008-07-01,-0.052335433954426976,-0.05433543395442698,0.5,3,True,0.002,0.998,0.0,0.5,0.4,0.0,0.0,0.0,0.1,0.0,0.0,0.0,0.0,0.0,0.0,0.0,0.0,0.0,0.0,0.0,0.0,0.0,0.0,0.0,0.0
2008-08-01,0.0,-0.002,0.5,3,True,0.002,0.9438776984396551,-0.0623355384353621,1.0,0.0,0.0,0.0,0.0,0.0,0.0,0.0,0.0,0.0,0.0,0.0,0.0,0.0,0.0,0.0,0.0,0.0,0.0,0.0,0.0,0.0
2008-09-01,0.0,0.0,0.0,0,False,0.0,0.9438776984396551,-0.0623355384353621,1.0,0.0,0.0,0.0,0.0,0.0,0.0,0.0,0.0,0.0,0.0,0.0,0.0,0.0,0.0,0.0,0.0,0.0,0.0,0.0,0.0,0.0
2008-10-01,0.0,0.0,0.0,0,False,0.0,0.9438776984396551,-0.0623355384353621,1.0,0.0,0.0,0.0,0.0,0.0,0.0,0.0,0.0,0.0,0.0,0.0,0.0,0.0,0.0,0.0,0.0,0.0,0.0,0.0,0.0,0.0
2008-11-01,0.0,0.0,0.0,0,False,0.0,0.9438776984396551,-0.0623355384353621,1.0,0.0,0.0,0.0,0.0,0.0,0.0,0.0,0.0,0.0,0.0,0.0,0.0,0.0,0.0,0.0,0.0,0.0,0.0,0.0,0.0,0.0
2008-12-01,0.0,0.0,0.0,0,False,0.0,0.9438776984396551,-0.0623355384353621,1.0,0.0,0.0,0.0,0.0,0.0,0.0,0.0,0.0,0.0,0.0,0.0,0.0,0.0,0.0,0.0,0.0,0.0,0.0,0.0,0.0,0.0
2009-01-01,0.0,0.0,0.0,0,False,0.0,0.9438776984396551,-0.0623355384353621,1.0,0.0,0.0,0.0,0.0,0.0,0.0,0.0,0.0,0.0,0.0,0.0,0.0,0.0,0.0,0.0,0.0,0.0,0.0,0.0,0.0,0.0
2009-02-01,0.0,0.0,0.0,0,False,0.0,0.9438776984396551,-0.0623355384353621,1.0,0.0,0.0,0.0,0.0,0.0,0.0,0.0,0.0,0.0,0.0,0.0,0.0,0.0,0.0,0.0,0.0,0.0,0.0,0.0,0.0,0.0
2009-03-01,0.0,0.0,0.0,0,False,0.0,0.9438776984396551,-0.0623355384353621,1.0,0.0,0.0,0.0,0.0,0.0,0.0,0.0,0.0,0.0,0.0,0.0,0.0,0.0,0.0,0.0,0.0,0.0,0.0,0.0,0.0,0.0
2009-04-01,0.0,0.0,0.0,0,False,0.0,0.9438776984396551,-0.0623355384353621,1.0,0.0,0.0,0.0,0.0,0.0,0.0,0.0,0.0,0.0,0.0,0.0,0.0,0.0,0.0,0.0,0.0,0.0,0.0,0.0,0.0,0.0
2009-05-01,0.06273018208861936,0.060730182088619356,0.5,2,True,0.002,0.9419899430427757,-0.06421086735849135,0.5,0.0,0.0,0.0,0.0,0.0,0.0,0.0,0.0,0.0,0.0,0.0,0.0,0.0,0.0,0.0,0.0,0.0,0.5,0.0,0.0,0.0
2009-06-01,-0.014222998622163419,-0.014222998622163419,0.0,0,False,0.0,1.001081143695497,-0.005508644671338714,0.5,0.0,0.0,0.0,0.0,0.0,0.0,0.0,0.0,0.0,0.0,0.0,0.0,0.0,0.0,0.0,0.0,0.0,0.5,0.0,0.0,0.0
2009-07-01,0.05264804946257562,0.05264804946257562,0.0,0,False,0.0,0.9868427679680422,-0.019653293847931574,0.5,0.0,0.0,0.0,0.0,0.0,0.0,0.0,0.0,0.0,0.0,0.0,0.0,0.0,0.0,0.0,0.0,0.0,0.5,0.0,0.0,0.0
2009-08-01,-0.00841199806229459,-0.00841199806229459,0.0,0,False,0.0,1.0273127789165997,0.0,0.5,0.0,0.0,0.0,0.0,0.0,0.0,0.0,0.0,0.0,0.0,0.0,0.0,0.0,0.0,0.0,0.0,0.0,0.5,0.0,0.0,0.0
2009-09-01,0.024004913841318865,0.024004913841318865,0.0,0,False,0.0,1.018671025810983,-0.01596499719029043,0.5,0.0,0.0,0.0,0.0,0.0,0.0,0.0,0.0,0.0,0.0,0.0,0.0,0.0,0.0,0.0,0.0,0.0,0.5,0.0,0.0,0.0
2009-10-01,0.030102040816326503,0.0281020408163265,0.5,2,True,0.002,1.041037887746187,-0.02438680161261364,0.5,0.0,0.0,0.0,0.0,0.5,0.0,0.0,0.0,0.0,0.0,0.0,0.0,0.0,0.0,0.0,0.0,0.0,0.0,0.0,0.0,0.0
2009-11-01,0.058967677500110074,0.05856767750011008,0.09999999999999999,2,True,0.00039999999999999996,1.0660015513809171,-0.007909045971329465,0.5,0.0,0.0,0.0,0.0,0.4,0.0,0.0,0.0,0.0,0.0,0.0,0.0,0.0,0.0,0.0,0.0,0.0,0.0,0.0,0.0,0.1
2009-12-01,-0.02057304766883137,-0.02057304766883137,0.0,0,False,0.0,1.128409642602533,0.0,0.5,0.0,0.0,0.0,0.0,0.4,0.0,0.0,0.0,0.0,0.0,0.0,0.0,0.0,0.0,0.0,0.0,0.0,0.0,0.0,0.0,0.1
2010-01-01,-0.014346616734276774,-0.014346616734276774,0.0,0,False,0.0,1.0760260406959405,-0.052108836583913964,0.5,0.0,0.0,0.0,0.0,0.4,0.0,0.0,0.0,0.0,0.0,0.0,0.0,0.0,0.0,0.0,0.0,0.0,0.0,0.0,0.0,0.1
2010-02-01,0.007696672216371981,0.007696672216371981,0.0,0,False,0.0,1.0605887074939744,-0.06570786781125237,0.5,0.0,0.0,0.0,0.0,0.4,0.0,0.0,0.0,0.0,0.0,0.0,0.0,0.0,0.0,0.0,0.0,0.0,0.0,0.0,0.0,0.1
2010-03-01,0.02518191857865049,0.02358191857865049,0.4,3,True,0.0016,1.06704170839413,-0.06002330043143567,0.5,0.0,0.0,0.0,0.0,0.0,0.0,0.0,0.0,0.1,0.0,0.0,0.0,0.0,0.0,0.0,0.0,0.0,0.0,0.0,0.0,0.4
2010-04-01,0.02275867582170894,0.02115867582170894,0.4,3,True,0.0016,1.0921616068296311,-0.03789471910312414,0.5,0.0,0.0,0.0,0.0,0.4,0.0,0.0,0.0,0.0,0.0,0.0,0.0,0.0,0.0,0.0,0.0,0.0,0.0,0.0,0.0,0.1
2010-05-01,0.00454666098601496,0.00454666098601496,0.0,0,False,0.0,1.1139223735284491,-0.018725258808624412,0.5,0.0,0.0,0.0,0.0,0.4,0.0,0.0,0.0,0.0,0.0,0.0,0.0,0.0,0.0,0.0,0.0,0.0,0.0,0.0,0.0,0.1
2010-06-01,-0.014528907116818325,-0.014528907116818325,0.0,0,False,0.0,1.1189870009256204,-0.014263735226287322,0.5,0.0,0.0,0.0,0.0,0.4,0.0,0.0,0.0,0.0,0.0,0.0,0.0,0.0,0.0,0.0,0.0,0.0,0.0,0.0,0.0,0.1
2010-07-01,0.005365406014663376,0.005365406014663376,0.0,0,False,0.0,1.1027293427242448,-0.028585405858864266,0.5,0.0,0.0,0.0,0.0,0.4,0.0,0.0,0.0,0.0,0.0,0.0,0.0,0.0,0.0,0.0,0.0,0.0,0.0,0.0,0.0,0.1
2010-08-01,0.016251302170643023,0.016251302170643023,0.0,0,False,0.0,1.1057516893022579,-0.025922965076086824,0.5,0.0,0.0,0.0,0.0,0.4,0.0,0.0,0.0,0.0,0.0,0.0,0.0,0.0,0.0,0.0,0.0,0.0,0.0,0.0,0.0,0.1
2010-09-01,0.03215160658460947,0.03215160658460947,0.0,0,False,0.0,1.123721594130808,-0.010092944844054097,0.5,0.0,0.0,0.0,0.0,0.4,0.0,0.0,0.0,0.0,0.0,0.0,0.0,0.0,0.0,0.0,0.0,0.0,0.0,0.0,0.0,0.1
2010-10-01,0.015120305083647968,0.015120305083647968,0.0,0,False,0.0,1.1598510487359321,0.0,0.5,0.0,0.0,0.0,0.0,0.4,0.0,0.0,0.0,0.0,0.0,0.0,0.0,0.0,0.0,0.0,0.0,0.0,0.0,0.0,0.0,0.1
2010-11-01,0.011266451315955163,0.011266451315955163,0.0,0,False,0.0,1.1773883504444087,-0.006455674236341857,0.5,0.0,0.0,0.0,0.0,0.4,0.0,0.0,0.0,0.0,0.0,0.0,0.0,0.0,0.0,0.0,0.0,0.0,0.0,0.0,0.0,0.1
2010-12-01,0.011491651446520958,0.011491651446520958,0.0,0,False,0.0,1.1906533389746634,-0.009458034895715728,0.5,0.0,0.0,0.0,0.0,0.4,0.0,0.0,0.0,0.0,0.0,0.0,0.0,0.0,0.0,0.0,0.0,0.0,0.0,0.0,0.0,0.1
2011-01-01,-0.017364357127291986,-0.017364357127291986,0.0,0,False,0.0,1.1811414663322712,-0.020062781307755073,0.5,0.0,0.0,0.0,0.0,0.4,0.0,0.0,0.0,0.0,0.0,0.0,0.0,0.0,0.0,0.0,0.0,0.0,0.0,0.0,0.0,0.1
2011-02-01,0.027317641845070764,0.027317641845070764,0.0,0,False,0.0,1.1606317040930243,-0.0370787611354525,0.5,0.0,0.0,0.0,0.0,0.4,0.0,0.0,0.0,0.0,0.0,0.0,0.0,0.0,0.0,0.0,0.0,0.0,0.0,0.0,0.0,0.1
2011-03-01,-0.0021307527006284577,-0.0021307527006284577,0.0,0,False,0.0,1.192337425299472,-0.010774023607138639,0.5,0.0,0.0,0.0,0.0,0.4,0.0,0.0,0.0,0.0,0.0,0.0,0.0,0.0,0.0,0.0,0.0,0.0,0.0,0.0,0.0,0.1
2011-04-01,0.03425176802938817,0.03425176802938817,0.0,0,False,0.0,1.1897968491104551,-0.012881819527869376,0.5,0.0,0.0,0.0,0.0,0.4,0.0,0.0,0.0,0.0,0.0,0.0,0.0,0.0,0.0,0.0,0.0,0.0,0.0,0.0,0.0,0.1
2011-05-01,-0.00647803823103541,-0.00687803823103541,0.1,2,True,0.0004,1.2381685027254317,0.0,0.5,0.1,0.0,0.0,0.0,0.4,0.0,0.0,0.0,0.0,0.0,0.0,0.0,0.0,0.0,0.0,0.0,0.0,0.0,0.0,0.0,0.0
2011-06-01,-0.016226662012689685,-0.016226662012689685,0.0,0,False,0.0,1.2296555407883814,-0.0068754470157428305,0.5,0.1,0.0,0.0,0.0,0.4,0.0,0.0,0.0,0.0,0.0,0.0,0.0,0.0,0.0,0.0,0.0,0.0,0.0,0.0,0.0,0.0
2011-07-01,0.031697056706087405,0.03129705670608741,0.1,2,True,0.0004,1.2092184550016023,-0.023381347256132834,0.5,0.0,0.0,0.0,0.0,0.4,0.0,0.0,0.0,0.1,0.0,0.0,0.0,0.0,0.0,0.0,0.0,0.0,0.0,0.0,0.0,0.0
2011-08-01,0.04510375429031935,0.04510375429031935,0.0,0,False,0.0,1.2475471209398357,-0.0036106939885475198,0.5,0.0,0.0,0.0,0.0,0.4,0.0,0.0,0.0,0.1,0.0,0.0,0.0,0.0,0.0,0.0,0.0,0.0,0.0,0.0,0.0,0.0
2011-09-01,-0.05259253078594598,-0.05299253078594598,0.1,2,True,0.0004,1.303294653276402,-0.010363769657776523,0.5,0.1,0.0,0.0,0.0,0.4,0.0,0.0,0.0,0.0,0.0,0.0,0.0,0.0,0.0,0.0,0.0,0.0,0.0,0.0,0.0,0.0
2011-10-01,0.02599586060454824,0.02559586060454824,0.1,2,True,0.0004,1.226543832596746,-0.06942687383668655,0.5,0.0,0.0,0.0,0.0,0.4,0.0,0.0,0.0,0.0,0.0,0.0,0.0,0.0,0.0,0.0,0.0,0.0,0.0,0.0,0.0,0.1
2011-11-01,0.007340312810416806,0.007340312810416806,0.0,0,False,0.0,1.2579255235362614,-0.04561773023677984,0.5,0.0,0.0,0.0,0.0,0.4,0.0,0.0,0.0,0.0,0.0,0.0,0.0,0.0,0.0,0.0,0.0,0.0,0.0,0.0,0.0,0.1
2011-12-01,0.005240885127324901,0.0036408851273249014,0.4,3,True,0.0016,1.2651316358266305,-0.04015048621066497,0.5,0.0,0.0,0.0,0.0,0.0,0.0,0.0,0.0,0.1,0.0,0.0,0.0,0.0,0.0,0.0,0.0,0.0,0.0,0.0,0.0,0.4
2012-01-01,0.026937516038425646,0.026937516038425646,0.0,0,False,0.0,1.2471942980886475,-0.05375946129192488,0.5,0.0,0.0,0.0,0.0,0.0,0.0,0.0,0.0,0.1,0.0,0.0,0.0,0.0,0.0,0.0,0.0,0.0,0.0,0.0,0.0,0.4
2012-02-01,-0.0001569063067607514,-0.0017569063067607515,0.4,3,True,0.0016,1.2787413495132487,-0.02982485945770097,0.5,0.0,0.0,0.0,0.0,0.4,0.0,0.0,0.0,0.0,0.0,0.0,0.0,0.0,0.0,0.0,0.0,0.0,0.0,0.0,0.0,0.1
2012-03-01,0.023467672948949296,0.021867672948949295,0.4,3,True,0.0016,1.2764950417997054,-0.031529122718224833,0.5,0.0,0.0,0.0,0.0,0.0,0.0,0.0,0.0,0.1,0.0,0.0,0.0,0.0,0.0,0.0,0.0,0.0,0.0,0.0,0.0,0.4
2012-04-01,-0.008284881011495361,-0.00868488101149536,0.1,2,True,0.0004,1.299731776339299,-0.013899519822943796,0.5,0.0,0.0,0.0,0.0,0.1,0.0,0.0,0.0,0.0,0.0,0.0,0.0,0.0,0.0,0.0,0.0,0.0,0.0,0.0,0.0,0.4
2012-05-01,-0.045094258752435404,-0.0454942587524354,0.1,2,True,0.0004,1.2879326885370728,-0.022851433101694907,0.5,0.0,0.0,0.0,0.0,0.0,0.0,0.0,0.0,0.1,0.0,0.0,0.0,0.0,0.0,0.0,0.0,0.0,0.0,0.0,0.0,0.4
2012-06-01,0.03338775051834073,0.03338775051834073,0.0,0,False,0.0,1.2298543186244622,-0.06691522341697864,0.5,0.0,0.0,0.0,0.0,0.0,0.0,0.0,0.0,0.1,0.0,0.0,0.0,0.0,0.0,0.0,0.0,0.0,0.0,0.0,0.0,0.4
2012-07-01,0.004532394987138866,0.004532394987138866,0.0,0,False,0.0,1.2676431839196,-0.03824498630249118,0.5,0.0,0.0,0.0,0.0,0.0,0.0,0.0,0.0,0.1,0.0,0.0,0.0,0.0,0.0,0.0,0.0,0.0,0.0,0.0,0.0,0.4
2012-08-01,0.0204380634851878,0.0204380634851878,0.0,0,False,0.0,1.2733886435318782,-0.03388593269955287,0.5,0.0,0.0,0.0,0.0,0.0,0.0,0.0,0.0,0.1,0.0,0.0,0.0,0.0,0.0,0.0,0.0,0.0,0.0,0.0,0.0,0.4
2012-09-01,0.008426833240979216,0.008426833240979216,0.0,0,False,0.0,1.2999701347394315,-0.013718678408504603,0.5,0.0,0.0,0.0,0.0,0.0,0.0,0.0,0.0,0.1,0.0,0.0,0.0,0.0,0.0,0.0,0.0,0.0,0.0,0.0,0.0,0.4
2012-10-01,-0.01949762884665539,-0.01949762884665539,0.0,0,False,0.0,1.3109247662831338,-0.011041225195803417,0.5,0.0,0.0,0.0,0.0,0.0,0.0,0.0,0.0,0.1,0.0,0.0,0.0,0.0,0.0,0.0,0.0,0.0,0.0,0.0,0.0,0.4
2012-11-01,-0.0043553287663840486,-0.0043553287663840486,0.0,0,False,0.0,1.2853648417442565,-0.030323576331579005,0.5,0.0,0.0,0.0,0.0,0.0,0.0,0.0,0.0,0.1,0.0,0.0,0.0,0.0,0.0,0.0,0.0,0.0,0.0,0.0,0.0,0.4
2012-12-01,0.016143170066955224,0.016143170066955224,0.0,0,False,0.0,1.2810105917785763,-0.033608412976674606,0.5,0.0,0.0,0.0,0.0,0.0,0.0,0.0,0.0,0.1,0.0,0.0,0.0,0.0,0.0,0.0,0.0,0.0,0.0,0.0,0.0,0.4
2013-01-01,0.0025881758496261844,0.0025881758496261844,0.0,0,False,0.0,1.275036426239046,-0.03811531038559535,0.5,0.0,0.0,0.0,0.0,0.0,0.0,0.0,0.0,0.1,0.0,0.0,0.0,0.0,0.0,0.0,0.0,0.0,0.0,0.0,0.0,0.4
2013-02-01,-7.841275349647076e-05,-7.841275349647076e-05,0.0,0,False,0.0,1.278336444724832,-0.035625783661809796,0.5,0.0,0.0,0.0,0.0,0.0,0.0,0.0,0.0,0.1,0.0,0.0,0.0,0.0,0.0,0.0,0.0,0.0,0.0,0.0,0.0,0.4
2013-03-01,0.009991065951130529,0.009991065951130529,0.0,0,False,0.0,1.2782362068443065,-0.03570140289951362,0.5,0.0,0.0,0.0,0.0,0.0,0.0,0.0,0.0,0.1,0.0,0.0,0.0,0.0,0.0,0.0,0.0,0.0,0.0,0.0,0.0,0.4
2013-04-01,0.007569946017636386,0.007569946017636386,0.0,0,False,0.0,1.2910071490880106,-0.026067032019300163,0.5,0.0,0.0,0.0,0.0,0.0,0.0,0.0,0.0,0.1,0.0,0.0,0.0,0.0,0.0,0.0,0.0,0.0,0.0,0.0,0.0,0.4
2013-05-01,0.023019850074586953,0.021019850074586954,0.5,5,True,0.002,1.2981784435079595,-0.020657023202836133,0.0,0.0,0.0,0.0,0.0,0.0,0.0,0.125,0.0,0.1,0.0,0.0,0.0,0.0,0.0,0.0,0.125,0.125,0.0,0.125,0.0,0.4
2013-06-01,-0.015703401687030327,-0.016703401687030328,0.25,4,True,0.001,1.322027431801153,-0.03152264557053819,0.0,0.0,0.0,0.0,0.0,0.0,0.0,0.125,0.125,0.1,0.0,0.0,0.0,0.0,0.125,0.0,0.0,0.0,0.0,0.125,0.0,0.4
2013-07-01,0.054966752511211636,0.054966752511211636,0.0,0,False,0.0,1.2999658368943081,-0.047684303457444455,0.0,0.0,0.0,0.0,0.0,0.0,0.0,0.125,0.125,0.1,0.0,0.0,0.0,0.0,0.125,0.0,0.0,0.0,0.0,0.125,0.0,0.4
2013-08-01,-0.033261272500138314,-0.033261272500138314,0.0,0,False,0.0,1.3714207373239076,0.0,0.0,0.0,0.0,0.0,0.0,0.0,0.0,0.125,0.125,0.1,0.0,0.0,0.0,0.0,0.125,0.0,0.0,0.0,0.0,0.125,0.0,0.4
2013-09-01,0.043994326442679824,0.04349432644267982,0.125,2,True,0.0005,1.324360447588938,-0.03697704176646266,0.0,0.0,0.0,0.0,0.0,0.0,0.0,0.125,0.125,0.1,0.0,0.0,0.0,0.125,0.0,0.0,0.0,0.0,0.0,0.125,0.0,0.4
2013-10-01,0.032261017193738306,0.031261017193738305,0.25,4,True,0.001,1.380551547570164,-0.0062532824524251795,0.0,0.0,0.125,0.0,0.0,0.0,0.0,0.125,0.125,0.1,0.0,0.0,0.0,0.0,0.0,0.0,0.125,0.0,0.0,0.0,0.0,0.4
2013-11-01,0.02655577037878435,0.02555577037878435,0.25,4,True,0.001,1.4236644552383837,-0.010545061807727296,0.0,0.0,0.0,0.0,0.0,0.0,0.0,0.125,0.125,0.1,0.0,0.0,0.0,0.125,0.125,0.0,0.0,0.0,0.0,0.0,0.0,0.4
2013-12-01,0.022011689221630843,0.021511689221630843,0.125,2,True,0.0005,1.4669571171870035,0.0,0.0,0.0,0.0,0.0,0.0,0.0,0.0,0.125,0.125,0.1,0.0,0.0,0.0,0.125,0.0,0.0,0.0,0.0,0.0,0.125,0.0,0.4
2014-01-01,-0.042901894717273695,-0.043401894717273695,0.125,2,True,0.0005,1.468053902006901,-0.026824846928864998,0.0,0.0,0.0,0.0,0.0,0.0,0.0,0.0,0.125,0.1,0.0,0.0,0.0,0.125,0.125,0.0,0.0,0.0,0.0,0.125,0.0,0.4
2014-02-01,0.06350784530102876,0.06300784530102876,0.125,2,True,0.0005,1.4373113254956462,-0.047204147417247766,0.0,0.0,0.0,0.0,0.0,0.0,0.0,0.125,0.125,0.1,0.0,0.0,0.0,0.125,0.125,0.0,0.0,0.0,0.0,0.0,0.0,0.4
2014-03-01,0.020785792806889792,0.020785792806889792,0.0,0,False,0.0,1.5402160438431138,0.0,0.0,0.0,0.0,0.0,0.0,0.0,0.0,0.125,0.125,0.1,0.0,0.0,0.0,0.125,0.125,0.0,0.0,0.0,0.0,0.0,0.0,0.4
2014-04-01,-0.012971349969408144,-0.013471349969408145,0.125,2,True,0.0005,1.5714445400805805,0.0,0.0,0.0,0.0,0.0,0.0,0.0,0.0,0.125,0.125,0.1,0.0,0.0,0.0,0.125,0.0,0.0,0.0,0.0,0.0,0.125,0.0,0.4
2014-05-01,0.026853483106711123,0.026353483106711123,0.125,2,True,0.0005,1.550285252602183,-0.01574028681721451,0.0,0.0,0.0,0.0,0.0,0.0,0.0,0.0,0.125,0.1,0.0,0.0,0.0,0.125,0.125,0.0,0.0,0.0,0.0,0.125,0.0,0.4
2014-06-01,0.027450664319070776,0.026450664319070775,0.25,4,True,0.001,1.5929943390385621,0.0,0.0,0.0,0.125,0.0,0.0,0.0,0.0,0.0,0.0,0.1,0.0,0.0,0.0,0.125,0.125,0.0,0.0,0.125,0.0,0.0,0.0,0.4
2014-07-01,-0.014124079519519338,-0.014624079519519339,0.125,2,True,0.0005,1.6342688256253834,0.0,0.0,0.0,0.125,0.0,0.0,0.0,0.0,0.125,0.0,0.1,0.0,0.0,0.0,0.125,0.0,0.0,0.0,0.125,0.0,0.0,0.0,0.4
2014-08-01,0.03846765928271189,0.03696765928271189,0.375,6,True,0.0015,1.6087695033518155,-0.028258762554561834,0.0,0.0,0.0,0.0,0.0,0.0,0.0,0.0,0.0,0.1,0.0,0.125,0.125,0.125,0.0,0.0,0.0,0.0,0.0,0.0,0.125,0.4
2014-09-01,-0.04293616092603389,-0.04343616092603389,0.125,2,True,0.0005,1.6676244474066715,-0.0009335378976339515,0.0,0.0,0.0,0.0,0.0,0.0,0.0,0.0,0.0,0.1,0.0,0.125,0.0,0.125,0.0,0.0,0.0,0.125,0.0,0.0,0.125,0.4
2014-10-01,0.03779694277164396,0.036296942771643956,0.375,6,True,0.0015,1.592832206674385,-0.052790231742825044,0.0,0.0,0.0,0.0,0.0,0.0,0.0,0.0,0.0,0.1,0.0,0.0,0.125,0.125,0.125,0.0,0.0,0.0,0.0,0.125,0.0,0.4
2014-11-01,0.025750490167275514,0.025250490167275513,0.125,2,True,0.0005,1.6491933446794789,-0.01927394531615989,0.0,0.0,0.0,0.0,0.0,0.0,0.0,0.0,0.0,0.1,0.0,0.0,0.125,0.125,0.125,0.0,0.0,0.125,0.0,0.0,0.0,0.4
2014-12-01,-0.0016596271082230168,-0.0016596271082230168,0.0,0,False,0.0,1.690815051244741,-0.008654819232847166,0.0,0.0,0.0,0.0,0.0,0.0,0.0,0.0,0.0,0.1,0.0,0.0,0.125,0.125,0.125,0.0,0.0,0.125,0.0,0.0,0.0,0.4
2015-01-01,-0.0035722555772307926,-0.004072255577230793,0.125,2,True,0.0005,1.6455986934261844,-0.041965539175127464,0.0,0.0,0.0,0.0,0.0,0.0,0.0,0.0,0.0,0.1,0.0,0.125,0.125,0.125,0.0,0.0,0.0,0.125,0.0,0.0,0.0,0.4
2015-02-01,0.05349135324422197,0.05349135324422197,0.0,0,False,0.0,1.6248965513936269,-0.05401790987723798,0.0,0.0,0.0,0.0,0.0,0.0,0.0,0.0,0.0,0.1,0.0,0.125,0.125,0.125,0.0,0.0,0.0,0.125,0.0,0.0,0.0,0.4
2015-03-01,-0.021409514032116418,-0.021409514032116418,0.0,0,False,0.0,1.6998974748485878,-0.010353880760916812,0.0,0.0,0.0,0.0,0.0,0.0,0.0,0.0,0.0,0.1,0.0,0.125,0.125,0.125,0.0,0.0,0.0,0.125,0.0,0.0,0.0,0.4
2015-04-01,0.034900951888084786,0.034400951888084785,0.125,2,True,0.0005,1.6626717442596537,-0.03202595237597683,0.0,0.0,0.0,0.0,0.0,0.0,0.0,0.125,0.0,0.1,0.0,0.125,0.0,0.125,0.0,0.0,0.0,0.125,0.0,0.0,0.0,0.4
2015-05-01,0.003792092340461026,0.003292092340461026,0.125,2,True,0.0005,1.7198402205263323,-0.011624485679153751,0.0,0.0,0.0,0.0,0.0,0.0,0.0,0.125,0.0,0.1,0.0,0.125,0.125,0.125,0.0,0.0,0.0,0.0,0.0,0.0,0.0,0.4
2015-06-01,-0.02848520433533228,-0.02848520433533228,0.0,0,False,0.0,1.7263620134534072,-0.010035454296925983,0.0,0.0,0.0,0.0,0.0,0.0,0.0,0.125,0.0,0.1,0.0,0.125,0.125,0.125,0.0,0.0,0.0,0.0,0.0,0.0,0.0,0.4
2015-07-01,-0.001467253396947532,-0.001967253396947532,0.125,2,True,0.0005,1.6763476456240598,-0.03871567926767927,0.0,0.0,0.0,0.0,0.0,0.0,0.0,0.0,0.125,0.1,0.0,0.125,0.125,0.125,0.0,0.0,0.0,0.0,0.0,0.0,0.0,0.4
2015-08-01,-0.08307581194937763,-0.08357581194937763,0.125,2,True,0.0005,1.6830803470067053,-0.03485488088722133,0.0,0.0,0.0,0.0,0.0,0.0,0.0,0.0,0.125,0.1,0.0,0.0,0.125,0.125,0.125,0.0,0.0,0.0,0.0,0.0,0.0,0.4
2015-09-01,0.014755882102023877,0.012755882102023877,0.5,5,True,0.002,1.539400481158656,-0.11724662260332319,0.0,0.0,0.0,0.0,0.0,0.0,0.5,0.0,0.0,0.1,0.0,0.0,0.0,0.0,0.0,0.0,0.0,0.0,0.0,0.0,0.0,0.4
2015-10-01,0.08863955904896018,0.08663955904896017,0.5,5,True,0.002,1.5589914617800995,-0.10601237620561166,0.0,0.0,0.0,0.0,0.0,0.0,0.0,0.0,0.0,0.1,0.125,0.0,0.125,0.125,0.0,0.0,0.0,0.125,0.0,0.0,0.0,0.4
2015-11-01,0.003546518002254606,0.003046518002254606,0.125,2,True,0.0005,1.6819163174956309,-0.03552238164148702,0.0,0.0,0.0,0.0,0.0,0.0,0.0,0.0,0.0,0.1,0.0,0.0,0.125,0.125,0.125,0.0,0.0,0.125,0.0,0.0,0.0,0.4
2015-12-01,-0.041260096663044324,-0.041760096663044324,0.125,2,True,0.0005,1.686193804700237,-0.03306950058626279,0.0,0.0,0.0,0.0,0.0,0.0,0.0,0.0,0.125,0.1,0.0,0.0,0.125,0.125,0.0,0.0,0.0,0.125,0.0,0.0,0.0,0.4
2016-01-01,0.010435879476488386,0.008435879476488386,0.5,5,True,0.002,1.6431123547949928,-0.05777411505953867,0.0,0.0,0.0,0.0,0.0,0.0,0.0,0.0,0.0,0.1,0.0,0.0,0.0,0.0,0.0,0.5,0.0,0.0,0.0,0.0,0.0,0.4
2016-02-01,0.014702278150397331,0.012702278150397331,0.5,2,True,0.002,1.6536252796254878,-0.05174558641217086,0.0,0.0,0.0,0.0,0.0,0.0,0.5,0.0,0.0,0.1,0.0,0.0,0.0,0.0,0.0,0.0,0.0,0.0,0.0,0.0,0.0,0.4
2016-03-01,0.009449449920730046,0.005449449920730046,1.0,5,True,0.004,1.6712255890892984,-0.041652869921195323,0.5,0.0,0.0,0.0,0.0,0.0,0.0,0.0,0.0,0.0,0.0,0.0,0.0,0.0,0.0,0.5,0.0,0.0,0.0,0.0,0.0,0.0
2016-04-01,-0.018620661519610244,-0.022620661519610244,1.0,8,True,0.004,1.6802696805932418,-0.036466628642004895,0.0,0.0,0.0,0.125,0.0,0.0,0.0,0.0,0.0,0.1,0.0,0.0,0.125,0.125,0.0,0.0,0.0,0.125,0.0,0.0,0.0,0.4
2016-05-01,0.011587891521578297,0.010587891521578296,0.25,4,True,0.001,1.636127210506769,-0.06177967422851571,0.0,0.0,0.0,0.125,0.0,0.0,0.0,0.0,0.125,0.1,0.125,0.0,0.0,0.0,0.0,0.0,0.0,0.125,0.0,0.0,0.0,0.4
2016-06-01,0.023678080215085873,0.023178080215085873,0.125,2,True,0.0005,1.6526046729681554,-0.05233084280566991,0.0,0.0,0.0,0.125,0.0,0.0,0.0,0.125,0.0,0.1,0.125,0.0,0.0,0.0,0.0,0.0,0.0,0.125,0.0,0.0,0.0,0.4
2016-07-01,0.04157855441665201,0.04107855441665201,0.125,2,True,0.0005,1.6908893113890322,-0.030376910556017434,0.0,0.0,0.0,0.125,0.0,0.0,0.0,0.0,0.0,0.1,0.125,0.0,0.125,0.0,0.0,0.0,0.0,0.125,0.0,0.0,0.0,0.4
2016-08-01,-0.0009734196227244247,-0.0019734196227244247,0.25,4,True,0.001,1.7594328505905201,-0.0003869466471559946,0.0,0.0,0.0,0.125,0.0,0.0,0.0,0.125,0.125,0.1,0.0,0.0,0.0,0.0,0.0,0.0,0.0,0.125,0.0,0.0,0.0,0.4
2016-09-01,0.008403466600262432,0.007403466600262432,0.25,4,True,0.001,1.7559624639447606,-0.007751105781304557,0.0,0.0,0.0,0.0,0.0,0.0,0.0,0.0,0.125,0.1,0.0,0.125,0.0,0.0,0.0,0.0,0.0,0.125,0.0,0.0,0.125,0.4
2016-10-01,-0.022121834219363694,-0.022621834219363694,0.125,2,True,0.0005,1.7754883561652437,-0.010431706691422016,0.0,0.0,0.0,0.0,0.0,0.0,0.0,0.0,0.125,0.1,0.0,0.125,0.0,0.125,0.0,0.0,0.0,0.0,0.0,0.0,0.125,0.4
2016-11-01,-0.013101502124580371,-0.013601502124580372,0.125,2,True,0.0005,1.7344755198474777,-0.03329020773300173,0.0,0.0,0.0,0.0,0.0,0.0,0.0,0.0,0.0,0.1,0.125,0.125,0.0,0.125,0.0,0.0,0.0,0.0,0.0,0.0,0.125,0.4
2016-12-01,0.0415871762724888,0.0395871762724888,0.5,8,True,0.002,1.7083277825688852,-0.047863647013979826,0.0,0.0,0.0,0.0,0.0,0.0,0.0,0.125,0.125,0.1,0.0,0.0,0.0,0.0,0.125,0.0,0.0,0.0,0.0,0.125,0.0,0.4
2017-01-01,0.015049221608726297,0.015049221608726297,0.0,0,False,0.0,1.7432761819019995,-0.02838515944077391,0.0,0.0,0.0,0.0,0.0,0.0,0.0,0.125,0.125,0.1,0.0,0.0,0.0,0.0,0.125,0.0,0.0,0.0,0.0,0.125,0.0,0.4
2017-02-01,0.04202437630915727,0.04152437630915727,0.125,2,True,0.0005,1.7686263759229126,-0.014256230830677397,0.0,0.0,0.0,0.0,0.125,0.0,0.0,0.125,0.125,0.1,0.0,0.0,0.0,0.0,0.0,0.0,0.0,0.0,0.0,0.125,0.0,0.4
2017-03-01,-0.008538105095886558,-0.009038105095886559,0.125,2,True,0.0005,1.842030320396852,0.0,0.0,0.0,0.0,0.0,0.0,0.0,0.0,0.125,0.125,0.1,0.0,0.0,0.0,0.125,0.0,0.0,0.0,0.0,0.0,0.125,0.0,0.4
2017-04-01,0.023638161471960566,0.022638161471960565,0.25,4,True,0.001,1.8332563504079584,-0.004763206062212477,0.0,0.0,0.0,0.0,0.0,0.0,0.0,0.125,0.0,0.1,0.0,0.125,0.0,0.125,0.0,0.0,0.0,0.0,0.0,0.0,0.125,0.4
2017-05-01,0.032441524697046836,0.031441524697046835,0.25,4,True,0.001,1.8728398543094815,0.0,0.0,0.0,0.0,0.0,0.0,0.0,0.0,0.0,0.125,0.1,0.0,0.125,0.125,0.125,0.0,0.0,0.0,0.0,0.0,0.0,0.0,0.4
2017-06-01,-0.017384368374545427,-0.017884368374545427,0.125,2,True,0.0005,1.932630835879328,0.0,0.0,0.0,0.0,0.0,0.0,0.0,0.0,0.0,0.0,0.1,0.0,0.125,0.125,0.125,0.0,0.0,0.0,0.0,0.0,0.0,0.125,0.4
2017-07-01,0.05168086698369541,0.05118086698369541,0.125,2,True,0.0005,1.903670323602658,-0.026876713220294945,0.0,0.0,0.125,0.0,0.0,0.0,0.0,0.0,0.0,0.1,0.0,0.125,0.125,0.125,0.0,0.0,0.0,0.0,0.0,0.0,0.0,0.4
2017-08-01,0.016927823215976807,0.016927823215976807,0.0,0,False,0.0,2.001052629549387,-8.148688390929859e-05,0.0,0.0,0.125,0.0,0.0,0.0,0.0,0.0,0.0,0.1,0.0,0.125,0.125,0.125,0.0,0.0,0.0,0.0,0.0,0.0,0.0,0.4
2017-09-01,0.011344305730502522,0.010844305730502522,0.125,2,True,0.0005,2.033908631660909,-0.00016110867978846866,0.0,0.0,0.0,0.0,0.0,0.0,0.0,0.0,0.0,0.1,0.0,0.125,0.125,0.125,0.0,0.0,0.0,0.0,0.0,0.0,0.125,0.4
2017-10-01,0.04172542987842316,0.04122542987842316,0.125,2,True,0.0005,2.0520467031180045,-0.0036489564758502846,0.0,0.0,0.0,0.0,0.0,0.0,0.0,0.0,0.125,0.1,0.0,0.125,0.125,0.125,0.0,0.0,0.0,0.0,0.0,0.0,0.0,0.4
2017-11-01,0.0107950633016909,0.0102950633016909,0.125,2,True,0.0005,2.135532099119577,-0.000605341545545035,0.0,0.0,0.0,0.0,0.0,0.0,0.0,0.0,0.0,0.1,0.0,0.125,0.125,0.125,0.0,0.0,0.125,0.0,0.0,0.0,0.0,0.4
2017-12-01,0.029403060088793943,0.029403060088793943,0.0,0,False,0.0,2.158585303312366,-0.01558428616503027,0.0,0.0,0.0,0.0,0.0,0.0,0.0,0.0,0.0,0.1,0.0,0.125,0.125,0.125,0.0,0.0,0.125,0.0,0.0,0.0,0.0,0.4
2018-01-01,0.059017615136812786,0.058517615136812785,0.125,2,True,0.0005,2.104756722145138,-0.04636244163663794,0.0,0.0,0.0,0.0,0.0,0.0,0.0,0.0,0.0,0.1,0.0,0.125,0.125,0.125,0.0,0.0,0.0,0.0,0.0,0.0,0.125,0.4
2018-02-01,-0.032678660816820665,-0.032678660816820665,0.0,0,False,0.0,2.2278599571071545,-0.02004349644694814,0.0,0.0,0.0,0.0,0.0,0.0,0.0,0.0,0.0,0.1,0.0,0.125,0.125,0.125,0.0,0.0,0.0,0.0,0.0,0.0,0.125,0.4
2018-03-01,-0.039668388676563617,-0.039668388676563617,0.0,0,False,0.0,2.1550564772214735,-0.05206716264179567,0.0,0.0,0.0,0.0,0.0,0.0,0.0,0.0,0.0,0.1,0.0,0.125,0.125,0.125,0.0,0.0,0.0,0.0,0.0,0.0,0.125,0.4
2018-04-01,0.027230736944625293,0.027230736944625293,0.0,0,False,0.0,2.1209780774831763,-0.06705704086447728,0.0,0.0,0.0,0.0,0.0,0.0,0.0,0.0,0.0,0.1,0.0,0.125,0.125,0.125,0.0,0.0,0.0,0.0,0.0,0.0,0.125,0.4
2018-05-01,0.05234830458645783,0.05184830458645783,0.125,2,True,0.0005,2.1776445066396484,-0.042131490401638105,0.0,0.0,0.0,0.0,0.125,0.0,0.0,0.0,0.0,0.1,0.0,0.125,0.125,0.125,0.0,0.0,0.0,0.0,0.0,0.0,0.0,0.4
2018-06-01,-0.01178115299461624,-0.01228115299461624,0.125,2,True,0.0005,2.29049468430197,0.0,0.0,0.0,0.0,0.0,0.125,0.0,0.0,0.0,0.125,0.1,0.0,0.125,0.0,0.125,0.0,0.0,0.0,0.0,0.0,0.0,0.0,0.4
2018-07-01,0.015000746305635143,0.014500746305635142,0.125,2,True,0.0005,2.2578147482900044,-0.03102834708722757,0.0,0.0,0.0,0.0,0.125,0.0,0.0,0.0,0.125,0.1,0.0,0.0,0.125,0.125,0.0,0.0,0.0,0.0,0.0,0.0,0.0,0.4
2018-08-01,0.047274183950593233,0.04677418395059323,0.125,2,True,0.0005,2.289392543800604,-0.026078503723723,0.0,0.0,0.0,0.0,0.0,0.0,0.0,0.0,0.125,0.1,0.0,0.0,0.125,0.125,0.125,0.0,0.0,0.0,0.0,0.0,0.0,0.4
2018-09-01,0.002551331945712781,0.002551331945712781,0.0,0,False,0.0,2.403825795279117,-0.0017501702385985807,0.0,0.0,0.0,0.0,0.0,0.0,0.0,0.0,0.125,0.1,0.0,0.0,0.125,0.125,0.125,0.0,0.0,0.0,0.0,0.0,0.0,0.4
2018-10-01,-0.07535413304740947,-0.07585413304740947,0.125,2,True,0.0005,2.40875377344613,0.0,0.0,0.0,0.0,0.0,0.125,0.0,0.0,0.0,0.0,0.1,0.0,0.0,0.125,0.125,0.125,0.0,0.0,0.0,0.0,0.0,0.0,0.4
2018-11-01,0.0065849683154846515,0.006084968315484652,0.125,2,True,0.0005,2.226130599012859,-0.07810845498352004,0.0,0.0,0.0,0.0,0.0,0.0,0.0,0.0,0.0,0.1,0.0,0.0,0.125,0.125,0.125,0.0,0.0,0.0,0.0,0.125,0.0,0.4
2018-12-01,-0.10108533175590663,-0.10158533175590663,0.125,2,True,0.0005,2.2048202075135226,-0.08693357501598387,0.0,0.0,0.0,0.0,0.0,0.0,0.0,0.0,0.0,0.1,0.0,0.0,0.0,0.125,0.125,0.0,0.0,0.125,0.0,0.125,0.0,0.4
2019-01-01,0.034218183922615907,0.032218183922615905,0.5,5,True,0.002,1.9844726032328637,-0.17818455258264332,0.0,0.0,0.0,0.0,0.0,0.0,0.0,0.0,0.0,0.1,0.0,0.0,0.0,0.0,0.0,0.5,0.0,0.0,0.0,0.0,0.0,0.4
2019-02-01,0.023473421159689735,0.023473421159689735,0.0,0,False,0.0,2.0482728964561585,-0.15176339341156453,0.0,0.0,0.0,0.0,0.0,0.0,0.0,0.0,0.0,0.1,0.0,0.0,0.0,0.0,0.0,0.5,0.0,0.0,0.0,0.0,0.0,0.4
2019-03-01,0.035921562884298874,0.03392156288429887,0.5,5,True,0.002,2.0921601630670423,-0.13358867354544401,0.0,0.0,0.0,0.125,0.0,0.0,0.0,0.0,0.0,0.1,0.125,0.0,0.0,0.0,0.125,0.0,0.0,0.125,0.0,0.0,0.0,0.4
2019-04-01,0.02814389745513233,0.027143897455132328,0.25,4,True,0.001,2.1651465121027513,-0.10336335877393932,0.0,0.0,0.0,0.0,0.0,0.0,0.0,0.0,0.0,0.1,0.0,0.125,0.0,0.125,0.125,0.0,0.0,0.125,0.0,0.0,0.0,0.4
2019-05-01,-0.07138877514201442,-0.07188877514201442,0.125,2,True,0.0005,2.224969132427952,-0.07858944483421415,0.0,0.0,0.0,0.0,0.0,0.0,0.0,0.0,0.0,0.1,0.0,0.0,0.0,0.125,0.125,0.0,0.0,0.125,0.0,0.125,0.0,0.4
2019-06-01,0.07978785505203133,0.07828785505203133,0.375,6,True,0.0015,2.0842362875835203,-0.1368701314326235,0.0,0.0,0.0,0.125,0.0,0.0,0.0,0.0,0.0,0.1,0.125,0.0,0.125,0.0,0.0,0.0,0.0,0.125,0.0,0.0,0.0,0.4
2019-07-01,0.008366577211862382,0.007366577211862382,0.25,4,True,0.001,2.2449100736149856,-0.07033144546609571,0.0,0.0,0.0,0.0,0.0,0.0,0.0,0.0,0.0,0.1,0.0,0.0,0.125,0.125,0.125,0.0,0.0,0.125,0.0,0.0,0.0,0.4
2019-08-01,0.007736500145356855,0.006736500145356855,0.25,4,True,0.001,2.2614285947924935,-0.06349074842142421,0.0,0.0,0.0,0.125,0.0,0.0,0.0,0.0,0.0,0.1,0.125,0.0,0.125,0.0,0.0,0.0,0.0,0.125,0.0,0.0,0.0,0.4
2019-09-01,0.0007275873789477343,0.0007275873789477343,0.0,0,False,0.0,2.28590929886438,-0.05335272951546677,0.0,0.0,0.0,0.125,0.0,0.0,0.0,0.0,0.0,0.1,0.125,0.0,0.125,0.0,0.0,0.0,0.0,0.125,0.0,0.0,0.0,0.4
2019-10-01,0.03781198903648071,0.036911989036480713,0.225,4,True,0.0009,2.285513682371795,-0.05351656334432875,0.0,0.0,0.0,0.125,0.0,0.1,0.0,0.0,0.0,0.0,0.125,0.0,0.0,0.0,0.125,0.0,0.0,0.125,0.0,0.0,0.0,0.4
2019-11-01,0.0021078314845029587,0.0016078314845029587,0.125,2,True,0.0005,2.370747533922029,-0.01821927794328637,0.0,0.0,0.0,0.125,0.0,0.1,0.0,0.0,0.0,0.0,0.125,0.0,0.0,0.125,0.0,0.0,0.0,0.125,0.0,0.0,0.0,0.4
2019-12-01,0.061005389287229775,0.059105389287229776,0.475,8,True,0.0019,2.398809560736762,-0.006598151461309154,0.0,0.0,0.0,0.0,0.0,0.0,0.0,0.0,0.0,0.1,0.0,0.0,0.0,0.125,0.125,0.0,0.125,0.0,0.0,0.125,0.0,0.4
2020-01-01,-0.0020055632010178865,-0.0030055632010178865,0.25,4,True,0.001,2.4302651286210226,-0.0332154824312606,0.0,0.0,0.0,0.0,0.0,0.0,0.0,0.0,0.0,0.1,0.0,0.125,0.0,0.125,0.125,0.0,0.0,0.0,0.0,0.0,0.125,0.4
2020-02-01,-0.030505878060692698,-0.031505878060692695,0.25,4,True,0.001,2.395334081268348,-0.04711141311195477,0.0,0.0,0.0,0.125,0.0,0.0,0.0,0.0,0.0,0.1,0.0,0.0,0.125,0.125,0.125,0.0,0.0,0.0,0.0,0.0,0.0,0.4
2020-03-01,-0.1239997973232379,-0.1248997973232379,0.225,4,True,0.0009,2.217633317122261,-0.11904127129205655,0.0,0.0,0.0,0.125,0.0,0.1,0.0,0.0,0.0,0.0,0.125,0.0,0.125,0.125,0.0,0.0,0.0,0.0,0.0,0.0,0.0,0.4
2020-04-01,0.07488637716908549,0.07288637716908548,0.5,5,True,0.002,1.9370170550446046,-0.23051657407813853,0.0,0.0,0.0,0.0,0.0,0.1,0.0,0.0,0.0,0.0,0.0,0.0,0.0,0.0,0.0,0.5,0.0,0.0,0.0,0.0,0.0,0.4
2020-05-01,0.02701116686368628,0.02701116686368628,0.0,0,False,0.0,2.082073244811626,-0.17289274801919396,0.0,0.0,0.0,0.0,0.0,0.1,0.0,0.0,0.0,0.0,0.0,0.0,0.0,0.0,0.0,0.5,0.0,0.0,0.0,0.0,0.0,0.4
2020-06-01,0.05654384832537773,0.05454384832537773,0.5,5,True,0.002,2.13403584770435,-0.1522505127897319,0.0,0.0,0.0,0.125,0.0,0.1,0.0,0.0,0.0,0.0,0.0,0.125,0.125,0.125,0.0,0.0,0.0,0.0,0.0,0.0,0.0,0.4
2020-07-01,0.0892835960346195,0.0892835960346195,0.0,0,False,0.0,2.2547024469978654,-0.10431549436699716,0.0,0.0,0.0,0.125,0.0,0.1,0.0,0.0,0.0,0.0,0.0,0.125,0.125,0.125,0.0,0.0,0.0,0.0,0.0,0.0,0.0,0.4
2020-08-01,0.0778188358333794,0.0778188358333794,0.0,0,False,0.0,2.418399347173876,-0.039286613370735135,0.0,0.0,0.0,0.125,0.0,0.1,0.0,0.0,0.0,0.0,0.0,0.125,0.125,0.125,0.0,0.0,0.0,0.0,0.0,0.0,0.0,0.4
2020-09-01,-0.0481712582792435,-0.0481712582792435,0.0,0,False,0.0,2.606596368951153,0.0,0.0,0.0,0.0,0.125,0.0,0.1,0.0,0.0,0.0,0.0,0.0,0.125,0.125,0.125,0.0,0.0,0.0,0.0,0.0,0.0,0.0,0.4
2020-10-01,-0.030214120167306503,-0.030714120167306503,0.125,2,True,0.0005,2.479792825361652,-0.051081289199134794,0.0,0.0,0.0,0.0,0.0,0.1,0.0,0.0,0.0,0.0,0.0,0.125,0.125,0.125,0.125,0.0,0.0,0.0,0.0,0.0,0.0,0.4
2020-11-01,0.10276551456156886,0.10186551456156887,0.225,4,True,0.0009,2.3883559789671387,-0.08607055665446117,0.0,0.0,0.0,0.0,0.0,0.0,0.0,0.0,0.0,0.1,0.0,0.125,0.125,0.125,0.0,0.0,0.0,0.0,0.0,0.0,0.125,0.4
2020-12-01,0.02477997727448077,0.02477997727448077,0.0,0,False,0.0,2.6314261931528056,0.0,0.0,0.0,0.0,0.0,0.0,0.0,0.0,0.0,0.0,0.1,0.0,0.125,0.125,0.125,0.0,0.0,0.0,0.0,0.0,0.0,0.125,0.4
2021-01-01,0.052063897886028054,0.05106389788602805,0.25,4,True,0.001,2.6673062921078206,-0.019117486925831262,0.0,0.0,0.0,0.0,0.0,0.0,0.0,0.125,0.125,0.1,0.0,0.125,0.0,0.125,0.0,0.0,0.0,0.0,0.0,0.0,0.0,0.4
2021-02-01,0.025533833514553045,0.025033833514553044,0.125,2,True,0.0005,2.801968792637413,-0.019905974233812462,0.0,0.0,0.0,0.0,0.0,0.0,0.0,0.0,0.125,0.1,0.0,0.125,0.0,0.125,0.0,0.0,0.0,0.0,0.0,0.0,0.125,0.4
2021-03-01,-0.00041393233495711466,-0.0009139323349571147,0.125,2,True,0.0005,2.8720770404029397,-0.02824977867932854,0.0,0.0,0.0,0.0,0.0,0.0,0.0,0.125,0.125,0.1,0.0,0.125,0.0,0.0,0.0,0.0,0.0,0.0,0.0,0.0,0.125,0.4
2021-04-01,0.03634306638894221,0.03534306638894221,0.25,4,True,0.001,2.8680173066525807,-0.02962336549991773,0.0,0.0,0.0,0.0,0.125,0.0,0.0,0.125,0.125,0.1,0.0,0.0,0.0,0.0,0.0,0.0,0.0,0.0,0.0,0.125,0.0,0.4
2021-05-01,0.006185382126148726,0.006185382126148726,0.0,0,False,0.0,2.9625721344492963,-0.011194484762886758,0.0,0.0,0.0,0.0,0.125,0.0,0.0,0.125,0.125,0.1,0.0,0.0,0.0,0.0,0.0,0.0,0.0,0.0,0.0,0.125,0.0,0.4
2021-06-01,0.034538282583359003,0.034538282583359003,0.0,0,False,0.0,2.9808967751771456,-0.005078344802701751,0.0,0.0,0.0,0.0,0.125,0.0,0.0,0.125,0.125,0.1,0.0,0.0,0.0,0.0,0.0,0.0,0.0,0.0,0.0,0.125,0.0,0.4
2021-07-01,0.013284173176816808,0.012784173176816807,0.125,2,True,0.0005,3.0823099044348634,0.0,0.0,0.0,0.0,0.0,0.125,0.0,0.0,0.125,0.125,0.1,0.0,0.0,0.0,0.0,0.0,0.0,0.0,0.125,0.0,0.0,0.0,0.4
2021-08-01,0.03128830200077694,0.030788302000776938,0.125,2,True,0.0005,3.137588910872224,-0.0016216873580277014,0.0,0.0,0.0,0.0,0.125,0.0,0.0,0.0,0.125,0.1,0.0,0.0,0.0,0.125,0.0,0.0,0.0,0.125,0.0,0.0,0.0,0.4
2021-09-01,-0.040887704494763116,-0.04138770449476312,0.125,2,True,0.0005,3.2325237904692976,-0.0009434103402256033,0.0,0.0,0.0,0.0,0.0,0.0,0.0,0.0,0.125,0.1,0.0,0.0,0.0,0.125,0.125,0.0,0.0,0.125,0.0,0.0,0.0,0.4
2021-10-01,0.05834131860673415,0.056941318606734154,0.35,6,True,0.0014,3.0960128183141644,-0.044633148444038206,0.0,0.1,0.0,0.0,0.125,0.0,0.0,0.125,0.125,0.0,0.0,0.0,0.0,0.0,0.0,0.0,0.0,0.125,0.0,0.0,0.0,0.4
2021-11-01,-0.025965428971100584,-0.026465428971100585,0.125,2,True,0.0005,3.274999969413685,0.0,0.0,0.1,0.0,0.0,0.125,0.0,0.0,0.0,0.125,0.0,0.0,0.0,0.0,0.125,0.0,0.0,0.0,0.125,0.0,0.0,0.0,0.4
2021-12-01,0.06830973978904584,0.06780973978904584,0.125,2,True,0.0005,3.188368208732354,-0.051405488383654885,0.0,0.1,0.0,0.0,0.125,0.0,0.0,0.0,0.0,0.0,0.0,0.0,0.0,0.125,0.125,0.0,0.0,0.125,0.0,0.0,0.0,0.4
2022-01-01,-0.034637694535425825,-0.034637694535425825,0.0,0,False,0.0,3.2506254089118207,-0.048377363195202916,0.0,0.1,0.0,0.0,0.125,0.0,0.0,0.0,0.0,0.0,0.0,0.0,0.0,0.125,0.125,0.0,0.0,0.125,0.0,0.0,0.0,0.4
2022-02-01,-0.014550755416047674,-0.015050755416047674,0.125,2,True,0.0005,3.136462223329364,-0.08179870771314324,0.0,0.1,0.0,0.0,0.125,0.0,0.0,0.0,0.0,0.0,0.0,0.0,0.0,0.0,0.125,0.0,0.0,0.125,0.0,0.125,0.0,0.4
2022-03-01,0.04553368197317194,0.04503368197317194,0.125,2,True,0.0005,3.0892789164817027,-0.09561165052483811,0.0,0.1,0.0,0.125,0.125,0.0,0.0,0.0,0.0,0.0,0.0,0.0,0.0,0.0,0.0,0.0,0.0,0.125,0.0,0.125,0.0,0.4
2022-04-01,-0.0437455655283807,-0.0437455655283807,0.0,0,False,0.0,3.2299451601912064,-0.05443151903959409,0.0,0.1,0.0,0.125,0.125,0.0,0.0,0.0,0.0,0.0,0.0,0.0,0.0,0.0,0.0,0.0,0.0,0.125,0.0,0.125,0.0,0.4
2022-05-01,-0.0034212092420676556,-0.0034212092420676556,0.0,0,False,0.0,3.07554931254256,-0.0996310007295812,0.0,0.1,0.0,0.125,0.125,0.0,0.0,0.0,0.0,0.0,0.0,0.0,0.0,0.0,0.0,0.0,0.0,0.125,0.0,0.125,0.0,0.4
2022-06-01,-0.03953226619182565,-0.04153226619182565,0.5,5,True,0.002,3.058897160380435,-0.10450592876821385,0.0,0.1,0.0,0.0,0.0,0.0,0.5,0.0,0.0,0.0,0.0,0.0,0.0,0.0,0.0,0.0,0.0,0.0,0.0,0.0,0.0,0.4
2022-07-01,0.012304924886965884,0.010304924886965884,0.5,3,True,0.002,2.9320960795356896,-0.14162702508782,0.5,0.0,0.0,0.0,0.0,0.0,0.5,0.0,0.0,0.0,0.0,0.0,0.0,0.0,0.0,0.0,0.0,0.0,0.0,0.0,0.0,0.0
2022-08-01,-0.026703423929547554,-0.026703423929547554,0.0,0,False,0.0,2.9681753015557435,-0.13106481010652415,0.5,0.0,0.0,0.0,0.0,0.0,0.5,0.0,0.0,0.0,0.0,0.0,0.0,0.0,0.0,0.0,0.0,0.0,0.0,0.0,0.0,0.0
2022-09-01,-0.015106037001168915,-0.015106037001168915,0.0,0,False,0.0,2.8889148581810877,-0.1542683548495516,0.5,0.0,0.0,0.0,0.0,0.0,0.5,0.0,0.0,0.0,0.0,0.0,0.0,0.0,0.0,0.0,0.0,0.0,0.0,0.0,0.0,0.0
2022-10-01,-0.013152481118441584,-0.013152481118441584,0.0,0,False,0.0,2.8315482279527515,-0.1710624719978483,0.5,0.0,0.0,0.0,0.0,0.0,0.5,0.0,0.0,0.0,0.0,0.0,0.0,0.0,0.0,0.0,0.0,0.0,0.0,0.0,0.0,0.0
2022-11-01,0.02277311816541039,0.02277311816541039,0.0,0,False,0.0,2.7943063433486457,-0.1819650571832644,0.5,0.0,0.0,0.0,0.0,0.0,0.5,0.0,0.0,0.0,0.0,0.0,0.0,0.0,0.0,0.0,0.0,0.0,0.0,0.0,0.0,0.0
2022-12-01,-0.00990048740861088,-0.00990048740861088,0.0,0,False,0.0,2.8579414118960798,-0.16333585076706425,0.5,0.0,0.0,0.0,0.0,0.0,0.5,0.0,0.0,0.0,0.0,0.0,0.0,0.0,0.0,0.0,0.0,0.0,0.0,0.0,0.0,0.0
2023-01-01,0.06024475433920684,0.05824475433920684,0.5,2,True,0.002,2.818763701639585,-0.17480515013205655,0.0,0.0,0.0,0.0,0.0,0.0,0.5,0.0,0.0,0.0,0.0,0.0,0.0,0.0,0.0,0.0,0.0,0.0,0.5,0.0,0.0,0.0
2023-02-01,-0.044772804134442123,-0.044772804134442123,0.0,0,False,0.0,2.9826022695283636,-0.12684130614154443,0.0,0.0,0.0,0.0,0.0,0.0,0.5,0.0,0.0,0.0,0.0,0.0,0.0,0.0,0.0,0.0,0.0,0.0,0.5,0.0,0.0,0.0
2023-03-01,0.06453607086282309,0.06253607086282309,0.5,2,True,0.002,2.8433646766992196,-0.1676031991813145,0.0,0.0,0.0,0.0,0.0,0.5,0.5,0.0,0.0,0.0,0.0,0.0,0.0,0.0,0.0,0.0,0.0,0.0,0.0,0.0,0.0,0.0
2023-04-01,-0.018492314769310257,-0.020092314769310258,0.4,2,True,0.0016,3.0113894752615806,-0.11841383352320389,0.0,0.4,0.0,0.0,0.0,0.1,0.5,0.0,0.0,0.0,0.0,0.0,0.0,0.0,0.0,0.0,0.0,0.0,0.0,0.0,0.0,0.0
2023-05-01,0.013880324573996967,0.010280324573996968,0.9,8,True,0.0036,2.940349288086477,-0.13921089308390833,0.0,0.0,0.125,0.125,0.0,0.4,0.0,0.0,0.0,0.0,0.0,0.0,0.0,0.125,0.0,0.0,0.125,0.0,0.0,0.0,0.0,0.1
2023-06-01,0.005903329211627414,0.005403329211627414,0.125,2,True,0.0005,2.9796717094207565,-0.12769922945970658,0.0,0.0,0.0,0.125,0.0,0.4,0.0,0.0,0.0,0.0,0.0,0.0,0.0,0.125,0.125,0.0,0.125,0.0,0.0,0.0,0.0,0.1
2023-07-01,0.029303389229316815,0.027203389229316813,0.525,5,True,0.0021000000000000003,2.994848528024311,-0.12325620625001066,0.0,0.0,0.0,0.0,0.0,0.0,0.0,0.125,0.0,0.1,0.0,0.0,0.0,0.125,0.125,0.0,0.125,0.0,0.0,0.0,0.0,0.4
2023-08-01,-0.014333083994999857,-0.014833083994999857,0.125,2,True,0.0005,3.074596196737659,-0.09991002598206133,0.0,0.0,0.125,0.0,0.0,0.0,0.0,0.125,0.0,0.1,0.0,0.0,0.0,0.125,0.125,0.0,0.0,0.0,0.0,0.0,0.0,0.4
2023-09-01,-0.04771234344367871,-0.04821234344367871,0.125,2,True,0.0005,3.029012487323511,-0.11325468563712648,0.0,0.0,0.0,0.0,0.125,0.0,0.0,0.125,0.0,0.1,0.0,0.0,0.0,0.125,0.125,0.0,0.0,0.0,0.0,0.0,0.0,0.4
2023-10-01,-0.005386553824034101,-0.005886553824034101,0.125,2,True,0.0005,2.8787098935379194,-0.15725586467938535,0.0,0.0,0.125,0.0,0.125,0.0,0.0,0.0,0.0,0.1,0.0,0.0,0.0,0.125,0.125,0.0,0.0,0.0,0.0,0.0,0.0,0.4
2023-11-01,0.07439498970392293,0.07389498970392293,0.125,2,True,0.0005,2.860341079985738,-0.16263334642169236,0.0,0.0,0.0,0.125,0.125,0.0,0.0,0.0,0.0,0.1,0.0,0.0,0.0,0.125,0.125,0.0,0.0,0.0,0.0,0.0,0.0,0.4
2023-12-01,0.017229319087145,0.016729319087145,0.125,2,True,0.0005,3.0715995571183945,-0.10078729411890053,0.0,0.0,0.125,0.125,0.0,0.0,0.0,0.0,0.0,0.1,0.0,0.0,0.0,0.125,0.125,0.0,0.0,0.0,0.0,0.0,0.0,0.4
2024-01-01,0.037923402540112054,0.03692340254011205,0.25,4,True,0.001,3.172311148798576,-0.07130391219222532,0.0,0.0,0.0,0.0,0.0,0.0,0.0,0.125,0.125,0.1,0.0,0.0,0.0,0.125,0.125,0.0,0.0,0.0,0.0,0.0,0.0,0.4
2024-02-01,0.05912528904801101,0.05862528904801101,0.125,2,True,0.0005,3.2876787038127233,-0.037529987764237216,0.0,0.0,0.0,0.0,0.0,0.0,0.0,0.125,0.0,0.1,0.0,0.0,0.125,0.125,0.125,0.0,0.0,0.0,0.0,0.0,0.0,0.4
2024-03-01,0.007359421359777052,0.007359421359777052,0.0,0,False,0.0,3.48206365747264,0.0,0.0,0.0,0.0,0.0,0.0,0.0,0.0,0.125,0.0,0.1,0.0,0.0,0.125,0.125,0.125,0.0,0.0,0.0,0.0,0.0,0.0,0.4
2024-04-01,-0.058761741180461444,-0.058761741180461444,0.0,0,False,0.0,3.507689631129549,-0.002160269862824138,0.0,0.0,0.0,0.0,0.0,0.0,0.0,0.125,0.0,0.1,0.0,0.0,0.125,0.125,0.125,0.0,0.0,0.0,0.0,0.0,0.0,0.4
2024-05-01,0.06535979552313914,0.06485979552313914,0.125,2,True,0.0005,3.299920895043285,-0.061264672289813804,0.0,0.0,0.0,0.125,0.0,0.0,0.0,0.0,0.0,0.1,0.0,0.0,0.125,0.125,0.125,0.0,0.0,0.0,0.0,0.0,0.0,0.4
2024-06-01,0.05468575443003878,0.05468575443003878,0.0,0,False,0.0,3.506123970401293,-0.019501092590509472,0.0,0.0,0.0,0.125,0.0,0.0,0.0,0.0,0.0,0.1,0.0,0.0,0.125,0.125,0.125,0.0,0.0,0.0,0.0,0.0,0.0,0.4
2024-07-01,-0.03723405520439701,-0.03723405520439701,0.0,0,False,0.0,3.6978590048479325,-0.008876468511472724,0.0,0.0,0.0,0.125,0.0,0.0,0.0,0.0,0.0,0.1,0.0,0.0,0.125,0.125,0.125,0.0,0.0,0.0,0.0,0.0,0.0,0.4
2024-08-01,0.00995476969906663,0.00995476969906663,0.0,0,False,0.0,3.560172718523349,-0.07014100010538071,0.0,0.0,0.0,0.125,0.0,0.0,0.0,0.0,0.0,0.1,0.0,0.0,0.125,0.125,0.125,0.0,0.0,0.0,0.0,0.0,0.0,0.4
2024-09-01,0.04405363228518423,0.04355363228518423,0.125,2,True,0.0005,3.7109276297079234,-0.0307662781392416,0.0,0.0,0.0,0.125,0.0,0.0,0.0,0.0,0.0,0.1,0.0,0.0,0.125,0.0,0.125,0.0,0.0,0.125,0.0,0.0,0.0,0.4
2024-10-01,-0.002436854883717595,-0.0029368548837175952,0.125,2,True,0.0005,3.87053403207493,-0.016835683558160452,0.0,0.0,0.0,0.125,0.0,0.0,0.0,0.0,0.0,0.1,0.0,0.125,0.125,0.0,0.0,0.0,0.0,0.125,0.0,0.0,0.0,0.4
2024-11-01,0.009116368269619195,0.006516368269619195,0.65,7,True,0.0026,3.851063236850251,-0.030710471171983222,0.0,0.0,0.0,0.125,0.0,0.4,0.0,0.0,0.0,0.0,0.0,0.0,0.125,0.125,0.125,0.0,0.0,0.0,0.0,0.0,0.0,0.1
2024-12-01,-0.0185173249548847,-0.0190173249548847,0.125,2,True,0.0005,3.8979168032812233,-0.018917709397722304,0.0,0.0,0.0,0.0,0.0,0.4,0.0,0.0,0.125,0.0,0.0,0.0,0.125,0.125,0.125,0.0,0.0,0.0,0.0,0.0,0.0,0.1
2025-01-01,0.04070826098600037,0.04020826098600037,0.125,2,True,0.0005,3.69895773529512,-0.06899451401078827,0.0,0.0,0.0,0.125,0.0,0.4,0.0,0.0,0.0,0.0,0.0,0.0,0.125,0.125,0.125,0.0,0.0,0.0,0.0,0.0,0.0,0.1
2025-02-01,0.014358644450381063,0.013858644450381062,0.125,2,True,0.0005,3.8482495429571117,-0.03141866105623392,0.0,0.0,0.0,0.125,0.0,0.4,0.0,0.0,0.0,0.0,0.0,0.125,0.125,0.125,0.0,0.0,0.0,0.0,0.0,0.0,0.0,0.1
2025-03-01,0.03643844253923573,0.035938442539235727,0.125,2,True,0.0005,3.913445808327603,-0.03514385723306024,0.0,0.0,0.125,0.125,0.0,0.4,0.0,0.0,0.0,0.0,0.0,0.125,0.125,0.0,0.0,0.0,0.0,0.0,0.0,0.0,0.0,0.1
2025-04-01,0.003817997394409498,0.0029179973944094984,0.225,4,True,0.0009,4.050369039815353,-0.003855927059553177,0.0,0.0,0.125,0.125,0.125,0.4,0.0,0.0,0.0,0.1,0.0,0.125,0.0,0.0,0.0,0.0,0.0,0.0,0.0,0.0,0.0,0.0
2025-05-01,0.055693811186848866,0.055193811186848865,0.125,2,True,0.0005,4.063800421586638,-0.024475557610873278,0.0,0.0,0.125,0.125,0.0,0.4,0.0,0.0,0.0,0.1,0.0,0.125,0.125,0.0,0.0,0.0,0.0,0.0,0.0,0.0,0.0,0.0
2025-06-01,0.0023939338886312693,0.0023939338886312693,0.0,0,False,0.0,4.216457462443721,-0.009327452258747537,0.0,0.0,0.125,0.125,0.0,0.4,0.0,0.0,0.0,0.1,0.0,0.125,0.125,0.0,0.0,0.0,0.0,0.0,0.0,0.0,0.0,0.0
2025-07-01,0.008615885607513744,0.008215885607513745,0.1,2,True,0.0004,4.2248607622998975,-0.007569283111877434,0.0,0.0,0.125,0.125,0.0,0.4,0.0,0.0,0.0,0.0,0.0,0.125,0.125,0.0,0.0,0.0,0.0,0.0,0.0,0.0,0.0,0.1
2025-08-01,0.044876778286428026,0.044376778286428026,0.125,2,True,0.0005,4.259131048495881,-0.01860756043318612,0.0,0.0,0.0,0.125,0.0,0.4,0.0,0.0,0.0,0.0,0.0,0.125,0.125,0.125,0.0,0.0,0.0,0.0,0.0,0.0,0.0,0.1
2025-09-01,0.0833477406789909,0.0833477406789909,0.0,0,False,0.0,4.404232334356198,0.0,0.0,0.0,0.0,0.125,0.0,0.4,0.0,0.0,0.0,0.0,0.0,0.125,0.125,0.125,0.0,0.0,0.0,0.0,0.0,0.0,0.0,0.1
2025-10-01,0.024867587401017917,0.024867587401017917,0.0,0,False,0.0,4.771315148850144,0.0,0.0,0.0,0.0,0.125,0.0,0.4,0.0,0.0,0.0,0.0,0.0,0.125,0.125,0.125,0.0,0.0,0.0,0.0,0.0,0.0,0.0,0.1
2025-11-01,0.01930331361031233,0.01880331361031233,0.125,2,True,0.0005,4.881703086831255,-0.041536608942397524,0.0,0.0,0.0,0.125,0.0,0.4,0.0,0.0,0.0,0.0,0.0,0.125,0.0,0.125,0.125,0.0,0.0,0.0,0.0,0.0,0.0,0.1
2025-12-01,0.014350448413724574,0.013850448413724573,0.125,2,True,0.0005,4.970961440320352,-0.024011810190060934,0.0,0.0,0.125,0.125,0.0,0.4,0.0,0.0,0.0,0.0,0.0,0.125,0.0,0.125,0.0,0.0,0.0,0.0,0.0,0.0,0.0,0.1
2026-01-01,0.05094286616152764,0.05044286616152764,0.125,2,True,0.0005,4.753878591361151,-0.08056815553127339,0.0,0.0,0.125,0.125,0.0,0.4,0.0,0.0,0.0,0.0,0.0,0.125,0.0,0.0,0.0,0.0,0.125,0.0,0.0,0.0,0.0,0.1
2026-02-01,0.08246982230334318,0.08196982230334318,0.125,2,True,0.0005,5.100251652478913,-0.06554195499557236,0.0,0.0,0.125,0.125,0.0,0.4,0.0,0.0,0.0,0.0,0.0,0.0,0.0,0.0,0.0,0.0,0.125,0.0,0.0,0.0,0.125,0.1
2026-03-01,-0.04788471013342449,-0.04838471013342449,0.125,2,True,0.0005,5.510159778719198,0.0,0.0,0.0,0.125,0.125,0.125,0.4,0.0,0.0,0.0,0.0,0.0,0.0,0.0,0.0,0.0,0.0,0.125,0.0,0.0,0.0,0.0,0.1
2026-04-01,0.020698241594094304,0.020698241594094304,0.0,0,False,0.0,5.2436842212389125,-0.04836076777835763,0.0,0.0,0.125,0.125,0.125,0.4,0.0,0.0,0.0,0.0,0.0,0.0,0.0,0.0,0.0,0.0,0.125,0.0,0.0,0.0,0.0,0.1
2026-05-01,0.01576550370657894,0.01476550370657894,0.25,4,True,0.001,5.346867044829164,-0.029634845530375986,0.0,0.0,0.0,0.125,0.125,0.4,0.0,0.0,0.125,0.0,0.0,0.0,0.125,0.0,0.0,0.0,0.0,0.0,0.0,0.0,0.0,0.1
2026-06-01,-0.03881506783603469,-0.040915067836034685,0.525,5,True,0.0021000000000000003,5.41975765453921,-0.01847339239113166,0.0,0.1,0.0,0.0,0.125,0.0,0.0,0.0,0.125,0.0,0.0,0.0,0.125,0.125,0.0,0.0,0.0,0.0,0.0,0.0,0.0,0.4
2026-07-01,0.0,-0.0009,0.225,4,True,0.0009,5.204700943069234,-0.0574204999755189,0.0,0.0,0.0,0.0,0.0,0.0,0.0,0.125,0.125,0.1,0.0,0.0,0.125,0.125,0.0,0.0,0.0,0.0,0.0,0.0,0.0,0.4
2026-08-01,0.0,-0.002,0.5,3,True,0.002,5.105947551408724,-0.07530489401760854,1.0,0.0,0.0,0.0,0.0,0.0,0.0,0.0,0.0,0.0,0.0,0.0,0.0,0.0,0.0,0.0,0.0,0.0,0.0,0.0,0.0,0.0
