date,gross_return,net_return,turnover,operations,signal_changed,trade_cost,equity,drawdown,w__CASH,w_dbc.us,w_iau.us,w_ivv.us,w_tlt.us,w_vt.us,w_xlk.us
2005-03-01,0.0,0.0,0.0,2,True,0.0,1.0,0.0,1.0,0.0,0.0,0.0,0.0,0.0,0.0
2005-04-01,0.0,0.0,0.0,0,False,0.0,1.0,0.0,1.0,0.0,0.0,0.0,0.0,0.0,0.0
2005-05-01,0.0,0.0,0.0,0,False,0.0,1.0,0.0,1.0,0.0,0.0,0.0,0.0,0.0,0.0
2005-06-01,0.0,0.0,0.0,0,False,0.0,1.0,0.0,1.0,0.0,0.0,0.0,0.0,0.0,0.0
2005-07-01,0.0,0.0,0.0,0,False,0.0,1.0,0.0,1.0,0.0,0.0,0.0,0.0,0.0,0.0
2005-08-01,0.0,0.0,0.0,0,False,0.0,1.0,0.0,1.0,0.0,0.0,0.0,0.0,0.0,0.0
2005-09-01,0.0,0.0,0.0,0,False,0.0,1.0,0.0,1.0,0.0,0.0,0.0,0.0,0.0,0.0
2005-10-01,0.0,0.0,0.0,0,False,0.0,1.0,0.0,1.0,0.0,0.0,0.0,0.0,0.0,0.0
2005-11-01,0.0,0.0,0.0,0,False,0.0,1.0,0.0,1.0,0.0,0.0,0.0,0.0,0.0,0.0
2005-12-01,0.0,0.0,0.0,0,False,0.0,1.0,0.0,1.0,0.0,0.0,0.0,0.0,0.0,0.0
2006-01-01,0.0,0.0,0.0,0,False,0.0,1.0,0.0,1.0,0.0,0.0,0.0,0.0,0.0,0.0
2006-02-01,0.0,0.0,0.0,0,False,0.0,1.0,0.0,1.0,0.0,0.0,0.0,0.0,0.0,0.0
2006-03-01,0.0,0.0,0.0,0,False,0.0,1.0,0.0,1.0,0.0,0.0,0.0,0.0,0.0,0.0
2006-04-01,0.0,0.0,0.0,0,False,0.0,1.0,0.0,1.0,0.0,0.0,0.0,0.0,0.0,0.0
2006-05-01,0.0,0.0,0.0,0,False,0.0,1.0,0.0,1.0,0.0,0.0,0.0,0.0,0.0,0.0
2006-06-01,0.0,0.0,0.0,0,False,0.0,1.0,0.0,1.0,0.0,0.0,0.0,0.0,0.0,0.0
2006-07-01,0.0,0.0,0.0,0,False,0.0,1.0,0.0,1.0,0.0,0.0,0.0,0.0,0.0,0.0
2006-08-01,0.0,0.0,0.0,0,False,0.0,1.0,0.0,1.0,0.0,0.0,0.0,0.0,0.0,0.0
2006-09-01,0.0,0.0,0.0,0,False,0.0,1.0,0.0,1.0,0.0,0.0,0.0,0.0,0.0,0.0
2006-10-01,0.0,0.0,0.0,0,False,0.0,1.0,0.0,1.0,0.0,0.0,0.0,0.0,0.0,0.0
2006-11-01,0.0,0.0,0.0,0,False,0.0,1.0,0.0,1.0,0.0,0.0,0.0,0.0,0.0,0.0
2006-12-01,0.0,0.0,0.0,0,False,0.0,1.0,0.0,1.0,0.0,0.0,0.0,0.0,0.0,0.0
2007-01-01,0.0,0.0,0.0,0,False,0.0,1.0,0.0,1.0,0.0,0.0,0.0,0.0,0.0,0.0
2007-02-01,0.0,0.0,0.0,0,False,0.0,1.0,0.0,1.0,0.0,0.0,0.0,0.0,0.0,0.0
2007-03-01,0.0,0.0,0.0,0,False,0.0,1.0,0.0,1.0,0.0,0.0,0.0,0.0,0.0,0.0
2007-04-01,0.0,0.0,0.0,0,False,0.0,1.0,0.0,1.0,0.0,0.0,0.0,0.0,0.0,0.0
2007-05-01,0.0,0.0,0.0,0,False,0.0,1.0,0.0,1.0,0.0,0.0,0.0,0.0,0.0,0.0
2007-06-01,0.0,0.0,0.0,0,False,0.0,1.0,0.0,1.0,0.0,0.0,0.0,0.0,0.0,0.0
2007-07-01,0.0,0.0,0.0,0,False,0.0,1.0,0.0,1.0,0.0,0.0,0.0,0.0,0.0,0.0
2007-08-01,0.0,0.0,0.0,0,False,0.0,1.0,0.0,1.0,0.0,0.0,0.0,0.0,0.0,0.0
2007-09-01,0.0,0.0,0.0,0,False,0.0,1.0,0.0,1.0,0.0,0.0,0.0,0.0,0.0,0.0
2007-10-01,0.0,0.0,0.0,0,False,0.0,1.0,0.0,1.0,0.0,0.0,0.0,0.0,0.0,0.0
2007-11-01,0.0,0.0,0.0,0,False,0.0,1.0,0.0,1.0,0.0,0.0,0.0,0.0,0.0,0.0
2007-12-01,0.0,0.0,0.0,0,False,0.0,1.0,0.0,1.0,0.0,0.0,0.0,0.0,0.0,0.0
2008-01-01,0.0,0.0,0.0,0,False,0.0,1.0,0.0,1.0,0.0,0.0,0.0,0.0,0.0,0.0
2008-02-01,0.0,0.0,0.0,0,False,0.0,1.0,0.0,1.0,0.0,0.0,0.0,0.0,0.0,0.0
2008-03-01,0.0,0.0,0.0,0,False,0.0,1.0,0.0,1.0,0.0,0.0,0.0,0.0,0.0,0.0
2008-04-01,0.0,0.0,0.0,0,False,0.0,1.0,0.0,1.0,0.0,0.0,0.0,0.0,0.0,0.0
2008-05-01,0.0,0.0,0.0,0,False,0.0,1.0,0.0,1.0,0.0,0.0,0.0,0.0,0.0,0.0
2008-06-01,0.0,0.0,0.0,0,False,0.0,1.0,0.0,1.0,0.0,0.0,0.0,0.0,0.0,0.0
2008-07-01,-0.10467086790885395,-0.10867086790885395,1.0,3,True,0.004,0.996,-0.0040000000000000036,0.0,0.8,0.2,0.0,0.0,0.0,0.0
2008-08-01,0.0,-0.004,1.0,3,True,0.004,0.8881808243005309,-0.12340600060171825,1.0,0.0,0.0,0.0,0.0,0.0,0.0
2008-09-01,0.0,0.0,0.0,0,False,0.0,0.8881808243005309,-0.12340600060171825,1.0,0.0,0.0,0.0,0.0,0.0,0.0
2008-10-01,0.0,0.0,0.0,0,False,0.0,0.8881808243005309,-0.12340600060171825,1.0,0.0,0.0,0.0,0.0,0.0,0.0
2008-11-01,0.0,0.0,0.0,0,False,0.0,0.8881808243005309,-0.12340600060171825,1.0,0.0,0.0,0.0,0.0,0.0,0.0
2008-12-01,0.0,0.0,0.0,0,False,0.0,0.8881808243005309,-0.12340600060171825,1.0,0.0,0.0,0.0,0.0,0.0,0.0
2009-01-01,0.0,0.0,0.0,0,False,0.0,0.8881808243005309,-0.12340600060171825,1.0,0.0,0.0,0.0,0.0,0.0,0.0
2009-02-01,0.0,0.0,0.0,0,False,0.0,0.8881808243005309,-0.12340600060171825,1.0,0.0,0.0,0.0,0.0,0.0,0.0
2009-03-01,0.0,0.0,0.0,0,False,0.0,0.8881808243005309,-0.12340600060171825,1.0,0.0,0.0,0.0,0.0,0.0,0.0
2009-04-01,0.0,0.0,0.0,0,False,0.0,0.8881808243005309,-0.12340600060171825,1.0,0.0,0.0,0.0,0.0,0.0,0.0
2009-05-01,0.12546036417723871,0.12146036417723871,1.0,2,True,0.004,0.8846281010033288,-0.12691237659931143,0.0,0.0,0.0,0.0,0.0,1.0,0.0
2009-06-01,-0.028445997244326837,-0.028445997244326837,0.0,0,False,0.0,0.9956138647166252,-0.017374485408821472,0.0,0.0,0.0,0.0,0.0,1.0,0.0
2009-07-01,0.05883524560868208,0.05883524560868208,0.0,0,False,0.0,0.9672926354644827,-0.04532624808908714,0.0,0.0,0.0,0.0,0.4,0.6,0.0
2009-08-01,-0.01682399612458918,-0.01682399612458918,0.0,0,False,0.0,1.0179125975142365,0.0,0.0,0.0,0.0,0.0,0.0,1.0,0.0
2009-09-01,0.04395861746159162,0.04395861746159162,0.0,0,False,0.0,1.000787239918487,-0.03168861982037752,0.0,0.0,0.0,0.0,0.4,0.6,0.0
2009-10-01,0.060204081632653006,0.056204081632653,1.0,2,True,0.004,1.0406013415050719,-0.01795105982181855,0.0,0.0,1.0,0.0,0.0,0.0,0.0
2009-11-01,0.11793535500022015,0.11713535500022015,0.19999999999999998,2,True,0.0007999999999999999,1.0905077323731724,-0.015340364333652934,0.0,0.0,0.8,0.0,0.0,0.0,0.2
2009-12-01,-0.04114609533766274,-0.04114609533766274,0.0,0,False,0.0,1.2181418552019507,0.0,0.0,0.0,0.8,0.0,0.0,0.0,0.2
2010-01-01,-0.02869323346855355,-0.02869323346855355,0.0,0,False,0.0,1.1162724527962713,-0.09449104777862083,0.0,0.0,0.8,0.0,0.0,0.0,0.2
2010-02-01,0.010083400066076918,0.010083400066076918,0.0,0,False,0.0,1.084242986693673,-0.12047302755257427,0.0,0.0,0.48,0.0,0.4,0.0,0.12
2010-03-01,0.05036383715730098,0.04716383715730098,0.8,3,True,0.0032,1.091671279801352,-0.11444727112377584,0.0,0.0,0.0,0.2,0.0,0.0,0.8
2010-04-01,0.0268366788143843,0.0268366788143843,0.0,0,False,0.0,1.1466520343665692,-0.0698474376924505,0.0,0.0,0.0,0.2,0.0,0.0,0.8
2010-05-01,0.027990034974182783,0.026070034974182782,0.48,3,True,0.00192,1.1617337995086954,-0.057613261961171336,0.0,0.0,0.48,0.0,0.4,0.0,0.12
2010-06-01,0.0021480095641149936,0.0021480095641149936,0.0,0,False,0.0,1.1919578077107937,-0.03309585142178628,0.0,0.0,0.48,0.0,0.4,0.0,0.12
2010-07-01,0.010730812029326752,0.010730812029326752,0.0,0,False,0.0,1.194518144481778,-0.031018932063057836,0.0,0.0,0.8,0.0,0.0,0.0,0.2
2010-08-01,-0.04913982696418916,-0.05233982696418916,0.8,3,True,0.0032,1.2010659848021052,-0.0257073900529331,0.0,0.0,0.0,0.2,0.0,0.0,0.8
2010-09-01,0.06430321316921894,0.06110321316921894,0.8,3,True,0.0032,1.13474841150058,-0.07950353647193686,0.0,0.0,0.8,0.0,0.0,0.0,0.2
2010-10-01,0.030240610167295935,0.030240610167295935,0.0,0,False,0.0,1.207716380498734,-0.02031265615617983,0.0,0.0,0.8,0.0,0.0,0.0,0.2
2010-11-01,0.022532902631910327,0.022532902631910327,0.0,0,False,0.0,1.2442384607540544,-0.012642634296862854,0.0,0.0,0.8,0.0,0.0,0.0,0.2
2010-12-01,0.022983302893041915,0.022983302893041915,0.0,0,False,0.0,1.2722747648411037,-0.01853619646762983,0.0,0.0,0.8,0.0,0.0,0.0,0.2
2011-01-01,-0.03472871425458397,-0.03472871425458397,0.0,0,False,0.0,1.2688508464534711,-0.026676202044934483,0.0,0.0,0.8,0.0,0.0,0.0,0.2
2011-02-01,-0.010929258047719737,-0.014129258047719737,0.8,3,True,0.0032,1.2208659750537805,-0.06348495494577822,0.0,0.0,0.0,0.2,0.0,0.0,0.8
2011-03-01,-0.0016577256713394381,-0.0035777256713394384,0.48,3,True,0.00192,1.2052043719644567,-0.07549882642923345,0.0,0.0,0.48,0.0,0.4,0.0,0.12
2011-04-01,0.024410394023342226,0.022490394023342224,0.48,2,True,0.00192,1.2008963173082643,-0.07880349547798993,0.0,0.48,0.0,0.0,0.4,0.0,0.12
2011-05-01,-0.01295607646207082,-0.01615607646207082,0.8,3,True,0.0032,1.2359358194164198,-0.051925016131351365,0.0,0.2,0.8,0.0,0.0,0.0,0.0
2011-06-01,-0.024211007454518364,-0.025011007454518362,0.2,2,True,0.0008,1.2150463716788247,-0.06794911909504475,0.0,0.0,0.8,0.0,0.0,0.0,0.2
2011-07-01,0.06855682228932775,0.06855682228932775,0.0,0,False,0.0,1.185628874916523,-0.09051500992062522,0.0,0.0,0.8,0.0,0.0,0.0,0.2
2011-08-01,0.08964710733494854,0.08964710733494854,0.0,0,False,0.0,1.266911822995271,-0.028163609080942287,0.0,0.0,0.8,0.0,0.0,0.0,0.2
2011-09-01,-0.08465096013357894,-0.08465096013357894,0.0,0,False,0.0,1.3804868031752435,-0.01982309427680662,0.0,0.0,0.8,0.0,0.0,0.0,0.2
2011-10-01,0.05199172120909648,0.05199172120909648,0.0,0,False,0.0,1.251103539501533,-0.11168814271361283,0.0,0.0,0.8,0.0,0.0,0.0,0.2
2011-11-01,0.014680625620833611,0.014680625620833611,0.0,0,False,0.0,1.3161505659310104,-0.06550328028284447,0.0,0.0,0.8,0.0,0.0,0.0,0.2
2011-12-01,0.010481770254649803,0.007281770254649803,0.8,3,True,0.0032,1.3311989677152114,-0.05481857408863022,0.0,0.0,0.0,0.2,0.0,0.0,0.8
2012-01-01,0.05387503207685129,0.05387503207685129,0.0,0,False,0.0,1.3151876986297493,-0.06618693788087537,0.0,0.0,0.0,0.2,0.0,0.0,0.8
2012-02-01,-0.0003138126135215028,-0.003513812613521503,0.8,3,True,0.0032,1.3816081389506494,-0.019026920471967634,0.0,0.0,0.8,0.0,0.0,0.0,0.2
2012-03-01,0.04693534589789859,0.04373534589789859,0.8,3,True,0.0032,1.3767548142564565,-0.034261655595562046,0.0,0.0,0.0,0.2,0.0,0.0,0.8
2012-04-01,-0.016569762022990722,-0.01736976202299072,0.2,2,True,0.0008,1.4268784498326372,-0.008353293618801882,0.0,0.0,0.2,0.0,0.0,0.0,0.8
2012-05-01,-0.005360585060264121,-0.0058405850602641215,0.12,2,True,0.00048,1.401439810996317,-0.026032544727974116,0.0,0.0,0.0,0.12,0.4,0.0,0.48
2012-06-01,0.06677550103668146,0.06677550103668146,0.0,0,False,0.0,1.3939272736826307,-0.031253580117888924,0.0,0.0,0.0,0.2,0.0,0.0,0.8
2012-07-01,0.009064789974277732,0.009064789974277732,0.0,0,False,0.0,1.4795877119617378,-0.002320597884906017,0.0,0.0,0.0,0.2,0.0,0.0,0.8
2012-08-01,0.0408761269703756,0.0408761269703756,0.0,0,False,0.0,1.4929998638191928,-0.0031463348137913405,0.0,0.0,0.0,0.2,0.0,0.0,0.8
2012-09-01,0.01685366648195843,0.01685366648195843,0.0,0,False,0.0,1.5553314433484624,-0.009001019255050924,0.0,0.0,0.0,0.2,0.0,0.0,0.8
2012-10-01,-0.03899525769331078,-0.03899525769331078,0.0,0,False,0.0,1.5815444807635601,-0.021664214599084075,0.0,0.0,0.0,0.2,0.0,0.0,0.8
2012-11-01,-0.008710657532768097,-0.008710657532768097,0.0,0,False,0.0,1.5198717461827516,-0.059814670661380465,0.0,0.0,0.0,0.2,0.0,0.0,0.8
2012-12-01,0.003804023702033966,0.003804023702033966,0.0,0,False,0.0,1.5095744340364605,-0.0661845382741435,0.0,0.0,0.0,0.12,0.4,0.0,0.48
2013-01-01,0.005176351699252369,0.005176351699252369,0.0,0,False,0.0,1.4610391159740899,-0.09620825186157789,0.0,0.0,0.0,0.2,0.0,0.0,0.8
2013-02-01,0.004028747254518982,0.0016287472545189821,0.6000000000000001,2,True,0.0024000000000000002,1.4650773235608527,-0.09371023613134677,0.0,0.0,0.0,0.8,0.0,0.0,0.2
2013-03-01,0.01626620279933877,0.01626620279933877,0.0,0,False,0.0,1.4709797498058068,-0.09005902373336205,0.0,0.0,0.0,0.48,0.4,0.0,0.12
2013-04-01,0.014692897294990903,0.014692897294990903,0.0,0,False,0.0,1.494907004729869,-0.07525773927798052,0.0,0.0,0.0,0.8,0.0,0.0,0.2
2013-05-01,-0.005398012450553918,-0.005398012450553918,0.0,0,False,0.0,1.5168715198159273,-0.06167059621685422,0.0,0.0,0.0,0.48,0.4,0.0,0.12
2013-06-01,-0.016089292457049577,-0.016089292457049577,0.0,0,False,0.0,1.5006798832420811,-0.07168666448244743,0.0,0.0,0.0,0.8,0.0,0.0,0.2
2013-07-01,0.05468657827151602,0.05468657827151602,0.0,0,False,0.0,1.4765350057161881,-0.08662256922936862,0.0,0.0,0.0,0.8,0.0,0.0,0.2
2013-08-01,-0.03351494905405031,-0.03351494905405031,0.0,0,False,0.0,1.5572816528769202,-0.036673082870093965,0.0,0.0,0.0,0.8,0.0,0.0,0.2
2013-09-01,0.03512123487234988,0.03512123487234988,0.0,0,False,0.0,1.5047592590224579,-0.06916318230626883,0.0,0.0,0.0,0.8,0.0,0.0,0.2
2013-10-01,0.040928883494675716,0.040928883494675716,0.0,0,False,0.0,1.557608262384928,-0.03647104380421706,0.0,0.0,0.0,0.8,0.0,0.0,0.2
2013-11-01,0.025123916732932287,0.025123916732932287,0.0,0,False,0.0,1.6213594294864242,-0.005489299139148418,0.0,0.0,0.0,0.8,0.0,0.0,0.2
2013-12-01,0.020770976587816705,0.020770976587816705,0.0,0,False,0.0,1.665930158040051,-9.823731265234947e-06,0.0,0.0,0.0,0.8,0.0,0.0,0.2
2014-01-01,-0.04602568280181532,-0.04602568280181532,0.0,0,False,0.0,1.66745469977417,-0.024782349492866174,0.0,0.0,0.0,0.8,0.0,0.0,0.2
2014-02-01,0.060969015083741376,0.060969015083741376,0.0,0,False,0.0,1.6268861745325178,-0.04850901617596193,0.0,0.0,0.0,0.8,0.0,0.0,0.2
2014-03-01,0.023222289295262846,0.023222289295262846,0.0,0,False,0.0,1.7389572263910265,0.0,0.0,0.0,0.0,0.8,0.0,0.0,0.2
2014-04-01,-0.0014425428368095572,-0.0014425428368095572,0.0,0,False,0.0,1.7793397941743674,0.0,0.0,0.0,0.0,0.8,0.0,0.0,0.2
2014-05-01,0.020303916056248105,0.020303916056248105,0.0,0,False,0.0,1.7767730203000311,-0.004047722282541466,0.0,0.0,0.0,0.48,0.4,0.0,0.12
2014-06-01,0.02708304079652186,0.02708304079652186,0.0,0,False,0.0,1.8176943455413277,0.0,0.0,0.0,0.0,0.8,0.0,0.0,0.2
2014-07-01,-0.018086577677209312,-0.018086577677209312,0.0,0,False,0.0,1.8669230356572306,0.0,0.0,0.0,0.0,0.8,0.0,0.0,0.2
2014-08-01,0.033340917219881326,0.033340917219881326,0.0,0,False,0.0,1.8331567871554444,-0.02984357798063697,0.0,0.0,0.0,0.48,0.4,0.0,0.12
2014-09-01,-0.021999250379002987,-0.024399250379002986,0.6000000000000001,2,True,0.0024000000000000002,1.9074854664367151,0.0,0.0,0.0,0.0,0.2,0.0,0.0,0.8
2014-10-01,0.03676844401931088,0.03676844401931088,0.0,0,False,0.0,1.8610449627477066,-0.029231439339065357,0.0,0.0,0.0,0.2,0.0,0.0,0.8
2014-11-01,0.029633011047229596,0.029633011047229596,0.0,0,False,0.0,1.9228646768258881,0.0,0.0,0.0,0.0,0.2,0.0,0.0,0.8
2014-12-01,-0.009378965058991452,-0.009378965058991452,0.0,0,False,0.0,1.979844947036597,-0.010309590915397515,0.0,0.0,0.0,0.2,0.0,0.0,0.8
2015-01-01,-0.021948978254571604,-0.021948978254571604,0.0,0,False,0.0,1.9080273238849565,-0.049256610469648465,0.0,0.0,0.0,0.2,0.0,0.0,0.8
2015-02-01,0.07192837681976641,0.07192837681976641,0.0,0,False,0.0,1.8464585726550402,-0.07993546003365559,0.0,0.0,0.0,0.2,0.0,0.0,0.8
2015-03-01,-0.03961456269392512,-0.03961456269392512,0.0,0,False,0.0,1.9644368319662344,-0.02114853977088338,0.0,0.0,0.0,0.2,0.0,0.0,0.8
2015-04-01,0.03809397266431045,0.03809397266431045,0.0,0,False,0.0,1.886616525928052,-0.059925312310170065,0.0,0.0,0.0,0.2,0.0,0.0,0.8
2015-05-01,0.007902684301489816,0.007902684301489816,0.0,0,False,0.0,1.9584852442947924,-0.024114132854903048,0.0,0.0,0.0,0.2,0.0,0.0,0.8
2015-06-01,-0.03258863748369487,-0.03258863748369487,0.0,0,False,0.0,1.973962534889581,-0.01640201493256932,0.0,0.0,0.0,0.2,0.0,0.0,0.8
2015-07-01,0.01496284411235993,0.01496284411235993,0.0,0,False,0.0,1.90963378543367,-0.04845613309762409,0.0,0.0,0.0,0.2,0.0,0.0,0.8
2015-08-01,-0.05299015739456589,-0.05299015739456589,0.0,0,False,0.0,1.9478840989835595,-0.029396535627617792,0.0,0.0,0.0,0.12,0.4,0.0,0.48
2015-09-01,0.01717053555051993,0.01717053555051993,0.0,0,False,0.0,1.8446654139920486,-0.08082896597242117,0.0,0.0,0.0,0.2,0.0,0.0,0.8
2015-10-01,0.11053615195133909,0.11053615195133909,0.0,0,False,0.0,1.876339307061814,-0.0650463070556424,0.0,0.0,0.0,0.2,0.0,0.0,0.8
2015-11-01,0.005974415482539008,0.005974415482539008,0.0,0,False,0.0,2.063910164784606,-0.008555212105715748,0.0,0.0,0.0,0.2,0.0,0.0,0.8
2015-12-01,-0.0418148912325792,-0.0418148912325792,0.0,0,False,0.0,2.076240821627665,-0.0026319090148374524,0.0,0.0,0.0,0.2,0.0,0.0,0.8
2016-01-01,-0.023965826666997758,-0.023965826666997758,0.0,0,False,0.0,1.9955065469232738,-0.0416777305575593,0.0,0.0,0.0,0.2,0.0,0.0,0.8
2016-02-01,0.020089752914658556,0.020089752914658556,0.0,0,False,0.0,1.9476825829068514,-0.06464471595814081,0.0,0.0,0.0,0.2,0.0,0.0,0.8
2016-03-01,0.0,-0.004,1.0,3,True,0.004,1.9788638005746195,-0.049670244776662265,1.0,0.0,0.0,0.0,0.0,0.0,0.0
2016-04-01,-0.03947633558143302,-0.04347633558143302,1.0,3,True,0.004,1.9709483453723207,-0.0534715637975558,0.0,0.0,0.0,0.2,0.0,0.0,0.8
2016-05-01,0.033209328265902505,0.033209328265902505,0.0,0,False,0.0,1.8793419454290574,-0.09746463073308376,0.0,0.0,0.0,0.2,0.0,0.0,0.8
2016-06-01,-0.006531497012303511,-0.006531497012303511,0.0,0,False,0.0,1.9417536290186908,-0.06749203738351128,0.0,0.0,0.0,0.2,0.0,0.0,0.8
2016-07-01,0.06312333383453789,0.06312333383453789,0.0,0,False,0.0,1.9290710709921264,-0.07358271035528974,0.0,0.0,0.0,0.2,0.0,0.0,0.8
2016-08-01,0.010830758456537871,0.010830758456537871,0.0,0,False,0.0,2.050840468196911,-0.015104162510959362,0.0,0.0,0.0,0.2,0.0,0.0,0.8
2016-09-01,0.011227282054282273,0.011227282054282273,0.0,0,False,0.0,2.073052625940846,-0.004905217116879301,0.0,0.0,0.0,0.2,0.0,0.0,0.8
2016-10-01,-0.014863859533329539,-0.014863859533329539,0.0,0,False,0.0,2.10250329504231,-0.0029011699375803834,0.0,0.0,0.0,0.2,0.0,0.0,0.8
2016-11-01,-0.00037654523167853643,-0.00037654523167853643,0.0,0,False,0.0,2.071251981396438,-0.020357711871480277,0.0,0.0,0.0,0.2,0.0,0.0,0.8
2016-12-01,0.049274907222104904,0.049274907222104904,0.0,0,False,0.0,2.070472061339238,-0.02705551019670649,0.0,0.0,0.0,0.2,0.0,0.0,0.8
2017-01-01,0.029514387743200345,0.029514387743200345,0.0,0,False,0.0,2.1238899368974216,-0.029315821907163864,0.0,0.0,0.0,0.2,0.0,0.0,0.8
2017-02-01,0.052317809331934355,0.052317809331934355,0.0,0,False,0.0,2.1865752480188942,-0.00559098982167805,0.0,0.0,0.0,0.2,0.0,0.0,0.8
2017-03-01,0.0029060376893529803,0.0029060376893529803,0.0,0,False,0.0,2.3009720749346734,0.0,0.0,0.0,0.0,0.2,0.0,0.0,0.8
2017-04-01,0.014388599157962628,0.014388599157962628,0.0,0,False,0.0,2.310201268766011,-0.002026435339296473,0.0,0.0,0.0,0.12,0.4,0.0,0.48
2017-05-01,0.031351127943209316,0.031351127943209316,0.0,0,False,0.0,2.3434418287965033,0.0,0.0,0.0,0.0,0.2,0.0,0.0,0.8
2017-06-01,-0.02974087441104838,-0.02974087441104838,0.0,0,False,0.0,2.4169113733985714,0.0,0.0,0.0,0.0,0.2,0.0,0.0,0.8
2017-07-01,0.03150564433496629,0.03150564433496629,0.0,0,False,0.0,2.3572184134556537,-0.0354875560608342,0.0,0.0,0.0,0.12,0.4,0.0,0.48
2017-08-01,0.01899460366461798,0.01899460366461798,0.0,0,False,0.0,2.431484098409822,-0.005099970045437385,0.0,0.0,0.0,0.2,0.0,0.0,0.8
2017-09-01,0.012978254282215974,0.012978254282215974,0.0,0,False,0.0,2.477669175175937,-0.00032916187100040517,0.0,0.0,0.0,0.2,0.0,0.0,0.8
2017-10-01,0.05513879181413862,0.05513879181413862,0.0,0,False,0.0,2.5048425061087447,0.0,0.0,0.0,0.0,0.2,0.0,0.0,0.8
2017-11-01,0.012419549101875395,0.012419549101875395,0.0,0,False,0.0,2.64295649558028,0.0,0.0,0.0,0.0,0.2,0.0,0.0,0.8
2017-12-01,0.011207105430857709,0.011207105430857709,0.0,0,False,0.0,2.6757808235512592,-0.0136593582048391,0.0,0.0,0.0,0.12,0.4,0.0,0.48
2018-01-01,0.056145120330860235,0.056145120330860235,0.0,0,False,0.0,2.5899393966133633,-0.049572485462984095,0.0,0.0,0.0,0.2,0.0,0.0,0.8
2018-02-01,-0.02703380372137034,-0.02703380372137034,0.0,0,False,0.0,2.735351855685856,-0.011278030677545958,0.0,0.0,0.0,0.2,0.0,0.0,0.8
2018-03-01,-0.04244321372341049,-0.04244321372341049,0.0,0,False,0.0,2.6614048905103584,-0.03800694633121593,0.0,0.0,0.0,0.2,0.0,0.0,0.8
2018-04-01,0.011109963837207078,0.011109963837207078,0.0,0,False,0.0,2.61031306425368,-0.06772717385651872,0.0,0.0,0.0,0.12,0.4,0.0,0.48
2018-05-01,0.06461713423516145,0.06461713423516145,0.0,0,False,0.0,2.6393135480013274,-0.05736965647165382,0.0,0.0,0.0,0.2,0.0,0.0,0.8
2018-06-01,-0.00872411208187529,-0.00872411208187529,0.0,0,False,0.0,2.8098584258212083,0.0,0.0,0.0,0.0,0.2,0.0,0.0,0.8
2018-07-01,0.005257572997391042,0.005257572997391042,0.0,0,False,0.0,2.7640427604283517,-0.033098505514374765,0.0,0.0,0.0,0.12,0.4,0.0,0.48
2018-08-01,0.048316583726525905,0.048316583726525905,0.0,0,False,0.0,2.778574917009213,-0.028014950325830568,0.0,0.0,0.0,0.2,0.0,0.0,0.8
2018-09-01,0.008916638914182328,0.008916638914182328,0.0,0,False,0.0,2.922862439473348,-0.00248802106271917,0.0,0.0,0.0,0.2,0.0,0.0,0.8
2018-10-01,-0.07155959102807341,-0.07155959102807341,0.0,0,False,0.0,2.948924548441956,0.0,0.0,0.0,0.0,0.2,0.0,0.0,0.8
2018-11-01,-0.0032939376871638174,-0.0032939376871638174,0.0,0,False,0.0,2.737900713782806,-0.07396694375063306,0.0,0.0,0.0,0.2,0.0,0.0,0.8
2018-12-01,-0.0387706883671846,-0.0387706883671846,0.0,0,False,0.0,2.6753757406918393,-0.09511460320806464,0.0,0.0,0.0,0.12,0.4,0.0,0.48
2019-01-01,0.07586120974030557,0.07586120974030557,0.0,0,False,0.0,2.565048544045111,-0.13243028473876428,0.0,0.0,0.0,0.2,0.0,0.0,0.8
2019-02-01,0.06384662922896252,0.06384662922896252,0.0,0,False,0.0,2.759636229638983,-0.06661539660499438,0.0,0.0,0.0,0.2,0.0,0.0,0.8
2019-03-01,0.04857428556589021,0.04857428556589021,0.0,0,False,0.0,2.935829700799556,-0.007021935904010901,0.0,0.0,0.0,0.2,0.0,0.0,0.8
2019-04-01,0.04145920430590962,0.04145920430590962,0.0,0,False,0.0,3.0784355310590157,0.0,0.0,0.0,0.0,0.2,0.0,0.0,0.8
2019-05-01,-0.09215140503281136,-0.09215140503281136,0.0,0,False,0.0,3.2060650186837627,-0.004154791436789096,0.0,0.0,0.0,0.2,0.0,0.0,0.8
2019-06-01,0.11764602108400016,0.11764602108400016,0.0,0,False,0.0,2.9538273802825925,-0.08313025649881389,0.0,0.0,0.0,0.2,0.0,0.0,0.8
2019-07-01,0.010363612256360134,0.010363612256360134,0.0,0,False,0.0,3.301333418541816,0.0,0.0,0.0,0.0,0.2,0.0,0.0,0.8
2019-08-01,0.02372715538814537,0.02372715538814537,0.0,0,False,0.0,3.335547158020546,-0.027511470703548313,0.0,0.0,0.0,0.12,0.4,0.0,0.48
2019-09-01,0.017624618635801028,0.017624618635801028,0.0,0,False,0.0,3.4345335294855452,0.0,0.0,0.0,0.0,0.2,0.0,0.0,0.8
2019-10-01,0.053132970671096215,0.05233297067109621,0.2,2,True,0.0008,3.492269820436094,-0.022175285016110102,0.0,0.0,0.2,0.0,0.0,0.0,0.8
2019-11-01,0.014425656454188007,0.014425656454188007,0.0,0,False,0.0,3.6778244903808797,0.0,0.0,0.0,0.2,0.0,0.0,0.0,0.8
2019-12-01,0.07181441659129653,0.07101441659129654,0.2,2,True,0.0008,3.7747434426955193,-0.001421507712437764,0.0,0.0,0.0,0.2,0.0,0.0,0.8
2020-01-01,0.026938478916333854,0.026938478916333854,0.0,0,False,0.0,3.711963172414804,-0.06886406456425853,0.0,0.0,0.0,0.2,0.0,0.0,0.8
2020-02-01,0.0026977421798237387,0.0026977421798237387,0.0,0,False,0.0,3.7665923293996046,-0.05516048809315455,0.0,0.0,0.0,0.12,0.4,0.0,0.48
2020-03-01,-0.0501300829776262,-0.0506100829776262,0.12,2,True,0.00048,3.6725571536477677,-0.0787489579325763,0.0,0.0,0.12,0.0,0.4,0.0,0.48
2020-04-01,0.14300752008569742,0.14300752008569742,0.0,0,False,0.0,3.4867771020471094,-0.12535138206706564,0.0,0.0,0.2,0.0,0.0,0.0,0.8
2020-05-01,0.08653782319453476,0.08653782319453476,0.0,0,False,0.0,3.985412448502462,-0.028303385874522857,0.0,0.0,0.2,0.0,0.0,0.0,0.8
2020-06-01,0.06065173508745203,0.06065173508745203,0.0,0,False,0.0,4.330301366328267,0.0,0.0,0.0,0.2,0.0,0.0,0.0,0.8
2020-07-01,0.08775267940494219,0.08775267940494219,0.0,0,False,0.0,4.592941657647639,0.0,0.0,0.0,0.2,0.0,0.0,0.0,0.8
2020-08-01,0.08957406268985608,0.08957406268985608,0.0,0,False,0.0,4.9008175278056445,0.0,0.0,0.0,0.2,0.0,0.0,0.0,0.8
2020-09-01,-0.056048276356808764,-0.056048276356808764,0.0,0,False,0.0,5.339803664272853,0.0,0.0,0.0,0.2,0.0,0.0,0.0,0.8
2020-10-01,-0.046822773954959686,-0.046822773954959686,0.0,0,False,0.0,5.040516872806587,-0.06048522607522022,0.0,0.0,0.2,0.0,0.0,0.0,0.8
2020-11-01,0.12185401376268282,0.12105401376268282,0.2,2,True,0.0008,4.784787598076898,-0.10815125672176251,0.0,0.0,0.0,0.2,0.0,0.0,0.8
2020-12-01,0.022606146301319054,0.022606146301319054,0.0,0,False,0.0,5.363538905366954,-0.0002763269579568739,0.0,0.0,0.0,0.2,0.0,0.0,0.8
2021-01-01,0.030549367758276436,0.030549367758276436,0.0,0,False,0.0,5.219255482566912,-0.06539016602894665,0.0,0.0,0.0,0.2,0.0,0.0,0.8
2021-02-01,0.023738026214559005,0.023738026214559005,0.0,0,False,0.0,5.378700437728253,-0.03683842650046265,0.0,0.0,0.0,0.2,0.0,0.0,0.8
2021-03-01,0.011499189573783975,0.011499189573783975,0.0,0,False,0.0,5.506380169719305,-0.02294828972760754,0.0,0.0,0.0,0.2,0.0,0.0,0.8
2021-04-01,0.03147101395857037,0.03147101395857037,0.0,0,False,0.0,5.569699079156233,-0.011712986887795318,0.0,0.0,0.0,0.2,0.0,0.0,0.8
2021-05-01,-0.008471035710608631,-0.008471035710608631,0.0,0,False,0.0,5.754785900272338,-0.021072547859279034,0.0,0.0,0.0,0.2,0.0,0.0,0.8
2021-06-01,0.0665718645461546,0.0665718645461546,0.0,0,False,0.0,5.706036903404225,-0.029365077264457917,0.0,0.0,0.0,0.2,0.0,0.0,0.8
2021-07-01,0.030079988879682995,0.030079988879682995,0.0,0,False,0.0,6.085898419233011,0.0,0.0,0.0,0.0,0.2,0.0,0.0,0.8
2021-08-01,0.018661362780651877,0.018661362780651877,0.0,0,False,0.0,6.289307244031064,-0.006558887656185175,0.0,0.0,0.0,0.12,0.4,0.0,0.48
2021-09-01,-0.04271717508790352,-0.04271717508790352,0.0,0,False,0.0,6.406674288150908,-0.00455719376020669,0.0,0.0,0.0,0.2,0.0,0.0,0.8
2021-10-01,0.06164784792013509,0.06084784792013509,0.2,2,True,0.0008,6.128092861444116,-0.04784203464562231,0.0,0.2,0.0,0.0,0.0,0.0,0.8
2021-11-01,0.004932757178388016,0.004932757178388016,0.0,0,False,0.0,6.505876598206887,0.0,0.0,0.2,0.0,0.0,0.0,0.0,0.8
2021-12-01,0.01619347324814346,0.01619347324814346,0.0,0,False,0.0,6.537968507698397,-0.037010110752385694,0.0,0.12,0.0,0.0,0.4,0.0,0.48
2022-01-01,-0.04400531695607035,-0.04400531695607035,0.0,0,False,0.0,6.399227560650695,-0.057445530267523415,0.0,0.2,0.0,0.0,0.0,0.0,0.8
2022-02-01,-0.03556130774591408,-0.03556130774591408,0.0,0,False,0.0,6.117627523570242,-0.09892293845646172,0.0,0.2,0.0,0.0,0.0,0.0,0.8
2022-03-01,0.05539398039840959,0.05299398039840959,0.6000000000000001,2,True,0.0024000000000000002,5.885916504477213,-0.13305209774364823,0.0,0.8,0.0,0.0,0.0,0.0,0.2
2022-04-01,0.03366482938244111,0.03366482938244111,0.0,0,False,0.0,6.211960847952899,-0.08502840263961753,0.0,0.8,0.0,0.0,0.0,0.0,0.2
2022-05-01,0.023406153302571432,0.023406153302571432,0.0,0,False,0.0,6.324658423934461,-0.06842896107223007,0.0,0.8,0.0,0.0,0.0,0.0,0.2
2022-06-01,-0.07753912328422585,-0.07753912328422585,0.0,0,False,0.0,6.472694348591469,-0.04662446652285124,0.0,0.8,0.0,0.0,0.0,0.0,0.2
2022-07-01,0.0,-0.004,1.0,3,True,0.004,5.946924074300866,-0.12406617607110293,1.0,0.0,0.0,0.0,0.0,0.0,0.0
2022-08-01,-0.0340150856093993,-0.0340150856093993,0.0,0,False,0.0,5.946924074300866,-0.12406617607110293,0.6,0.0,0.0,0.0,0.4,0.0,0.0
2022-09-01,0.0,0.0,0.0,0,False,0.0,5.744638942800926,-0.15386114008021257,1.0,0.0,0.0,0.0,0.0,0.0,0.0
2022-10-01,0.0,0.0,0.0,0,False,0.0,5.744638942800926,-0.15386114008021257,1.0,0.0,0.0,0.0,0.0,0.0,0.0
2022-11-01,0.0,0.0,0.0,0,False,0.0,5.744638942800926,-0.15386114008021257,1.0,0.0,0.0,0.0,0.0,0.0,0.0
2022-12-01,0.0,0.0,0.0,0,False,0.0,5.744638942800926,-0.15386114008021257,1.0,0.0,0.0,0.0,0.0,0.0,0.0
2023-01-01,0.08754638218923949,0.08354638218923949,1.0,2,True,0.004,5.744638942800926,-0.15386114008021257,0.0,0.0,0.0,0.0,0.0,1.0,0.0
2023-02-01,-0.04030280413690157,-0.04030280413690157,0.0,0,False,0.0,6.222571054029656,-0.08346560508824985,0.0,0.0,0.0,0.0,0.0,1.0,0.0
2023-03-01,0.0806544202066588,0.0766544202066588,1.0,2,True,0.004,5.947896855644696,-0.12392289324594807,0.0,0.0,1.0,0.0,0.0,0.0,0.0
2023-04-01,-0.0025623691401569283,-0.003362369140156928,0.19999999999999998,2,True,0.0007999999999999999,6.379819331097659,-0.06030420552815885,0.0,0.0,0.8,0.0,0.0,0.0,0.2
2023-05-01,0.01928026580543092,0.01928026580543092,0.0,0,False,0.0,6.358381101420741,-0.06346188339062198,0.0,0.0,0.8,0.0,0.0,0.0,0.2
2023-06-01,0.03232920756703088,0.02992920756703088,0.6000000000000001,2,True,0.0024000000000000002,6.4654180454384065,-0.047696207134518165,0.0,0.0,0.2,0.0,0.0,0.0,0.8
2023-07-01,0.029422345268913432,0.028622345268913434,0.2,2,True,0.0008,6.685235491150883,-0.015318875024077805,0.0,0.0,0.0,0.2,0.0,0.0,0.8
2023-08-01,-0.013261015789215347,-0.013261015789215347,0.0,0,False,0.0,6.876425253337136,-0.006173499591867193,0.0,0.0,0.0,0.2,0.0,0.0,0.8
2023-09-01,-0.056863980210998616,-0.056863980210998616,0.0,0,False,0.0,6.785236869479272,-0.01935264850552032,0.0,0.0,0.0,0.2,0.0,0.0,0.8
2023-10-01,0.004987759901852918,0.004987759901852918,0.0,0,False,0.0,6.345519709564099,-0.08290348343909593,0.0,0.0,0.0,0.2,0.0,0.0,0.8
2023-11-01,0.10529578157445738,0.10529578157445738,0.0,0,False,0.0,6.377169638327877,-0.07832922620766491,0.0,0.0,0.0,0.2,0.0,0.0,0.8
2023-12-01,0.015761901489003183,0.015761901489003183,0.0,0,False,0.0,7.048658699628515,0.0,0.0,0.0,0.0,0.2,0.0,0.0,0.8
2024-01-01,0.037834541780865136,0.037834541780865136,0.0,0,False,0.0,7.146353468274871,-0.0268843402654364,0.0,0.0,0.0,0.12,0.4,0.0,0.48
2024-02-01,0.051975649446866834,0.051975649446866834,0.0,0,False,0.0,7.416732477151142,0.0,0.0,0.0,0.0,0.2,0.0,0.0,0.8
2024-03-01,-0.0022473228737105886,-0.0022473228737105886,0.0,0,False,0.0,7.802221964424738,0.0,0.0,0.0,0.0,0.2,0.0,0.0,0.8
2024-04-01,-0.06428192983661479,-0.06428192983661479,0.0,0,False,0.0,7.78468785253832,-0.004783410692539625,0.0,0.0,0.0,0.2,0.0,0.0,0.8
2024-05-01,0.07857178600386412,0.07857178600386412,0.0,0,False,0.0,7.284273094201509,-0.06875785365863629,0.0,0.0,0.0,0.2,0.0,0.0,0.8
2024-06-01,0.07385143254748168,0.07385143254748168,0.0,0,False,0.0,7.839817041044101,-0.023131159100468257,0.0,0.0,0.0,0.2,0.0,0.0,0.8
2024-07-01,-0.061578088011267476,-0.061578088011267476,0.0,0,False,0.0,8.41879876043537,-0.01116395539906645,0.0,0.0,0.0,0.2,0.0,0.0,0.8
2024-08-01,0.012618601836716623,0.012618601836716623,0.0,0,False,0.0,7.900385229416136,-0.09763569918719828,0.0,0.0,0.0,0.12,0.4,0.0,0.48
2024-09-01,0.04555791532618461,0.04555791532618461,0.0,0,False,0.0,8.149916359781392,-0.06913481252857234,0.0,0.0,0.0,0.2,0.0,0.0,0.8
2024-10-01,0.014077663332048252,0.014077663332048252,0.0,0,False,0.0,8.521209559215803,-0.02672653513765555,0.0,0.0,0.0,0.2,0.0,0.0,0.8
2024-11-01,-0.017606689113556187,-0.02080668911355619,0.8,3,True,0.0032,8.613516540080845,-0.04165956866109477,0.0,0.0,0.8,0.0,0.0,0.0,0.2
2024-12-01,-0.02337010314362238,-0.02337010314362238,0.0,0,False,0.0,8.506191913708026,-0.05360051383172415,0.0,0.0,0.48,0.0,0.4,0.0,0.12
2025-01-01,-0.010216392079049586,-0.013416392079049586,0.8,3,True,0.0032,8.036500334337926,-0.10585843063901779,0.0,0.0,0.0,0.2,0.0,0.0,0.8
2025-02-01,0.029208975490653995,0.027288975490653993,0.48,3,True,0.00192,8.02569598410796,-0.10706052337449246,0.0,0.0,0.48,0.0,0.4,0.0,0.12
2025-03-01,0.028827397250911206,0.028827397250911206,0.0,0,False,0.0,8.206937997200848,-0.08689552477073526,0.0,0.0,0.48,0.0,0.4,0.0,0.12
2025-04-01,0.02623596847197638,0.02543596847197638,0.2,2,True,0.0008,8.436767840932509,-0.06132464085225087,0.0,0.0,0.8,0.2,0.0,0.0,0.0
2025-05-01,0.050541650597698905,0.050541650597698905,0.0,0,False,0.0,8.658114616012591,-0.036697583724230154,0.0,0.0,0.8,0.2,0.0,0.0,0.0
2025-06-01,-0.0022414203388160473,-0.0022414203388160473,0.0,0,False,0.0,8.90185945082651,-0.019800107533039846,0.0,0.0,0.8,0.2,0.0,0.0,0.0
2025-07-01,0.005810200548662055,0.005330200548662054,0.12,2,True,0.00048,8.877643326811985,-0.022466588877316895,0.0,0.0,0.48,0.0,0.4,0.0,0.12
2025-08-01,0.044594806972534824,0.044594806972534824,0.0,0,False,0.0,8.92922421494025,-0.016786923715676694,0.0,0.0,0.8,0.0,0.0,0.0,0.2
2025-09-01,0.09416774953830159,0.09416774953830159,0.0,0,False,0.0,9.170881905147452,0.0,0.0,0.0,0.8,0.0,0.0,0.0,0.2
2025-10-01,0.041348300979358446,0.041348300979358446,0.0,0,False,0.0,10.034483215436719,0.0,0.0,0.0,0.8,0.0,0.0,0.0,0.2
2025-11-01,0.034912371111683244,0.034912371111683244,0.0,0,False,0.0,10.424183816898243,-0.06251230264215368,0.0,0.0,0.8,0.0,0.0,0.0,0.2
2025-12-01,0.01941913594893494,0.01941913594893494,0.0,0,False,0.0,10.788116790850195,-0.029782384239359305,0.0,0.0,0.8,0.0,0.0,0.0,0.2
2026-01-01,0.06028102724522522,0.06028102724522522,0.0,0,False,0.0,10.396806274765975,-0.09119073014089762,0.0,0.0,0.8,0.0,0.0,0.0,0.2
2026-02-01,0.10915084537079135,0.10915084537079135,0.0,0,False,0.0,11.373836105237412,-0.08832980619627573,0.0,0.0,0.8,0.0,0.0,0.0,0.2
2026-03-01,-0.09191204139477083,-0.09191204139477083,0.0,0,False,0.0,12.466967988613236,-0.0007097854091496769,0.0,0.0,0.8,0.0,0.0,0.0,0.2
2026-04-01,0.013562390124820349,0.013562390124820349,0.0,0,False,0.0,11.321103510776535,-0.09255658897801322,0.0,0.0,0.8,0.0,0.0,0.0,0.2
2026-05-01,0.0205813196692735,0.017381319669273497,0.8,2,True,0.0032,11.437925870086811,-0.08319268906178656,0.0,0.8,0.0,0.0,0.0,0.0,0.2
2026-06-01,-0.0650463654074583,-0.0674463654074583,0.6000000000000001,2,True,0.0024000000000000002,11.645317478423472,-0.06656920811691125,0.0,0.2,0.0,0.0,0.0,0.0,0.8
2026-07-01,0.0,-0.00048,0.12,2,True,0.00048,10.882605743122909,-0.12770439145383738,0.0,0.0,0.0,0.12,0.4,0.0,0.48
2026-08-01,0.0,-0.004,1.0,3,True,0.004,10.73937628074718,-0.13918495355393268,1.0,0.0,0.0,0.0,0.0,0.0,0.0
