date,gross_return,net_return,turnover,operations,signal_changed,trade_cost,equity,drawdown,w__CASH,w_ivv.us,w_xlk.us
2005-08-01,-0.011786052227201083,-0.015786052227201083,1.0,3,True,0.004,0.996,0.0,0.0,0.2,0.8
2005-09-01,0.002814294425866093,0.002814294425866093,0.0,0,False,0.0,0.9842610919817079,-0.02642376436408389,0.0,0.2,0.8
2005-10-01,-0.022135660645399714,-0.022135660645399714,0.0,0,False,0.0,0.9889912219821128,-0.02174498329940644,0.0,0.2,0.8
2005-11-01,0.0756659126137524,0.0756659126137524,0.0,0,False,0.0,0.9670992479110374,-0.043399304373750724,0.0,0.2,0.8
2005-12-01,-0.026470110511302415,-0.026470110511302415,0.0,0,False,0.0,1.0402756950922996,0.0,0.0,0.2,0.8
2006-01-01,0.018834689698151764,0.018834689698151764,0.0,0,False,0.0,0.9938035691486989,-0.04467289408263775,0.0,0.2,0.8
2006-02-01,0.014167222779196376,0.014167222779196376,0.0,0,False,0.0,1.012521550994531,-0.026679604482450325,0.0,0.2,0.8
2006-03-01,0.007441926762448148,0.007441926762448148,0.0,0,False,0.0,1.0268661693762078,-0.012890357603617786,0.0,0.2,0.8
2006-04-01,-0.02043935654590845,-0.02043935654590845,0.0,0,False,0.0,1.0296946178304172,-0.010171416396442479,0.0,0.2,0.8
2006-05-01,-0.03522355073832855,-0.03522355073832855,0.0,0,False,0.0,1.0086483224031788,-0.031811452353075476,0.0,0.2,0.8
2006-06-01,-0.01303135585936366,-0.01303135585936366,0.0,0,False,0.0,0.9731201470418803,-0.0659144907853857,0.0,0.2,0.8
2006-07-01,-0.038380237185289025,-0.038380237185289025,0.0,0,False,0.0,0.9538843760099569,-0.08437865991610316,0.0,0.2,0.8
2006-08-01,0.03261833008331849,0.02941833008331849,0.8,2,True,0.0032,0.9143387903956371,-0.12233795876324982,0.0,1.0,0.0
2006-09-01,0.014807984833537803,0.014007984833537802,0.19999999999999998,2,True,0.0007999999999999999,0.9434076644728491,-0.09443512052971004,0.0,0.8,0.2
2006-10-01,0.031370863749784705,0.031370863749784705,0.0,0,False,0.0,0.9617924957345576,-0.07678775753643441,0.0,0.8,0.2
2006-11-01,0.0247612219204175,0.0247612219204175,0.0,0,False,0.0,0.9919647570738115,-0.047825792065977035,0.0,0.8,0.2
2006-12-01,0.006828444683155022,0.006828444683155022,0.0,0,False,0.0,1.0165270165609492,-0.024248795196424866,0.0,0.8,0.2
2007-01-01,0.021201009344893506,0.021201009344893506,0.0,0,False,0.0,1.0202040297427333,-0.02071927755080183,0.0,0.8,0.2
2007-02-01,-0.027533840689423262,-0.027533840689423262,0.0,0,False,0.0,1.041833384911007,0.0,0.0,0.8,0.2
2007-03-01,0.01226995702272653,0.01226995702272653,0.0,0,False,0.0,1.0131477104659445,-0.03744627757365704,0.0,0.8,0.2
2007-04-01,0.045734946785284114,0.045734946785284114,0.0,0,False,0.0,1.024142839755536,-0.027000216730872273,0.0,0.8,0.2
2007-05-01,0.03757891292940809,0.03757891292940809,0.0,0,False,0.0,1.0709819580322861,-0.0061984351111337155,0.0,0.8,0.2
2007-06-01,-0.010206312128298567,-0.010206312128298567,0.0,0,False,0.0,1.1112282957821482,0.0,0.0,0.8,0.2
2007-07-01,-0.028728537579839977,-0.028728537579839977,0.0,0,False,0.0,1.089766342080989,-0.020685544987553706,0.0,0.8,0.2
2007-08-01,0.021209190470951357,0.021209190470951357,0.0,0,False,0.0,1.0584589487692706,-0.05303556273515542,0.0,0.8,0.2
2007-09-01,0.033080180620103095,0.033080180620103095,0.0,0,False,0.0,1.0667871573434329,-0.045584619687221495,0.0,0.8,0.2
2007-10-01,-0.010442092005391281,-0.010442092005391281,0.0,0,False,0.0,1.1020766691915602,-0.014012386519870135,0.0,0.8,0.2
2007-11-01,-0.03302193345090006,-0.03302193345090006,0.0,0,False,0.0,1.0905686832148667,-0.02460592362521663,0.0,0.8,0.2
2007-12-01,-0.015175273889046848,-0.015175273889046848,0.0,0,False,0.0,1.0615832328843426,-0.050530229896423084,0.0,0.8,0.2
2008-01-01,-0.04785590140158065,-0.04785590140158065,0.0,0,False,0.0,1.0526331568825038,-0.05853509125881173,0.0,0.8,0.2
2008-02-01,-0.04707470315565543,-0.04707470315565543,0.0,0,False,0.0,1.0022584483147003,-0.10358974310457791,0.0,0.8,0.2
2008-03-01,0.02864047762979762,0.02864047762979762,0.0,0,False,0.0,0.9554401332002629,-0.1454635910623714,0.0,0.8,0.2
2008-04-01,0.0,-0.004,1.0,3,True,0.004,0.9788731773819487,-0.12450530311771224,1.0,0.0,0.0
2008-05-01,0.0,0.0,0.0,0,False,0.0,0.9788731773819487,-0.12450530311771224,1.0,0.0,0.0
2008-06-01,-0.08976186983521595,-0.09376186983521595,1.0,2,True,0.004,0.9788731773819487,-0.12450530311771224,0.0,0.0,1.0
2008-07-01,0.0,-0.004,1.0,2,True,0.004,0.8838938852464676,-0.20945386284906264,1.0,0.0,0.0
2008-08-01,0.0,0.0,0.0,0,False,0.0,0.8838938852464676,-0.20945386284906264,1.0,0.0,0.0
2008-09-01,0.0,0.0,0.0,0,False,0.0,0.8838938852464676,-0.20945386284906264,1.0,0.0,0.0
2008-10-01,0.0,0.0,0.0,0,False,0.0,0.8838938852464676,-0.20945386284906264,1.0,0.0,0.0
2008-11-01,0.0,0.0,0.0,0,False,0.0,0.8838938852464676,-0.20945386284906264,1.0,0.0,0.0
2008-12-01,0.0,0.0,0.0,0,False,0.0,0.8838938852464676,-0.20945386284906264,1.0,0.0,0.0
2009-01-01,0.0,0.0,0.0,0,False,0.0,0.8838938852464676,-0.20945386284906264,1.0,0.0,0.0
2009-02-01,0.0,0.0,0.0,0,False,0.0,0.8838938852464676,-0.20945386284906264,1.0,0.0,0.0
2009-03-01,0.0,0.0,0.0,0,False,0.0,0.8838938852464676,-0.20945386284906264,1.0,0.0,0.0
2009-04-01,0.0,0.0,0.0,0,False,0.0,0.8838938852464676,-0.20945386284906264,1.0,0.0,0.0
2009-05-01,0.07833408617119964,0.07433408617119963,1.0,2,True,0.004,0.8803583097054819,-0.21261604739766626,0.0,1.0,0.0
2009-06-01,-0.02517564944374917,-0.02517564944374917,0.0,0,False,0.0,0.9493203733994826,-0.1509370450046955,0.0,1.0,0.0
2009-07-01,0.08679415109710997,0.08679415109710997,0.0,0,False,0.0,0.9254206164689681,-0.17231275631533105,0.0,1.0,0.0
2009-08-01,-0.0017075361089631258,-0.0017075361089631258,0.0,0,False,0.0,0.9907510511311692,-0.11388184778359767,0.0,1.0,0.0
2009-09-01,0.028104466553635854,0.028104466553635854,0.0,0,False,0.0,0.9890593079363694,-0.11539492652531502,0.0,1.0,0.0
2009-10-01,0.012643629270900902,0.012643629270900902,0.0,0,False,0.0,1.0168562921758297,-0.09053357282466878,0.0,1.0,0.0
2009-11-01,0.06609640926481597,0.062096409264815966,1.0,2,True,0.004,1.0232537753894726,-0.08481172574952689,0.0,0.0,1.0
2009-12-01,0.05299292756700558,0.05299292756700558,0.0,0,False,0.0,1.0865236270065461,-0.028223782752225368,0.0,0.0,1.0
2010-01-01,-0.0888710809005473,-0.0888710809005473,0.0,0,False,0.0,1.1132140627002574,-0.021254111365103356,0.0,0.0,1.0
2010-02-01,0.034263181783118185,0.03346318178311818,0.19999999999999998,2,True,0.0007999999999999999,1.0134701004538567,-0.10894972736192099,0.0,0.2,0.8
2010-03-01,0.05036383715730098,0.05036383715730098,0.0,0,False,0.0,1.0481948107374621,-0.07841950989262558,0.0,0.2,0.8
2010-04-01,0.0268366788143843,0.0268366788143843,0.0,0,False,0.0,1.1009859234945714,-0.032005180161512325,0.0,0.2,0.8
2010-05-01,-0.0983328268203178,-0.0983328268203178,0.0,0,False,0.0,1.1154670482170377,-0.02756770265459374,0.0,0.2,0.8
2010-06-01,-0.05009416768932704,-0.05009416768932704,0.0,0,False,0.0,1.005780020140941,-0.12318971934394307,0.0,0.2,0.8
2010-07-01,0.10047739939571457,0.10047739939571457,0.0,0,False,0.0,0.9553963071534256,-0.16711280057485378,0.0,0.2,0.8
2010-08-01,-0.04913982696418916,-0.04913982696418916,0.0,0,False,0.0,1.029365991514615,-0.10262814348682991,0.0,0.2,0.8
2010-09-01,0.07957356658164196,0.07957356658164196,0.0,0,False,0.0,0.9787831248087658,-0.14672484123842022,0.0,0.2,0.8
2010-10-01,0.053425341744104585,0.053425341744104585,0.0,0,False,0.0,1.0566683889597235,-0.07882669358024474,0.0,0.2,0.8
2010-11-01,0.0071215991889115315,0.0071215991889115315,0.0,0,False,0.0,1.1131212587500892,-0.029612694879222468,0.0,0.2,0.8
2010-12-01,0.042952348587279365,0.042952348587279365,0.0,0,False,0.0,1.1210484622035644,-0.0233023649312587,0.0,0.2,0.8
2011-01-01,0.03603508300662131,0.03603508300662131,0.0,0,False,0.0,1.14852842695605,-0.010351959833805546,0.0,0.2,0.8
2011-02-01,-0.010929258047719737,-0.010929258047719737,0.0,0,False,0.0,1.1899157441568753,0.0,0.0,0.2,0.8
2011-03-01,0.005404905986326725,0.005404905986326725,0.0,0,False,0.0,1.1769108479339403,-0.03328826830324472,0.0,0.2,0.8
2011-04-01,0.024048916990107028,0.024048916990107028,0.0,0,False,0.0,1.1832719404213108,-0.028063282277545065,0.0,0.2,0.8
2011-05-01,-0.028419381891712517,-0.028419381891712517,0.0,0,False,0.0,1.2157196418368716,-0.0014108186010637347,0.0,0.2,0.8
2011-06-01,0.013634435044755078,0.013634435044755078,0.0,0,False,0.0,1.1811696410622543,-0.03321096472346985,0.0,0.2,0.8
2011-07-01,-0.01775049825696047,-0.01775049825696047,0.0,0,False,0.0,1.1972742218101544,-0.02002934242001042,0.0,0.2,0.8
2011-08-01,-0.062273005786081734,-0.062273005786081734,0.0,0,False,0.0,1.1760220078228103,-0.03742430986925582,0.0,0.2,0.8
2011-09-01,-0.050889150583946524,-0.050889150583946524,0.0,0,False,0.0,1.1027875825251006,-0.09736679139030957,0.0,0.2,0.8
2011-10-01,0.09924575549965625,0.09924575549965625,0.0,0,False,0.0,1.0723651494856172,-0.12226759620828309,0.0,0.2,0.8
2011-11-01,0.019513402097176648,0.019513402097176648,0.0,0,False,0.0,1.178792838917819,-0.047009459682972654,0.0,0.2,0.8
2011-12-01,0.010481770254649803,0.010481770254649803,0.0,0,False,0.0,1.2017950975728944,-0.028413372074961307,0.0,0.2,0.8
2012-01-01,0.05387503207685129,0.05387503207685129,0.0,0,False,0.0,1.1879141898130166,-0.03963533860668966,0.0,0.2,0.8
2012-02-01,0.061397594334843666,0.061397594334843666,0.0,0,False,0.0,1.25191310489374,0.0,0.0,0.2,0.8
2012-03-01,0.04693534589789859,0.04693534589789859,0.0,0,False,0.0,1.32877755785048,0.0,0.0,0.2,0.8
2012-04-01,-0.016321242097936173,-0.016321242097936173,0.0,0,False,0.0,1.377154481164509,-0.00835329361880166,0.0,0.2,0.8
2012-05-01,-0.09018851750487081,-0.09018851750487081,0.0,0,False,0.0,1.3546776094711657,-0.02453819958926995,0.0,0.2,0.8
2012-06-01,0.06677550103668146,0.06677550103668146,0.0,0,False,0.0,1.2325012441759187,-0.11251365325094609,0.0,0.2,0.8
2012-07-01,0.009064789974277732,0.009064789974277732,0.0,0,False,0.0,1.3082416351912474,-0.05797532053836285,0.0,0.2,0.8
2012-08-01,0.0408761269703756,0.0408761269703756,0.0,0,False,0.0,1.3201005708498617,-0.04943606466845685,0.0,0.2,0.8
2012-09-01,0.01685366648195843,0.01685366648195843,0.0,0,False,0.0,1.3752137397875153,-0.009750761964405164,0.0,0.2,0.8
2012-10-01,-0.03899525769331078,-0.03899525769331078,0.0,0,False,0.0,1.3983911334993007,-0.021664214599084297,0.0,0.2,0.8
2012-11-01,-0.008710657532768097,-0.008710657532768097,0.0,0,False,0.0,1.343860510892454,-0.05981467066138102,0.0,0.2,0.8
2012-12-01,0.03228634013391045,0.03228634013391045,0.0,0,False,0.0,1.3347556958338873,-0.0661845382741445,0.0,0.2,0.8
2013-01-01,0.005176351699252369,0.005176351699252369,0.0,0,False,0.0,1.3077955079857815,-0.08504629727781465,0.0,0.2,0.8
2013-02-01,-0.00015682550699294153,-0.00015682550699294153,0.0,0,False,0.0,1.3145651174858188,-0.08031017512399097,0.0,0.2,0.8
2013-03-01,0.019982131902261058,0.019982131902261058,0.0,0,False,0.0,1.3143589601447938,-0.08045440594705344,0.0,0.2,0.8
2013-04-01,0.015139892035272773,0.015139892035272773,0.0,0,False,0.0,1.3406226542533253,-0.06207992459654488,0.0,0.2,0.8
2013-05-01,0.04136835262237298,0.04136835262237298,0.0,0,False,0.0,1.3609195364987614,-0.04787991591722163,0.0,0.2,0.8
2013-06-01,-0.025534050051039838,-0.025534050051039838,0.0,0,False,0.0,1.4101382239055835,-0.01746909037941191,0.0,0.2,0.8
2013-07-01,0.04580845665711486,0.04580845665711486,0.0,0,False,0.0,1.3741316839174944,-0.04255708380235734,0.0,0.2,0.8
2013-08-01,-0.02326599983497877,-0.02326599983497877,0.0,0,False,0.0,1.4370785356013973,0.0,0.0,0.2,0.8
2013-09-01,0.03360259376317818,0.03360259376317818,0.0,0,False,0.0,1.402424695261555,-0.0310456578159074,0.0,0.2,0.8
2013-10-01,0.041407311126376634,0.041407311126376634,0.0,0,False,0.0,1.4495498025798785,-0.01127084875542217,0.0,0.2,0.8
2013-11-01,0.026796448103285367,0.026796448103285367,0.0,0,False,0.0,1.509571762248482,-0.005143365659408761,0.0,0.2,0.8
2013-12-01,0.02651822338826513,0.02651822338826513,0.0,0,False,0.0,1.5546986665172307,0.0,0.0,0.2,0.8
2014-01-01,-0.03909192625429623,-0.03909192625429623,0.0,0,False,0.0,1.5537992059497276,-0.03222996457664096,0.0,0.2,0.8
2014-02-01,0.05642785975413816,0.05642785975413816,0.0,0,False,0.0,1.52564675427512,-0.049764469067352435,0.0,0.2,0.8
2014-03-01,0.02628041299972437,0.02628041299972437,0.0,0,False,0.0,1.6279196397977855,0.0,0.0,0.2,0.8
2014-04-01,-0.006328542887661381,-0.006328542887661381,0.0,0,False,0.0,1.6707020402620347,0.0,0.0,0.2,0.8
2014-05-01,0.032780116298952056,0.032780116298952056,0.0,0,False,0.0,1.660128930747733,-0.007366046609151633,0.0,0.2,0.8
2014-06-01,0.0298139136854521,0.0298139136854521,0.0,0,False,0.0,1.7164905947593174,0.0,0.0,0.2,0.8
2014-07-01,-0.0035459520787099125,-0.0035459520787099125,0.0,0,False,0.0,1.7676658971933628,0.0,0.0,0.2,0.8
2014-08-01,0.03933238799450271,0.03933238799450271,0.0,0,False,0.0,1.7613978386307456,-0.02648137169092024,0.0,0.2,0.8
2014-09-01,-0.021999250379002987,-0.021999250379002987,0.0,0,False,0.0,1.830454611015133,0.0,0.0,0.2,0.8
2014-10-01,0.03676844401931088,0.03676844401931088,0.0,0,False,0.0,1.7901859817200103,-0.029231439339065357,0.0,0.2,0.8
2014-11-01,0.029633011047229596,0.029633011047229596,0.0,0,False,0.0,1.8496519203469337,0.0,0.0,0.2,0.8
2014-12-01,-0.009378965058991452,-0.009378965058991452,0.0,0,False,0.0,1.904462676136104,-0.010309590915397515,0.0,0.2,0.8
2015-01-01,-0.021948978254571604,-0.021948978254571604,0.0,0,False,0.0,1.8258476854353387,-0.05419417625404377,0.0,0.2,0.8
2015-02-01,0.07192837681976641,0.07192837681976641,0.0,0,False,0.0,1.7669307294142904,-0.08471369908532822,0.0,0.2,0.8
2015-03-01,-0.03961456269392512,-0.03961456269392512,0.0,0,False,0.0,1.8798276093480817,-0.026232081272466456,0.0,0.2,0.8
2015-04-01,0.03809397266431045,0.03809397266431045,0.0,0,False,0.0,1.8053590606637904,-0.06480747153823152,0.0,0.2,0.8
2015-05-01,0.007902684301489816,0.007902684301489816,0.0,0,False,0.0,1.8741323593699832,-0.029182272923140906,0.0,0.2,0.8
2015-06-01,-0.03258863748369487,-0.03258863748369487,0.0,0,False,0.0,1.888943035745291,-0.02151020691176231,0.0,0.2,0.8
2015-07-01,0.01496284411235993,0.01496284411235993,0.0,0,False,0.0,1.8273849559260378,-0.053397856060210414,0.0,0.2,0.8
2015-08-01,-0.08174536886282398,-0.08174536886282398,0.0,0,False,0.0,1.8639878103967178,-0.034437242203835705,0.0,0.2,0.8
2015-09-01,0.01717053555051993,0.01717053555051993,0.0,0,False,0.0,1.71161543928003,-0.11336752600008904,0.0,0.2,0.8
2015-10-01,0.11053615195133909,0.11053615195133909,0.0,0,False,0.0,1.7410047930290071,-0.09814357158502784,0.0,0.2,0.8
2015-11-01,0.005974415482539008,0.005974415482539008,0.0,0,False,0.0,1.9150467486064935,-0.008555212105715637,0.0,0.2,0.8
2015-12-01,-0.0418148912325792,-0.0418148912325792,0.0,0,False,0.0,1.9264880335511538,-0.0026319090148375635,0.0,0.2,0.8
2016-01-01,-0.023965826666997758,-0.023965826666997758,0.0,0,False,0.0,1.8621105531775481,-0.036225803301276116,0.0,0.2,0.8
2016-02-01,0.020089752914658556,0.020089752914658556,0.0,0,False,0.0,1.8174835344253073,-0.059323448645483,0.0,0.2,0.8
2016-03-01,0.06191245913873438,0.06191245913873438,0.0,0,False,0.0,1.8539963295583726,-0.0404254891561574,0.0,0.2,0.8
2016-04-01,-0.03947633558143302,-0.03947633558143302,0.0,0,False,0.0,1.9687818015555183,0.0,0.0,0.2,0.8
2016-05-01,0.033209328265902505,0.033209328265902505,0.0,0,False,0.0,1.8772760989642903,-0.04647833625794906,0.0,0.2,0.8
2016-06-01,-0.006531497012303511,-0.006531497012303511,0.0,0,False,0.0,1.9396191771805287,-0.014812522318089494,0.0,0.2,0.8
2016-07-01,0.06312333383453789,0.06312333383453789,0.0,0,False,0.0,1.9269505603197676,-0.02124727138512772,0.0,0.2,0.8
2016-08-01,0.010830758456537871,0.010830758456537871,0.0,0,False,0.0,2.048586103821481,0.0,0.0,0.2,0.8
2016-09-01,0.011227282054282273,0.011227282054282273,0.0,0,False,0.0,2.0707738450893918,-0.004905217116879967,0.0,0.2,0.8
2016-10-01,-0.014863859533329539,-0.014863859533329539,0.0,0,False,0.0,2.100192140858905,-0.0029011699375808275,0.0,0.2,0.8
2016-11-01,-0.00037654523167853643,-0.00037654523167853643,0.0,0,False,0.0,2.0689751798841756,-0.020357711871480277,0.0,0.2,0.8
2016-12-01,0.049274907222104904,0.049274907222104904,0.0,0,False,0.0,2.068196117145729,-0.027055510196706267,0.0,0.2,0.8
2017-01-01,0.029514387743200345,0.029514387743200345,0.0,0,False,0.0,2.0966268073054852,-0.04072144880344897,0.0,0.2,0.8
2017-02-01,0.052317809331934355,0.052317809331934355,0.0,0,False,0.0,2.158507463849087,-0.012408929689698756,0.0,0.2,0.8
2017-03-01,0.0029060376893529803,0.0029060376893529803,0.0,0,False,0.0,2.2714358457843016,0.0,0.0,0.2,0.8
2017-04-01,0.0258411646497672,0.0258411646497672,0.0,0,False,0.0,2.2805465698667673,-0.002026435339296695,0.0,0.2,0.8
2017-05-01,0.031351127943209316,0.031351127943209316,0.0,0,False,0.0,2.3394785492701575,0.0,0.0,0.2,0.8
2017-06-01,-0.02974087441104838,-0.02974087441104838,0.0,0,False,0.0,2.41282384058872,0.0,0.0,0.2,0.8
2017-07-01,0.05000557937538211,0.05000557937538211,0.0,0,False,0.0,2.353231834671244,-0.035487556060834535,0.0,0.2,0.8
2017-08-01,0.01899460366461798,0.01899460366461798,0.0,0,False,0.0,2.4709065559685737,-0.003867621784522046,0.0,0.2,0.8
2017-09-01,0.012978254282215974,0.012978254282215974,0.0,0,False,0.0,2.517840446691503,-0.0003291618710005162,0.0,0.2,0.8
2017-10-01,0.05513879181413862,0.05513879181413862,0.0,0,False,0.0,2.545454347844831,0.0,0.0,0.2,0.8
2017-11-01,0.012419549101875395,0.012419549101875395,0.0,0,False,0.0,2.6858076252030414,0.0,0.0,0.2,0.8
2017-12-01,0.022903968690489586,0.022903968690489586,0.0,0,False,0.0,2.719164144882443,-0.013659358204838545,0.0,0.2,0.8
2018-01-01,0.056145120330860235,0.056145120330860235,0.0,0,False,0.0,2.6261178367848674,-0.05996967006887266,0.0,0.2,0.8
2018-02-01,-0.02703380372137034,-0.02703380372137034,0.0,0,False,0.0,2.7735615387341714,-0.011278030677545736,0.0,0.2,0.8
2018-03-01,-0.04244321372341049,-0.04244321372341049,0.0,0,False,0.0,2.6985816204868907,-0.038006946331215374,0.0,0.2,0.8
2018-04-01,0.0361237468601205,0.0361237468601205,0.0,0,False,0.0,2.6467761008588937,-0.06772717385651816,0.0,0.2,0.8
2018-05-01,0.06461713423516145,0.06461713423516145,0.0,0,False,0.0,2.742387570721737,-0.03404998628034206,0.0,0.2,0.8
2018-06-01,-0.00872411208187529,-0.00872411208187529,0.0,0,False,0.0,2.9195927965039012,0.0,0.0,0.2,0.8
2018-07-01,0.023429846054419733,0.023429846054419733,0.0,0,False,0.0,2.8719878761211493,-0.03309850551437543,0.0,0.2,0.8
2018-08-01,0.048316583726525905,0.048316583726525905,0.0,0,False,0.0,2.9392781099288285,-0.031237129550108822,0.0,0.2,0.8
2018-09-01,0.008916638914182328,0.008916638914182328,0.0,0,False,0.0,3.0919107252016906,-0.002488021062719392,0.0,0.2,0.8
2018-10-01,-0.07155959102807341,-0.07155959102807341,0.0,0,False,0.0,3.1194801766932025,0.0,0.0,0.2,0.8
2018-11-01,-0.0032939376871638174,-0.0032939376871638174,0.0,0,False,0.0,2.896251451028854,-0.07396694375063351,0.0,0.2,0.8
2018-12-01,-0.10218755569039462,-0.10218755569039462,0.0,0,False,0.0,2.830110249074875,-0.09511460320806508,0.0,0.2,0.8
2019-01-01,0.07586120974030557,0.07586120974030557,0.0,0,False,0.0,2.5393653938147644,-0.18807591939822388,0.0,0.2,0.8
2019-02-01,0.06384662922896252,0.06384662922896252,0.0,0,False,0.0,2.7320047245622185,-0.1264823764264883,0.0,0.2,0.8
2019-03-01,0.04857428556589021,0.04857428556589021,0.0,0,False,0.0,2.9064340172631167,-0.07071122058922574,0.0,0.2,0.8
2019-04-01,0.04145920430590962,0.04145920430590962,0.0,0,False,0.0,3.047611973196073,-0.025571682044949196,0.0,0.2,0.8
2019-05-01,-0.09215140503281136,-0.09215140503281136,0.0,0,False,0.0,3.1739635406379434,-0.004154791436788985,0.0,0.2,0.8
2019-06-01,0.11764602108400016,0.11764602108400016,0.0,0,False,0.0,2.924251490758618,-0.0831302564988129,0.0,0.2,0.8
2019-07-01,0.010363612256360134,0.010363612256360134,0.0,0,False,0.0,3.2682780432953242,0.0,0.0,0.2,0.8
2019-08-01,-0.02070666793954077,-0.02070666793954077,0.0,0,False,0.0,3.302149209682012,-0.02751147070354798,0.0,0.2,0.8
2019-09-01,0.017624618635801028,0.017624618635801028,0.0,0,False,0.0,3.269773812411001,-0.0370460799771567,0.0,0.2,0.8
2019-10-01,0.057885774069226195,0.057885774069226195,0.0,0,False,0.0,3.327402328880075,-0.021392398935258683,0.0,0.2,0.8
2019-11-01,0.024609252815149675,0.024609252815149675,0.0,0,False,0.0,3.520011588327046,0.0,0.0,0.2,0.8
2019-12-01,0.07181441659129653,0.07181441659129653,0.0,0,False,0.0,3.6546453836701285,-0.003092323524836349,0.0,0.2,0.8
2020-01-01,0.026938478916333854,0.026938478916333854,0.0,0,False,0.0,3.618888783245658,-0.0631300977253606,0.0,0.2,0.8
2020-02-01,-0.03506634269762978,-0.03506634269762978,0.0,0,False,0.0,3.6721481595561842,-0.049342134163103846,0.0,0.2,0.8
2020-03-01,-0.18153411837415884,-0.18153411837415884,0.0,0,False,0.0,3.355270181811212,-0.13813952461305845,0.0,0.2,0.8
2020-04-01,0.1589490639490764,0.1589490639490764,0.0,0,False,0.0,2.746174167449009,-0.29459660617396044,0.0,0.2,0.8
2020-05-01,0.09767002840715353,0.09767002840715353,0.0,0,False,0.0,3.182675980806163,-0.18247339701880994,0.0,0.2,0.8
2020-06-01,0.061485205083593765,0.061485205083593765,0.0,0,False,0.0,3.4935280342622677,-0.10262555048203292,0.0,0.2,0.8
2020-07-01,0.07667062449998122,0.07667062449998122,0.0,0,False,0.0,3.708328321914169,-0.04745029841664328,0.0,0.2,0.8
2020-08-01,0.10461672854710798,0.10461672854710798,0.0,0,False,0.0,3.909954927262116,0.0,0.0,0.2,0.8
2020-09-01,-0.057093348782860036,-0.057093348782860036,0.0,0,False,0.0,4.319001620518924,0.0,0.0,0.2,0.8
2020-10-01,-0.050120343326691776,-0.050120343326691776,0.0,0,False,0.0,4.072415354604901,-0.06651723052725256,0.0,0.2,0.8
2020-11-01,0.12185401376268282,0.12185401376268282,0.0,0,False,0.0,3.851477577499905,-0.11716078971625232,0.0,0.2,0.8
2020-12-01,0.022606146301319054,0.022606146301319054,0.0,0,False,0.0,4.320795579235243,-0.009583288436100346,0.0,0.2,0.8
2021-01-01,0.030549367758276436,0.030549367758276436,0.0,0,False,0.0,4.323993095135192,-0.038842636822495336,0.0,0.2,0.8
2021-02-01,0.023738026214559005,0.023738026214559005,0.0,0,False,0.0,4.4560883503827275,-0.015250171173377458,0.0,0.2,0.8
2021-03-01,0.011499189573783975,0.011499189573783975,0.0,0,False,0.0,4.561867092458503,-0.022948289727607096,0.0,0.2,0.8
2021-04-01,0.03147101395857037,0.03147101395857037,0.0,0,False,0.0,4.614324866965093,-0.01171298688779443,0.0,0.2,0.8
2021-05-01,-0.008471035710608631,-0.008471035710608631,0.0,0,False,0.0,4.767663621731883,-0.021072547859279478,0.0,0.2,0.8
2021-06-01,0.0665718645461546,0.0665718645461546,0.0,0,False,0.0,4.727276572936023,-0.029365077264458583,0.0,0.2,0.8
2021-07-01,0.030079988879682995,0.030079988879682995,0.0,0,False,0.0,5.041980188621731,0.0,0.0,0.2,0.8
2021-08-01,0.03817192913584875,0.03817192913584875,0.0,0,False,0.0,5.210498161511566,-0.006558887656185286,0.0,0.2,0.8
2021-09-01,-0.04271717508790352,-0.04271717508790352,0.0,0,False,0.0,5.409392928095258,-0.00416398799933837,0.0,0.2,0.8
2021-10-01,0.06320333772839444,0.06320333772839444,0.0,0,False,0.0,5.178318943266545,-0.04670328928281042,0.0,0.2,0.8
2021-11-01,0.021209298029767565,0.021209298029767565,0.0,0,False,0.0,5.505605984303163,-0.0007902853212023997,0.0,0.2,0.8
2021-12-01,0.05827775736808123,0.05827775736808123,0.0,0,False,0.0,5.622376022458718,-0.03068742266427882,0.0,0.2,0.8
2022-01-01,-0.07022109057971145,-0.07022109057971145,0.0,0,False,0.0,5.598983208737144,-0.06364460993803167,0.0,0.2,0.8
2022-02-01,-0.06627620087695159,-0.06627620087695159,0.0,0,False,0.0,5.205816501682132,-0.12939650659837376,0.0,0.2,0.8
2022-03-01,0.05243842324295272,0.05243842324295272,0.0,0,False,0.0,4.860794761488098,-0.18709679861123574,0.0,0.2,0.8
2022-04-01,-0.092138541552028,-0.092138541552028,0.0,0,False,0.0,5.115687174488141,-0.14446943648125998,0.0,0.2,0.8
2022-05-01,-0.02198423400694867,-0.02198423400694867,0.0,0,False,0.0,4.582835049068116,-0.23358185942341636,0.0,0.2,0.8
2022-06-01,-0.08344501297419775,-0.08344501297419775,0.0,0,False,0.0,4.482084930934155,-0.2504309751730227,0.0,0.2,0.8
2022-07-01,0.0,-0.004,1.0,3,True,0.004,4.091644986538017,-0.31572685708606707,1.0,0.0,0.0
2022-08-01,0.0,0.0,0.0,0,False,0.0,4.091644986538017,-0.31572685708606707,1.0,0.0,0.0
2022-09-01,0.0,0.0,0.0,0,False,0.0,4.091644986538017,-0.31572685708606707,1.0,0.0,0.0
2022-10-01,0.0,0.0,0.0,0,False,0.0,4.091644986538017,-0.31572685708606707,1.0,0.0,0.0
2022-11-01,0.0,0.0,0.0,0,False,0.0,4.091644986538017,-0.31572685708606707,1.0,0.0,0.0
2022-12-01,0.0,0.0,0.0,0,False,0.0,4.091644986538017,-0.31572685708606707,1.0,0.0,0.0
2023-01-01,0.07879120591849009,0.07479120591849009,1.0,2,True,0.004,4.091644986538017,-0.31572685708606707,0.0,1.0,0.0
2023-02-01,-0.039062689315918275,-0.039062689315918275,0.0,0,False,0.0,4.396374506700821,-0.26476490237433004,0.0,1.0,0.0
2023-03-01,0.0,-0.004,1.0,2,True,0.004,4.207741734048226,-0.2963112219167724,1.0,0.0,0.0
2023-04-01,0.0009995752819507153,-0.0030004247180492848,1.0,2,True,0.004,4.207741734048226,-0.2963112219167724,0.0,0.0,1.0
2023-05-01,0.08274180327402952,0.08194180327402953,0.19999999999999998,2,True,0.0007999999999999999,4.19174381800536,-0.2989866603594383,0.0,0.2,0.8
2023-06-01,0.048757410643406864,0.048757410643406864,0.0,0,False,0.0,4.53857626036989,-0.2409835525184283,0.0,0.2,0.8
2023-07-01,0.029422345268913432,0.029422345268913432,0.0,0,False,0.0,4.766557054204488,-0.20285680036019482,0.0,0.2,0.8
2023-08-01,-0.013261015789215347,-0.013261015789215347,0.0,0,False,0.0,4.906800341597267,-0.17940297791162607,0.0,0.2,0.8
2023-09-01,-0.056863980210998616,-0.056863980210998616,0.0,0,False,0.0,4.841731184792819,-0.19028492797812313,0.0,0.2,0.8
2023-10-01,0.004987759901852918,0.004987759901852918,0.0,0,False,0.0,4.527962877716279,-0.24275849944789785,0.0,0.2,0.8
2023-11-01,0.10529578157445738,0.10529578157445738,0.0,0,False,0.0,4.550547269394828,-0.23898156065542553,0.0,0.2,0.8
2023-12-01,0.015761901489003183,0.015761901489003183,0.0,0,False,0.0,5.029700700717269,-0.15884952929206475,0.0,0.2,0.8
2024-01-01,0.06139031764037357,0.06139031764037357,0.0,0,False,0.0,5.224466738530191,-0.12627750281722983,0.0,0.2,0.8
2024-02-01,0.051975649446866834,0.051975649446866834,0.0,0,False,0.0,5.545198411110126,-0.07263940118563927,0.0,0.2,0.8
2024-03-01,-0.0022473228737105886,-0.0022473228737105886,0.0,0,False,0.0,5.833413699839305,-0.024439231790828075,0.0,0.2,0.8
2024-04-01,-0.06428192983661479,-0.06428192983661479,0.0,0,False,0.0,5.820304135799845,-0.026631631819918233,0.0,0.2,0.8
2024-05-01,0.07857178600386412,0.07857178600386412,0.0,0,False,0.0,5.446163753714599,-0.08920162896845085,0.0,0.2,0.8
2024-06-01,0.07385143254748168,0.07385143254748168,0.0,0,False,0.0,5.861522056150861,-0.023131159100468146,0.0,0.2,0.8
2024-07-01,-0.061578088011267476,-0.061578088011267476,0.0,0,False,0.0,6.294403856906266,-0.011163955399065895,0.0,0.2,0.8
2024-08-01,0.0017397252846066192,0.0017397252846066192,0.0,0,False,0.0,5.906806502227229,-0.09763569918719828,0.0,0.2,0.8
2024-09-01,0.04555791532618461,0.04555791532618461,0.0,0,False,0.0,6.16899427734403,-0.05758209521596147,0.0,0.2,0.8
2024-10-01,0.014077663332048252,0.014077663332048252,0.0,0,False,0.0,6.450040796278991,-0.02597616746015108,0.0,0.2,0.8
2024-11-01,0.05451434199320389,0.05451434199320389,0.0,0,False,0.0,6.54084229908698,-0.038583034371082126,0.0,0.2,0.8
2024-12-01,-0.018555433450266112,-0.018555433450266112,0.0,0,False,0.0,6.841807542691071,-0.010313146879324053,0.0,0.2,0.8
2025-01-01,-0.010216392079049586,-0.010216392079049586,0.0,0,False,0.0,6.515464268453174,-0.06604031402880384,0.0,0.2,0.8
2025-02-01,-0.036357210483248914,-0.036357210483248914,0.0,0,False,0.0,6.527593112054932,-0.0643017040856354,0.0,0.2,0.8
2025-03-01,-0.045575740174514025,-0.045575740174514025,0.0,0,False,0.0,6.469928548512076,-0.07256763502150365,0.0,0.2,0.8
2025-04-01,0.01850942040203558,0.01850942040203558,0.0,0,False,0.0,6.175056766037422,-0.11483605151719833,0.0,0.2,0.8
2025-05-01,0.08702377979283225,0.08702377979283225,0.0,0,False,0.0,6.289353487726441,-0.09845217987000465,0.0,0.2,0.8
2025-06-01,0.07172758061477445,0.07172758061477445,0.0,0,False,0.0,6.780762070423376,-0.028011181858340284,0.0,0.2,0.8
2025-07-01,0.02073043685214611,0.02073043685214611,0.0,0,False,0.0,7.267129728459273,-0.007273627690250306,0.0,0.2,0.8
2025-08-01,0.01450433543495895,0.01450433543495895,0.0,0,False,0.0,7.4177805023914525,-0.027069580052418107,0.0,0.2,0.8
2025-09-01,0.08639026254081209,0.08639026254081209,0.0,0,False,0.0,7.598167032570439,-0.01742963029945177,0.0,0.2,0.8
2025-10-01,0.05301916825633653,0.05301916825633653,0.0,0,False,0.0,8.254574677343138,0.0,0.0,0.2,0.8
2025-11-01,-0.04211730954620494,-0.04211730954620494,0.0,0,False,0.0,8.660056461522036,-0.010685888920861086,0.0,0.2,0.8
2025-12-01,0.008250031996732821,0.008250031996732821,0.0,0,False,0.0,8.295318182844504,-0.05235313757560933,0.0,0.2,0.8
2026-01-01,0.008921831442707397,0.008921831442707397,0.0,0,False,0.0,7.997714210133638,-0.08635104636803359,0.0,0.2,0.8
2026-02-01,-0.034104705181181895,-0.034104705181181895,0.0,0,False,0.0,7.999698151321856,-0.08612440338691951,0.0,0.2,0.8
2026-03-01,-0.03565016901830287,-0.03565016901830287,0.0,0,False,0.0,7.692345808158026,-0.12123595393121855,0.0,0.2,0.8
2026-04-01,0.17991330766429894,0.17991330766429894,0.0,0,False,0.0,7.4181123799499575,-0.15256404070077856,0.0,0.2,0.8
2026-05-01,0.17799228717305673,0.17799228717305673,0.0,0,False,0.0,8.752729514852241,-9.903422958712493e-05,0.0,0.2,0.8
2026-06-01,-0.044829483230894175,-0.044829483230894175,0.0,0,False,0.0,10.310647860207913,0.0,0.0,0.2,0.8
2026-07-01,0.0,0.0,0.0,0,False,0.0,9.848426844859066,-0.054553606090554596,0.0,0.2,0.8
2026-08-01,0.0,0.0,0.0,0,False,0.0,9.633164069780312,-0.07521877603568006,0.0,0.2,0.8
