date,gross_return,net_return,turnover,operations,signal_changed,trade_cost,equity,drawdown,w__CASH,w_dbc.us,w_iau.us,w_ivv.us,w_rsp.us,w_vt.us,w_xle.us,w_xlf.us,w_xli.us,w_xlk.us,w_xlp.us,w_xlv.us
2005-12-01,0.008716416854843534,0.006716416854843534,0.5,3,True,0.002,0.998,0.0,0.5,0.0,0.0,0.0,0.25,0.0,0.25,0.0,0.0,0.0,0.0,0.0
2006-01-01,0.014988913650251373,0.013988913650251372,0.25,2,True,0.001,0.9907743825495998,-0.018054364936839207,0.5,0.0,0.0,0.0,0.0,0.0,0.25,0.25,0.0,0.0,0.0,0.0
2006-02-01,-0.011391888408369355,-0.012391888408369356,0.25,2,True,0.001,1.0036147698130977,-0.00968021051744583,0.5,0.0,0.0,0.0,0.25,0.0,0.25,0.0,0.0,0.0,0.0,0.0
2006-03-01,0.008834650978820302,0.008834650978820302,0.0,0,False,0.0,0.9921817023503956,-0.020961823047830896,0.5,0.0,0.0,0.0,0.25,0.0,0.25,0.0,0.0,0.0,0.0,0.0
2006-04-01,0.01651152840411607,0.01651152840411607,0.0,0,False,0.0,0.9997668262409549,-0.013477180015029955,0.5,0.0,0.0,0.0,0.25,0.0,0.25,0.0,0.0,0.0,0.0,0.0
2006-05-01,-0.012620756955529389,-0.01362075695552939,0.25,2,True,0.001,1.0152582300853357,-0.009876164949530697,0.5,0.0,0.0,0.0,0.0,0.0,0.25,0.0,0.25,0.0,0.0,0.0
2006-06-01,-0.005187377574325691,-0.006187377574325691,0.25,2,True,0.001,1.0014424578136112,-0.026944889138725392,0.5,0.0,0.0,0.0,0.0,0.0,0.0,0.25,0.25,0.0,0.0,0.0
2006-07-01,-0.014489583376188692,-0.014489583376188692,0.0,0,False,0.0,0.9925172126870943,-0.03561713517571474,0.5,0.0,0.0,0.0,0.0,0.0,0.0,0.25,0.25,0.0,0.0,0.0
2006-08-01,-0.0053356409619447764,-0.0063356409619447765,0.25,2,True,0.001,0.9771579157297806,-0.05054105046105184,0.5,0.0,0.0,0.0,0.0,0.0,0.25,0.25,0.0,0.0,0.0,0.0
2006-09-01,-0.02057511908565518,-0.02157511908565518,0.25,2,True,0.001,0.9709722077763959,-0.05655141550137299,0.5,0.0,0.0,0.0,0.0,0.0,0.25,0.0,0.0,0.0,0.25,0.0
2006-10-01,0.009000875905158967,0.008000875905158966,0.25,2,True,0.001,0.9552169122094054,-0.07186010423827838,0.5,0.0,0.0,0.0,0.0,0.0,0.0,0.25,0.0,0.0,0.25,0.0
2006-11-01,0.0008358815682472098,0.0008358815682472098,0.0,0,False,0.0,0.9628508863976126,-0.06444252618168611,0.5,0.0,0.0,0.0,0.0,0.0,0.0,0.25,0.0,0.0,0.25,0.0
2006-12-01,-0.006799278681387216,-0.007799278681387216,0.25,2,True,0.001,0.9626920599908163,-0.06459685042235219,0.5,0.0,0.0,0.0,0.0,0.0,0.25,0.25,0.0,0.0,0.0,0.0
2007-01-01,0.007032380811053729,0.006032380811053729,0.25,2,True,0.001,0.9630369579624483,-0.06426172908671912,0.5,0.0,0.0,0.0,0.0,0.0,0.0,0.25,0.0,0.0,0.25,0.0
2007-02-01,-0.013673741441398185,-0.013673741441398185,0.0,0,False,0.0,0.9688395911853729,-0.05862357996495393,0.5,0.0,0.0,0.0,0.0,0.0,0.0,0.25,0.0,0.0,0.25,0.0
2007-03-01,-0.00019620835326200625,-0.00019620835326200625,0.0,0,False,0.0,0.9555919291173142,-0.07149571773154217,0.5,0.0,0.0,0.0,0.0,0.0,0.0,0.25,0.0,0.0,0.25,0.0
2007-04-01,0.02777220598449487,0.025772205984494867,0.5,4,True,0.002,0.9569585567504904,-0.0701678291516934,0.5,0.0,0.0,0.0,0.25,0.0,0.0,0.0,0.0,0.0,0.0,0.25
2007-05-01,0.02093380253776267,0.019933802537762668,0.25,2,True,0.001,0.9805867677572823,-0.047209394244845604,0.5,0.0,0.0,0.0,0.25,0.0,0.0,0.0,0.25,0.0,0.0,0.0
2007-06-01,-0.003451909757769711,-0.003451909757769711,0.0,0,False,0.0,1.0011141775246561,-0.02726386384413193,0.5,0.0,0.0,0.0,0.25,0.0,0.0,0.0,0.25,0.0,0.0,0.0
2007-07-01,-0.0025158291358868823,-0.0035158291358868823,0.25,2,True,0.001,0.9931965799027181,-0.03495702561459457,0.5,0.0,0.0,0.0,0.0,0.0,0.25,0.0,0.25,0.0,0.0,0.0
2007-08-01,0.007666371674590666,0.007666371674590666,0.0,0,False,0.0,0.9897071691423266,-0.038347523938089156,0.5,0.0,0.0,0.0,0.0,0.0,0.25,0.0,0.25,0.0,0.0,0.0
2007-09-01,0.030266490739400576,0.030266490739400576,0.0,0,False,0.0,0.9915853558284159,-0.036522577192730665,0.5,0.0,0.0,0.0,0.0,0.0,0.25,0.0,0.25,0.0,0.0,0.0
2007-10-01,-0.015942431326424228,-0.015942431326424228,0.0,0,False,0.0,1.021597164817922,-0.007361496697712688,0.5,0.0,0.0,0.0,0.0,0.0,0.25,0.0,0.25,0.0,0.0,0.0
2007-11-01,-0.0077448147808049095,-0.0077448147808049095,0.0,0,False,0.0,1.0053104221745426,-0.023186567868573982,0.5,0.0,0.0,0.0,0.0,0.0,0.25,0.0,0.25,0.0,0.0,0.0
2007-12-01,0.016353919017197294,0.016353919017197294,0.0,0,False,0.0,0.9990967520679424,-0.029224102434098342,0.5,0.0,0.0,0.0,0.0,0.0,0.25,0.0,0.25,0.0,0.0,0.0
2008-01-01,-0.029893566133993493,-0.029893566133993493,0.0,0,False,0.0,1.0154604257393651,-0.013324280957378365,0.5,0.0,0.0,0.0,0.0,0.0,0.25,0.0,0.25,0.0,0.0,0.0
2008-02-01,0.012694127198820349,0.012694127198820349,0.0,0,False,0.0,0.9851046923460723,-0.042819536817384485,0.5,0.0,0.0,0.0,0.0,0.0,0.25,0.0,0.25,0.0,0.0,0.0
2008-03-01,-0.005033317776394902,-0.006033317776394902,0.25,2,True,0.001,0.9908956377133041,-0.037192744241997144,0.75,0.0,0.0,0.0,0.0,0.0,0.25,0.0,0.0,0.0,0.0,0.0
2008-04-01,0.014555538062567791,0.01355553806256779,0.25,2,True,0.001,0.9839373147034234,-0.043953823438270034,0.5,0.0,0.0,0.0,0.0,0.0,0.25,0.0,0.0,0.0,0.25,0.0
2008-05-01,0.021296103016406998,0.021296103016406998,0.0,0,False,0.0,0.99825905173877,-0.03003805692575312,0.5,0.0,0.0,0.0,0.0,0.0,0.25,0.0,0.0,0.0,0.25,0.0
2008-06-01,-0.00668010533745933,-0.00668010533745933,0.0,0,False,0.0,1.0201413739752576,-0.011956206373621825,0.5,0.0,0.0,0.0,0.0,0.0,0.25,0.0,0.0,0.0,0.25,0.0
2008-07-01,-0.052335433954426976,-0.05633543395442697,1.0,6,True,0.004,1.0092734152494507,-0.022482217221096445,0.5,0.4,0.1,0.0,0.0,0.0,0.0,0.0,0.0,0.0,0.0,0.0
2008-08-01,0.0,-0.002,0.5,3,True,0.002,0.9545397477775368,-0.07549375251183754,1.0,0.0,0.0,0.0,0.0,0.0,0.0,0.0,0.0,0.0,0.0,0.0
2008-09-01,0.0,0.0,0.0,0,False,0.0,0.9545397477775368,-0.07549375251183754,1.0,0.0,0.0,0.0,0.0,0.0,0.0,0.0,0.0,0.0,0.0,0.0
2008-10-01,0.0,0.0,0.0,0,False,0.0,0.9545397477775368,-0.07549375251183754,1.0,0.0,0.0,0.0,0.0,0.0,0.0,0.0,0.0,0.0,0.0,0.0
2008-11-01,0.0,0.0,0.0,0,False,0.0,0.9545397477775368,-0.07549375251183754,1.0,0.0,0.0,0.0,0.0,0.0,0.0,0.0,0.0,0.0,0.0,0.0
2008-12-01,0.0,0.0,0.0,0,False,0.0,0.9545397477775368,-0.07549375251183754,1.0,0.0,0.0,0.0,0.0,0.0,0.0,0.0,0.0,0.0,0.0,0.0
2009-01-01,0.0,0.0,0.0,0,False,0.0,0.9545397477775368,-0.07549375251183754,1.0,0.0,0.0,0.0,0.0,0.0,0.0,0.0,0.0,0.0,0.0,0.0
2009-02-01,0.0,0.0,0.0,0,False,0.0,0.9545397477775368,-0.07549375251183754,1.0,0.0,0.0,0.0,0.0,0.0,0.0,0.0,0.0,0.0,0.0,0.0
2009-03-01,0.0,0.0,0.0,0,False,0.0,0.9545397477775368,-0.07549375251183754,1.0,0.0,0.0,0.0,0.0,0.0,0.0,0.0,0.0,0.0,0.0,0.0
2009-04-01,0.0,0.0,0.0,0,False,0.0,0.9545397477775368,-0.07549375251183754,1.0,0.0,0.0,0.0,0.0,0.0,0.0,0.0,0.0,0.0,0.0,0.0
2009-05-01,0.06273018208861936,0.060730182088619356,0.5,2,True,0.002,0.9526306682819817,-0.07734276500681381,0.5,0.0,0.0,0.0,0.0,0.5,0.0,0.0,0.0,0.0,0.0,0.0
2009-06-01,-0.014222998622163419,-0.014222998622163419,0.0,0,False,0.0,1.0123893635665135,-0.019464308650309237,0.5,0.0,0.0,0.0,0.0,0.5,0.0,0.0,0.0,0.0,0.0,0.0
2009-07-01,0.05264804946257562,0.05264804946257562,0.0,0,False,0.0,0.9979901510434142,-0.0334104664373579,0.5,0.0,0.0,0.0,0.0,0.5,0.0,0.0,0.0,0.0,0.0,0.0
2009-08-01,-0.00841199806229459,-0.00841199806229459,0.0,0,False,0.0,1.0389173115296195,0.0,0.5,0.0,0.0,0.0,0.0,0.5,0.0,0.0,0.0,0.0,0.0,0.0
2009-09-01,0.024004913841318865,0.024004913841318865,0.0,0,False,0.0,1.0301779411181484,-0.01596499719029043,0.5,0.0,0.0,0.0,0.0,0.5,0.0,0.0,0.0,0.0,0.0,0.0
2009-10-01,0.030102040816326503,0.0281020408163265,0.5,2,True,0.002,1.0527974592882445,-0.024386801612613862,0.5,0.0,0.5,0.0,0.0,0.0,0.0,0.0,0.0,0.0,0.0,0.0
2009-11-01,0.058967677500110074,0.05856767750011008,0.09999999999999999,2,True,0.00039999999999999996,1.078043112648728,-0.007909045971329465,0.5,0.0,0.4,0.0,0.0,0.0,0.0,0.0,0.0,0.1,0.0,0.0
2009-12-01,-0.02057304766883137,-0.02057304766883137,0.0,0,False,0.0,1.1411561661221141,0.0,0.5,0.0,0.4,0.0,0.0,0.0,0.0,0.0,0.0,0.1,0.0,0.0
2010-01-01,-0.014346616734276774,-0.014346616734276774,0.0,0,False,0.0,1.0889720781781949,-0.05141960469034457,0.5,0.0,0.4,0.0,0.0,0.0,0.0,0.0,0.0,0.1,0.0,0.0
2010-02-01,0.007696672216371981,0.007696672216371981,0.0,0,False,0.0,1.0733490131382435,-0.06502852406350079,0.5,0.0,0.4,0.0,0.0,0.0,0.0,0.0,0.0,0.1,0.0,0.0
2010-03-01,0.05927559242565278,0.05567559242565278,0.9,6,True,0.0036,1.0777164318429364,-0.0612241586032668,0.0,0.0,0.0,0.1,0.25,0.0,0.0,0.0,0.25,0.4,0.0,0.0
2010-04-01,0.04520697396747482,0.04360697396747482,0.4,3,True,0.0016,1.1397721538683954,-0.0071687401864655165,0.0,0.0,0.4,0.0,0.25,0.0,0.0,0.0,0.25,0.1,0.0,0.0
2010-05-01,-0.0549839556591933,-0.0549839556591933,0.0,0,False,0.0,1.1778966221984275,-0.00942412654762892,0.0,0.0,0.4,0.0,0.25,0.0,0.0,0.0,0.25,0.1,0.0,0.0
2010-06-01,-0.039563133604761005,-0.039563133604761005,0.0,0,False,0.0,1.1131312065523553,-0.063889906450601,0.0,0.0,0.4,0.0,0.25,0.0,0.0,0.0,0.25,0.1,0.0,0.0
2010-07-01,0.0627785538368443,0.0627785538368443,0.0,0,False,0.0,1.0690922479078957,-0.1009253551504612,0.0,0.0,0.4,0.0,0.25,0.0,0.0,0.0,0.25,0.1,0.0,0.0
2010-08-01,-0.006387155762205526,-0.006387155762205526,0.0,0,False,0.0,1.1210569277972768,-0.05722461163867176,0.0,0.0,0.4,0.0,0.25,0.0,0.0,0.0,0.25,0.1,0.0,0.0
2010-09-01,0.06578048700921002,0.06578048700921002,0.0,0,False,0.0,1.1138965625811361,-0.06324626489290941,0.0,0.0,0.4,0.0,0.25,0.0,0.0,0.0,0.25,0.1,0.0,0.0
2010-10-01,0.029826077898412896,0.029826077898412896,0.0,0,False,0.0,1.1871692209456082,-0.0016261479898684872,0.0,0.0,0.4,0.0,0.25,0.0,0.0,0.0,0.25,0.1,0.0,0.0
2010-11-01,0.02926657550583245,0.02926657550583245,0.0,0,False,0.0,1.2225778226081305,-0.0072139972275209185,0.0,0.0,0.4,0.0,0.25,0.0,0.0,0.0,0.25,0.1,0.0,0.0
2010-12-01,0.03803699566961003,0.03803699566961003,0.0,0,False,0.0,1.2583584887652477,-0.009099774166110297,0.0,0.0,0.4,0.0,0.25,0.0,0.0,0.0,0.25,0.1,0.0,0.0
2011-01-01,0.014501429763375782,0.013501429763375782,0.25,2,True,0.001,1.261583185992676,-0.028611564448818072,0.0,0.0,0.4,0.0,0.0,0.0,0.25,0.0,0.25,0.1,0.0,0.0
2011-02-01,0.033008242953915023,0.033008242953915023,0.0,0,False,0.0,1.2785980680090496,-0.015510518234439497,0.0,0.0,0.4,0.0,0.0,0.0,0.25,0.0,0.25,0.1,0.0,0.0
2011-03-01,0.02141353439823196,0.02141353439823196,0.0,0,False,0.0,1.3208023436782992,-0.004584767402924905,0.0,0.0,0.4,0.0,0.0,0.0,0.25,0.0,0.25,0.1,0.0,0.0
2011-04-01,0.0367923349967707,0.0367923349967707,0.0,0,False,0.0,1.3490853900979198,0.0,0.0,0.0,0.4,0.0,0.0,0.0,0.25,0.0,0.25,0.1,0.0,0.0
2011-05-01,-0.03401577842825674,-0.03441577842825674,0.1,2,True,0.0004,1.4123764323035408,0.0,0.0,0.1,0.4,0.0,0.0,0.0,0.25,0.0,0.25,0.0,0.0,0.0
2011-06-01,-0.0010032191425844994,-0.0010032191425844994,0.0,0,False,0.0,1.3637876151856019,-0.03440217211688534,0.0,0.1,0.4,0.0,0.0,0.0,0.25,0.0,0.25,0.0,0.0,0.0
2011-07-01,0.00985618573503063,0.00945618573503063,0.1,2,True,0.0004,1.36187446956869,-0.03575672999051949,0.0,0.0,0.4,0.1,0.0,0.0,0.25,0.0,0.25,0.0,0.0,0.0
2011-08-01,0.0008091217280584151,-0.00019087827194158493,0.25,2,True,0.001,1.373922059931267,-0.028232208773289802,0.0,0.0,0.4,0.1,0.25,0.0,0.25,0.0,0.0,0.0,0.0,0.0
2011-09-01,-0.08077089843559088,-0.08317089843559088,0.6,6,True,0.0024000000000000002,1.3717336491703218,-0.029780060105967787,0.0,0.1,0.4,0.0,0.0,0.0,0.0,0.0,0.0,0.0,0.25,0.25
2011-10-01,0.03687231910925633,0.03547231910925633,0.35,4,True,0.0014,1.2675864269611277,-0.10344283839609081,0.25,0.0,0.4,0.0,0.0,0.0,0.0,0.0,0.0,0.1,0.25,0.0
2011-11-01,0.02606671390076959,0.02506671390076959,0.25,2,True,0.001,1.3111727375823232,-0.07261447190039638,0.0,0.0,0.4,0.0,0.0,0.0,0.0,0.0,0.0,0.1,0.25,0.25
2011-12-01,0.02268247713633409,0.02108247713633409,0.4,3,True,0.0016,1.343198141083839,-0.04996307373784781,0.0,0.0,0.0,0.1,0.0,0.0,0.0,0.0,0.0,0.4,0.25,0.25
2012-01-01,0.032605328202040984,0.032605328202040984,0.0,0,False,0.0,1.3413524111560982,-0.05126854873340281,0.0,0.0,0.0,0.1,0.0,0.0,0.0,0.0,0.0,0.4,0.25,0.25
2012-02-01,0.008486845597744198,0.006886845597744198,0.4,3,True,0.0016,1.3828715065216317,-0.02190231263183373,0.0,0.0,0.4,0.0,0.0,0.0,0.0,0.0,0.0,0.1,0.25,0.25
2012-03-01,0.04435838846463285,0.042758388464632854,0.4,3,True,0.0016,1.3923763511214342,-0.017392881755489586,0.0,0.0,0.0,0.1,0.0,0.0,0.0,0.0,0.0,0.4,0.25,0.25
2012-04-01,-0.009434559001323208,-0.009834559001323207,0.1,2,True,0.0004,1.4427843790690131,-0.0011792020978433904,0.0,0.0,0.1,0.0,0.0,0.0,0.0,0.0,0.0,0.4,0.25,0.25
2012-05-01,-0.06742943267737085,-0.06782943267737085,0.1,2,True,0.0004,1.4280292355102993,-0.011393995435143855,0.0,0.0,0.0,0.1,0.0,0.0,0.0,0.0,0.0,0.4,0.25,0.25
2012-06-01,0.0687781770272021,0.0687781770272021,0.0,0,False,0.0,1.3317380343131404,-0.0780551374643943,0.0,0.0,0.0,0.1,0.0,0.0,0.0,0.0,0.0,0.4,0.25,0.25
2012-07-01,0.0035293151034239134,0.0015293151034239134,0.5,4,True,0.002,1.416605154550961,-0.019302737603857922,0.0,0.0,0.0,0.1,0.0,0.0,0.0,0.25,0.25,0.4,0.0,0.0
2012-08-01,0.02525942062530341,0.02325942062530341,0.5,4,True,0.002,1.4159240677356342,-0.01977424511821324,0.0,0.0,0.0,0.1,0.0,0.0,0.0,0.0,0.0,0.4,0.25,0.25
2012-09-01,0.02817838410516911,0.02717838410516911,0.25,2,True,0.001,1.449464905981915,-0.005842705381398083,0.0,0.0,0.0,0.1,0.0,0.0,0.0,0.25,0.0,0.4,0.0,0.25
2012-10-01,-0.012421081460630801,-0.012421081460630801,0.0,0,False,0.0,1.4888181763647865,-0.013409282463796468,0.0,0.0,0.0,0.1,0.0,0.0,0.0,0.25,0.0,0.4,0.0,0.25
2012-11-01,-0.011907184876958011,-0.011907184876958011,0.0,0,False,0.0,1.4703254445160916,-0.028252771760603923,0.0,0.0,0.0,0.1,0.0,0.0,0.0,0.25,0.0,0.4,0.0,0.25
2012-12-01,0.022914897322667126,0.021914897322667125,0.25,2,True,0.001,1.456529399291554,-0.03737066382838483,0.0,0.0,0.0,0.1,0.0,0.0,0.0,0.0,0.0,0.4,0.25,0.25
2013-01-01,0.028034482090613776,0.028034482090613776,0.0,0,False,0.0,1.4286431702921603,-0.055800845960700785,0.0,0.0,0.0,0.1,0.0,0.0,0.0,0.0,0.0,0.4,0.25,0.25
2013-02-01,0.0034282894207117607,0.0024282894207117607,0.25,2,True,0.001,1.4672257472219297,-0.03030138097512669,0.0,0.0,0.0,0.1,0.0,0.0,0.0,0.25,0.0,0.4,0.0,0.25
2013-03-01,0.03186196290243226,0.03186196290243226,0.0,0,False,0.0,1.4722558217289268,-0.02697697345824479,0.0,0.0,0.0,0.1,0.0,0.0,0.0,0.25,0.0,0.4,0.0,0.25
2013-04-01,0.01679317677155412,0.01679317677155412,0.0,0,False,0.0,1.5191647821037435,-0.0037772982776931308,0.0,0.0,0.0,0.1,0.0,0.0,0.0,0.25,0.0,0.4,0.0,0.25
2013-05-01,0.047470039850304374,0.047470039850304374,0.0,0,False,0.0,1.5446763848347311,-0.009826927633210025,0.0,0.0,0.0,0.1,0.0,0.0,0.0,0.25,0.0,0.4,0.0,0.25
2013-06-01,-0.018336960502434593,-0.018336960502434593,0.0,0,False,0.0,1.611303119469658,-0.01614694372779646,0.0,0.0,0.0,0.1,0.0,0.0,0.0,0.25,0.0,0.4,0.0,0.25
2013-07-01,0.0585451287800689,0.0585451287800689,0.0,0,False,0.0,1.5817567178104937,-0.03418781836085916,0.0,0.0,0.0,0.1,0.0,0.0,0.0,0.25,0.0,0.4,0.0,0.25
2013-08-01,-0.03509161152882047,-0.03509161152882047,0.0,0,False,0.0,1.6743608685534481,0.0,0.0,0.0,0.0,0.1,0.0,0.0,0.0,0.25,0.0,0.4,0.0,0.25
2013-09-01,0.033254014072292046,0.033254014072292046,0.0,0,False,0.0,1.6091405522006357,-0.040781600347151614,0.0,0.0,0.0,0.1,0.0,0.0,0.0,0.25,0.0,0.4,0.0,0.25
2013-10-01,0.036951115280873637,0.036951115280873637,0.0,0,False,0.0,1.662650934767811,-0.015064116764576418,0.0,0.0,0.0,0.1,0.0,0.0,0.0,0.25,0.0,0.4,0.0,0.25
2013-11-01,0.02979169831445886,0.02879169831445886,0.25,2,True,0.001,1.7223636533891384,-0.007295066077904866,0.0,0.0,0.0,0.1,0.0,0.0,0.0,0.0,0.25,0.4,0.0,0.25
2013-12-01,0.021594314349650746,0.021594314349650746,0.0,0,False,0.0,1.7780553334659712,0.0,0.0,0.0,0.0,0.1,0.0,0.0,0.0,0.0,0.25,0.4,0.0,0.25
2014-01-01,-0.034801038110084184,-0.034801038110084184,0.0,0,False,0.0,1.7572776525350415,-0.03926448404741045,0.0,0.0,0.0,0.1,0.0,0.0,0.0,0.0,0.25,0.4,0.0,0.25
2014-02-01,0.06287706723037836,0.06287706723037836,0.0,0,False,0.0,1.7351524997140455,-0.05136070576874463,0.0,0.0,0.0,0.1,0.0,0.0,0.0,0.0,0.25,0.4,0.0,0.25
2014-03-01,0.01929084151655951,0.01929084151655951,0.0,0,False,0.0,1.860033513718325,0.0,0.0,0.0,0.0,0.1,0.0,0.0,0.0,0.0,0.25,0.4,0.0,0.25
2014-04-01,-0.004809106129154306,-0.004809106129154306,0.0,0,False,0.0,1.895915125446955,0.0,0.0,0.0,0.0,0.1,0.0,0.0,0.0,0.0,0.25,0.4,0.0,0.25
2014-05-01,0.02987984421562745,0.02987984421562745,0.0,0,False,0.0,1.8867974683968118,-0.008159920984984081,0.0,0.0,0.0,0.1,0.0,0.0,0.0,0.0,0.25,0.4,0.0,0.25
2014-06-01,0.024734737478791867,0.024734737478791867,0.0,0,False,0.0,1.9415704706110244,0.0,0.0,0.0,0.0,0.1,0.0,0.0,0.0,0.0,0.25,0.4,0.0,0.25
2014-07-01,-0.015147456683601995,-0.016147456683601995,0.25,2,True,0.001,1.9876051117916642,0.0,0.0,0.0,0.0,0.1,0.0,0.0,0.25,0.0,0.0,0.4,0.0,0.25
2014-08-01,0.03572652078076612,0.03572652078076612,0.0,0,False,0.0,1.9574979494566938,-0.029704223471274882,0.0,0.0,0.0,0.1,0.0,0.0,0.25,0.0,0.0,0.4,0.0,0.25
2014-09-01,-0.033613053197078926,-0.033613053197078926,0.0,0,False,0.0,2.0339092869080226,0.0,0.0,0.0,0.0,0.1,0.0,0.0,0.25,0.0,0.0,0.4,0.0,0.25
2014-10-01,0.046096352097523594,0.04509635209752359,0.25,2,True,0.001,1.9635778424633017,-0.03510504367499123,0.0,0.0,0.0,0.1,0.0,0.0,0.0,0.0,0.0,0.4,0.25,0.25
2014-11-01,0.03373109333504426,0.03373109333504426,0.0,0,False,0.0,2.048033461428449,0.0,0.0,0.0,0.0,0.1,0.0,0.0,0.0,0.0,0.0,0.4,0.25,0.25
2014-12-01,-0.008134618502513825,-0.008134618502513825,0.0,0,False,0.0,2.117115869269185,-0.007394876904433523,0.0,0.0,0.0,0.1,0.0,0.0,0.0,0.0,0.0,0.4,0.25,0.25
2015-01-01,-0.00597321801131343,-0.00597321801131343,0.0,0,False,0.0,2.035866903621235,-0.048762586922645235,0.0,0.0,0.0,0.1,0.0,0.0,0.0,0.0,0.0,0.4,0.25,0.25
2015-02-01,0.05531786616642022,0.05531786616642022,0.0,0,False,0.0,2.004302553245138,-0.0635106978840344,0.0,0.0,0.0,0.1,0.0,0.0,0.0,0.0,0.0,0.4,0.25,0.25
2015-03-01,-0.027946460285704196,-0.027946460285704196,0.0,0,False,0.0,2.101539544109665,-0.018077735895765112,0.0,0.0,0.0,0.1,0.0,0.0,0.0,0.0,0.0,0.4,0.25,0.25
2015-04-01,0.022260394322402333,0.022260394322402333,0.0,0,False,0.0,2.0428089527013675,-0.04551898745320282,0.0,0.0,0.0,0.1,0.0,0.0,0.0,0.0,0.0,0.4,0.25,0.25
2015-05-01,0.012660513267228857,0.012660513267228857,0.0,0,False,0.0,2.0882826855138346,-0.024271863740664812,0.0,0.0,0.0,0.1,0.0,0.0,0.0,0.0,0.0,0.4,0.25,0.25
2015-06-01,-0.01704445117951971,-0.01704445117951971,0.0,0,False,0.0,2.1147214161595063,-0.011918644726345295,0.0,0.0,0.0,0.1,0.0,0.0,0.0,0.0,0.0,0.4,0.25,0.25
2015-07-01,0.0232026518049141,0.0232026518049141,0.0,0,False,0.0,2.0786771502234918,-0.028759949147700303,0.0,0.0,0.0,0.1,0.0,0.0,0.0,0.0,0.0,0.4,0.25,0.25
2015-08-01,-0.0866820220436868,-0.0866820220436868,0.0,0,False,0.0,2.131827735386031,-0.012351168493096254,0.0,0.0,0.0,0.1,0.0,0.0,0.0,0.0,0.0,0.4,0.25,0.25
2015-09-01,0.008585267775259964,0.006585267775259964,0.5,3,True,0.002,1.9431425234406876,-0.09976664114464517,0.5,0.0,0.0,0.1,0.0,0.0,0.0,0.0,0.0,0.4,0.0,0.0
2015-10-01,0.055268075975669545,0.055268075975669545,0.0,0,False,0.0,1.95982492232992,-0.09203789669865037,0.5,0.0,0.0,0.1,0.0,0.0,0.0,0.0,0.0,0.4,0.0,0.0
2015-11-01,0.005317984728060854,0.003317984728060854,0.5,3,True,0.002,2.0577832287738564,-0.04665505206733689,0.0,0.0,0.0,0.1,0.0,0.0,0.0,0.25,0.0,0.4,0.0,0.25
2015-12-01,-0.038491618227048774,-0.038491618227048774,0.0,0,False,0.0,2.0645890355810197,-0.04350200783726954,0.0,0.0,0.0,0.1,0.0,0.0,0.0,0.25,0.0,0.4,0.0,0.25
2016-01-01,-0.006558938934849934,-0.008558938934849934,0.5,4,True,0.002,2.017261060419714,-0.0654284602376024,0.25,0.0,0.0,0.1,0.0,0.0,0.0,0.0,0.0,0.4,0.25,0.0
2016-02-01,0.012383470060947045,0.012383470060947045,0.0,0,False,0.0,2.0000219083721538,-0.07341514138135807,0.25,0.0,0.0,0.1,0.0,0.0,0.0,0.0,0.0,0.4,0.25,0.0
2016-03-01,0.0,-0.003,0.75,5,True,0.003,2.018714752436331,-0.06475498310915018,1.0,0.0,0.0,0.0,0.0,0.0,0.0,0.0,0.0,0.0,0.0,0.0
2016-04-01,-0.019865204527276265,-0.023865204527276265,1.0,6,True,0.004,2.010639893426586,-0.06849596317671347,0.0,0.0,0.0,0.1,0.0,0.0,0.0,0.0,0.25,0.4,0.25,0.0
2016-05-01,0.01587742516812632,0.01587742516812632,0.0,0,False,0.0,1.9555855687984771,-0.0940019355804862,0.0,0.0,0.0,0.1,0.0,0.0,0.0,0.0,0.25,0.4,0.25,0.0
2016-06-01,0.00860198868297395,0.00860198868297395,0.0,0,False,0.0,1.9866352323269423,-0.07961701911019825,0.0,0.0,0.0,0.1,0.0,0.0,0.0,0.0,0.25,0.4,0.25,0.0
2016-07-01,0.03898797985074259,0.03898797985074259,0.0,0,False,0.0,2.0037242461126157,-0.07169989512458252,0.0,0.0,0.0,0.1,0.0,0.0,0.0,0.0,0.25,0.4,0.25,0.0
2016-08-01,0.006585737843430617,0.006585737843430617,0.0,0,False,0.0,2.0818454066464986,-0.035507349340257566,0.0,0.0,0.0,0.1,0.0,0.0,0.0,0.0,0.25,0.4,0.25,0.0
2016-09-01,0.0005487581228310447,0.0005487581228310447,0.0,0,False,0.0,2.095555894725223,-0.029155453591096947,0.0,0.0,0.0,0.1,0.0,0.0,0.0,0.0,0.25,0.4,0.25,0.0
2016-10-01,-0.0215809502677771,-0.0225809502677771,0.25,2,True,0.001,2.102649900277477,-0.02586889052688257,0.0,0.0,0.0,0.1,0.0,0.0,0.25,0.0,0.25,0.4,0.0,0.0
2016-11-01,0.04848299290780998,0.04848299290780998,0.0,0,False,0.0,2.055215444631693,-0.047844673989162034,0.0,0.0,0.0,0.1,0.0,0.0,0.25,0.0,0.25,0.4,0.0,0.0
2016-12-01,0.03906118283619235,0.03806118283619235,0.25,2,True,0.001,2.152703582017335,-0.0069020197522700055,0.0,0.0,0.0,0.1,0.0,0.0,0.25,0.25,0.0,0.4,0.0,0.0
2017-01-01,0.0004657670609300897,0.0004657670609300897,0.0,0,False,0.0,2.180850424233351,-0.030625939899724064,0.0,0.0,0.0,0.1,0.0,0.0,0.25,0.25,0.0,0.4,0.0,0.0
2017-02-01,0.061109922854080484,0.06010992285408048,0.25,2,True,0.001,2.179684326333249,-0.03114426295541639,0.0,0.0,0.0,0.1,0.0,0.0,0.0,0.25,0.25,0.4,0.0,0.0
2017-03-01,-0.019726533201266917,-0.019726533201266917,0.0,0,False,0.0,2.312884667361723,0.0,0.0,0.0,0.0,0.1,0.0,0.0,0.0,0.25,0.25,0.4,0.0,0.0
2017-04-01,0.017613252432047387,0.017613252432047387,0.0,0,False,0.0,2.2709447854736147,-0.01813314882490391,0.0,0.0,0.0,0.1,0.0,0.0,0.0,0.25,0.25,0.4,0.0,0.0
2017-05-01,0.02102010162056572,0.02102010162056572,0.0,0,False,0.0,2.3109435092394035,-0.0008392801204972766,0.0,0.0,0.0,0.1,0.0,0.0,0.0,0.25,0.25,0.4,0.0,0.0
2017-06-01,0.00532302802899951,0.00532302802899951,0.0,0,False,0.0,2.3595197766430025,0.0,0.0,0.0,0.0,0.1,0.0,0.0,0.0,0.25,0.25,0.4,0.0,0.0
2017-07-01,0.025888974988428307,0.025888974988428307,0.0,0,False,0.0,2.3653397371169116,-0.012798403579174389,0.0,0.0,0.0,0.1,0.0,0.0,0.0,0.25,0.25,0.4,0.0,0.0
2017-08-01,0.006048753602690837,0.006048753602690837,0.0,0,False,0.0,2.4265759584102673,-0.0016723716383170162,0.0,0.0,0.0,0.1,0.0,0.0,0.0,0.25,0.25,0.4,0.0,0.0
2017-09-01,0.008097780741481615,0.0060977807414816145,0.5,4,True,0.002,2.436371211043943,-0.0032652348470164627,0.0,0.0,0.0,0.1,0.0,0.0,0.0,0.0,0.0,0.4,0.25,0.25
2017-10-01,0.023786136738538636,0.022786136738538635,0.25,2,True,0.001,2.448559588666367,-0.006437456477821124,0.0,0.0,0.0,0.1,0.0,0.0,0.0,0.0,0.25,0.4,0.0,0.25
2017-11-01,0.019677755544693712,0.019677755544693712,0.0,0,False,0.0,2.50429456049299,-0.0025827225171275447,0.0,0.0,0.0,0.1,0.0,0.0,0.0,0.0,0.25,0.4,0.0,0.25
2017-12-01,0.023363134274996745,0.023363134274996745,0.0,0,False,0.0,2.553573456666277,-0.005903953400599793,0.0,0.0,0.0,0.1,0.0,0.0,0.0,0.0,0.25,0.4,0.0,0.25
2018-01-01,0.058265137749910746,0.057265137749910745,0.25,2,True,0.001,2.510278545271165,-0.03844184771017711,0.0,0.0,0.0,0.1,0.0,0.0,0.0,0.25,0.25,0.4,0.0,0.0
2018-02-01,-0.04120833770573652,-0.04120833770573652,0.0,0,False,0.0,2.6538837302315335,-0.010172162757097203,0.0,0.0,0.0,0.1,0.0,0.0,0.0,0.25,0.25,0.4,0.0,0.0
2018-03-01,-0.039778856518264384,-0.039778856518264384,0.0,0,False,0.0,2.5445215932443936,-0.05096132254474117,0.0,0.0,0.0,0.1,0.0,0.0,0.0,0.25,0.25,0.4,0.0,0.0
2018-04-01,0.01972783932500167,0.01972783932500167,0.0,0,False,0.0,2.499576924863647,-0.06772448492150174,0.0,0.0,0.0,0.1,0.0,0.0,0.0,0.25,0.25,0.4,0.0,0.0
2018-05-01,0.042768565929196915,0.041768565929196914,0.25,2,True,0.001,2.5463392886410205,-0.05028337065004662,0.0,0.0,0.0,0.1,0.0,0.0,0.25,0.25,0.0,0.4,0.0,0.0
2018-06-01,-0.004362056040937645,-0.006362056040937645,0.5,3,True,0.002,2.649932083248598,-0.01164602166889106,0.5,0.0,0.0,0.1,0.0,0.0,0.0,0.0,0.0,0.4,0.0,0.0
2018-07-01,0.011714923027209867,0.011714923027209867,0.0,0,False,0.0,2.6283280763484216,-0.019703739941242304,0.5,0.0,0.0,0.1,0.0,0.0,0.0,0.0,0.0,0.4,0.0,0.0
2018-08-01,0.024158291863262953,0.024158291863262953,0.0,0,False,0.0,2.6591187374530985,-0.01604714765885973,0.5,0.0,0.0,0.1,0.0,0.0,0.0,0.0,0.0,0.4,0.0,0.0
2018-09-01,0.02541666756574549,0.023416667565745487,0.5,3,True,0.002,2.728160902236268,-0.0012770414266196628,0.0,0.0,0.0,0.1,0.0,0.0,0.25,0.0,0.0,0.4,0.0,0.25
2018-10-01,-0.08044195431537604,-0.08044195431537604,0.0,0,False,0.0,2.7919066576323632,0.0,0.0,0.0,0.0,0.1,0.0,0.0,0.25,0.0,0.0,0.4,0.0,0.25
2018-11-01,0.013918298313371259,0.012918298313371258,0.25,2,True,0.001,2.5647529095964816,-0.08395124535503284,0.25,0.0,0.0,0.1,0.0,0.0,0.0,0.0,0.0,0.4,0.0,0.25
2018-12-01,-0.10069035075499855,-0.10169035075499855,0.25,2,True,0.001,2.578665218973878,-0.07898220774064346,0.0,0.0,0.0,0.1,0.0,0.0,0.0,0.0,0.0,0.4,0.25,0.25
2019-01-01,0.06778638253500344,0.06778638253500344,0.0,0,False,0.0,2.328335455760306,-0.1683920947454859,0.0,0.0,0.0,0.1,0.0,0.0,0.0,0.0,0.0,0.4,0.25,0.25
2019-02-01,0.042763814309141036,0.042763814309141036,0.0,0,False,0.0,2.486164893634285,-0.11202040316077078,0.0,0.0,0.0,0.1,0.0,0.0,0.0,0.0,0.0,0.4,0.25,0.25
2019-03-01,0.031530175706250246,0.031530175706250246,0.0,0,False,0.0,2.5924827874875667,-0.07404700857123214,0.0,0.0,0.0,0.1,0.0,0.0,0.0,0.0,0.0,0.4,0.25,0.25
2019-04-01,0.017970335324320887,0.017970335324320887,0.0,0,False,0.0,2.6742242252924777,-0.04485154805575553,0.0,0.0,0.0,0.1,0.0,0.0,0.0,0.0,0.0,0.4,0.25,0.25
2019-05-01,-0.05363115886475621,-0.05363115886475621,0.0,0,False,0.0,2.722280931353406,-0.027687210089811343,0.0,0.0,0.0,0.1,0.0,0.0,0.0,0.0,0.0,0.4,0.25,0.25
2019-06-01,0.07018210843811708,0.06918210843811708,0.25,2,True,0.001,2.5846922714832807,-0.07682953489455369,0.25,0.0,0.0,0.1,0.0,0.0,0.0,0.0,0.0,0.4,0.25,0.0
2019-07-01,0.0057736768848662195,0.0047736768848662195,0.25,2,True,0.001,2.7605620080015885,-0.014014418274730378,0.0,0.0,0.0,0.1,0.25,0.0,0.0,0.0,0.0,0.4,0.25,0.0
2019-08-01,-0.00895186784218473,-0.00895186784218473,0.0,0,False,0.0,2.7765006010564264,-0.024067065331106918,0.0,0.0,0.0,0.1,0.25,0.0,0.0,0.0,0.0,0.4,0.25,0.0
2019-09-01,0.016677649035405043,0.016677649035405043,0.0,0,False,0.0,2.7665505085187077,-0.027564497677013078,0.0,0.0,0.0,0.1,0.25,0.0,0.0,0.0,0.0,0.4,0.25,0.0
2019-10-01,0.03633356231584449,0.03593356231584449,0.1,2,True,0.0004,2.8115649909117284,-0.016646379968857317,0.0,0.0,0.1,0.0,0.25,0.0,0.0,0.0,0.0,0.4,0.25,0.0
2019-11-01,0.014451430076559846,0.014451430076559846,0.0,0,False,0.0,2.9137191627140666,0.0,0.0,0.0,0.1,0.0,0.25,0.0,0.0,0.0,0.0,0.4,0.25,0.0
2019-12-01,0.05000906201129342,0.04860906201129342,0.35,4,True,0.0014,2.977918749014174,-0.0018869901117488652,0.0,0.0,0.0,0.1,0.0,0.0,0.0,0.25,0.0,0.4,0.25,0.0
2020-01-01,0.00897394862413743,0.00897394862413743,0.0,0,False,0.0,2.983487854527803,-0.038131624151224175,0.0,0.0,0.0,0.1,0.0,0.0,0.0,0.25,0.0,0.4,0.25,0.0
2020-02-01,-0.03352584177049804,-0.03452584177049804,0.25,2,True,0.001,2.9869527624397127,-0.03701454725726716,0.0,0.0,0.0,0.1,0.0,0.0,0.0,0.0,0.0,0.4,0.25,0.25
2020-03-01,-0.1294398741336316,-0.1298398741336316,0.1,2,True,0.0004,2.7384954467144293,-0.12195381745862854,0.0,0.0,0.1,0.0,0.0,0.0,0.0,0.0,0.0,0.4,0.25,0.25
2020-04-01,0.07150376004284871,0.06950376004284871,0.5,3,True,0.002,2.3783051881382797,-0.23744193408515857,0.5,0.0,0.1,0.0,0.0,0.0,0.0,0.0,0.0,0.4,0.0,0.0
2020-05-01,0.04326891159726738,0.04326891159726738,0.0,0,False,0.0,2.548362951619582,-0.18291616512124487,0.5,0.0,0.1,0.0,0.0,0.0,0.0,0.0,0.0,0.4,0.0,0.0
2020-06-01,0.030325867543726015,0.030325867543726015,0.0,0,False,0.0,2.6586278428909615,-0.1475618369023196,0.5,0.0,0.1,0.0,0.0,0.0,0.0,0.0,0.0,0.4,0.0,0.0
2020-07-01,0.043876339702471095,0.043876339702471095,0.0,0,False,0.0,2.7392530387025356,-0.12171091007900192,0.5,0.0,0.1,0.0,0.0,0.0,0.0,0.0,0.0,0.4,0.0,0.0
2020-08-01,0.04478703134492804,0.04478703134492804,0.0,0,False,0.0,2.831062381791974,-0.09227400036347577,0.5,0.0,0.1,0.0,0.0,0.0,0.0,0.0,0.0,0.4,0.0,0.0
2020-09-01,-0.028024138178404382,-0.028024138178404382,0.0,0,False,0.0,2.9578572614247385,-0.05161964756514836,0.5,0.0,0.1,0.0,0.0,0.0,0.0,0.0,0.0,0.4,0.0,0.0
2020-10-01,-0.03198821739221254,-0.03398821739221254,0.5,3,True,0.002,2.8692159290969372,-0.0800407952282517,0.0,0.0,0.1,0.0,0.0,0.0,0.0,0.0,0.0,0.4,0.25,0.25
2020-11-01,0.09503552939045291,0.09463552939045292,0.1,2,True,0.0004,2.7483635274489453,-0.11878980612958012,0.0,0.0,0.0,0.1,0.0,0.0,0.0,0.0,0.0,0.4,0.25,0.25
2020-12-01,0.0125855991529235,0.0105855991529235,0.5,4,True,0.002,3.002335184177468,-0.03735865241642178,0.0,0.0,0.0,0.1,0.25,0.0,0.0,0.0,0.25,0.4,0.0,0.0
2021-01-01,0.018022692283282404,0.018022692283282404,0.0,0,False,0.0,3.0733191867949565,-0.014598989772260373,0.0,0.0,0.0,0.1,0.25,0.0,0.0,0.0,0.25,0.4,0.0,0.0
2021-02-01,0.05079416134379261,0.05079416134379261,0.0,0,False,0.0,3.128708672786869,-0.022183454498688415,0.0,0.0,0.0,0.1,0.25,0.0,0.0,0.0,0.25,0.4,0.0,0.0
2021-03-01,0.032088621386273684,0.031088621386273683,0.25,2,True,0.001,3.2843411771042197,-0.004016905528916093,0.0,0.0,0.0,0.1,0.0,0.0,0.0,0.25,0.25,0.4,0.0,0.0
2021-04-01,0.04062672421271981,0.04062672421271981,0.0,0,False,0.0,3.3897311576396656,0.0,0.0,0.0,0.0,0.1,0.0,0.0,0.0,0.25,0.25,0.4,0.0,0.0
2021-05-01,0.014156796798841055,0.014156796798841055,0.0,0,False,0.0,3.5170454501282395,-0.009924079399674768,0.0,0.0,0.0,0.1,0.0,0.0,0.0,0.25,0.25,0.4,0.0,0.0
2021-06-01,0.03145129288141299,0.03045129288141299,0.25,2,True,0.001,3.5632687123500966,-0.0019437693960715485,0.0,0.0,0.0,0.1,0.0,0.0,0.25,0.25,0.0,0.4,0.0,0.0
2021-07-01,-0.014418372565666554,-0.014418372565666554,0.0,0,False,0.0,3.675338120237394,0.0,0.0,0.0,0.0,0.1,0.0,0.0,0.25,0.25,0.0,0.4,0.0,0.0
2021-08-01,0.02358842042744082,0.02358842042744082,0.0,0,False,0.0,3.634471857884842,-0.016249952559489134,0.0,0.0,0.0,0.1,0.0,0.0,0.25,0.25,0.0,0.4,0.0,0.0
2021-09-01,0.015178361354407085,0.015178361354407085,0.0,0,False,0.0,3.7202033081003316,-0.010803688455475746,0.0,0.0,0.0,0.1,0.0,0.0,0.25,0.25,0.0,0.4,0.0,0.0
2021-10-01,0.06623404193003944,0.06583404193003944,0.1,2,True,0.0004,3.7751592302632493,-0.009039190385710105,0.0,0.1,0.0,0.0,0.0,0.0,0.25,0.25,0.0,0.4,0.0,0.0
2021-11-01,-0.03356750877027796,-0.03356750877027796,0.0,0,False,0.0,4.025203285013082,-0.0013126586518210637,0.0,0.1,0.0,0.0,0.0,0.0,0.25,0.25,0.0,0.4,0.0,0.0
2021-12-01,0.06353662069945748,0.06353662069945748,0.0,0,False,0.0,3.890087238441253,-0.05042619296806705,0.0,0.1,0.0,0.0,0.0,0.0,0.25,0.25,0.0,0.4,0.0,0.0
2022-01-01,0.012192074550505638,0.011192074550505637,0.25,2,True,0.001,3.885686738395014,-0.056994197117943846,0.0,0.1,0.0,0.0,0.0,0.0,0.25,0.0,0.0,0.4,0.0,0.25
2022-02-01,-0.011179450835506859,-0.011179450835506859,0.0,0,False,0.0,3.929128259468649,-0.04645150306757839,0.0,0.1,0.0,0.0,0.0,0.0,0.25,0.0,0.0,0.4,0.0,0.25
2022-03-01,0.06696203240626075,0.06696203240626075,0.0,0,False,0.0,3.8852027632655175,-0.057111651608306224,0.0,0.1,0.0,0.0,0.0,0.0,0.25,0.0,0.0,0.4,0.0,0.25
2022-04-01,-0.04888992477433936,-0.04888992477433936,0.0,0,False,0.0,4.145363836604197,-0.010335259093721239,0.0,0.1,0.0,0.0,0.0,0.0,0.25,0.0,0.0,0.4,0.0,0.25
2022-05-01,0.023679588161276476,0.022679588161276475,0.25,2,True,0.001,3.9035096024388047,-0.06807557271320186,0.0,0.1,0.0,0.0,0.0,0.0,0.25,0.0,0.0,0.4,0.25,0.0
2022-06-01,-0.08464001731371884,-0.08464001731371884,0.0,0,False,0.0,3.9919471591059357,-0.04696197809153935,0.0,0.1,0.0,0.0,0.0,0.0,0.25,0.0,0.0,0.4,0.25,0.0
2022-07-01,0.02204748347173946,0.020047483471739458,0.5,3,True,0.002,3.6467605450788714,-0.12937187850097076,0.5,0.0,0.0,0.0,0.0,0.0,0.25,0.0,0.0,0.0,0.25,0.0
2022-08-01,-0.0006982246900430755,-0.0006982246900430755,0.0,0,False,0.0,3.7271624379218897,-0.1101767193821892,0.5,0.0,0.0,0.0,0.0,0.0,0.25,0.0,0.0,0.0,0.25,0.0
2022-09-01,-0.02276354210009629,-0.02276354210009629,0.0,0,False,0.0,3.724560041083932,-0.11079801596649153,0.5,0.0,0.0,0.0,0.0,0.0,0.25,0.0,0.0,0.0,0.25,0.0
2022-10-01,0.0,-0.002,0.5,3,True,0.002,3.576321877871652,-0.14618841574092556,1.0,0.0,0.0,0.0,0.0,0.0,0.0,0.0,0.0,0.0,0.0,0.0
2022-11-01,0.0,0.0,0.0,0,False,0.0,3.569169234115908,-0.1478960389094438,1.0,0.0,0.0,0.0,0.0,0.0,0.0,0.0,0.0,0.0,0.0,0.0
2022-12-01,-0.022458315412232782,-0.024458315412232784,0.5,3,True,0.002,3.562030895647676,-0.14960024683162498,0.5,0.0,0.0,0.0,0.0,0.0,0.25,0.0,0.0,0.0,0.0,0.25
2023-01-01,0.054909584537242706,0.0519095845372427,0.75,4,True,0.003,3.5149249470369233,-0.16084632757738515,0.25,0.0,0.0,0.0,0.0,0.5,0.25,0.0,0.0,0.0,0.0,0.0
2023-02-01,-0.03112097625560903,-0.03212097625560903,0.25,2,True,0.001,3.6931074272801245,-0.118307017375755,0.0,0.0,0.0,0.0,0.0,0.5,0.25,0.0,0.25,0.0,0.0,0.0
2023-03-01,0.016496368199213518,0.013496368199213519,0.75,4,True,0.003,3.5674397957701447,-0.14830892526148365,0.0,0.0,0.5,0.0,0.0,0.0,0.0,0.25,0.25,0.0,0.0,0.0
2023-04-01,-0.022090212732203095,-0.024690212732203093,0.65,4,True,0.0026,3.6088675176006486,-0.13841846516973233,0.0,0.4,0.1,0.0,0.0,0.0,0.25,0.0,0.25,0.0,0.0,0.0
2023-05-01,-0.01614456175715772,-0.01774456175715772,0.4,3,True,0.0016,3.514339130826535,-0.1609861854212138,0.0,0.0,0.4,0.0,0.0,0.0,0.25,0.0,0.25,0.1,0.0,0.0
2023-06-01,0.03143982754031913,0.03143982754031913,0.0,0,False,0.0,3.457601665693312,-0.17453169576578909,0.0,0.0,0.4,0.0,0.0,0.0,0.25,0.0,0.25,0.1,0.0,0.0
2023-07-01,0.029719421510033164,0.027119421510033166,0.65,5,True,0.0026,3.564027143405437,-0.14912366236332708,0.0,0.0,0.0,0.1,0.25,0.0,0.0,0.0,0.25,0.4,0.0,0.0
2023-08-01,-0.017045279728025775,-0.017045279728025775,0.0,0,False,0.0,3.660406103635784,-0.12611413594662568,0.0,0.0,0.0,0.1,0.25,0.0,0.0,0.0,0.25,0.4,0.0,0.0
2023-09-01,-0.06511063021190054,-0.06511063021190054,0.0,0,False,0.0,3.598013457681138,-0.14100976494978334,0.0,0.0,0.0,0.1,0.25,0.0,0.0,0.0,0.25,0.4,0.0,0.0
2023-10-01,0.002493879950926459,0.0004938799509264591,0.5,3,True,0.002,3.3672037212486243,-0.19611331363907059,0.5,0.0,0.0,0.1,0.0,0.0,0.0,0.0,0.0,0.4,0.0,0.0
2023-11-01,0.05264789078722869,0.05264789078722869,0.0,0,False,0.0,3.368849920853531,-0.1957202997156402,0.5,0.0,0.0,0.1,0.0,0.0,0.0,0.0,0.0,0.4,0.0,0.0
2023-12-01,0.007880950744501592,0.007880950744501592,0.0,0,False,0.0,3.546212763565194,-0.15337666989268373,0.5,0.0,0.0,0.1,0.0,0.0,0.0,0.0,0.0,0.4,0.0,0.0
2024-01-01,0.030695158820186787,0.030695158820186787,0.0,0,False,0.0,3.6148730925090917,-0.13698469337791142,0.5,0.0,0.0,0.1,0.0,0.0,0.0,0.0,0.0,0.4,0.0,0.0
2024-02-01,0.025987824723433417,0.025987824723433417,0.0,0,False,0.0,3.7258321961984784,-0.1104943014768941,0.5,0.0,0.0,0.1,0.0,0.0,0.0,0.0,0.0,0.4,0.0,0.0
2024-03-01,0.015943102998604443,0.013943102998604443,0.5,3,True,0.002,3.8150131533216847,-0.08920322732659414,0.0,0.0,0.0,0.1,0.0,0.0,0.0,0.25,0.25,0.4,0.0,0.0
2024-04-01,-0.049368275489999836,-0.050368275489999836,0.25,2,True,0.001,3.8719604646651575,-0.07560761826849627,0.0,0.0,0.0,0.1,0.0,0.0,0.25,0.25,0.0,0.4,0.0,0.0
2024-05-01,0.04215379350232926,0.04215379350232926,0.0,0,False,0.0,3.68080845375918,-0.12124327603067431,0.0,0.0,0.0,0.1,0.0,0.0,0.25,0.25,0.0,0.4,0.0,0.0
2024-06-01,0.03288741472630761,0.03188741472630761,0.25,2,True,0.001,3.862050768282588,-0.07797346056593601,0.0,0.0,0.0,0.1,0.0,0.0,0.0,0.25,0.25,0.4,0.0,0.0
2024-07-01,-0.008915433154009313,-0.008915433154009313,0.0,0,False,0.0,3.9850745699595613,-0.04860274098353046,0.0,0.0,0.0,0.1,0.0,0.0,0.0,0.25,0.25,0.4,0.0,0.0
2024-08-01,0.020184889850674393,0.020184889850674393,0.0,0,False,0.0,3.9495459040173433,-0.05708485964919974,0.0,0.0,0.0,0.1,0.0,0.0,0.0,0.25,0.25,0.4,0.0,0.0
2024-09-01,0.03455243239052479,0.03455243239052479,0.0,0,False,0.0,4.144168642294356,-0.01062059995006226,0.0,0.0,0.0,0.1,0.0,0.0,0.0,0.25,0.25,0.4,0.0,0.0
2024-10-01,0.01259005303048797,0.01259005303048797,0.0,0,False,0.0,4.2873597491221656,-0.012079336886057557,0.0,0.0,0.0,0.1,0.0,0.0,0.0,0.25,0.25,0.4,0.0,0.0
2024-11-01,0.030647423634069436,0.029047423634069435,0.4,3,True,0.0016,4.334391695187235,-0.03147611626457236,0.0,0.0,0.4,0.0,0.0,0.0,0.0,0.25,0.25,0.1,0.0,0.0
2024-12-01,-0.03154052427118684,-0.03154052427118684,0.0,0,False,0.0,4.498818780013335,-0.0005771097050922824,0.0,0.0,0.4,0.0,0.0,0.0,0.0,0.25,0.25,0.1,0.0,0.0
2025-01-01,0.04854082364366744,0.04854082364366744,0.0,0,False,0.0,4.253417141712508,-0.0555690457079937,0.0,0.0,0.4,0.0,0.0,0.0,0.0,0.25,0.25,0.1,0.0,0.0
2025-02-01,0.004179737738840317,0.004179737738840317,0.0,0,False,0.0,4.471140170122592,-0.007225711244942978,0.0,0.0,0.4,0.0,0.0,0.0,0.0,0.25,0.25,0.1,0.0,0.0
2025-03-01,0.012314366664585366,0.012314366664585366,0.0,0,False,0.0,4.505183435905722,-0.02276669660721986,0.0,0.0,0.4,0.0,0.0,0.0,0.0,0.25,0.25,0.1,0.0,0.0
2025-04-01,0.008851526387226933,0.008451526387226934,0.1,2,True,0.0004,4.558837651860031,-0.01112839431744006,0.0,0.0,0.4,0.1,0.0,0.0,0.0,0.25,0.25,0.0,0.0,0.0
2025-05-01,0.0564291340500785,0.0564291340500785,0.0,0,False,0.0,4.5991903236305545,-0.007180100447315874,0.0,0.0,0.4,0.1,0.0,0.0,0.0,0.25,0.25,0.0,0.0,0.0
2025-06-01,0.01652962068735857,0.01652962068735857,0.0,0,False,0.0,4.808325645139294,-0.0038625924452205807,0.0,0.0,0.4,0.1,0.0,0.0,0.0,0.25,0.25,0.0,0.0,0.0
2025-07-01,0.0017235172495771505,0.0013235172495771506,0.1,2,True,0.0004,4.8858503220170695,0.0,0.0,0.0,0.4,0.0,0.0,0.0,0.0,0.25,0.25,0.1,0.0,0.0
2025-08-01,0.03431819412778925,0.03431819412778925,0.0,0,False,0.0,4.894271169325915,-0.0196075735769361,0.0,0.0,0.4,0.0,0.0,0.0,0.0,0.25,0.25,0.1,0.0,0.0
2025-09-01,0.05153077986330548,0.05153077986330548,0.0,0,False,0.0,5.0407029666831145,0.0,0.0,0.0,0.4,0.0,0.0,0.0,0.0,0.25,0.25,0.1,0.0,0.0
2025-10-01,0.015843112303902458,0.015843112303902458,0.0,0,False,0.0,5.300454321615572,-0.0011676649695315788,0.0,0.0,0.4,0.0,0.0,0.0,0.0,0.25,0.25,0.1,0.0,0.0
2025-11-01,0.017456185555841622,0.015456185555841622,0.5,3,True,0.002,5.388918954297891,-0.03245044037261258,0.5,0.0,0.4,0.0,0.0,0.0,0.0,0.0,0.0,0.1,0.0,0.0
2025-12-01,0.00970956797446747,0.00970956797446747,0.0,0,False,0.0,5.472022945662488,-0.017529594293833495,0.5,0.0,0.4,0.0,0.0,0.0,0.0,0.0,0.0,0.1,0.0,0.0
2026-01-01,0.03014051362261261,0.03014051362261261,0.0,0,False,0.0,5.2738371514484434,-0.0644841203790163,0.5,0.0,0.4,0.0,0.0,0.0,0.0,0.0,0.0,0.1,0.0,0.0
2026-02-01,0.10645761796877284,0.10445761796877284,0.5,3,True,0.002,5.521639028382501,-0.04817928976799912,0.0,0.0,0.4,0.0,0.0,0.0,0.25,0.0,0.25,0.1,0.0,0.0
2026-03-01,-0.057717838279821965,-0.057717838279821965,0.0,0,False,0.0,6.016005905628372,0.0,0.0,0.0,0.4,0.0,0.0,0.0,0.25,0.0,0.25,0.1,0.0,0.0
2026-04-01,0.019241506386453135,0.019241506386453135,0.0,0,False,0.0,5.668775049676858,-0.05771783827982224,0.0,0.0,0.4,0.0,0.0,0.0,0.25,0.0,0.25,0.1,0.0,0.0
2026-05-01,0.002241843351407818,0.002241843351407818,0.0,0,False,0.0,5.777850820998583,-0.03958691004724235,0.0,0.0,0.4,0.0,0.0,0.0,0.25,0.0,0.25,0.1,0.0,0.0
2026-06-01,-0.03621978907796334,-0.03781978907796334,0.4,3,True,0.0016,5.781538571275149,-0.03897392024397173,0.0,0.1,0.0,0.0,0.0,0.0,0.25,0.0,0.25,0.4,0.0,0.0
2026-07-01,0.0,-0.0004,0.1,2,True,0.0004,5.569903610691986,-0.07415256931829606,0.0,0.0,0.0,0.1,0.0,0.0,0.25,0.0,0.25,0.4,0.0,0.0
2026-08-01,0.0,-0.002,0.5,3,True,0.002,5.524018863581104,-0.08177968069927943,1.0,0.0,0.0,0.0,0.0,0.0,0.0,0.0,0.0,0.0,0.0,0.0
