date,gross_return,net_return,turnover,operations,signal_changed,trade_cost,equity,drawdown,w__CASH,w_dbc.us,w_efv.us,w_gld.us,w_gsg.us,w_iau.us,w_ief.us,w_ijh.us,w_ijr.us,w_ivv.us,w_lqd.us,w_mchi.us,w_mtum.us,w_qqq.us,w_spy.us,w_tlt.us,w_vea.us,w_vnq.us,w_vt.us,w_vtv.us,w_vwo.us,w_xlk.us
2008-07-01,-0.052335433954426976,-0.05433543395442698,0.5,3,True,0.002,0.998,0.0,0.5,0.4,0.0,0.0,0.0,0.1,0.0,0.0,0.0,0.0,0.0,0.0,0.0,0.0,0.0,0.0,0.0,0.0,0.0,0.0,0.0,0.0
2008-08-01,0.0,-0.002,0.5,3,True,0.002,0.9438776984396551,-0.0623355384353621,1.0,0.0,0.0,0.0,0.0,0.0,0.0,0.0,0.0,0.0,0.0,0.0,0.0,0.0,0.0,0.0,0.0,0.0,0.0,0.0,0.0,0.0
2008-09-01,0.0,0.0,0.0,0,False,0.0,0.9438776984396551,-0.0623355384353621,1.0,0.0,0.0,0.0,0.0,0.0,0.0,0.0,0.0,0.0,0.0,0.0,0.0,0.0,0.0,0.0,0.0,0.0,0.0,0.0,0.0,0.0
2008-10-01,0.0,0.0,0.0,0,False,0.0,0.9438776984396551,-0.0623355384353621,1.0,0.0,0.0,0.0,0.0,0.0,0.0,0.0,0.0,0.0,0.0,0.0,0.0,0.0,0.0,0.0,0.0,0.0,0.0,0.0,0.0,0.0
2008-11-01,0.0,0.0,0.0,0,False,0.0,0.9438776984396551,-0.0623355384353621,1.0,0.0,0.0,0.0,0.0,0.0,0.0,0.0,0.0,0.0,0.0,0.0,0.0,0.0,0.0,0.0,0.0,0.0,0.0,0.0,0.0,0.0
2008-12-01,0.0,0.0,0.0,0,False,0.0,0.9438776984396551,-0.0623355384353621,1.0,0.0,0.0,0.0,0.0,0.0,0.0,0.0,0.0,0.0,0.0,0.0,0.0,0.0,0.0,0.0,0.0,0.0,0.0,0.0,0.0,0.0
2009-01-01,0.0,0.0,0.0,0,False,0.0,0.9438776984396551,-0.0623355384353621,1.0,0.0,0.0,0.0,0.0,0.0,0.0,0.0,0.0,0.0,0.0,0.0,0.0,0.0,0.0,0.0,0.0,0.0,0.0,0.0,0.0,0.0
2009-02-01,0.0,0.0,0.0,0,False,0.0,0.9438776984396551,-0.0623355384353621,1.0,0.0,0.0,0.0,0.0,0.0,0.0,0.0,0.0,0.0,0.0,0.0,0.0,0.0,0.0,0.0,0.0,0.0,0.0,0.0,0.0,0.0
2009-03-01,0.0,0.0,0.0,0,False,0.0,0.9438776984396551,-0.0623355384353621,1.0,0.0,0.0,0.0,0.0,0.0,0.0,0.0,0.0,0.0,0.0,0.0,0.0,0.0,0.0,0.0,0.0,0.0,0.0,0.0,0.0,0.0
2009-04-01,0.0,0.0,0.0,0,False,0.0,0.9438776984396551,-0.0623355384353621,1.0,0.0,0.0,0.0,0.0,0.0,0.0,0.0,0.0,0.0,0.0,0.0,0.0,0.0,0.0,0.0,0.0,0.0,0.0,0.0,0.0,0.0
2009-05-01,0.06273018208861936,0.060730182088619356,0.5,2,True,0.002,0.9419899430427757,-0.06421086735849135,0.5,0.0,0.0,0.0,0.0,0.0,0.0,0.0,0.0,0.0,0.0,0.0,0.0,0.0,0.0,0.0,0.0,0.0,0.5,0.0,0.0,0.0
2009-06-01,-0.014222998622163419,-0.014222998622163419,0.0,0,False,0.0,1.001081143695497,-0.005508644671338714,0.5,0.0,0.0,0.0,0.0,0.0,0.0,0.0,0.0,0.0,0.0,0.0,0.0,0.0,0.0,0.0,0.0,0.0,0.5,0.0,0.0,0.0
2009-07-01,0.05264804946257562,0.05264804946257562,0.0,0,False,0.0,0.9868427679680422,-0.019653293847931574,0.5,0.0,0.0,0.0,0.0,0.0,0.0,0.0,0.0,0.0,0.0,0.0,0.0,0.0,0.0,0.0,0.0,0.0,0.5,0.0,0.0,0.0
2009-08-01,-0.00841199806229459,-0.00841199806229459,0.0,0,False,0.0,1.0273127789165997,0.0,0.5,0.0,0.0,0.0,0.0,0.0,0.0,0.0,0.0,0.0,0.0,0.0,0.0,0.0,0.0,0.0,0.0,0.0,0.5,0.0,0.0,0.0
2009-09-01,0.024004913841318865,0.024004913841318865,0.0,0,False,0.0,1.018671025810983,-0.01596499719029043,0.5,0.0,0.0,0.0,0.0,0.0,0.0,0.0,0.0,0.0,0.0,0.0,0.0,0.0,0.0,0.0,0.0,0.0,0.5,0.0,0.0,0.0
2009-10-01,0.030102040816326503,0.0281020408163265,0.5,2,True,0.002,1.041037887746187,-0.02438680161261364,0.5,0.0,0.0,0.0,0.0,0.5,0.0,0.0,0.0,0.0,0.0,0.0,0.0,0.0,0.0,0.0,0.0,0.0,0.0,0.0,0.0,0.0
2009-11-01,0.058967677500110074,0.05856767750011008,0.09999999999999999,2,True,0.00039999999999999996,1.0660015513809171,-0.007909045971329465,0.5,0.0,0.0,0.0,0.0,0.4,0.0,0.0,0.0,0.0,0.0,0.0,0.0,0.0,0.0,0.0,0.0,0.0,0.0,0.0,0.0,0.1
2009-12-01,-0.02057304766883137,-0.02057304766883137,0.0,0,False,0.0,1.128409642602533,0.0,0.5,0.0,0.0,0.0,0.0,0.4,0.0,0.0,0.0,0.0,0.0,0.0,0.0,0.0,0.0,0.0,0.0,0.0,0.0,0.0,0.0,0.1
2010-01-01,-0.014346616734276774,-0.014346616734276774,0.0,0,False,0.0,1.0760260406959405,-0.052108836583913964,0.5,0.0,0.0,0.0,0.0,0.4,0.0,0.0,0.0,0.0,0.0,0.0,0.0,0.0,0.0,0.0,0.0,0.0,0.0,0.0,0.0,0.1
2010-02-01,0.007696672216371981,0.007696672216371981,0.0,0,False,0.0,1.0605887074939744,-0.06570786781125237,0.5,0.0,0.0,0.0,0.0,0.4,0.0,0.0,0.0,0.0,0.0,0.0,0.0,0.0,0.0,0.0,0.0,0.0,0.0,0.0,0.0,0.1
2010-03-01,0.02518191857865049,0.02358191857865049,0.4,3,True,0.0016,1.06704170839413,-0.06002330043143567,0.5,0.0,0.0,0.0,0.0,0.0,0.0,0.0,0.0,0.1,0.0,0.0,0.0,0.0,0.0,0.0,0.0,0.0,0.0,0.0,0.0,0.4
2010-04-01,0.01341833940719215,0.01341833940719215,0.0,0,False,0.0,1.0939118658149352,-0.03635288371707135,0.5,0.0,0.0,0.0,0.0,0.0,0.0,0.0,0.0,0.1,0.0,0.0,0.0,0.0,0.0,0.0,0.0,0.0,0.0,0.0,0.0,0.4
2010-05-01,0.00454666098601496,0.00294666098601496,0.4,3,True,0.0016,1.1011059060956556,-0.03001552109437511,0.5,0.0,0.0,0.0,0.0,0.4,0.0,0.0,0.0,0.0,0.0,0.0,0.0,0.0,0.0,0.0,0.0,0.0,0.0,0.0,0.0,0.1
2010-06-01,-0.014528907116818325,-0.014528907116818325,0.0,0,False,0.0,1.1043424817421947,-0.027164361978283535,0.5,0.0,0.0,0.0,0.0,0.4,0.0,0.0,0.0,0.0,0.0,0.0,0.0,0.0,0.0,0.0,0.0,0.0,0.0,0.0,0.0,0.1
2010-07-01,0.005365406014663376,0.005365406014663376,0.0,0,False,0.0,1.0882975923998057,-0.04129860060303181,0.5,0.0,0.0,0.0,0.0,0.4,0.0,0.0,0.0,0.0,0.0,0.0,0.0,0.0,0.0,0.0,0.0,0.0,0.0,0.0,0.0,0.1
2010-08-01,-0.02456991348209458,-0.02616991348209458,0.4,3,True,0.0016,1.0912803846198111,-0.03867100398295298,0.5,0.0,0.0,0.0,0.0,0.0,0.0,0.0,0.0,0.1,0.0,0.0,0.0,0.0,0.0,0.0,0.0,0.0,0.0,0.0,0.0,0.4
2010-09-01,0.03215160658460947,0.03055160658460947,0.4,3,True,0.0016,1.0610641483184067,-0.0652890432297254,0.5,0.0,0.0,0.0,0.0,0.4,0.0,0.0,0.0,0.0,0.0,0.0,0.0,0.0,0.0,0.0,0.0,0.0,0.0,0.0,0.0,0.1
2010-10-01,0.015120305083647968,0.015120305083647968,0.0,0,False,0.0,1.0951790653761737,-0.03523658427732368,0.5,0.0,0.0,0.0,0.0,0.4,0.0,0.0,0.0,0.0,0.0,0.0,0.0,0.0,0.0,0.0,0.0,0.0,0.0,0.0,0.0,0.1
2010-11-01,0.011266451315955163,0.011266451315955163,0.0,0,False,0.0,1.1117385069658858,-0.020649067098054585,0.5,0.0,0.0,0.0,0.0,0.4,0.0,0.0,0.0,0.0,0.0,0.0,0.0,0.0,0.0,0.0,0.0,0.0,0.0,0.0,0.0,0.1
2010-12-01,0.011491651446520958,0.011491651446520958,0.0,0,False,0.0,1.1242638547306896,-0.009615257491279672,0.5,0.0,0.0,0.0,0.0,0.4,0.0,0.0,0.0,0.0,0.0,0.0,0.0,0.0,0.0,0.0,0.0,0.0,0.0,0.0,0.0,0.1
2011-01-01,-0.017364357127291986,-0.017364357127291986,0.0,0,False,0.0,1.126681972531514,-0.010046563372504091,0.5,0.0,0.0,0.0,0.0,0.4,0.0,0.0,0.0,0.0,0.0,0.0,0.0,0.0,0.0,0.0,0.0,0.0,0.0,0.0,0.0,0.1
2011-02-01,-0.0054646290238598684,-0.007064629023859868,0.4,3,True,0.0016,1.1053464758085683,-0.028792890036077434,0.5,0.0,0.0,0.0,0.0,0.0,0.0,0.0,0.0,0.1,0.0,0.0,0.0,0.0,0.0,0.0,0.0,0.0,0.0,0.0,0.0,0.4
2011-03-01,-0.0021307527006284577,-0.0037307527006284575,0.4,3,True,0.0016,1.0975472775076431,-0.035645616314809225,0.5,0.0,0.0,0.0,0.0,0.4,0.0,0.0,0.0,0.0,0.0,0.0,0.0,0.0,0.0,0.0,0.0,0.0,0.0,0.0,0.0,0.1
2011-04-01,0.013625365322792505,0.012025365322792504,0.4,2,True,0.0016,1.093456341800935,-0.03924009635497383,0.5,0.4,0.0,0.0,0.0,0.0,0.0,0.0,0.0,0.0,0.0,0.0,0.0,0.0,0.0,0.0,0.0,0.0,0.0,0.0,0.0,0.1
2011-05-01,-0.00647803823103541,-0.00807803823103541,0.4,3,True,0.0016,1.1133294364763193,-0.02177870187990605,0.5,0.1,0.0,0.0,0.0,0.4,0.0,0.0,0.0,0.0,0.0,0.0,0.0,0.0,0.0,0.0,0.0,0.0,0.0,0.0,0.0,0.0
2011-06-01,-0.012105503727259182,-0.012505503727259181,0.1,2,True,0.0004,1.1039057192464798,-0.030058803527866385,0.5,0.0,0.0,0.0,0.0,0.4,0.0,0.0,0.0,0.0,0.0,0.0,0.0,0.0,0.0,0.0,0.0,0.0,0.0,0.0,0.0,0.1
2011-07-01,0.03427841114466387,0.03427841114466387,0.0,0,False,0.0,1.090542384447599,-0.04180043029698188,0.5,0.0,0.0,0.0,0.0,0.4,0.0,0.0,0.0,0.0,0.0,0.0,0.0,0.0,0.0,0.0,0.0,0.0,0.0,0.0,0.0,0.1
2011-08-01,0.04482355366747427,0.04482355366747427,0.0,0,False,0.0,1.127924444672376,-0.008954871488061733,0.5,0.0,0.0,0.0,0.0,0.4,0.0,0.0,0.0,0.0,0.0,0.0,0.0,0.0,0.0,0.0,0.0,0.0,0.0,0.0,0.0,0.1
2011-09-01,-0.04232548006678947,-0.04232548006678947,0.0,0,False,0.0,1.1784820265510045,-0.010435755504274113,0.5,0.0,0.0,0.0,0.0,0.4,0.0,0.0,0.0,0.0,0.0,0.0,0.0,0.0,0.0,0.0,0.0,0.0,0.0,0.0,0.0,0.1
2011-10-01,0.02599586060454824,0.02599586060454824,0.0,0,False,0.0,1.1232566341657717,-0.056808184155232255,0.5,0.0,0.0,0.0,0.0,0.4,0.0,0.0,0.0,0.0,0.0,0.0,0.0,0.0,0.0,0.0,0.0,0.0,0.0,0.0,0.0,0.1
2011-11-01,0.007340312810416806,0.007340312810416806,0.0,0,False,0.0,1.1524566570506791,-0.03228910118718098,0.5,0.0,0.0,0.0,0.0,0.4,0.0,0.0,0.0,0.0,0.0,0.0,0.0,0.0,0.0,0.0,0.0,0.0,0.0,0.0,0.0,0.1
2011-12-01,0.005240885127324901,0.0036408851273249014,0.4,3,True,0.0016,1.159058583734816,-0.026745503199077647,0.5,0.0,0.0,0.0,0.0,0.0,0.0,0.0,0.0,0.1,0.0,0.0,0.0,0.0,0.0,0.0,0.0,0.0,0.0,0.0,0.0,0.4
2012-01-01,0.026937516038425646,0.026937516038425646,0.0,0,False,0.0,1.1510937655722162,-0.03343351293537011,0.5,0.0,0.0,0.0,0.0,0.0,0.0,0.0,0.0,0.1,0.0,0.0,0.0,0.0,0.0,0.0,0.0,0.0,0.0,0.0,0.0,0.4
2012-02-01,-0.0001569063067607514,-0.0017569063067607515,0.4,3,True,0.0016,1.1802100101482986,-0.008984778107561708,0.5,0.0,0.0,0.0,0.0,0.4,0.0,0.0,0.0,0.0,0.0,0.0,0.0,0.0,0.0,0.0,0.0,0.0,0.0,0.0,0.0,0.1
2012-03-01,0.023467672948949296,0.021867672948949295,0.4,3,True,0.0016,1.1781367880299973,-0.017399521734226653,0.5,0.0,0.0,0.0,0.0,0.0,0.0,0.0,0.0,0.1,0.0,0.0,0.0,0.0,0.0,0.0,0.0,0.0,0.0,0.0,0.0,0.4
2012-04-01,-0.008284881011495361,-0.00868488101149536,0.1,2,True,0.0004,1.199583053701492,-0.00426882794938277,0.5,0.0,0.0,0.0,0.0,0.1,0.0,0.0,0.0,0.0,0.0,0.0,0.0,0.0,0.0,0.0,0.0,0.0,0.0,0.0,0.0,0.4
2012-05-01,-0.045094258752435404,-0.0454942587524354,0.1,2,True,0.0004,1.1886931254606428,-0.013308169558409966,0.5,0.0,0.0,0.0,0.0,0.0,0.0,0.0,0.0,0.1,0.0,0.0,0.0,0.0,0.0,0.0,0.0,0.0,0.0,0.0,0.0,0.4
2012-06-01,0.03338775051834073,0.03338775051834073,0.0,0,False,0.0,1.1350898900838793,-0.05780230626925731,0.5,0.0,0.0,0.0,0.0,0.0,0.0,0.0,0.0,0.1,0.0,0.0,0.0,0.0,0.0,0.0,0.0,0.0,0.0,0.0,0.0,0.4
2012-07-01,0.004532394987138866,0.004532394987138866,0.0,0,False,0.0,1.1699669956928,-0.02885206298385512,0.5,0.0,0.0,0.0,0.0,0.0,0.0,0.0,0.0,0.1,0.0,0.0,0.0,0.0,0.0,0.0,0.0,0.0,0.0,0.0,0.0,0.4
2012-08-01,0.0204380634851878,0.0204380634851878,0.0,0,False,0.0,1.1752697482391963,-0.024450436942352716,0.5,0.0,0.0,0.0,0.0,0.0,0.0,0.0,0.0,0.1,0.0,0.0,0.0,0.0,0.0,0.0,0.0,0.0,0.0,0.0,0.0,0.4
2012-09-01,0.008426833240979216,0.008426833240979216,0.0,0,False,0.0,1.1998030457819433,-0.004612870784486578,0.5,0.0,0.0,0.0,0.0,0.0,0.0,0.0,0.0,0.1,0.0,0.0,0.0,0.0,0.0,0.0,0.0,0.0,0.0,0.0,0.0,0.4
2012-10-01,-0.01949762884665539,-0.01949762884665539,0.0,0,False,0.0,1.2099135859707668,-0.011041225195803306,0.5,0.0,0.0,0.0,0.0,0.0,0.0,0.0,0.0,0.1,0.0,0.0,0.0,0.0,0.0,0.0,0.0,0.0,0.0,0.0,0.0,0.4
2012-11-01,-0.0043553287663840486,-0.0043553287663840486,0.0,0,False,0.0,1.1863231399349827,-0.030323576331578672,0.5,0.0,0.0,0.0,0.0,0.0,0.0,0.0,0.0,0.1,0.0,0.0,0.0,0.0,0.0,0.0,0.0,0.0,0.0,0.0,0.0,0.4
2012-12-01,0.016143170066955224,0.016143170066955224,0.0,0,False,0.0,1.1823043996337173,-0.03360841297667427,0.5,0.0,0.0,0.0,0.0,0.0,0.0,0.0,0.0,0.1,0.0,0.0,0.0,0.0,0.0,0.0,0.0,0.0,0.0,0.0,0.0,0.4
2013-01-01,0.0025881758496261844,0.0025881758496261844,0.0,0,False,0.0,1.1767905637241172,-0.0381153103855949,0.5,0.0,0.0,0.0,0.0,0.0,0.0,0.0,0.0,0.1,0.0,0.0,0.0,0.0,0.0,0.0,0.0,0.0,0.0,0.0,0.0,0.4
2013-02-01,0.002014373627259491,0.0008143736272594911,0.30000000000000004,2,True,0.0012000000000000001,1.178420501075647,-0.03678303272141503,0.5,0.0,0.0,0.0,0.0,0.0,0.0,0.0,0.0,0.4,0.0,0.0,0.0,0.0,0.0,0.0,0.0,0.0,0.0,0.0,0.0,0.1
2013-03-01,0.014124872184089754,0.014124872184089754,0.0,0,False,0.0,1.180794280254836,-0.03484275386520008,0.5,0.0,0.0,0.0,0.0,0.0,0.0,0.0,0.0,0.4,0.0,0.0,0.0,0.0,0.0,0.0,0.0,0.0,0.0,0.0,0.0,0.1
2013-04-01,0.007346448647495452,0.007346448647495452,0.0,0,False,0.0,1.1974728485391395,-0.021210031125998174,0.5,0.0,0.0,0.0,0.0,0.0,0.0,0.0,0.0,0.4,0.0,0.0,0.0,0.0,0.0,0.0,0.0,0.0,0.0,0.0,0.0,0.1
2013-05-01,0.02173106996214453,0.019731069962144528,0.5,5,True,0.002,1.2038574812850469,-0.015991362081215765,0.0,0.0,0.0,0.0,0.0,0.0,0.0,0.125,0.0,0.4,0.0,0.0,0.0,0.0,0.0,0.0,0.125,0.125,0.0,0.125,0.0,0.1
2013-06-01,-0.010981022890035195,-0.011981022890035196,0.25,4,True,0.001,1.2243100076650457,-0.03411630889414785,0.0,0.0,0.0,0.0,0.0,0.0,0.0,0.125,0.125,0.4,0.0,0.0,0.0,0.0,0.125,0.0,0.0,0.0,0.0,0.125,0.0,0.1
2013-07-01,0.059405813318412215,0.059405813318412215,0.0,0,False,0.0,1.2096549656149302,-0.04567797711547761,0.0,0.0,0.0,0.0,0.0,0.0,0.0,0.125,0.125,0.4,0.0,0.0,0.0,0.0,0.125,0.0,0.0,0.0,0.0,0.125,0.0,0.1
2013-08-01,-0.03838574710967409,-0.03838574710967409,0.0,0,False,0.0,1.2815155026819414,0.0,0.0,0.0,0.0,0.0,0.0,0.0,0.0,0.125,0.125,0.4,0.0,0.0,0.0,0.0,0.125,0.0,0.0,0.0,0.0,0.125,0.0,0.1
2013-09-01,0.04475364699726568,0.04425364699726568,0.125,2,True,0.0005,1.2313807815662268,-0.040056467970769005,0.0,0.0,0.0,0.0,0.0,0.0,0.0,0.125,0.125,0.4,0.0,0.0,0.0,0.125,0.0,0.0,0.0,0.0,0.0,0.125,0.0,0.1
2013-10-01,0.03202180337788785,0.031021803377887847,0.25,4,True,0.001,1.2845604712848642,-0.008417249271565397,0.0,0.0,0.125,0.0,0.0,0.0,0.0,0.125,0.125,0.4,0.0,0.0,0.0,0.0,0.0,0.0,0.125,0.0,0.0,0.0,0.0,0.1
2013-11-01,0.02571950469360781,0.02471950469360781,0.25,4,True,0.001,1.324368719709231,-0.010718851255972717,0.0,0.0,0.0,0.0,0.0,0.0,0.0,0.125,0.125,0.4,0.0,0.0,0.0,0.125,0.125,0.0,0.0,0.0,0.0,0.0,0.0,0.1
2013-12-01,0.019138065821406633,0.018638065821406632,0.125,2,True,0.0005,1.363049897139008,0.0,0.0,0.0,0.0,0.0,0.0,0.0,0.0,0.125,0.125,0.4,0.0,0.0,0.0,0.125,0.0,0.0,0.0,0.0,0.0,0.125,0.0,0.1
2014-01-01,-0.046368772991033244,-0.046868772991033245,0.125,2,True,0.0005,1.3589429841827927,-0.027478374147827944,0.0,0.0,0.0,0.0,0.0,0.0,0.0,0.0,0.125,0.4,0.0,0.0,0.0,0.125,0.125,0.0,0.0,0.0,0.0,0.125,0.0,0.1
2014-02-01,0.06577842296583036,0.06527842296583036,0.125,2,True,0.0005,1.3262671148064178,-0.050862717701546045,0.0,0.0,0.0,0.0,0.0,0.0,0.0,0.125,0.125,0.4,0.0,0.0,0.0,0.125,0.125,0.0,0.0,0.0,0.0,0.0,0.0,0.1
2014-03-01,0.019256730954659032,0.019256730954659032,0.0,0,False,0.0,1.422448493946514,0.0,0.0,0.0,0.0,0.0,0.0,0.0,0.0,0.125,0.125,0.4,0.0,0.0,0.0,0.125,0.125,0.0,0.0,0.0,0.0,0.0,0.0,0.1
2014-04-01,-0.010528349943982232,-0.011028349943982232,0.125,2,True,0.0005,1.4491152817903568,0.0,0.0,0.0,0.0,0.0,0.0,0.0,0.0,0.125,0.125,0.4,0.0,0.0,0.0,0.125,0.0,0.0,0.0,0.0,0.0,0.125,0.0,0.1
2014-05-01,0.023858421707577043,0.023358421707577043,0.125,2,True,0.0005,1.4331415597499986,-0.014076582676165406,0.0,0.0,0.0,0.0,0.0,0.0,0.0,0.0,0.125,0.4,0.0,0.0,0.0,0.125,0.125,0.0,0.0,0.0,0.0,0.125,0.0,0.1
2014-06-01,0.02608522787460566,0.02508522787460566,0.25,4,True,0.001,1.4670055320872009,0.0,0.0,0.0,0.125,0.0,0.0,0.0,0.0,0.0,0.0,0.4,0.0,0.0,0.0,0.125,0.125,0.0,0.0,0.125,0.0,0.0,0.0,0.1
2014-07-01,-0.021394392318769037,-0.021894392318769038,0.125,2,True,0.0005,1.503015549262828,0.0,0.0,0.0,0.125,0.0,0.0,0.0,0.0,0.125,0.0,0.4,0.0,0.0,0.0,0.125,0.0,0.0,0.0,0.125,0.0,0.0,0.0,0.1
2014-08-01,0.03948129813815355,0.03798129813815355,0.375,6,True,0.0015,1.4686531557732776,-0.03000835725331208,0.0,0.0,0.0,0.0,0.0,0.0,0.0,0.0,0.0,0.4,0.0,0.125,0.125,0.125,0.0,0.0,0.0,0.0,0.0,0.0,0.125,0.1
2014-09-01,-0.04293616092603389,-0.04463616092603389,0.42500000000000004,4,True,0.0017000000000000001,1.524166672535376,-0.001316848576164542,0.0,0.0,0.0,0.0,0.0,0.0,0.0,0.0,0.0,0.1,0.0,0.125,0.0,0.125,0.0,0.0,0.0,0.125,0.0,0.0,0.125,0.4
2014-10-01,0.03779694277164396,0.036296942771643956,0.375,6,True,0.0015,1.4540606073711402,-0.052790231742824933,0.0,0.0,0.0,0.0,0.0,0.0,0.0,0.0,0.0,0.1,0.0,0.0,0.125,0.125,0.125,0.0,0.0,0.0,0.0,0.125,0.0,0.4
2014-11-01,0.025750490167275514,0.025250490167275513,0.125,2,True,0.0005,1.5055114194632186,-0.019273945316160335,0.0,0.0,0.0,0.0,0.0,0.0,0.0,0.0,0.0,0.1,0.0,0.0,0.125,0.125,0.125,0.0,0.0,0.125,0.0,0.0,0.0,0.4
2014-12-01,-0.0016596271082230168,-0.0016596271082230168,0.0,0,False,0.0,1.5435069369285945,-0.008654819232847055,0.0,0.0,0.0,0.0,0.0,0.0,0.0,0.0,0.0,0.1,0.0,0.0,0.125,0.125,0.125,0.0,0.0,0.125,0.0,0.0,0.0,0.4
2015-01-01,-0.0035722555772307926,-0.004072255577230793,0.125,2,True,0.0005,1.5057999821517676,-0.03968877709804974,0.0,0.0,0.0,0.0,0.0,0.0,0.0,0.0,0.0,0.1,0.0,0.125,0.125,0.125,0.0,0.0,0.0,0.125,0.0,0.0,0.0,0.4
2015-02-01,0.05349135324422197,0.05349135324422197,0.0,0,False,0.0,1.4868565512729874,-0.05176979017334837,0.0,0.0,0.0,0.0,0.0,0.0,0.0,0.0,0.0,0.1,0.0,0.125,0.125,0.125,0.0,0.0,0.0,0.125,0.0,0.0,0.0,0.4
2015-03-01,-0.021409514032116418,-0.021409514032116418,0.0,0,False,0.0,1.5554859137360248,-0.008001993802622787,0.0,0.0,0.0,0.0,0.0,0.0,0.0,0.0,0.0,0.1,0.0,0.125,0.125,0.125,0.0,0.0,0.0,0.125,0.0,0.0,0.0,0.4
2015-04-01,0.034900951888084786,0.034400951888084785,0.125,2,True,0.0005,1.5214226243810147,-0.02972556894161882,0.0,0.0,0.0,0.0,0.0,0.0,0.0,0.125,0.0,0.1,0.0,0.125,0.0,0.125,0.0,0.0,0.0,0.125,0.0,0.0,0.0,0.4
2015-05-01,0.003792092340461026,0.003292092340461026,0.125,2,True,0.0005,1.5737344613348823,-0.011624485679153973,0.0,0.0,0.0,0.0,0.0,0.0,0.0,0.125,0.0,0.1,0.0,0.125,0.125,0.125,0.0,0.0,0.0,0.0,0.0,0.0,0.0,0.4
2015-06-01,-0.02848520433533228,-0.02848520433533228,0.0,0,False,0.0,1.57970220773163,-0.010035454296926205,0.0,0.0,0.0,0.0,0.0,0.0,0.0,0.125,0.0,0.1,0.0,0.125,0.125,0.125,0.0,0.0,0.0,0.0,0.0,0.0,0.0,0.4
2015-07-01,-0.001467253396947532,-0.001967253396947532,0.125,2,True,0.0005,1.5339367155216423,-0.03871567926767894,0.0,0.0,0.0,0.0,0.0,0.0,0.0,0.0,0.125,0.1,0.0,0.125,0.125,0.125,0.0,0.0,0.0,0.0,0.0,0.0,0.0,0.4
2015-08-01,-0.08307581194937763,-0.08357581194937763,0.125,2,True,0.0005,1.5400974530467268,-0.034854880887220996,0.0,0.0,0.0,0.0,0.0,0.0,0.0,0.0,0.125,0.1,0.0,0.0,0.125,0.125,0.125,0.0,0.0,0.0,0.0,0.0,0.0,0.4
2015-09-01,0.014755882102023877,0.012755882102023877,0.5,5,True,0.002,1.4086236372896739,-0.11724662260332297,0.0,0.0,0.0,0.0,0.0,0.0,0.5,0.0,0.0,0.1,0.0,0.0,0.0,0.0,0.0,0.0,0.0,0.0,0.0,0.0,0.0,0.4
2015-10-01,0.08863955904896018,0.08663955904896017,0.5,5,True,0.002,1.4265503033644291,-0.10601237620561166,0.0,0.0,0.0,0.0,0.0,0.0,0.0,0.0,0.0,0.1,0.125,0.0,0.125,0.125,0.0,0.0,0.0,0.125,0.0,0.0,0.0,0.4
2015-11-01,0.003546518002254606,0.003046518002254606,0.125,2,True,0.0005,1.5390323114517548,-0.03552238164148669,0.0,0.0,0.0,0.0,0.0,0.0,0.0,0.0,0.0,0.1,0.0,0.0,0.125,0.125,0.125,0.0,0.0,0.125,0.0,0.0,0.0,0.4
2015-12-01,-0.041260096663044324,-0.041760096663044324,0.125,2,True,0.0005,1.5429464128557497,-0.0330695005862619,0.0,0.0,0.0,0.0,0.0,0.0,0.0,0.0,0.125,0.1,0.0,0.0,0.125,0.125,0.0,0.0,0.0,0.125,0.0,0.0,0.0,0.4
2016-01-01,0.010435879476488386,0.008435879476488386,0.5,5,True,0.002,1.5035248656963234,-0.057774115059538556,0.0,0.0,0.0,0.0,0.0,0.0,0.0,0.0,0.0,0.1,0.0,0.0,0.0,0.0,0.0,0.5,0.0,0.0,0.0,0.0,0.0,0.4
2016-02-01,0.014702278150397331,0.012702278150397331,0.5,2,True,0.002,1.513144684966575,-0.05174558641217064,0.0,0.0,0.0,0.0,0.0,0.0,0.5,0.0,0.0,0.1,0.0,0.0,0.0,0.0,0.0,0.0,0.0,0.0,0.0,0.0,0.0,0.4
2016-03-01,0.009449449920730046,0.005449449920730046,1.0,5,True,0.004,1.529249793570722,-0.041652869921195323,0.5,0.0,0.0,0.0,0.0,0.0,0.0,0.0,0.0,0.0,0.0,0.0,0.0,0.0,0.0,0.5,0.0,0.0,0.0,0.0,0.0,0.0
2016-04-01,-0.018620661519610244,-0.022620661519610244,1.0,8,True,0.004,1.5375255614597099,-0.036466628642005006,0.0,0.0,0.0,0.125,0.0,0.0,0.0,0.0,0.0,0.1,0.0,0.0,0.125,0.125,0.0,0.0,0.0,0.125,0.0,0.0,0.0,0.4
2016-05-01,0.011587891521578297,0.010587891521578296,0.25,4,True,0.001,1.4971331310732017,-0.061779674228515935,0.0,0.0,0.0,0.125,0.0,0.0,0.0,0.0,0.125,0.1,0.125,0.0,0.0,0.0,0.0,0.0,0.0,0.125,0.0,0.0,0.0,0.4
2016-06-01,0.023678080215085873,0.023178080215085873,0.125,2,True,0.0005,1.512210782009228,-0.05233084280567046,0.0,0.0,0.0,0.125,0.0,0.0,0.0,0.125,0.0,0.1,0.125,0.0,0.0,0.0,0.0,0.0,0.0,0.125,0.0,0.0,0.0,0.4
2016-07-01,0.04157855441665201,0.04107855441665201,0.125,2,True,0.0005,1.547243021692657,-0.030376910556017878,0.0,0.0,0.0,0.125,0.0,0.0,0.0,0.0,0.0,0.1,0.125,0.0,0.125,0.0,0.0,0.0,0.0,0.125,0.0,0.0,0.0,0.4
2016-08-01,-0.0009734196227244247,-0.0019734196227244247,0.25,4,True,0.001,1.6099635747160244,-0.0003869466471559946,0.0,0.0,0.0,0.125,0.0,0.0,0.0,0.125,0.125,0.1,0.0,0.0,0.0,0.0,0.0,0.0,0.0,0.125,0.0,0.0,0.0,0.4
2016-09-01,0.008403466600262432,0.007403466600262432,0.25,4,True,0.001,1.6067880081759442,-0.007751105781304224,0.0,0.0,0.0,0.0,0.0,0.0,0.0,0.0,0.125,0.1,0.0,0.125,0.0,0.0,0.0,0.0,0.0,0.125,0.0,0.0,0.125,0.4
2016-10-01,-0.022121834219363694,-0.022621834219363694,0.125,2,True,0.0005,1.6246551153112103,-0.01043170669142246,0.0,0.0,0.0,0.0,0.0,0.0,0.0,0.0,0.125,0.1,0.0,0.125,0.0,0.125,0.0,0.0,0.0,0.0,0.0,0.0,0.125,0.4
2016-11-01,-0.013101502124580371,-0.013601502124580372,0.125,2,True,0.0005,1.587126446601159,-0.03329020773300184,0.0,0.0,0.0,0.0,0.0,0.0,0.0,0.0,0.0,0.1,0.125,0.125,0.0,0.125,0.0,0.0,0.0,0.0,0.0,0.0,0.125,0.4
2016-12-01,0.0415871762724888,0.0395871762724888,0.5,8,True,0.002,1.563200040676859,-0.047863647013979604,0.0,0.0,0.0,0.0,0.0,0.0,0.0,0.125,0.125,0.1,0.0,0.0,0.0,0.0,0.125,0.0,0.0,0.0,0.0,0.125,0.0,0.4
2017-01-01,0.015049221608726297,0.015049221608726297,0.0,0,False,0.0,1.59517946512722,-0.02838515944077391,0.0,0.0,0.0,0.0,0.0,0.0,0.0,0.125,0.125,0.1,0.0,0.0,0.0,0.0,0.125,0.0,0.0,0.0,0.0,0.125,0.0,0.4
2017-02-01,0.04202437630915727,0.04152437630915727,0.125,2,True,0.0005,1.618376081566407,-0.014256230830677508,0.0,0.0,0.0,0.0,0.125,0.0,0.0,0.125,0.125,0.1,0.0,0.0,0.0,0.0,0.0,0.0,0.0,0.0,0.0,0.125,0.0,0.4
2017-03-01,-0.008538105095886558,-0.009038105095886559,0.125,2,True,0.0005,1.68554413336438,0.0,0.0,0.0,0.0,0.0,0.0,0.0,0.0,0.125,0.125,0.1,0.0,0.0,0.0,0.125,0.0,0.0,0.0,0.0,0.0,0.125,0.0,0.4
2017-04-01,0.023638161471960566,0.022638161471960565,0.25,4,True,0.001,1.6775155393302115,-0.00476320606221281,0.0,0.0,0.0,0.0,0.0,0.0,0.0,0.125,0.0,0.1,0.0,0.125,0.0,0.125,0.0,0.0,0.0,0.0,0.0,0.0,0.125,0.4
2017-05-01,0.032441524697046836,0.031441524697046835,0.25,4,True,0.001,1.7137363018445038,0.0,0.0,0.0,0.0,0.0,0.0,0.0,0.0,0.0,0.125,0.1,0.0,0.125,0.125,0.125,0.0,0.0,0.0,0.0,0.0,0.0,0.0,0.4
2017-06-01,-0.017384368374545427,-0.017884368374545427,0.125,2,True,0.0005,1.768447854144816,0.0,0.0,0.0,0.0,0.0,0.0,0.0,0.0,0.0,0.0,0.1,0.0,0.125,0.125,0.125,0.0,0.0,0.0,0.0,0.0,0.0,0.125,0.4
2017-07-01,0.05168086698369541,0.05118086698369541,0.125,2,True,0.0005,1.7419476271796854,-0.026876713220294612,0.0,0.0,0.125,0.0,0.0,0.0,0.0,0.0,0.0,0.1,0.0,0.125,0.125,0.125,0.0,0.0,0.0,0.0,0.0,0.0,0.0,0.4
2017-08-01,0.016927823215976807,0.016927823215976807,0.0,0,False,0.0,1.831057004297126,-8.148688390974268e-05,0.0,0.0,0.125,0.0,0.0,0.0,0.0,0.0,0.0,0.1,0.0,0.125,0.125,0.125,0.0,0.0,0.0,0.0,0.0,0.0,0.0,0.4
2017-09-01,0.011344305730502522,0.010844305730502522,0.125,2,True,0.0005,1.8611217871574621,-0.0001611086797876915,0.0,0.0,0.0,0.0,0.0,0.0,0.0,0.0,0.0,0.1,0.0,0.125,0.125,0.125,0.0,0.0,0.0,0.0,0.0,0.0,0.125,0.4
2017-10-01,0.04172542987842316,0.04122542987842316,0.125,2,True,0.0005,1.8777189732062032,-0.0036489564758506177,0.0,0.0,0.0,0.0,0.0,0.0,0.0,0.0,0.125,0.1,0.0,0.125,0.125,0.125,0.0,0.0,0.0,0.0,0.0,0.0,0.0,0.4
2017-11-01,0.0107950633016909,0.0102950633016909,0.125,2,True,0.0005,1.95411202596645,-0.0006053415455451461,0.0,0.0,0.0,0.0,0.0,0.0,0.0,0.0,0.0,0.1,0.0,0.125,0.125,0.125,0.0,0.0,0.125,0.0,0.0,0.0,0.0,0.4
2017-12-01,0.029403060088793943,0.029403060088793943,0.0,0,False,0.0,1.9752067889853542,-0.015584286165029937,0.0,0.0,0.0,0.0,0.0,0.0,0.0,0.0,0.0,0.1,0.0,0.125,0.125,0.125,0.0,0.0,0.125,0.0,0.0,0.0,0.0,0.4
2018-01-01,0.059017615136812786,0.058517615136812785,0.125,2,True,0.0005,1.9259511126867133,-0.04636244163663783,0.0,0.0,0.0,0.0,0.0,0.0,0.0,0.0,0.0,0.1,0.0,0.125,0.125,0.125,0.0,0.0,0.0,0.0,0.0,0.0,0.125,0.4
2018-02-01,-0.032678660816820665,-0.032678660816820665,0.0,0,False,0.0,2.03859634615046,-0.020043496446947584,0.0,0.0,0.0,0.0,0.0,0.0,0.0,0.0,0.0,0.1,0.0,0.125,0.125,0.125,0.0,0.0,0.0,0.0,0.0,0.0,0.125,0.4
2018-03-01,-0.039668388676563617,-0.039668388676563617,0.0,0,False,0.0,1.971977747612199,-0.05206716264179545,0.0,0.0,0.0,0.0,0.0,0.0,0.0,0.0,0.0,0.1,0.0,0.125,0.125,0.125,0.0,0.0,0.0,0.0,0.0,0.0,0.125,0.4
2018-04-01,0.027230736944625293,0.027230736944625293,0.0,0,False,0.0,1.9407944135935948,-0.06705704086447661,0.0,0.0,0.0,0.0,0.0,0.0,0.0,0.0,0.0,0.1,0.0,0.125,0.125,0.125,0.0,0.0,0.0,0.0,0.0,0.0,0.125,0.4
2018-05-01,0.05234830458645783,0.05184830458645783,0.125,2,True,0.0005,1.9926468538958926,-0.04213149040163733,0.0,0.0,0.0,0.0,0.125,0.0,0.0,0.0,0.0,0.1,0.0,0.125,0.125,0.125,0.0,0.0,0.0,0.0,0.0,0.0,0.0,0.4
2018-06-01,-0.01178115299461624,-0.01228115299461624,0.125,2,True,0.0005,2.0959100590677138,0.0,0.0,0.0,0.0,0.0,0.125,0.0,0.0,0.0,0.125,0.1,0.0,0.125,0.0,0.125,0.0,0.0,0.0,0.0,0.0,0.0,0.0,0.4
2018-07-01,0.015000746305635143,0.014500746305635142,0.125,2,True,0.0005,2.066006384945876,-0.03102834708722757,0.0,0.0,0.0,0.0,0.125,0.0,0.0,0.0,0.125,0.1,0.0,0.0,0.125,0.125,0.0,0.0,0.0,0.0,0.0,0.0,0.0,0.4
2018-08-01,0.047274183950593233,0.04677418395059323,0.125,2,True,0.0005,2.0949015488191853,-0.026078503723722668,0.0,0.0,0.0,0.0,0.0,0.0,0.0,0.0,0.125,0.1,0.0,0.0,0.125,0.125,0.125,0.0,0.0,0.0,0.0,0.0,0.0,0.4
2018-09-01,0.002551331945712781,0.002551331945712781,0.0,0,False,0.0,2.1996133407781047,-0.0017501702385989137,0.0,0.0,0.0,0.0,0.0,0.0,0.0,0.0,0.125,0.1,0.0,0.0,0.125,0.125,0.125,0.0,0.0,0.0,0.0,0.0,0.0,0.4
2018-10-01,-0.07535413304740947,-0.07585413304740947,0.125,2,True,0.0005,2.2041226719203673,0.0,0.0,0.0,0.0,0.0,0.125,0.0,0.0,0.0,0.0,0.1,0.0,0.0,0.125,0.125,0.125,0.0,0.0,0.0,0.0,0.0,0.0,0.4
2018-11-01,0.0065849683154846515,0.006084968315484652,0.125,2,True,0.0005,2.0370139023882454,-0.0781084549835197,0.0,0.0,0.0,0.0,0.0,0.0,0.0,0.0,0.0,0.1,0.0,0.0,0.125,0.125,0.125,0.0,0.0,0.0,0.0,0.125,0.0,0.4
2018-12-01,-0.10108533175590663,-0.10158533175590663,0.125,2,True,0.0005,2.0175138947208007,-0.08693357501598353,0.0,0.0,0.0,0.0,0.0,0.0,0.0,0.0,0.0,0.1,0.0,0.0,0.0,0.125,0.125,0.0,0.0,0.125,0.0,0.125,0.0,0.4
2019-01-01,0.034218183922615907,0.032218183922615905,0.5,5,True,0.002,1.8158855026234624,-0.17818455258264332,0.0,0.0,0.0,0.0,0.0,0.0,0.0,0.0,0.0,0.1,0.0,0.0,0.0,0.0,0.0,0.5,0.0,0.0,0.0,0.0,0.0,0.4
2019-02-01,0.023473421159689735,0.023473421159689735,0.0,0,False,0.0,1.874265763121174,-0.15176339341156453,0.0,0.0,0.0,0.0,0.0,0.0,0.0,0.0,0.0,0.1,0.0,0.0,0.0,0.0,0.0,0.5,0.0,0.0,0.0,0.0,0.0,0.4
2019-03-01,0.035921562884298874,0.03392156288429887,0.5,5,True,0.002,1.9144246703586174,-0.13358867354544368,0.0,0.0,0.0,0.125,0.0,0.0,0.0,0.0,0.0,0.1,0.125,0.0,0.0,0.0,0.125,0.0,0.0,0.125,0.0,0.0,0.0,0.4
2019-04-01,0.02814389745513233,0.027143897455132328,0.25,4,True,0.001,1.9812106027456142,-0.10336335877393954,0.0,0.0,0.0,0.0,0.0,0.0,0.0,0.0,0.0,0.1,0.0,0.125,0.0,0.125,0.125,0.0,0.0,0.125,0.0,0.0,0.0,0.4
2019-05-01,-0.07138877514201442,-0.07188877514201442,0.125,2,True,0.0005,2.0359511059909154,-0.07858944483421426,0.0,0.0,0.0,0.0,0.0,0.0,0.0,0.0,0.0,0.1,0.0,0.0,0.0,0.125,0.125,0.0,0.0,0.125,0.0,0.125,0.0,0.4
2019-06-01,0.07978785505203133,0.07828785505203133,0.375,6,True,0.0015,1.9071739526658242,-0.13687013143262372,0.0,0.0,0.0,0.125,0.0,0.0,0.0,0.0,0.0,0.1,0.125,0.0,0.125,0.0,0.0,0.0,0.0,0.125,0.0,0.0,0.0,0.4
2019-07-01,0.008366577211862382,0.007366577211862382,0.25,4,True,0.001,2.0541980023961415,-0.07033144546609638,0.0,0.0,0.0,0.0,0.0,0.0,0.0,0.0,0.0,0.1,0.0,0.0,0.125,0.125,0.125,0.0,0.0,0.125,0.0,0.0,0.0,0.4
2019-08-01,0.007736500145356855,0.006736500145356855,0.25,4,True,0.001,2.0693132239830505,-0.06349074842142488,0.0,0.0,0.0,0.125,0.0,0.0,0.0,0.0,0.0,0.1,0.125,0.0,0.125,0.0,0.0,0.0,0.0,0.125,0.0,0.0,0.0,0.4
2019-09-01,0.0007275873789477343,0.0007275873789477343,0.0,0,False,0.0,2.091714216340282,-0.0533527295154671,0.0,0.0,0.0,0.125,0.0,0.0,0.0,0.0,0.0,0.1,0.125,0.0,0.125,0.0,0.0,0.0,0.0,0.125,0.0,0.0,0.0,0.4
2019-10-01,0.03781198903648071,0.036911989036480713,0.225,4,True,0.0009,2.0913522086953735,-0.05351656334432875,0.0,0.0,0.0,0.125,0.0,0.1,0.0,0.0,0.0,0.0,0.125,0.0,0.0,0.0,0.125,0.0,0.0,0.125,0.0,0.0,0.0,0.4
2019-11-01,0.0021078314845029587,0.0016078314845029587,0.125,2,True,0.0005,2.169345180284241,-0.018219277943287038,0.0,0.0,0.0,0.125,0.0,0.1,0.0,0.0,0.0,0.0,0.125,0.0,0.0,0.125,0.0,0.0,0.0,0.125,0.0,0.0,0.0,0.4
2019-12-01,0.061005389287229775,0.059105389287229776,0.475,8,True,0.0019,2.195023250913229,-0.00659815146130982,0.0,0.0,0.0,0.0,0.0,0.0,0.0,0.0,0.0,0.1,0.0,0.0,0.0,0.125,0.125,0.0,0.125,0.0,0.0,0.125,0.0,0.4
2020-01-01,-0.0020055632010178865,-0.0030055632010178865,0.25,4,True,0.001,2.2238065707760293,-0.033215482431261045,0.0,0.0,0.0,0.0,0.0,0.0,0.0,0.0,0.0,0.1,0.0,0.125,0.0,0.125,0.125,0.0,0.0,0.0,0.0,0.0,0.125,0.4
2020-02-01,-0.030505878060692698,-0.031505878060692695,0.25,4,True,0.001,2.191843024201569,-0.04711141311195499,0.0,0.0,0.0,0.125,0.0,0.0,0.0,0.0,0.0,0.1,0.0,0.0,0.125,0.125,0.125,0.0,0.0,0.0,0.0,0.0,0.0,0.4
2020-03-01,-0.1239997973232379,-0.1248997973232379,0.225,4,True,0.0009,2.029238490940534,-0.11904127129205655,0.0,0.0,0.0,0.125,0.0,0.1,0.0,0.0,0.0,0.0,0.125,0.0,0.125,0.125,0.0,0.0,0.0,0.0,0.0,0.0,0.0,0.4
2020-04-01,0.07488637716908549,0.07288637716908548,0.5,5,True,0.002,1.7724614503922915,-0.2305165740781383,0.0,0.0,0.0,0.0,0.0,0.1,0.0,0.0,0.0,0.0,0.0,0.0,0.0,0.0,0.0,0.5,0.0,0.0,0.0,0.0,0.0,0.4
2020-05-01,0.02701116686368628,0.02701116686368628,0.0,0,False,0.0,1.9051946670840338,-0.1728927480191934,0.0,0.0,0.0,0.0,0.0,0.1,0.0,0.0,0.0,0.0,0.0,0.0,0.0,0.0,0.0,0.5,0.0,0.0,0.0,0.0,0.0,0.4
2020-06-01,0.05654384832537773,0.05454384832537773,0.5,5,True,0.002,1.9527428857481568,-0.15225051278973134,0.0,0.0,0.0,0.125,0.0,0.1,0.0,0.0,0.0,0.0,0.0,0.125,0.125,0.125,0.0,0.0,0.0,0.0,0.0,0.0,0.0,0.4
2020-07-01,0.0892835960346195,0.0892835960346195,0.0,0,False,0.0,2.0631584832983605,-0.10431549436699739,0.0,0.0,0.0,0.125,0.0,0.1,0.0,0.0,0.0,0.0,0.0,0.125,0.125,0.125,0.0,0.0,0.0,0.0,0.0,0.0,0.0,0.4
2020-08-01,0.0778188358333794,0.0778188358333794,0.0,0,False,0.0,2.212948824253316,-0.03928661337073491,0.0,0.0,0.0,0.125,0.0,0.1,0.0,0.0,0.0,0.0,0.0,0.125,0.125,0.125,0.0,0.0,0.0,0.0,0.0,0.0,0.0,0.4
2020-09-01,-0.0481712582792435,-0.0481712582792435,0.0,0,False,0.0,2.3851579255155557,0.0,0.0,0.0,0.0,0.125,0.0,0.1,0.0,0.0,0.0,0.0,0.0,0.125,0.125,0.125,0.0,0.0,0.0,0.0,0.0,0.0,0.0,0.4
2020-10-01,-0.030214120167306503,-0.030714120167306503,0.125,2,True,0.0005,2.2691267361152363,-0.05108128919913546,0.0,0.0,0.0,0.0,0.0,0.1,0.0,0.0,0.0,0.0,0.0,0.125,0.125,0.125,0.125,0.0,0.0,0.0,0.0,0.0,0.0,0.4
2020-11-01,0.10276551456156886,0.10186551456156887,0.225,4,True,0.0009,2.185457733326831,-0.08607055665446173,0.0,0.0,0.0,0.0,0.0,0.0,0.0,0.0,0.0,0.1,0.0,0.125,0.125,0.125,0.0,0.0,0.0,0.0,0.0,0.0,0.125,0.4
2020-12-01,0.02477997727448077,0.02477997727448077,0.0,0,False,0.0,2.407878379165064,0.0,0.0,0.0,0.0,0.0,0.0,0.0,0.0,0.0,0.0,0.1,0.0,0.125,0.125,0.125,0.0,0.0,0.0,0.0,0.0,0.0,0.125,0.4
2021-01-01,0.052063897886028054,0.05106389788602805,0.25,4,True,0.001,2.440710352465659,-0.019117486925831484,0.0,0.0,0.0,0.0,0.0,0.0,0.0,0.125,0.125,0.1,0.0,0.125,0.0,0.125,0.0,0.0,0.0,0.0,0.0,0.0,0.0,0.4
2021-02-01,0.025533833514553045,0.025033833514553044,0.125,2,True,0.0005,2.563932856046889,-0.019905974233812018,0.0,0.0,0.0,0.0,0.0,0.0,0.0,0.0,0.125,0.1,0.0,0.125,0.0,0.125,0.0,0.0,0.0,0.0,0.0,0.0,0.125,0.4
2021-03-01,-0.00041393233495711466,-0.0009139323349571147,0.125,2,True,0.0005,2.628085190790315,-0.028249778679328652,0.0,0.0,0.0,0.0,0.0,0.0,0.0,0.125,0.125,0.1,0.0,0.125,0.0,0.0,0.0,0.0,0.0,0.0,0.0,0.0,0.125,0.4
2021-04-01,0.03634306638894221,0.03534306638894221,0.25,4,True,0.001,2.6243703440094737,-0.029623365499917842,0.0,0.0,0.0,0.0,0.125,0.0,0.0,0.125,0.125,0.1,0.0,0.0,0.0,0.0,0.0,0.0,0.0,0.0,0.0,0.125,0.0,0.4
2021-05-01,0.006185382126148726,0.006185382126148726,0.0,0,False,0.0,2.7108924460124944,-0.011194484762887091,0.0,0.0,0.0,0.0,0.125,0.0,0.0,0.125,0.125,0.1,0.0,0.0,0.0,0.0,0.0,0.0,0.0,0.0,0.0,0.125,0.0,0.4
2021-06-01,0.034538282583359003,0.034538282583359003,0.0,0,False,0.0,2.727660351693973,-0.005078344802701751,0.0,0.0,0.0,0.0,0.125,0.0,0.0,0.125,0.125,0.1,0.0,0.0,0.0,0.0,0.0,0.0,0.0,0.0,0.0,0.125,0.0,0.4
2021-07-01,0.013284173176816808,0.012784173176816807,0.125,2,True,0.0005,2.820458121184348,0.0,0.0,0.0,0.0,0.0,0.125,0.0,0.0,0.125,0.125,0.1,0.0,0.0,0.0,0.0,0.0,0.0,0.0,0.125,0.0,0.0,0.0,0.4
2021-08-01,0.03128830200077694,0.030788302000776938,0.125,2,True,0.0005,2.871041004629302,-0.0016216873580278124,0.0,0.0,0.0,0.0,0.125,0.0,0.0,0.0,0.125,0.1,0.0,0.0,0.0,0.125,0.0,0.0,0.0,0.125,0.0,0.0,0.0,0.4
2021-09-01,-0.040887704494763116,-0.04138770449476312,0.125,2,True,0.0005,2.9579108718538696,-0.0009434103402254923,0.0,0.0,0.0,0.0,0.0,0.0,0.0,0.0,0.125,0.1,0.0,0.0,0.0,0.125,0.125,0.0,0.0,0.125,0.0,0.0,0.0,0.4
2021-10-01,0.05834131860673415,0.056941318606734154,0.35,6,True,0.0014,2.8329969300429774,-0.04463314844403787,0.0,0.1,0.0,0.0,0.125,0.0,0.0,0.125,0.125,0.0,0.0,0.0,0.0,0.0,0.0,0.0,0.0,0.125,0.0,0.0,0.0,0.4
2021-11-01,-0.025965428971100584,-0.026465428971100585,0.125,2,True,0.0005,2.9967785676972394,0.0,0.0,0.1,0.0,0.0,0.125,0.0,0.0,0.0,0.125,0.0,0.0,0.0,0.0,0.125,0.0,0.0,0.0,0.125,0.0,0.0,0.0,0.4
2021-12-01,0.06830973978904584,0.06780973978904584,0.125,2,True,0.0005,2.917506443692253,-0.051405488383654996,0.0,0.1,0.0,0.0,0.125,0.0,0.0,0.0,0.0,0.0,0.0,0.0,0.0,0.125,0.125,0.0,0.0,0.125,0.0,0.0,0.0,0.4
2022-01-01,-0.034637694535425825,-0.034637694535425825,0.0,0,False,0.0,2.974474701684652,-0.04837736319520325,0.0,0.1,0.0,0.0,0.125,0.0,0.0,0.0,0.0,0.0,0.0,0.0,0.0,0.125,0.125,0.0,0.0,0.125,0.0,0.0,0.0,0.4
2022-02-01,-0.014550755416047674,-0.015050755416047674,0.125,2,True,0.0005,2.870010032686566,-0.08179870771314302,0.0,0.1,0.0,0.0,0.125,0.0,0.0,0.0,0.0,0.0,0.0,0.0,0.0,0.0,0.125,0.0,0.0,0.125,0.0,0.125,0.0,0.4
2022-03-01,0.04701782212867907,0.04531782212867907,0.42500000000000004,4,True,0.0017000000000000001,2.8234411949876184,-0.09669745944867059,0.0,0.4,0.0,0.125,0.125,0.0,0.0,0.0,0.0,0.0,0.0,0.0,0.0,0.0,0.0,0.0,0.0,0.125,0.0,0.125,0.0,0.1
2022-04-01,0.0041178461356623335,0.0041178461356623335,0.0,0,False,0.0,2.956193250884332,-0.05422614126864411,0.0,0.4,0.0,0.125,0.125,0.0,0.0,0.0,0.0,0.0,0.0,0.0,0.0,0.0,0.0,0.0,0.0,0.125,0.0,0.125,0.0,0.1
2022-05-01,0.014600151143967847,0.014600151143967847,0.0,0,False,0.0,2.954206477516013,-0.054861768968023195,0.0,0.4,0.0,0.125,0.125,0.0,0.0,0.0,0.0,0.0,0.0,0.0,0.0,0.0,0.0,0.0,0.0,0.125,0.0,0.125,0.0,0.1
2022-06-01,-0.03569766557785742,-0.03769766557785742,0.5,5,True,0.002,2.9913436619210394,-0.042980482727127844,0.0,0.4,0.0,0.0,0.0,0.0,0.5,0.0,0.0,0.0,0.0,0.0,0.0,0.0,0.0,0.0,0.0,0.0,0.0,0.0,0.0,0.1
2022-07-01,0.012304924886965884,0.010304924886965884,0.5,3,True,0.002,2.87879055689684,-0.07898955771540495,0.5,0.0,0.0,0.0,0.0,0.0,0.5,0.0,0.0,0.0,0.0,0.0,0.0,0.0,0.0,0.0,0.0,0.0,0.0,0.0,0.0,0.0
2022-08-01,-0.026703423929547554,-0.026703423929547554,0.0,0,False,0.0,2.9142138584647626,-0.06765659340298169,0.5,0.0,0.0,0.0,0.0,0.0,0.5,0.0,0.0,0.0,0.0,0.0,0.0,0.0,0.0,0.0,0.0,0.0,0.0,0.0,0.0,0.0
2022-09-01,-0.015106037001168915,-0.015106037001168915,0.0,0,False,0.0,2.836394370380816,-0.09255335463726022,0.5,0.0,0.0,0.0,0.0,0.0,0.5,0.0,0.0,0.0,0.0,0.0,0.0,0.0,0.0,0.0,0.0,0.0,0.0,0.0,0.0,0.0
2022-10-01,-0.013152481118441584,-0.013152481118441584,0.0,0,False,0.0,2.780070665801367,-0.11057297747558958,0.5,0.0,0.0,0.0,0.0,0.0,0.5,0.0,0.0,0.0,0.0,0.0,0.0,0.0,0.0,0.0,0.0,0.0,0.0,0.0,0.0,0.0
2022-11-01,0.02277311816541039,0.02277311816541039,0.0,0,False,0.0,2.743505838861481,-0.12227114959557372,0.5,0.0,0.0,0.0,0.0,0.0,0.5,0.0,0.0,0.0,0.0,0.0,0.0,0.0,0.0,0.0,0.0,0.0,0.0,0.0,0.0,0.0
2022-12-01,-0.00990048740861088,-0.00990048740861088,0.0,0,False,0.0,2.8059840215173653,-0.10228252676812444,0.5,0.0,0.0,0.0,0.0,0.0,0.5,0.0,0.0,0.0,0.0,0.0,0.0,0.0,0.0,0.0,0.0,0.0,0.0,0.0,0.0,0.0
2023-01-01,0.06024475433920684,0.05824475433920684,0.5,2,True,0.002,2.767518562245956,-0.11458876751612412,0.0,0.0,0.0,0.0,0.0,0.0,0.5,0.0,0.0,0.0,0.0,0.0,0.0,0.0,0.0,0.0,0.0,0.0,0.5,0.0,0.0,0.0
2023-02-01,-0.044772804134442123,-0.044772804134442123,0.0,0,False,0.0,2.9283785440813435,-0.06312489055530668,0.0,0.0,0.0,0.0,0.0,0.0,0.5,0.0,0.0,0.0,0.0,0.0,0.0,0.0,0.0,0.0,0.0,0.0,0.5,0.0,0.0,0.0
2023-03-01,0.06453607086282309,0.06253607086282309,0.5,2,True,0.002,2.791672291445495,-0.10686127349625019,0.0,0.0,0.0,0.0,0.0,0.5,0.5,0.0,0.0,0.0,0.0,0.0,0.0,0.0,0.0,0.0,0.0,0.0,0.0,0.0,0.0,0.0
2023-04-01,-0.006664019865379833,-0.007064019865379833,0.09999999999999999,2,True,0.00039999999999999996,2.956642398258098,-0.054082445708586,0.0,0.0,0.0,0.0,0.0,0.4,0.5,0.0,0.0,0.0,0.0,0.0,0.0,0.0,0.0,0.0,0.0,0.0,0.0,0.0,0.0,0.1
2023-05-01,0.013880324573996967,0.011880324573996967,0.5,5,True,0.002,2.9298929698737077,-0.06264038084844692,0.0,0.0,0.125,0.125,0.0,0.4,0.0,0.0,0.0,0.0,0.0,0.0,0.0,0.125,0.0,0.0,0.125,0.0,0.0,0.0,0.0,0.1
2023-06-01,0.02882966281746891,0.02712966281746891,0.42500000000000004,4,True,0.0017000000000000001,2.9655108818426803,-0.05124515489940873,0.0,0.0,0.0,0.125,0.0,0.1,0.0,0.0,0.0,0.0,0.0,0.0,0.0,0.125,0.125,0.0,0.125,0.0,0.0,0.0,0.0,0.4
2023-07-01,0.029303389229316815,0.028403389229316813,0.225,4,True,0.0009,3.05105399344619,-0.023877377530680755,0.0,0.0,0.0,0.0,0.0,0.0,0.0,0.125,0.0,0.1,0.0,0.0,0.0,0.125,0.125,0.0,0.125,0.0,0.0,0.0,0.0,0.4
2023-08-01,-0.014333083994999857,-0.014833083994999857,0.125,2,True,0.0005,3.136064985080257,-0.0047189558448477165,0.0,0.0,0.125,0.0,0.0,0.0,0.0,0.125,0.0,0.1,0.0,0.0,0.0,0.125,0.125,0.0,0.0,0.0,0.0,0.0,0.0,0.4
2023-09-01,-0.04771234344367871,-0.04821234344367871,0.125,2,True,0.0005,3.0895699444842055,-0.01947491044803029,0.0,0.0,0.0,0.0,0.125,0.0,0.0,0.125,0.0,0.1,0.0,0.0,0.0,0.125,0.125,0.0,0.0,0.0,0.0,0.0,0.0,0.4
2023-10-01,-0.005386553824034101,-0.005886553824034101,0.125,2,True,0.0005,2.9362624298135387,-0.06812953463603877,0.0,0.0,0.125,0.0,0.125,0.0,0.0,0.0,0.0,0.1,0.0,0.0,0.0,0.125,0.125,0.0,0.0,0.0,0.0,0.0,0.0,0.4
2023-11-01,0.07439498970392293,0.07389498970392293,0.125,2,True,0.0005,2.917526378211189,-0.07407572423697084,0.0,0.0,0.0,0.125,0.125,0.0,0.0,0.0,0.0,0.1,0.0,0.0,0.0,0.125,0.125,0.0,0.0,0.0,0.0,0.0,0.0,0.4
2023-12-01,0.017229319087145,0.016729319087145,0.125,2,True,0.0005,3.1330084352175946,-0.005689001476330446,0.0,0.0,0.125,0.125,0.0,0.0,0.0,0.0,0.0,0.1,0.0,0.0,0.0,0.125,0.125,0.0,0.0,0.0,0.0,0.0,0.0,0.4
2024-01-01,0.037923402540112054,0.03692340254011205,0.25,4,True,0.001,3.1860943290499177,-0.018298412021527488,0.0,0.0,0.0,0.0,0.0,0.0,0.0,0.125,0.125,0.1,0.0,0.0,0.0,0.125,0.125,0.0,0.0,0.0,0.0,0.0,0.0,0.4
2024-02-01,0.05912528904801101,0.05862528904801101,0.125,2,True,0.0005,3.3019631374819487,-0.013514367861056975,0.0,0.0,0.0,0.0,0.0,0.0,0.0,0.125,0.0,0.1,0.0,0.0,0.125,0.125,0.125,0.0,0.0,0.0,0.0,0.0,0.0,0.4
2024-03-01,0.007359421359777052,0.007359421359777052,0.0,0,False,0.0,3.497192662411446,0.0,0.0,0.0,0.0,0.0,0.0,0.0,0.0,0.125,0.0,0.1,0.0,0.0,0.125,0.125,0.125,0.0,0.0,0.0,0.0,0.0,0.0,0.4
2024-04-01,-0.058761741180461444,-0.058761741180461444,0.0,0,False,0.0,3.522929976790451,-0.002160269862824471,0.0,0.0,0.0,0.0,0.0,0.0,0.0,0.125,0.0,0.1,0.0,0.0,0.125,0.125,0.125,0.0,0.0,0.0,0.0,0.0,0.0,0.4
2024-05-01,0.06535979552313914,0.06485979552313914,0.125,2,True,0.0005,3.3142585190587543,-0.061264672289813915,0.0,0.0,0.0,0.125,0.0,0.0,0.0,0.0,0.0,0.1,0.0,0.0,0.125,0.125,0.125,0.0,0.0,0.0,0.0,0.0,0.0,0.4
2024-06-01,0.05468575443003878,0.05468575443003878,0.0,0,False,0.0,3.5213575135188697,-0.01950109259050936,0.0,0.0,0.0,0.125,0.0,0.0,0.0,0.0,0.0,0.1,0.0,0.0,0.125,0.125,0.125,0.0,0.0,0.0,0.0,0.0,0.0,0.4
2024-07-01,-0.03723405520439701,-0.03723405520439701,0.0,0,False,0.0,3.713925605763537,-0.008876468511471947,0.0,0.0,0.0,0.125,0.0,0.0,0.0,0.0,0.0,0.1,0.0,0.0,0.125,0.125,0.125,0.0,0.0,0.0,0.0,0.0,0.0,0.4
2024-08-01,0.00995476969906663,0.00995476969906663,0.0,0,False,0.0,3.575641094733514,-0.0701410001053806,0.0,0.0,0.0,0.125,0.0,0.0,0.0,0.0,0.0,0.1,0.0,0.0,0.125,0.125,0.125,0.0,0.0,0.0,0.0,0.0,0.0,0.4
2024-09-01,0.04405363228518423,0.04355363228518423,0.125,2,True,0.0005,3.7270510116905875,-0.03076627813924193,0.0,0.0,0.0,0.125,0.0,0.0,0.0,0.0,0.0,0.1,0.0,0.0,0.125,0.0,0.125,0.0,0.0,0.125,0.0,0.0,0.0,0.4
2024-10-01,-0.002436854883717595,-0.0029368548837175952,0.125,2,True,0.0005,3.887350878131551,-0.01683568355816023,0.0,0.0,0.0,0.125,0.0,0.0,0.0,0.0,0.0,0.1,0.0,0.125,0.125,0.0,0.0,0.0,0.0,0.125,0.0,0.0,0.0,0.4
2024-11-01,0.009116368269619195,0.006516368269619195,0.65,7,True,0.0026,3.8677954854422367,-0.030710471171982667,0.0,0.0,0.0,0.125,0.0,0.4,0.0,0.0,0.0,0.0,0.0,0.0,0.125,0.125,0.125,0.0,0.0,0.0,0.0,0.0,0.0,0.1
2024-12-01,-0.0185173249548847,-0.0190173249548847,0.125,2,True,0.0005,3.914852623061925,-0.018917709397721638,0.0,0.0,0.0,0.0,0.0,0.4,0.0,0.0,0.125,0.0,0.0,0.0,0.125,0.125,0.125,0.0,0.0,0.0,0.0,0.0,0.0,0.1
2025-01-01,0.013690389650518265,0.011590389650518264,0.525,5,True,0.0021000000000000003,3.700084750658424,-0.07273964766537622,0.0,0.0,0.0,0.125,0.0,0.0,0.0,0.0,0.0,0.1,0.0,0.0,0.125,0.125,0.125,0.0,0.0,0.0,0.0,0.0,0.0,0.4
2025-02-01,0.014358644450381063,0.012258644450381061,0.525,5,True,0.0021000000000000003,3.769678138835287,-0.055299185084200175,0.0,0.0,0.0,0.125,0.0,0.4,0.0,0.0,0.0,0.0,0.0,0.125,0.125,0.125,0.0,0.0,0.0,0.0,0.0,0.0,0.0,0.1
2025-03-01,0.03643844253923573,0.035938442539235727,0.125,2,True,0.0005,3.8274065257796157,-0.040832153103869895,0.0,0.0,0.125,0.125,0.0,0.4,0.0,0.0,0.0,0.0,0.0,0.125,0.125,0.0,0.0,0.0,0.0,0.0,0.0,0.0,0.0,0.1
2025-04-01,0.003817997394409498,0.0029179973944094984,0.225,4,True,0.0009,3.9613194238736393,-0.007272889077088229,0.0,0.0,0.125,0.125,0.125,0.4,0.0,0.0,0.0,0.1,0.0,0.125,0.0,0.0,0.0,0.0,0.0,0.0,0.0,0.0,0.0,0.0
2025-05-01,0.055693811186848866,0.055193811186848865,0.125,2,True,0.0005,3.9744555092468548,-0.0244755576108735,0.0,0.0,0.125,0.125,0.0,0.4,0.0,0.0,0.0,0.1,0.0,0.125,0.125,0.0,0.0,0.0,0.0,0.0,0.0,0.0,0.0,0.0
2025-06-01,0.0023939338886312693,0.0023939338886312693,0.0,0,False,0.0,4.1237563001609105,-0.009327452258747204,0.0,0.0,0.125,0.125,0.0,0.4,0.0,0.0,0.0,0.1,0.0,0.125,0.125,0.0,0.0,0.0,0.0,0.0,0.0,0.0,0.0,0.0
2025-07-01,0.008615885607513744,0.008215885607513745,0.1,2,True,0.0004,4.1319748487962755,-0.007569283111877434,0.0,0.0,0.125,0.125,0.0,0.4,0.0,0.0,0.0,0.0,0.0,0.125,0.125,0.0,0.0,0.0,0.0,0.0,0.0,0.0,0.0,0.1
2025-08-01,0.044876778286428026,0.044376778286428026,0.125,2,True,0.0005,4.165491683690914,-0.018607560433186454,0.0,0.0,0.0,0.125,0.0,0.4,0.0,0.0,0.0,0.0,0.0,0.125,0.125,0.125,0.0,0.0,0.0,0.0,0.0,0.0,0.0,0.1
2025-09-01,0.0833477406789909,0.0833477406789909,0.0,0,False,0.0,4.307402837083921,0.0,0.0,0.0,0.0,0.125,0.0,0.4,0.0,0.0,0.0,0.0,0.0,0.125,0.125,0.125,0.0,0.0,0.0,0.0,0.0,0.0,0.0,0.1
2025-10-01,0.024867587401017917,0.024867587401017917,0.0,0,False,0.0,4.666415131749139,0.0,0.0,0.0,0.0,0.125,0.0,0.4,0.0,0.0,0.0,0.0,0.0,0.125,0.125,0.125,0.0,0.0,0.0,0.0,0.0,0.0,0.0,0.1
2025-11-01,0.01930331361031233,0.01880331361031233,0.125,2,True,0.0005,4.774376129521792,-0.04153660894239786,0.0,0.0,0.0,0.125,0.0,0.4,0.0,0.0,0.0,0.0,0.0,0.125,0.0,0.125,0.125,0.0,0.0,0.0,0.0,0.0,0.0,0.1
2025-12-01,0.014350448413724574,0.013850448413724573,0.125,2,True,0.0005,4.86167208846865,-0.024011810190060934,0.0,0.0,0.125,0.125,0.0,0.4,0.0,0.0,0.0,0.0,0.0,0.125,0.0,0.125,0.0,0.0,0.0,0.0,0.0,0.0,0.0,0.1
2026-01-01,0.05094286616152764,0.05044286616152764,0.125,2,True,0.0005,4.665027551758193,-0.07747020901877855,0.0,0.0,0.125,0.125,0.0,0.4,0.0,0.0,0.0,0.0,0.0,0.125,0.0,0.0,0.0,0.0,0.125,0.0,0.0,0.0,0.0,0.1
2026-02-01,0.08246982230334318,0.08196982230334318,0.125,2,True,0.0005,5.00492682395196,-0.06554195499557236,0.0,0.0,0.125,0.125,0.0,0.4,0.0,0.0,0.0,0.0,0.0,0.0,0.0,0.0,0.0,0.0,0.125,0.0,0.0,0.0,0.125,0.1
2026-03-01,-0.04788471013342449,-0.04838471013342449,0.125,2,True,0.0005,5.407173676884943,0.0,0.0,0.0,0.125,0.125,0.125,0.4,0.0,0.0,0.0,0.0,0.0,0.0,0.0,0.0,0.0,0.0,0.125,0.0,0.0,0.0,0.0,0.1
2026-04-01,0.020698241594094304,0.020698241594094304,0.0,0,False,0.0,5.145678606359861,-0.04836076777835785,0.0,0.0,0.125,0.125,0.125,0.4,0.0,0.0,0.0,0.0,0.0,0.0,0.0,0.0,0.0,0.0,0.125,0.0,0.0,0.0,0.0,0.1
2026-05-01,0.016420347523761043,0.013820347523761043,0.65,6,True,0.0026,5.238529424046028,-0.031188983915913404,0.0,0.4,0.0,0.125,0.125,0.0,0.0,0.0,0.125,0.0,0.0,0.0,0.125,0.0,0.0,0.0,0.0,0.0,0.0,0.0,0.0,0.1
2026-06-01,-0.03881506783603469,-0.04051506783603469,0.42500000000000004,4,True,0.0017000000000000001,5.315496166276219,-0.01695479303737457,0.0,0.1,0.0,0.0,0.125,0.0,0.0,0.0,0.125,0.0,0.0,0.0,0.125,0.125,0.0,0.0,0.0,0.0,0.0,0.0,0.0,0.4
2026-07-01,0.0,-0.0009,0.225,4,True,0.0009,5.104576564660228,-0.0559621588480288,0.0,0.0,0.0,0.0,0.0,0.0,0.0,0.125,0.125,0.1,0.0,0.0,0.125,0.125,0.0,0.0,0.0,0.0,0.0,0.0,0.0,0.4
2026-08-01,0.0,-0.002,0.5,3,True,0.002,5.007722921335681,-0.07387422328542337,1.0,0.0,0.0,0.0,0.0,0.0,0.0,0.0,0.0,0.0,0.0,0.0,0.0,0.0,0.0,0.0,0.0,0.0,0.0,0.0,0.0,0.0
