date,gross_return,net_return,turnover,operations,signal_changed,trade_cost,equity,drawdown,w__CASH,w_dbc.us,w_iau.us,w_ivv.us,w_rsp.us,w_vt.us,w_xle.us,w_xlf.us,w_xli.us,w_xlk.us,w_xlp.us,w_xlv.us
2005-12-01,0.008716416854843534,0.006716416854843534,0.5,3,True,0.002,0.998,0.0,0.5,0.0,0.0,0.0,0.25,0.0,0.25,0.0,0.0,0.0,0.0,0.0
2006-01-01,0.014988913650251373,0.013988913650251372,0.25,2,True,0.001,0.9907743825495998,-0.018054364936839207,0.5,0.0,0.0,0.0,0.0,0.0,0.25,0.25,0.0,0.0,0.0,0.0
2006-02-01,-0.011391888408369355,-0.012391888408369356,0.25,2,True,0.001,1.0036147698130977,-0.00968021051744583,0.5,0.0,0.0,0.0,0.25,0.0,0.25,0.0,0.0,0.0,0.0,0.0
2006-03-01,0.008834650978820302,0.008834650978820302,0.0,0,False,0.0,0.9921817023503956,-0.020961823047830896,0.5,0.0,0.0,0.0,0.25,0.0,0.25,0.0,0.0,0.0,0.0,0.0
2006-04-01,0.01651152840411607,0.01651152840411607,0.0,0,False,0.0,0.9997668262409549,-0.013477180015029955,0.5,0.0,0.0,0.0,0.25,0.0,0.25,0.0,0.0,0.0,0.0,0.0
2006-05-01,-0.012620756955529389,-0.01362075695552939,0.25,2,True,0.001,1.0152582300853357,-0.009876164949530697,0.5,0.0,0.0,0.0,0.0,0.0,0.25,0.0,0.25,0.0,0.0,0.0
2006-06-01,-0.005187377574325691,-0.006187377574325691,0.25,2,True,0.001,1.0014424578136112,-0.026944889138725392,0.5,0.0,0.0,0.0,0.0,0.0,0.0,0.25,0.25,0.0,0.0,0.0
2006-07-01,-0.014489583376188692,-0.014489583376188692,0.0,0,False,0.0,0.9925172126870943,-0.03561713517571474,0.5,0.0,0.0,0.0,0.0,0.0,0.0,0.25,0.25,0.0,0.0,0.0
2006-08-01,-0.0053356409619447764,-0.0063356409619447765,0.25,2,True,0.001,0.9771579157297806,-0.05054105046105184,0.5,0.0,0.0,0.0,0.0,0.0,0.25,0.25,0.0,0.0,0.0,0.0
2006-09-01,-0.02057511908565518,-0.02157511908565518,0.25,2,True,0.001,0.9709722077763959,-0.05655141550137299,0.5,0.0,0.0,0.0,0.0,0.0,0.25,0.0,0.0,0.0,0.25,0.0
2006-10-01,0.009000875905158967,0.008000875905158966,0.25,2,True,0.001,0.9552169122094054,-0.07186010423827838,0.5,0.0,0.0,0.0,0.0,0.0,0.0,0.25,0.0,0.0,0.25,0.0
2006-11-01,0.0008358815682472098,0.0008358815682472098,0.0,0,False,0.0,0.9628508863976126,-0.06444252618168611,0.5,0.0,0.0,0.0,0.0,0.0,0.0,0.25,0.0,0.0,0.25,0.0
2006-12-01,-0.006799278681387216,-0.007799278681387216,0.25,2,True,0.001,0.9626920599908163,-0.06459685042235219,0.5,0.0,0.0,0.0,0.0,0.0,0.25,0.25,0.0,0.0,0.0,0.0
2007-01-01,0.007032380811053729,0.006032380811053729,0.25,2,True,0.001,0.9630369579624483,-0.06426172908671912,0.5,0.0,0.0,0.0,0.0,0.0,0.0,0.25,0.0,0.0,0.25,0.0
2007-02-01,-0.013673741441398185,-0.013673741441398185,0.0,0,False,0.0,0.9688395911853729,-0.05862357996495393,0.5,0.0,0.0,0.0,0.0,0.0,0.0,0.25,0.0,0.0,0.25,0.0
2007-03-01,-0.00019620835326200625,-0.00019620835326200625,0.0,0,False,0.0,0.9555919291173142,-0.07149571773154217,0.5,0.0,0.0,0.0,0.0,0.0,0.0,0.25,0.0,0.0,0.25,0.0
2007-04-01,0.02777220598449487,0.025772205984494867,0.5,4,True,0.002,0.9569585567504904,-0.0701678291516934,0.5,0.0,0.0,0.0,0.25,0.0,0.0,0.0,0.0,0.0,0.0,0.25
2007-05-01,0.02093380253776267,0.019933802537762668,0.25,2,True,0.001,0.9805867677572823,-0.047209394244845604,0.5,0.0,0.0,0.0,0.25,0.0,0.0,0.0,0.25,0.0,0.0,0.0
2007-06-01,-0.003451909757769711,-0.003451909757769711,0.0,0,False,0.0,1.0011141775246561,-0.02726386384413193,0.5,0.0,0.0,0.0,0.25,0.0,0.0,0.0,0.25,0.0,0.0,0.0
2007-07-01,-0.0025158291358868823,-0.0035158291358868823,0.25,2,True,0.001,0.9931965799027181,-0.03495702561459457,0.5,0.0,0.0,0.0,0.0,0.0,0.25,0.0,0.25,0.0,0.0,0.0
2007-08-01,0.007666371674590666,0.007666371674590666,0.0,0,False,0.0,0.9897071691423266,-0.038347523938089156,0.5,0.0,0.0,0.0,0.0,0.0,0.25,0.0,0.25,0.0,0.0,0.0
2007-09-01,0.030266490739400576,0.030266490739400576,0.0,0,False,0.0,0.9915853558284159,-0.036522577192730665,0.5,0.0,0.0,0.0,0.0,0.0,0.25,0.0,0.25,0.0,0.0,0.0
2007-10-01,-0.015942431326424228,-0.015942431326424228,0.0,0,False,0.0,1.021597164817922,-0.007361496697712688,0.5,0.0,0.0,0.0,0.0,0.0,0.25,0.0,0.25,0.0,0.0,0.0
2007-11-01,-0.0077448147808049095,-0.0077448147808049095,0.0,0,False,0.0,1.0053104221745426,-0.023186567868573982,0.5,0.0,0.0,0.0,0.0,0.0,0.25,0.0,0.25,0.0,0.0,0.0
2007-12-01,0.016353919017197294,0.016353919017197294,0.0,0,False,0.0,0.9990967520679424,-0.029224102434098342,0.5,0.0,0.0,0.0,0.0,0.0,0.25,0.0,0.25,0.0,0.0,0.0
2008-01-01,-0.029893566133993493,-0.029893566133993493,0.0,0,False,0.0,1.0154604257393651,-0.013324280957378365,0.5,0.0,0.0,0.0,0.0,0.0,0.25,0.0,0.25,0.0,0.0,0.0
2008-02-01,0.012694127198820349,0.012694127198820349,0.0,0,False,0.0,0.9851046923460723,-0.042819536817384485,0.5,0.0,0.0,0.0,0.0,0.0,0.25,0.0,0.25,0.0,0.0,0.0
2008-03-01,-0.005033317776394902,-0.006033317776394902,0.25,2,True,0.001,0.9908956377133041,-0.037192744241997144,0.75,0.0,0.0,0.0,0.0,0.0,0.25,0.0,0.0,0.0,0.0,0.0
2008-04-01,0.014555538062567791,0.01355553806256779,0.25,2,True,0.001,0.9839373147034234,-0.043953823438270034,0.5,0.0,0.0,0.0,0.0,0.0,0.25,0.0,0.0,0.0,0.25,0.0
2008-05-01,0.021296103016406998,0.021296103016406998,0.0,0,False,0.0,0.99825905173877,-0.03003805692575312,0.5,0.0,0.0,0.0,0.0,0.0,0.25,0.0,0.0,0.0,0.25,0.0
2008-06-01,-0.00668010533745933,-0.00668010533745933,0.0,0,False,0.0,1.0201413739752576,-0.011956206373621825,0.5,0.0,0.0,0.0,0.0,0.0,0.25,0.0,0.0,0.0,0.25,0.0
2008-07-01,-0.052335433954426976,-0.05633543395442697,1.0,6,True,0.004,1.0092734152494507,-0.022482217221096445,0.5,0.4,0.1,0.0,0.0,0.0,0.0,0.0,0.0,0.0,0.0,0.0
2008-08-01,0.0,-0.002,0.5,3,True,0.002,0.9545397477775368,-0.07549375251183754,1.0,0.0,0.0,0.0,0.0,0.0,0.0,0.0,0.0,0.0,0.0,0.0
2008-09-01,0.0,0.0,0.0,0,False,0.0,0.9545397477775368,-0.07549375251183754,1.0,0.0,0.0,0.0,0.0,0.0,0.0,0.0,0.0,0.0,0.0,0.0
2008-10-01,0.0,0.0,0.0,0,False,0.0,0.9545397477775368,-0.07549375251183754,1.0,0.0,0.0,0.0,0.0,0.0,0.0,0.0,0.0,0.0,0.0,0.0
2008-11-01,0.0,0.0,0.0,0,False,0.0,0.9545397477775368,-0.07549375251183754,1.0,0.0,0.0,0.0,0.0,0.0,0.0,0.0,0.0,0.0,0.0,0.0
2008-12-01,0.0,0.0,0.0,0,False,0.0,0.9545397477775368,-0.07549375251183754,1.0,0.0,0.0,0.0,0.0,0.0,0.0,0.0,0.0,0.0,0.0,0.0
2009-01-01,0.0,0.0,0.0,0,False,0.0,0.9545397477775368,-0.07549375251183754,1.0,0.0,0.0,0.0,0.0,0.0,0.0,0.0,0.0,0.0,0.0,0.0
2009-02-01,0.0,0.0,0.0,0,False,0.0,0.9545397477775368,-0.07549375251183754,1.0,0.0,0.0,0.0,0.0,0.0,0.0,0.0,0.0,0.0,0.0,0.0
2009-03-01,0.0,0.0,0.0,0,False,0.0,0.9545397477775368,-0.07549375251183754,1.0,0.0,0.0,0.0,0.0,0.0,0.0,0.0,0.0,0.0,0.0,0.0
2009-04-01,0.0,0.0,0.0,0,False,0.0,0.9545397477775368,-0.07549375251183754,1.0,0.0,0.0,0.0,0.0,0.0,0.0,0.0,0.0,0.0,0.0,0.0
2009-05-01,0.06273018208861936,0.060730182088619356,0.5,2,True,0.002,0.9526306682819817,-0.07734276500681381,0.5,0.0,0.0,0.0,0.0,0.5,0.0,0.0,0.0,0.0,0.0,0.0
2009-06-01,-0.014222998622163419,-0.014222998622163419,0.0,0,False,0.0,1.0123893635665135,-0.019464308650309237,0.5,0.0,0.0,0.0,0.0,0.5,0.0,0.0,0.0,0.0,0.0,0.0
2009-07-01,0.05264804946257562,0.05264804946257562,0.0,0,False,0.0,0.9979901510434142,-0.0334104664373579,0.5,0.0,0.0,0.0,0.0,0.5,0.0,0.0,0.0,0.0,0.0,0.0
2009-08-01,-0.00841199806229459,-0.00841199806229459,0.0,0,False,0.0,1.0389173115296195,0.0,0.5,0.0,0.0,0.0,0.0,0.5,0.0,0.0,0.0,0.0,0.0,0.0
2009-09-01,0.024004913841318865,0.024004913841318865,0.0,0,False,0.0,1.0301779411181484,-0.01596499719029043,0.5,0.0,0.0,0.0,0.0,0.5,0.0,0.0,0.0,0.0,0.0,0.0
2009-10-01,0.030102040816326503,0.0281020408163265,0.5,2,True,0.002,1.0527974592882445,-0.024386801612613862,0.5,0.0,0.5,0.0,0.0,0.0,0.0,0.0,0.0,0.0,0.0,0.0
2009-11-01,0.058967677500110074,0.05856767750011008,0.09999999999999999,2,True,0.00039999999999999996,1.078043112648728,-0.007909045971329465,0.5,0.0,0.4,0.0,0.0,0.0,0.0,0.0,0.0,0.1,0.0,0.0
2009-12-01,-0.02057304766883137,-0.02057304766883137,0.0,0,False,0.0,1.1411561661221141,0.0,0.5,0.0,0.4,0.0,0.0,0.0,0.0,0.0,0.0,0.1,0.0,0.0
2010-01-01,-0.014346616734276774,-0.014346616734276774,0.0,0,False,0.0,1.0889720781781949,-0.05141960469034457,0.5,0.0,0.4,0.0,0.0,0.0,0.0,0.0,0.0,0.1,0.0,0.0
2010-02-01,0.007696672216371981,0.007696672216371981,0.0,0,False,0.0,1.0733490131382435,-0.06502852406350079,0.5,0.0,0.4,0.0,0.0,0.0,0.0,0.0,0.0,0.1,0.0,0.0
2010-03-01,0.05927559242565278,0.05567559242565278,0.9,6,True,0.0036,1.0777164318429364,-0.0612241586032668,0.0,0.0,0.0,0.1,0.25,0.0,0.0,0.0,0.25,0.4,0.0,0.0
2010-04-01,0.035866637552958026,0.035866637552958026,0.0,0,False,0.0,1.1415987118072872,-0.0055776644495847405,0.0,0.0,0.0,0.1,0.25,0.0,0.0,0.0,0.25,0.4,0.0,0.0
2010-05-01,-0.0549839556591933,-0.056583955659193295,0.4,3,True,0.0016,1.1645461507960306,-0.0255131215024752,0.0,0.0,0.4,0.0,0.25,0.0,0.0,0.0,0.25,0.1,0.0,0.0
2010-06-01,-0.039563133604761005,-0.039563133604761005,0.0,0,False,0.0,1.0987539732025735,-0.08056771399653617,0.0,0.0,0.4,0.0,0.25,0.0,0.0,0.0,0.25,0.1,0.0,0.0
2010-07-01,0.0627785538368443,0.0627785538368443,0.0,0,False,0.0,1.0552838229619979,-0.1169433363682223,0.0,0.0,0.4,0.0,0.25,0.0,0.0,0.0,0.25,0.1,0.0,0.0
2010-08-01,-0.04720837141494313,-0.048808371414943125,0.4,3,True,0.0016,1.106577325613405,-0.07402116857623997,0.0,0.0,0.0,0.1,0.25,0.0,0.0,0.0,0.25,0.4,0.0,0.0
2010-09-01,0.06578048700921002,0.06418048700921002,0.4,3,True,0.0016,1.0509664309716555,-0.12055611018662615,0.0,0.0,0.4,0.0,0.25,0.0,0.0,0.0,0.25,0.1,0.0,0.0
2010-10-01,0.029826077898412896,0.029826077898412896,0.0,0,False,0.0,1.1200995146313024,-0.06270586281742829,0.0,0.0,0.4,0.0,0.25,0.0,0.0,0.0,0.25,0.1,0.0,0.0
2010-11-01,0.02926657550583245,0.02926657550583245,0.0,0,False,0.0,1.1535076900086705,-0.034750054868094904,0.0,0.0,0.4,0.0,0.25,0.0,0.0,0.0,0.25,0.1,0.0,0.0
2010-12-01,0.03803699566961003,0.03803699566961003,0.0,0,False,0.0,1.1872669099148676,-0.009099774166110186,0.0,0.0,0.4,0.0,0.25,0.0,0.0,0.0,0.25,0.1,0.0,0.0
2011-01-01,0.014501429763375782,0.013501429763375782,0.25,2,True,0.001,1.2019986083194505,-0.01907224972110244,0.0,0.0,0.4,0.0,0.0,0.0,0.25,0.0,0.25,0.1,0.0,0.0
2011-02-01,0.00022597208498438808,-0.001374027915015612,0.4,3,True,0.0016,1.2162607416031055,-0.0074331993767151605,0.0,0.0,0.0,0.1,0.0,0.0,0.25,0.0,0.25,0.4,0.0,0.0
2011-03-01,0.02141353439823196,0.01981353439823196,0.4,3,True,0.0016,1.2145891256466441,-0.030091010238055493,0.0,0.0,0.4,0.0,0.0,0.0,0.25,0.0,0.25,0.1,0.0,0.0
2011-04-01,0.016165932290175034,0.014565932290175033,0.4,2,True,0.0016,1.238612815233728,-0.010906915793477134,0.0,0.4,0.0,0.0,0.0,0.0,0.25,0.0,0.25,0.1,0.0,0.0
2011-05-01,-0.03401577842825674,-0.035615778428256736,0.4,3,True,0.0016,1.2688761078596495,0.0,0.0,0.1,0.4,0.0,0.0,0.0,0.25,0.0,0.25,0.0,0.0,0.0
2011-06-01,0.0031179391428460042,0.002717939142846004,0.1,2,True,0.0004,1.223263655180295,-0.035947128641498405,0.0,0.0,0.4,0.0,0.0,0.0,0.25,0.0,0.25,0.1,0.0,0.0
2011-07-01,0.012437540173607098,0.012437540173607098,0.0,0,False,0.0,1.227077716812802,-0.03294127045811701,0.0,0.0,0.4,0.0,0.0,0.0,0.25,0.0,0.25,0.1,0.0,0.0
2011-08-01,0.0005289211052133397,-0.00047107889478666034,0.25,2,True,0.001,1.2410972056665877,-0.027648494687348424,0.0,0.0,0.4,0.0,0.25,0.0,0.25,0.0,0.0,0.1,0.0,0.0
2011-09-01,-0.07050384771643436,-0.07250384771643437,0.5,4,True,0.002,1.2392701408759415,-0.029079929059593557,0.0,0.0,0.4,0.0,0.0,0.0,0.0,0.0,0.0,0.1,0.25,0.25
2011-10-01,0.03687231910925633,0.035872319109256326,0.25,2,True,0.001,1.1600864653657432,-0.09111726644701956,0.25,0.0,0.4,0.0,0.0,0.0,0.0,0.0,0.0,0.1,0.25,0.0
2011-11-01,0.02606671390076959,0.02506671390076959,0.25,2,True,0.001,1.2004570234851601,-0.05948850056268773,0.0,0.0,0.4,0.0,0.0,0.0,0.0,0.0,0.0,0.1,0.25,0.25
2011-12-01,0.02268247713633409,0.02108247713633409,0.4,3,True,0.0016,1.2297781948772915,-0.036516500456252654,0.0,0.0,0.0,0.1,0.0,0.0,0.0,0.0,0.0,0.4,0.25,0.25
2012-01-01,0.032605328202040984,0.032605328202040984,0.0,0,False,0.0,1.2370076377103925,-0.03085251250330101,0.0,0.0,0.0,0.1,0.0,0.0,0.0,0.0,0.0,0.4,0.25,0.25
2012-02-01,0.008486845597744198,0.006886845597744198,0.4,3,True,0.0016,1.2752969326420092,-0.0008543355723319435,0.0,0.0,0.4,0.0,0.0,0.0,0.0,0.0,0.0,0.1,0.25,0.25
2012-03-01,0.04435838846463285,0.042758388464632854,0.4,3,True,0.0016,1.2840623885113378,-0.017392881755489586,0.0,0.0,0.0,0.1,0.0,0.0,0.0,0.0,0.0,0.4,0.25,0.25
2012-04-01,-0.009434559001323208,-0.009834559001323207,0.1,2,True,0.0004,1.330549139535501,-0.0011792020978432793,0.0,0.0,0.1,0.0,0.0,0.0,0.0,0.0,0.0,0.4,0.25,0.25
2012-05-01,-0.06742943267737085,-0.06782943267737085,0.1,2,True,0.0004,1.3169418092576133,-0.011393995435143633,0.0,0.0,0.0,0.1,0.0,0.0,0.0,0.0,0.0,0.4,0.25,0.25
2012-06-01,0.0687781770272021,0.0687781770272021,0.0,0,False,0.0,1.228141170190262,-0.07805513746439419,0.0,0.0,0.0,0.1,0.0,0.0,0.0,0.0,0.0,0.4,0.25,0.25
2012-07-01,0.0035293151034239134,0.0015293151034239134,0.5,4,True,0.002,1.30640641581217,-0.01930273760385781,0.0,0.0,0.0,0.1,0.0,0.0,0.0,0.25,0.25,0.4,0.0,0.0
2012-08-01,0.02525942062530341,0.02325942062530341,0.5,4,True,0.002,1.3057783112324215,-0.019774245118213463,0.0,0.0,0.0,0.1,0.0,0.0,0.0,0.0,0.0,0.4,0.25,0.25
2012-09-01,0.02817838410516911,0.02717838410516911,0.25,2,True,0.001,1.3367099834318985,-0.005842705381398083,0.0,0.0,0.0,0.1,0.0,0.0,0.0,0.25,0.0,0.4,0.0,0.25
2012-10-01,-0.012421081460630801,-0.012421081460630801,0.0,0,False,0.0,1.373001934471474,-0.013409282463796912,0.0,0.0,0.0,0.1,0.0,0.0,0.0,0.25,0.0,0.4,0.0,0.25
2012-11-01,-0.011907184876958011,-0.011907184876958011,0.0,0,False,0.0,1.3559477655978,-0.028252771760604145,0.0,0.0,0.0,0.1,0.0,0.0,0.0,0.25,0.0,0.4,0.0,0.25
2012-12-01,0.022914897322667126,0.021914897322667125,0.25,2,True,0.001,1.3432249247015422,-0.03737066382838505,0.0,0.0,0.0,0.1,0.0,0.0,0.0,0.0,0.0,0.4,0.25,0.25
2013-01-01,0.028034482090613776,0.028034482090613776,0.0,0,False,0.0,1.3175079856091083,-0.055800845960700785,0.0,0.0,0.0,0.1,0.0,0.0,0.0,0.0,0.0,0.4,0.25,0.25
2013-02-01,0.005521075801467722,0.003321075801467722,0.55,4,True,0.0022,1.3514638636287086,-0.03146618412110225,0.0,0.0,0.0,0.4,0.0,0.0,0.0,0.25,0.0,0.1,0.0,0.25
2013-03-01,0.03599576913539149,0.03599576913539149,0.0,0,False,0.0,1.3589253980627471,-0.026118835507350058,0.0,0.0,0.0,0.4,0.0,0.0,0.0,0.25,0.0,0.1,0.0,0.25
2013-04-01,0.016569679401413184,0.016569679401413184,0.0,0,False,0.0,1.4078409629636341,-0.0029035838304987127,0.0,0.0,0.0,0.4,0.0,0.0,0.0,0.25,0.0,0.1,0.0,0.25
2013-05-01,0.04618125973786195,0.04618125973786195,0.0,0,False,0.0,1.4311684363681185,-0.009581145223742427,0.0,0.0,0.0,0.4,0.0,0.0,0.0,0.25,0.0,0.1,0.0,0.25
2013-06-01,-0.013614581705439461,-0.013614581705439461,0.0,0,False,0.0,1.4909214027127908,-0.018739438745547954,0.0,0.0,0.0,0.4,0.0,0.0,0.0,0.25,0.0,0.1,0.0,0.25
2013-07-01,0.06298418958726948,0.06298418958726948,0.0,0,False,0.0,1.4706231314591687,-0.032098890831072424,0.0,0.0,0.0,0.4,0.0,0.0,0.0,0.25,0.0,0.1,0.0,0.25
2013-08-01,-0.04021608613835624,-0.04021608613835624,0.0,0,False,0.0,1.5632491375824173,0.0,0.0,0.0,0.0,0.4,0.0,0.0,0.0,0.25,0.0,0.1,0.0,0.25
2013-09-01,0.0340133346268779,0.0340133346268779,0.0,0,False,0.0,1.4948432212138802,-0.04473536266850575,0.0,0.0,0.0,0.4,0.0,0.0,0.0,0.25,0.0,0.1,0.0,0.25
2013-10-01,0.03671190146502318,0.03671190146502318,0.0,0,False,0.0,1.5456878239117473,-0.017202712841112744,0.0,0.0,0.0,0.4,0.0,0.0,0.0,0.25,0.0,0.1,0.0,0.25
2013-11-01,0.02895543262928232,0.02795543262928232,0.25,2,True,0.001,1.600830530035882,-0.007468455596309043,0.0,0.0,0.0,0.4,0.0,0.0,0.0,0.0,0.25,0.1,0.0,0.25
2013-12-01,0.018720690949426536,0.018720690949426536,0.0,0,False,0.0,1.65066821099736,-0.000832918499618529,0.0,0.0,0.0,0.4,0.0,0.0,0.0,0.0,0.25,0.1,0.0,0.25
2014-01-01,-0.038267916383843734,-0.038267916383843734,0.0,0,False,0.0,1.625326078891307,-0.03986347886266561,0.0,0.0,0.0,0.4,0.0,0.0,0.0,0.0,0.25,0.1,0.0,0.25
2014-02-01,0.06514764489517996,0.06514764489517996,0.0,0,False,0.0,1.5998147016805022,-0.05493393474393282,0.0,0.0,0.0,0.4,0.0,0.0,0.0,0.0,0.25,0.1,0.0,0.25
2014-03-01,0.01776177966432875,0.01776177966432875,0.0,0,False,0.0,1.7164359882172,0.0,0.0,0.0,0.0,0.4,0.0,0.0,0.0,0.0,0.25,0.1,0.0,0.25
2014-04-01,-0.0023661061037283937,-0.0023661061037283937,0.0,0,False,0.0,1.7469229460478384,0.0,0.0,0.0,0.0,0.4,0.0,0.0,0.0,0.0,0.25,0.1,0.0,0.25
2014-05-01,0.02688478281649337,0.02688478281649337,0.0,0,False,0.0,1.742789541002451,-0.006502695554652882,0.0,0.0,0.0,0.4,0.0,0.0,0.0,0.0,0.25,0.1,0.0,0.25
2014-06-01,0.023369301034326752,0.023369301034326752,0.0,0,False,0.0,1.7865503299855903,0.0,0.0,0.0,0.0,0.4,0.0,0.0,0.0,0.0,0.25,0.1,0.0,0.25
2014-07-01,-0.022417769482851693,-0.023417769482851694,0.25,2,True,0.001,1.8264724616975394,0.0,0.0,0.0,0.0,0.4,0.0,0.0,0.25,0.0,0.0,0.1,0.0,0.25
2014-08-01,0.03674015963620778,0.03674015963620778,0.0,0,False,0.0,1.7855270230844278,-0.0314083175390274,0.0,0.0,0.0,0.4,0.0,0.0,0.25,0.0,0.0,0.1,0.0,0.25
2014-09-01,-0.033613053197078926,-0.034813053197078926,0.30000000000000004,2,True,0.0012000000000000001,1.8573950390536422,0.0,0.0,0.0,0.0,0.1,0.0,0.0,0.25,0.0,0.0,0.4,0.0,0.25
2014-10-01,0.046096352097523594,0.04509635209752359,0.25,2,True,0.001,1.7910155576469713,-0.03573794481570913,0.0,0.0,0.0,0.1,0.0,0.0,0.0,0.0,0.0,0.4,0.25,0.25
2014-11-01,0.03373109333504426,0.03373109333504426,0.0,0,False,0.0,1.8680490850306,0.0,0.0,0.0,0.0,0.1,0.0,0.0,0.0,0.0,0.0,0.4,0.25,0.25
2014-12-01,-0.008134618502513825,-0.008134618502513825,0.0,0,False,0.0,1.9310604230722117,-0.007394876904432968,0.0,0.0,0.0,0.1,0.0,0.0,0.0,0.0,0.0,0.4,0.25,0.25
2015-01-01,-0.00597321801131343,-0.00597321801131343,0.0,0,False,0.0,1.8612230817359094,-0.04657456188069464,0.0,0.0,0.0,0.1,0.0,0.0,0.0,0.0,0.0,0.4,0.25,0.25
2015-02-01,0.05531786616642022,0.05531786616642022,0.0,0,False,0.0,1.8323664323274953,-0.06135659627240886,0.0,0.0,0.0,0.1,0.0,0.0,0.0,0.0,0.0,0.4,0.25,0.25
2015-03-01,-0.027946460285704196,-0.027946460285704196,0.0,0,False,0.0,1.9212620921929262,-0.01581912992256418,0.0,0.0,0.0,0.1,0.0,0.0,0.0,0.0,0.0,0.4,0.25,0.25
2015-04-01,0.022260394322402333,0.022260394322402333,0.0,0,False,0.0,1.8675696174350276,-0.043323501522133046,0.0,0.0,0.0,0.1,0.0,0.0,0.0,0.0,0.0,0.4,0.25,0.25
2015-05-01,0.012660513267228857,0.012660513267228857,0.0,0,False,0.0,1.9091424535436696,-0.02202750542704046,0.0,0.0,0.0,0.1,0.0,0.0,0.0,0.0,0.0,0.4,0.25,0.25
2015-06-01,-0.01704445117951971,-0.01704445117951971,0.0,0,False,0.0,1.9333131769057896,-0.009645871684514362,0.0,0.0,0.0,0.1,0.0,0.0,0.0,0.0,0.0,0.4,0.25,0.25
2015-07-01,0.0232026518049141,0.0232026518049141,0.0,0,False,0.0,1.9003609148472973,-0.026525914275023155,0.0,0.0,0.0,0.1,0.0,0.0,0.0,0.0,0.0,0.4,0.25,0.25
2015-08-01,-0.0866820220436868,-0.0866820220436868,0.0,0,False,0.0,1.9489520559166502,-0.012351168493096365,0.0,0.0,0.0,0.1,0.0,0.0,0.0,0.0,0.0,0.4,0.25,0.25
2015-09-01,0.008585267775259964,0.006585267775259964,0.5,3,True,0.002,1.776452924941907,-0.09976664114464495,0.5,0.0,0.0,0.1,0.0,0.0,0.0,0.0,0.0,0.4,0.0,0.0
2015-10-01,0.055268075975669545,0.055268075975669545,0.0,0,False,0.0,1.791704248992677,-0.09203789669865003,0.5,0.0,0.0,0.1,0.0,0.0,0.0,0.0,0.0,0.4,0.0,0.0
2015-11-01,0.005317984728060854,0.003317984728060854,0.5,3,True,0.002,1.8812593474506916,-0.04665505206733689,0.0,0.0,0.0,0.1,0.0,0.0,0.0,0.25,0.0,0.4,0.0,0.25
2015-12-01,-0.038491618227048774,-0.038491618227048774,0.0,0,False,0.0,1.8874813282180958,-0.043502007837269874,0.0,0.0,0.0,0.1,0.0,0.0,0.0,0.25,0.0,0.4,0.0,0.25
2016-01-01,-0.006558938934849934,-0.008558938934849934,0.5,4,True,0.002,1.8442133131895302,-0.06542846023760207,0.25,0.0,0.0,0.1,0.0,0.0,0.0,0.0,0.0,0.4,0.25,0.0
2016-02-01,0.012383470060947045,0.012383470060947045,0.0,0,False,0.0,1.8284529962241116,-0.07341514138135807,0.25,0.0,0.0,0.1,0.0,0.0,0.0,0.0,0.0,0.4,0.25,0.0
2016-03-01,0.0,-0.003,0.75,5,True,0.003,1.8455423023932205,-0.06475498310914973,1.0,0.0,0.0,0.0,0.0,0.0,0.0,0.0,0.0,0.0,0.0,0.0
2016-04-01,-0.019865204527276265,-0.023865204527276265,1.0,6,True,0.004,1.838160133183648,-0.06849596317671303,0.0,0.0,0.0,0.1,0.0,0.0,0.0,0.0,0.25,0.4,0.25,0.0
2016-05-01,0.01587742516812632,0.01587742516812632,0.0,0,False,0.0,1.7878285621143624,-0.09400193558048586,0.0,0.0,0.0,0.1,0.0,0.0,0.0,0.0,0.25,0.4,0.25,0.0
2016-06-01,0.00860198868297395,0.00860198868297395,0.0,0,False,0.0,1.816214676322772,-0.0796170191101978,0.0,0.0,0.0,0.1,0.0,0.0,0.0,0.0,0.25,0.4,0.25,0.0
2016-07-01,0.03898797985074259,0.03898797985074259,0.0,0,False,0.0,1.831837734414352,-0.07169989512458175,0.0,0.0,0.0,0.1,0.0,0.0,0.0,0.0,0.25,0.4,0.25,0.0
2016-08-01,0.006585737843430617,0.006585737843430617,0.0,0,False,0.0,1.9032573870935283,-0.0355073493402569,0.0,0.0,0.0,0.1,0.0,0.0,0.0,0.0,0.25,0.4,0.25,0.0
2016-09-01,0.0005487581228310447,0.0005487581228310447,0.0,0,False,0.0,1.9157917412935,-0.029155453591095837,0.0,0.0,0.0,0.1,0.0,0.0,0.0,0.0,0.25,0.4,0.25,0.0
2016-10-01,-0.0215809502677771,-0.0225809502677771,0.25,2,True,0.001,1.9222771981042241,-0.02586889052688146,0.0,0.0,0.0,0.1,0.0,0.0,0.25,0.0,0.25,0.4,0.0,0.0
2016-11-01,0.04848299290780998,0.04848299290780998,0.0,0,False,0.0,1.878911836861563,-0.047844673989161146,0.0,0.0,0.0,0.1,0.0,0.0,0.25,0.0,0.25,0.4,0.0,0.0
2016-12-01,0.03906118283619235,0.03806118283619235,0.25,2,True,0.001,1.9680370990164002,-0.0069020197522701165,0.0,0.0,0.0,0.1,0.0,0.0,0.25,0.25,0.0,0.4,0.0,0.0
2017-01-01,0.0004657670609300897,0.0004657670609300897,0.0,0,False,0.0,1.9937694061319806,-0.030625939899723953,0.0,0.0,0.0,0.1,0.0,0.0,0.25,0.25,0.0,0.4,0.0,0.0
2017-02-01,0.061109922854080484,0.06010992285408048,0.25,2,True,0.001,1.9927033402101981,-0.031144262955416502,0.0,0.0,0.0,0.1,0.0,0.0,0.0,0.25,0.25,0.4,0.0,0.0
2017-03-01,-0.019726533201266917,-0.019726533201266917,0.0,0,False,0.0,2.114477287601512,0.0,0.0,0.0,0.0,0.1,0.0,0.0,0.0,0.25,0.25,0.4,0.0,0.0
2017-04-01,0.017613252432047387,0.017613252432047387,0.0,0,False,0.0,2.0761351562585553,-0.018133148824903578,0.0,0.0,0.0,0.1,0.0,0.0,0.0,0.25,0.25,0.4,0.0,0.0
2017-05-01,0.02102010162056572,0.02102010162056572,0.0,0,False,0.0,2.112702648848786,-0.0008392801204968325,0.0,0.0,0.0,0.1,0.0,0.0,0.0,0.25,0.25,0.4,0.0,0.0
2017-06-01,0.00532302802899951,0.00532302802899951,0.0,0,False,0.0,2.157111873221626,0.0,0.0,0.0,0.0,0.1,0.0,0.0,0.0,0.25,0.25,0.4,0.0,0.0
2017-07-01,0.025888974988428307,0.025888974988428307,0.0,0,False,0.0,2.162432577020859,-0.012798403579174833,0.0,0.0,0.0,0.1,0.0,0.0,0.0,0.25,0.25,0.4,0.0,0.0
2017-08-01,0.006048753602690837,0.006048753602690837,0.0,0,False,0.0,2.218415739921514,-0.0016723716383169052,0.0,0.0,0.0,0.1,0.0,0.0,0.0,0.25,0.25,0.4,0.0,0.0
2017-09-01,0.008097780741481615,0.0060977807414816145,0.5,4,True,0.002,2.2273707213403893,-0.0032652348470164627,0.0,0.0,0.0,0.1,0.0,0.0,0.0,0.0,0.0,0.4,0.25,0.25
2017-10-01,0.023786136738538636,0.022786136738538635,0.25,2,True,0.001,2.2385135370713267,-0.006437456477821679,0.0,0.0,0.0,0.1,0.0,0.0,0.0,0.0,0.25,0.4,0.0,0.25
2017-11-01,0.019677755544693712,0.019677755544693712,0.0,0,False,0.0,2.289467367029021,-0.0025827225171274337,0.0,0.0,0.0,0.1,0.0,0.0,0.0,0.0,0.25,0.4,0.0,0.25
2017-12-01,0.023363134274996745,0.023363134274996745,0.0,0,False,0.0,2.334518946204972,-0.005903953400599682,0.0,0.0,0.0,0.1,0.0,0.0,0.0,0.0,0.25,0.4,0.0,0.25
2018-01-01,0.058265137749910746,0.057265137749910745,0.25,2,True,0.001,2.294938024550928,-0.03844184771017656,0.0,0.0,0.0,0.1,0.0,0.0,0.0,0.25,0.25,0.4,0.0,0.0
2018-02-01,-0.04120833770573652,-0.04120833770573652,0.0,0,False,0.0,2.4262242517742174,-0.010172162757097203,0.0,0.0,0.0,0.1,0.0,0.0,0.0,0.25,0.25,0.4,0.0,0.0
2018-03-01,-0.039778856518264384,-0.039778856518264384,0.0,0,False,0.0,2.326243583457258,-0.050961322544741394,0.0,0.0,0.0,0.1,0.0,0.0,0.0,0.25,0.25,0.4,0.0,0.0
2018-04-01,0.01972783932500167,0.01972783932500167,0.0,0,False,0.0,2.2851544267729893,-0.0677244849215014,0.0,0.0,0.0,0.1,0.0,0.0,0.0,0.25,0.25,0.4,0.0,0.0
2018-05-01,0.042768565929196915,0.041768565929196914,0.25,2,True,0.001,2.3279053505510445,-0.050283370650046844,0.0,0.0,0.0,0.1,0.0,0.0,0.25,0.25,0.0,0.4,0.0,0.0
2018-06-01,-0.004362056040937645,-0.006362056040937645,0.5,3,True,0.002,2.4226115909649906,-0.011646021668891615,0.5,0.0,0.0,0.1,0.0,0.0,0.0,0.0,0.0,0.4,0.0,0.0
2018-07-01,0.011714923027209867,0.011714923027209867,0.0,0,False,0.0,2.402860851744726,-0.01970373994124308,0.5,0.0,0.0,0.1,0.0,0.0,0.0,0.0,0.0,0.4,0.0,0.0
2018-08-01,0.024158291863262953,0.024158291863262953,0.0,0,False,0.0,2.431010181668012,-0.016047147658859617,0.5,0.0,0.0,0.1,0.0,0.0,0.0,0.0,0.0,0.4,0.0,0.0
2018-09-01,0.02541666756574549,0.023416667565745487,0.5,3,True,0.002,2.49412966677722,-0.0012770414266196628,0.0,0.0,0.0,0.1,0.0,0.0,0.25,0.0,0.0,0.4,0.0,0.25
2018-10-01,-0.08044195431537604,-0.08044195431537604,0.0,0,False,0.0,2.552407087120793,0.0,0.0,0.0,0.0,0.1,0.0,0.0,0.25,0.0,0.0,0.4,0.0,0.25
2018-11-01,0.013918298313371259,0.012918298313371258,0.25,2,True,0.001,2.3447393863515558,-0.08395124535503329,0.25,0.0,0.0,0.1,0.0,0.0,0.0,0.0,0.0,0.4,0.0,0.25
2018-12-01,-0.10069035075499855,-0.10169035075499855,0.25,2,True,0.001,2.357458248909517,-0.07898220774064402,0.0,0.0,0.0,0.1,0.0,0.0,0.0,0.0,0.0,0.4,0.25,0.25
2019-01-01,0.06778638253500344,0.06778638253500344,0.0,0,False,0.0,2.128602653040334,-0.16839209474548666,0.0,0.0,0.0,0.1,0.0,0.0,0.0,0.0,0.0,0.4,0.25,0.25
2019-02-01,0.042763814309141036,0.042763814309141036,0.0,0,False,0.0,2.2728929267443503,-0.112020403160771,0.0,0.0,0.0,0.1,0.0,0.0,0.0,0.0,0.0,0.4,0.25,0.25
2019-03-01,0.031530175706250246,0.031530175706250246,0.0,0,False,0.0,2.370090497808206,-0.07404700857123214,0.0,0.0,0.0,0.1,0.0,0.0,0.0,0.0,0.0,0.4,0.25,0.25
2019-04-01,0.017970335324320887,0.017970335324320887,0.0,0,False,0.0,2.444819867643813,-0.044851548055754975,0.0,0.0,0.0,0.1,0.0,0.0,0.0,0.0,0.0,0.4,0.25,0.25
2019-05-01,-0.05363115886475621,-0.05363115886475621,0.0,0,False,0.0,2.488754100472935,-0.027687210089810677,0.0,0.0,0.0,0.1,0.0,0.0,0.0,0.0,0.0,0.4,0.25,0.25
2019-06-01,0.07018210843811708,0.06918210843811708,0.25,2,True,0.001,2.3629682796612252,-0.07682953489455357,0.25,0.0,0.0,0.1,0.0,0.0,0.0,0.0,0.0,0.4,0.25,0.0
2019-07-01,0.0057736768848662195,0.0047736768848662195,0.25,2,True,0.001,2.523751291755215,-0.014014418274730267,0.0,0.0,0.0,0.1,0.25,0.0,0.0,0.0,0.0,0.4,0.25,0.0
2019-08-01,-0.00895186784218473,-0.00895186784218473,0.0,0,False,0.0,2.538322616251573,-0.024067065331106474,0.0,0.0,0.0,0.1,0.25,0.0,0.0,0.0,0.0,0.4,0.25,0.0
2019-09-01,0.016677649035405043,0.016677649035405043,0.0,0,False,0.0,2.5292260776400983,-0.0275644976770133,0.0,0.0,0.0,0.1,0.25,0.0,0.0,0.0,0.0,0.4,0.25,0.0
2019-10-01,0.03633356231584449,0.03593356231584449,0.1,2,True,0.0004,2.5703790594451768,-0.016646379968856873,0.0,0.0,0.1,0.0,0.25,0.0,0.0,0.0,0.0,0.4,0.25,0.0
2019-11-01,0.014451430076559846,0.014451430076559846,0.0,0,False,0.0,2.6637700871768706,0.0,0.0,0.0,0.1,0.0,0.25,0.0,0.0,0.0,0.0,0.4,0.25,0.0
2019-12-01,0.05000906201129342,0.04860906201129342,0.35,4,True,0.0014,2.722462407213665,-0.0018869901117496424,0.0,0.0,0.0,0.1,0.0,0.0,0.0,0.25,0.0,0.4,0.25,0.0
2020-01-01,0.00897394862413743,0.00897394862413743,0.0,0,False,0.0,2.727553775273215,-0.03813162415122384,0.0,0.0,0.0,0.1,0.0,0.0,0.0,0.25,0.0,0.4,0.25,0.0
2020-02-01,-0.03352584177049804,-0.03452584177049804,0.25,2,True,0.001,2.7307214512004903,-0.037014547257266606,0.0,0.0,0.0,0.1,0.0,0.0,0.0,0.0,0.0,0.4,0.25,0.25
2020-03-01,-0.1294398741336316,-0.1298398741336316,0.1,2,True,0.0004,2.5035776776898047,-0.12195381745862777,0.0,0.0,0.1,0.0,0.0,0.0,0.0,0.0,0.0,0.4,0.25,0.25
2020-04-01,0.07150376004284871,0.06950376004284871,0.5,3,True,0.002,2.174285806062091,-0.2374419340851578,0.5,0.0,0.1,0.0,0.0,0.0,0.0,0.0,0.0,0.4,0.0,0.0
2020-05-01,0.04326891159726738,0.04326891159726738,0.0,0,False,0.0,2.329755416603327,-0.1829161651212441,0.5,0.0,0.1,0.0,0.0,0.0,0.0,0.0,0.0,0.4,0.0,0.0
2020-06-01,0.030325867543726015,0.030325867543726015,0.0,0,False,0.0,2.4305613977675913,-0.14756183690231894,0.5,0.0,0.1,0.0,0.0,0.0,0.0,0.0,0.0,0.4,0.0,0.0
2020-07-01,0.043876339702471095,0.043876339702471095,0.0,0,False,0.0,2.5042702807731847,-0.12171091007900159,0.5,0.0,0.1,0.0,0.0,0.0,0.0,0.0,0.0,0.4,0.0,0.0
2020-08-01,0.04478703134492804,0.04478703134492804,0.0,0,False,0.0,2.588203895575377,-0.09227400036347477,0.5,0.0,0.1,0.0,0.0,0.0,0.0,0.0,0.0,0.4,0.0,0.0
2020-09-01,-0.028024138178404382,-0.028024138178404382,0.0,0,False,0.0,2.7041218645735756,-0.05161964756514781,0.5,0.0,0.1,0.0,0.0,0.0,0.0,0.0,0.0,0.4,0.0,0.0
2020-10-01,-0.03198821739221254,-0.03398821739221254,0.5,3,True,0.002,2.6230844974299425,-0.08004079522825092,0.0,0.0,0.1,0.0,0.0,0.0,0.0,0.0,0.0,0.4,0.25,0.25
2020-11-01,0.09503552939045291,0.09463552939045292,0.1,2,True,0.0004,2.512599239758938,-0.11878980612957968,0.0,0.0,0.0,0.1,0.0,0.0,0.0,0.0,0.0,0.4,0.25,0.25
2020-12-01,0.0125855991529235,0.0105855991529235,0.5,4,True,0.002,2.7447843147110564,-0.037358652416421445,0.0,0.0,0.0,0.1,0.25,0.0,0.0,0.0,0.25,0.4,0.0,0.0
2021-01-01,0.018022692283282404,0.018022692283282404,0.0,0,False,0.0,2.8096790599769053,-0.01459898977225993,0.0,0.0,0.0,0.1,0.25,0.0,0.0,0.0,0.25,0.4,0.0,0.0
2021-02-01,0.05079416134379261,0.05079416134379261,0.0,0,False,0.0,2.860317041089652,-0.022183454498688082,0.0,0.0,0.0,0.1,0.25,0.0,0.0,0.0,0.25,0.4,0.0,0.0
2021-03-01,0.032088621386273684,0.031088621386273683,0.25,2,True,0.001,3.0025988419227905,-0.00401690552891576,0.0,0.0,0.0,0.1,0.0,0.0,0.0,0.25,0.25,0.4,0.0,0.0
2021-04-01,0.04062672421271981,0.04062672421271981,0.0,0,False,0.0,3.098948099336113,0.0,0.0,0.0,0.0,0.1,0.0,0.0,0.0,0.25,0.25,0.4,0.0,0.0
2021-05-01,0.014156796798841055,0.014156796798841055,0.0,0,False,0.0,3.2153409241288955,-0.009924079399674213,0.0,0.0,0.0,0.1,0.0,0.0,0.0,0.25,0.25,0.4,0.0,0.0
2021-06-01,0.03145129288141299,0.03045129288141299,0.25,2,True,0.001,3.257598992378556,-0.0019437693960717706,0.0,0.0,0.0,0.1,0.0,0.0,0.25,0.25,0.0,0.4,0.0,0.0
2021-07-01,-0.014418372565666554,-0.014418372565666554,0.0,0,False,0.0,3.36005469237805,0.0,0.0,0.0,0.0,0.1,0.0,0.0,0.25,0.25,0.0,0.4,0.0,0.0
2021-08-01,0.02358842042744082,0.02358842042744082,0.0,0,False,0.0,3.322694081711628,-0.016249952559489356,0.0,0.0,0.0,0.1,0.0,0.0,0.25,0.25,0.0,0.4,0.0,0.0
2021-09-01,0.015178361354407085,0.015178361354407085,0.0,0,False,0.0,3.40107118666281,-0.01080368845547608,0.0,0.0,0.0,0.1,0.0,0.0,0.25,0.25,0.0,0.4,0.0,0.0
2021-10-01,0.06623404193003944,0.06583404193003944,0.1,2,True,0.0004,3.4513127965763917,-0.009039190385710105,0.0,0.1,0.0,0.0,0.0,0.0,0.25,0.25,0.0,0.4,0.0,0.0
2021-11-01,-0.03356750877027796,-0.03356750877027796,0.0,0,False,0.0,3.6799071930585128,-0.0013126586518216188,0.0,0.1,0.0,0.0,0.0,0.0,0.25,0.25,0.0,0.4,0.0,0.0
2021-12-01,0.06353662069945748,0.06353662069945748,0.0,0,False,0.0,3.556381876081715,-0.05042619296806716,0.0,0.1,0.0,0.0,0.0,0.0,0.25,0.25,0.0,0.4,0.0,0.0
2022-01-01,0.012192074550505638,0.011192074550505637,0.25,2,True,0.001,3.5523588664032952,-0.056994197117943624,0.0,0.1,0.0,0.0,0.0,0.0,0.25,0.0,0.0,0.4,0.0,0.25
2022-02-01,-0.011179450835506859,-0.011179450835506859,0.0,0,False,0.0,3.5920738210421015,-0.0464515030675785,0.0,0.1,0.0,0.0,0.0,0.0,0.25,0.0,0.0,0.4,0.0,0.25
2022-03-01,0.06844617256176788,0.06724617256176788,0.30000000000000004,2,True,0.0012000000000000001,3.547654108672214,-0.05824311762637635,0.0,0.4,0.0,0.0,0.0,0.0,0.25,0.0,0.0,0.1,0.0,0.25
2022-04-01,-0.0010265131102963239,-0.0010265131102963239,0.0,0,False,0.0,3.7904774539838564,-0.015943938095785093,0.0,0.4,0.0,0.0,0.0,0.0,0.25,0.0,0.0,0.1,0.0,0.25
2022-05-01,0.041700948547311975,0.040700948547311974,0.25,2,True,0.001,3.7479710597317752,-0.04681524043964602,0.0,0.4,0.0,0.0,0.0,0.0,0.25,0.0,0.0,0.1,0.25,0.0
2022-06-01,-0.08080541669975061,-0.08080541669975061,0.0,0,False,0.0,3.9003607430424134,-0.008059465293312695,0.0,0.4,0.0,0.0,0.0,0.0,0.25,0.0,0.0,0.1,0.25,0.0
2022-07-01,0.02204748347173946,0.020047483471739458,0.5,3,True,0.002,3.5780200869856813,-0.11027913658382316,0.5,0.0,0.0,0.0,0.0,0.0,0.25,0.0,0.0,0.0,0.25,0.0
2022-08-01,-0.0006982246900430755,-0.0006982246900430755,0.0,0,False,0.0,3.6569064257150488,-0.09066303055319358,0.5,0.0,0.0,0.0,0.0,0.0,0.25,0.0,0.0,0.0,0.25,0.0
2022-09-01,-0.02276354210009629,-0.02276354210009629,0.0,0,False,0.0,3.6543530833594384,-0.09129795207683,0.5,0.0,0.0,0.0,0.0,0.0,0.25,0.0,0.0,0.0,0.25,0.0
2022-10-01,0.0,-0.002,0.5,3,True,0.002,3.508909169761341,-0.12746445792060923,1.0,0.0,0.0,0.0,0.0,0.0,0.0,0.0,0.0,0.0,0.0,0.0
2022-11-01,0.0,0.0,0.0,0,False,0.0,3.501891351421819,-0.1292095290047679,1.0,0.0,0.0,0.0,0.0,0.0,0.0,0.0,0.0,0.0,0.0,0.0
2022-12-01,-0.022458315412232782,-0.024458315412232784,0.5,3,True,0.002,3.4948875687189753,-0.1309511099467583,0.5,0.0,0.0,0.0,0.0,0.0,0.25,0.0,0.0,0.0,0.0,0.25
2023-01-01,0.054909584537242706,0.0519095845372427,0.75,4,True,0.003,3.448669554604165,-0.1424438155280321,0.25,0.0,0.0,0.0,0.0,0.5,0.25,0.0,0.0,0.0,0.0,0.0
2023-02-01,-0.03112097625560903,-0.03212097625560903,0.25,2,True,0.001,3.6234933428892044,-0.09897162474173293,0.0,0.0,0.0,0.0,0.0,0.5,0.25,0.0,0.25,0.0,0.0,0.0
2023-03-01,0.016496368199213518,0.013496368199213519,0.75,4,True,0.003,3.5001945125249816,-0.12963146989153462,0.0,0.0,0.5,0.0,0.0,0.0,0.0,0.25,0.25,0.0,0.0,0.0
2023-04-01,-0.010261917828272672,-0.011661917828272672,0.35,4,True,0.0014,3.5408413329112625,-0.11952411351845438,0.0,0.0,0.4,0.0,0.0,0.0,0.25,0.0,0.25,0.1,0.0,0.0
2023-05-01,-0.01614456175715772,-0.01614456175715772,0.0,0,False,0.0,3.4995992023958222,-0.12977950143670192,0.0,0.0,0.4,0.0,0.0,0.0,0.25,0.0,0.25,0.1,0.0,0.0
2023-06-01,0.05436616114616063,0.05316616114616063,0.30000000000000004,2,True,0.0012000000000000001,3.438967987299108,-0.14485623542207948,0.0,0.0,0.1,0.0,0.0,0.0,0.25,0.0,0.25,0.4,0.0,0.0
2023-07-01,0.029719421510033164,0.028319421510033166,0.35,4,True,0.0014,3.626504147799061,-0.09822294925113995,0.0,0.0,0.0,0.1,0.25,0.0,0.0,0.0,0.25,0.4,0.0,0.0
2023-08-01,-0.017045279728025775,-0.017045279728025775,0.0,0,False,0.0,3.7290537587209407,-0.07272266525209914,0.0,0.0,0.0,0.1,0.25,0.0,0.0,0.0,0.25,0.4,0.0,0.0
2023-09-01,-0.06511063021190054,-0.06511063021190054,0.0,0,False,0.0,3.6654909942826968,-0.0885283668083352,0.0,0.0,0.0,0.1,0.25,0.0,0.0,0.0,0.25,0.4,0.0,0.0
2023-10-01,0.002493879950926459,0.0004938799509264591,0.5,3,True,0.002,3.4303526268927658,-0.14699855595494993,0.5,0.0,0.0,0.1,0.0,0.0,0.0,0.0,0.0,0.4,0.0,0.0
2023-11-01,0.05264789078722869,0.05264789078722869,0.0,0,False,0.0,3.4320296995045134,-0.14658153021002385,0.5,0.0,0.0,0.1,0.0,0.0,0.0,0.0,0.0,0.4,0.0,0.0
2023-12-01,0.007880950744501592,0.007880950744501592,0.0,0,False,0.0,3.6127188243025525,-0.1016508478167173,0.5,0.0,0.0,0.1,0.0,0.0,0.0,0.0,0.0,0.4,0.0,0.0
2024-01-01,0.030695158820186787,0.030695158820186787,0.0,0,False,0.0,3.657908306014079,-0.09041390008913186,0.5,0.0,0.0,0.1,0.0,0.0,0.0,0.0,0.0,0.4,0.0,0.0
2024-02-01,0.025987824723433417,0.025987824723433417,0.0,0,False,0.0,3.7701883824168605,-0.06249401029173374,0.5,0.0,0.0,0.1,0.0,0.0,0.0,0.0,0.0,0.4,0.0,0.0
2024-03-01,0.015943102998604443,0.013943102998604443,0.5,3,True,0.002,3.8604310425188895,-0.04005400841611795,0.0,0.0,0.0,0.1,0.0,0.0,0.0,0.25,0.25,0.4,0.0,0.0
2024-04-01,-0.049368275489999836,-0.050368275489999836,0.25,2,True,0.001,3.918056313956529,-0.025724741108599458,0.0,0.0,0.0,0.1,0.0,0.0,0.25,0.25,0.0,0.4,0.0,0.0
2024-05-01,0.04215379350232926,0.04215379350232926,0.0,0,False,0.0,3.72462863046379,-0.07382303049264094,0.0,0.0,0.0,0.1,0.0,0.0,0.25,0.25,0.0,0.4,0.0,0.0
2024-06-01,0.03288741472630761,0.03188741472630761,0.25,2,True,0.001,3.908028642229131,-0.02821825107513254,0.0,0.0,0.0,0.1,0.0,0.0,0.0,0.25,0.25,0.4,0.0,0.0
2024-07-01,-0.008915433154009313,-0.008915433154009313,0.0,0,False,0.0,4.032517047347465,-0.011287840006886207,0.0,0.0,0.0,0.1,0.0,0.0,0.0,0.25,0.25,0.4,0.0,0.0
2024-08-01,0.020184889850674393,0.020184889850674393,0.0,0,False,0.0,3.996565411169434,-0.0497163051296684,0.0,0.0,0.0,0.1,0.0,0.0,0.0,0.25,0.25,0.4,0.0,0.0
2024-09-01,0.03455243239052479,0.03455243239052479,0.0,0,False,0.0,4.193505141185944,-0.002888943369538155,0.0,0.0,0.0,0.1,0.0,0.0,0.0,0.25,0.25,0.4,0.0,0.0
2024-10-01,0.01259005303048797,0.01259005303048797,0.0,0,False,0.0,4.338400944056091,-0.012079336886057224,0.0,0.0,0.0,0.1,0.0,0.0,0.0,0.25,0.25,0.4,0.0,0.0
2024-11-01,0.030647423634069436,0.029047423634069435,0.4,3,True,0.0016,4.385992807382061,-0.03147611626457247,0.0,0.0,0.4,0.0,0.0,0.0,0.0,0.25,0.25,0.1,0.0,0.0
2024-12-01,-0.03154052427118684,-0.03154052427118684,0.0,0,False,0.0,4.552377403445872,-0.0005771097050928375,0.0,0.0,0.4,0.0,0.0,0.0,0.0,0.25,0.25,0.1,0.0,0.0
2025-01-01,0.02152295230818534,0.01992295230818534,0.4,3,True,0.0016,4.25198708673263,-0.06699405023602567,0.0,0.0,0.0,0.1,0.0,0.0,0.0,0.25,0.25,0.4,0.0,0.0
2025-02-01,0.004179737738840317,0.0025797377388403174,0.4,3,True,0.0016,4.377885969136902,-0.03936828281110982,0.0,0.0,0.4,0.0,0.0,0.0,0.0,0.25,0.25,0.1,0.0,0.0
2025-03-01,0.012314366664585366,0.012314366664585366,0.0,0,False,0.0,4.404161246623547,-0.033602745492515296,0.0,0.0,0.4,0.0,0.0,0.0,0.0,0.25,0.25,0.1,0.0,0.0
2025-04-01,0.008851526387226933,0.008451526387226934,0.1,2,True,0.0004,4.456612344783204,-0.022093494486718157,0.0,0.0,0.4,0.1,0.0,0.0,0.0,0.25,0.25,0.0,0.0,0.0
2025-05-01,0.0564291340500785,0.0564291340500785,0.0,0,False,0.0,4.496060166550692,-0.013437529248926716,0.0,0.0,0.4,0.1,0.0,0.0,0.0,0.25,0.25,0.0,0.0,0.0
2025-06-01,0.01652962068735857,0.01652962068735857,0.0,0,False,0.0,4.700505932498463,-0.0038625924452208027,0.0,0.0,0.4,0.1,0.0,0.0,0.0,0.25,0.25,0.0,0.0,0.0
2025-07-01,0.0017235172495771505,0.0013235172495771506,0.1,2,True,0.0004,4.7762922311963,0.0,0.0,0.0,0.4,0.0,0.0,0.0,0.0,0.25,0.25,0.1,0.0,0.0
2025-08-01,0.03431819412778925,0.03431819412778925,0.0,0,False,0.0,4.784524253245788,-0.0196075735769361,0.0,0.0,0.4,0.0,0.0,0.0,0.0,0.25,0.25,0.1,0.0,0.0
2025-09-01,0.05153077986330548,0.05153077986330548,0.0,0,False,0.0,4.927672530417847,0.0,0.0,0.0,0.4,0.0,0.0,0.0,0.0,0.25,0.25,0.1,0.0,0.0
2025-10-01,0.015843112303902458,0.015843112303902458,0.0,0,False,0.0,5.181599338821266,-0.0011676649695313568,0.0,0.0,0.4,0.0,0.0,0.0,0.0,0.25,0.25,0.1,0.0,0.0
2025-11-01,0.017456185555841622,0.015456185555841622,0.5,3,True,0.002,5.268080280718352,-0.032450440372612244,0.5,0.0,0.4,0.0,0.0,0.0,0.0,0.0,0.0,0.1,0.0,0.0
2025-12-01,0.00970956797446747,0.00970956797446747,0.0,0,False,0.0,5.3493207858863965,-0.017529594293833495,0.5,0.0,0.4,0.0,0.0,0.0,0.0,0.0,0.0,0.1,0.0,0.0
2026-01-01,0.03014051362261261,0.03014051362261261,0.0,0,False,0.0,5.1734288818202065,-0.061245138081222894,0.5,0.0,0.4,0.0,0.0,0.0,0.0,0.0,0.0,0.1,0.0,0.0
2026-02-01,0.10645761796877284,0.10445761796877284,0.5,3,True,0.002,5.4165128736624295,-0.04817928976799879,0.0,0.0,0.4,0.0,0.0,0.0,0.25,0.0,0.25,0.1,0.0,0.0
2026-03-01,-0.057717838279821965,-0.057717838279821965,0.0,0,False,0.0,5.901467529544554,0.0,0.0,0.0,0.4,0.0,0.0,0.0,0.25,0.0,0.25,0.1,0.0,0.0
2026-04-01,0.019241506386453135,0.019241506386453135,0.0,0,False,0.0,5.56084758106068,-0.05771783827982213,0.0,0.0,0.4,0.0,0.0,0.0,0.25,0.0,0.25,0.1,0.0,0.0
2026-05-01,0.0028966871685899218,0.0012966871685899217,0.4,2,True,0.0016,5.658778110641262,-0.041123570991166924,0.0,0.4,0.0,0.0,0.0,0.0,0.25,0.0,0.25,0.1,0.0,0.0
2026-06-01,-0.03621978907796334,-0.03741978907796334,0.30000000000000004,2,True,0.0012000000000000001,5.668359616799553,-0.03949999073586208,0.0,0.1,0.0,0.0,0.0,0.0,0.25,0.0,0.25,0.4,0.0,0.0
2026-07-01,0.0,-0.0004,0.1,2,True,0.0004,5.460867605930204,-0.07465938284139861,0.0,0.0,0.0,0.1,0.0,0.0,0.25,0.0,0.25,0.4,0.0,0.0
2026-08-01,0.0,-0.002,0.5,3,True,0.002,5.415881095100266,-0.08228231910339145,1.0,0.0,0.0,0.0,0.0,0.0,0.0,0.0,0.0,0.0,0.0,0.0
