date,gross_return,net_return,turnover,operations,signal_changed,trade_cost,equity,drawdown,w__CASH,w_dbc.us,w_iau.us,w_ivv.us,w_shy.us,w_vt.us,w_xle.us,w_xlk.us
2008-07-01,-0.10467086790885395,-0.10867086790885395,1.0,3,True,0.004,0.996,0.0,0.0,0.8,0.2,0.0,0.0,0.0,0.0,0.0
2008-08-01,0.002866878998620148,-0.001133121001379852,1.0,3,True,0.004,0.8881808243005309,-0.12340600060171825,0.0,0.0,0.0,0.0,1.0,0.0,0.0,0.0
2008-09-01,0.006269807914442982,0.006269807914442982,0.0,0,False,0.0,0.8920291263932845,-0.11960790180237046,0.0,0.0,0.0,0.0,1.0,0.0,0.0,0.0
2008-10-01,0.005798635646045547,0.005798635646045547,0.0,0,False,0.0,0.8976219776698586,-0.11408801245727795,0.0,0.0,0.0,0.0,1.0,0.0,0.0,0.0
2008-11-01,0.007547652719179121,0.007547652719179121,0.0,0,False,0.0,0.904753334620111,-0.10704968812159832,0.0,0.0,0.0,0.0,1.0,0.0,0.0,0.0
2008-12-01,-0.005373382703825147,-0.005373382703825147,0.0,0,False,0.0,0.9115820985863429,-0.10031000927205747,0.0,0.0,0.0,0.0,1.0,0.0,0.0,0.0
2009-01-01,0.00023454755125840165,0.00023454755125840165,0.0,0,False,0.0,0.9115820985863429,-0.10031000927205747,0.0,0.0,0.0,0.0,1.0,0.0,0.0,0.0
2009-02-01,-0.0015320180038169706,-0.0015320180038169706,0.0,0,False,0.0,0.9124468386200534,-0.09945655026478029,0.0,0.0,0.0,0.0,1.0,0.0,0.0,0.0
2009-03-01,0.0,-0.004,1.0,2,True,0.004,0.9103737846977701,-0.1015025600175058,1.0,0.0,0.0,0.0,0.0,0.0,0.0,0.0
2009-04-01,-0.0042095410179293635,-0.008209541017929364,1.0,2,True,0.004,0.9031053604007431,-0.10867616357832599,0.0,0.0,0.0,0.0,1.0,0.0,0.0,0.0
2009-05-01,-0.001108873871161098,-0.001108873871161098,0.0,0,False,0.0,0.8993037013426244,-0.1124282278280011,0.0,0.0,0.0,0.0,1.0,0.0,0.0,0.0
2009-06-01,-0.0004705166902361224,-0.0004705166902361224,0.0,0,False,0.0,0.8983064869659672,-0.11341243297494275,0.0,0.0,0.0,0.0,1.0,0.0,0.0,0.0
2009-07-01,-0.002588404368030761,-0.002588404368030761,0.0,0,False,0.0,0.8978838187709024,-0.11382958722258374,0.0,0.0,0.0,0.0,1.0,0.0,0.0,0.0
2009-08-01,0.005057463406682228,0.005057463406682228,0.0,0,False,0.0,0.8979768293207911,-0.11373779004831186,0.0,0.0,0.0,0.0,1.0,0.0,0.0,0.0
2009-09-01,0.0013302725292836381,0.0013302725292836381,0.0,0,False,0.0,0.9025183142751295,-0.109255551352756,0.0,0.0,0.0,0.0,1.0,0.0,0.0,0.0
2009-10-01,0.04804883358502228,0.04484883358502228,0.8,2,True,0.0032,0.900827009085078,-0.1109247925029665,0.0,0.0,0.8,0.0,0.2,0.0,0.0,0.0
2009-11-01,0.11793535500022015,0.11713535500022015,0.2,2,True,0.0008,0.9354550140512514,-0.07674852959120326,0.0,0.0,0.8,0.0,0.0,0.0,0.0,0.2
2009-12-01,-0.04114609533766274,-0.04114609533766274,0.0,0,False,0.0,1.0449416106335456,0.0,0.0,0.0,0.8,0.0,0.0,0.0,0.0,0.2
2010-01-01,-0.02869323346855355,-0.02869323346855355,0.0,0,False,0.0,0.9809522944210292,-0.07236682835596686,0.0,0.0,0.8,0.0,0.0,0.0,0.0,0.2
2010-02-01,0.015393344432743962,0.015393344432743962,0.0,0,False,0.0,0.9528056012156936,-0.09898362352312362,0.0,0.0,0.8,0.0,0.0,0.0,0.0,0.2
2010-03-01,0.05036383715730098,0.04716383715730098,0.8,3,True,0.0032,0.9643765541214138,-0.08804160340255085,0.0,0.0,0.0,0.2,0.0,0.0,0.0,0.8
2010-04-01,0.0268366788143843,0.0268366788143843,0.0,0,False,0.0,1.012946257851504,-0.04211187922208326,0.0,0.0,0.0,0.2,0.0,0.0,0.0,0.8
2010-05-01,0.00909332197202992,0.00589332197202992,0.8,3,True,0.0032,1.026269408297011,-0.029512901295893013,0.0,0.0,0.8,0.0,0.0,0.0,0.0,0.2
2010-06-01,-0.02905781423363665,-0.02905781423363665,0.0,0,False,0.0,1.032287681316039,-0.02435708871911091,0.0,0.0,0.8,0.0,0.0,0.0,0.0,0.2
2010-07-01,0.010730812029326752,0.010730812029326752,0.0,0,False,0.0,1.002291657636686,-0.055868546827206766,0.0,0.0,0.8,0.0,0.0,0.0,0.0,0.2
2010-08-01,-0.04913982696418916,-0.05233982696418916,0.8,3,True,0.0032,1.0077857941292283,-0.050693219834199055,0.0,0.0,0.0,0.2,0.0,0.0,0.0,0.8
2010-09-01,0.06430321316921894,0.06110321316921894,0.8,3,True,0.0032,0.952140301608338,-0.10310975878867934,0.0,0.0,0.8,0.0,0.0,0.0,0.0,0.2
2010-10-01,0.030240610167295935,0.030240610167295935,0.0,0,False,0.0,1.0133659823896632,-0.04543683441867563,0.0,0.0,0.8,0.0,0.0,0.0,0.0,0.2
2010-11-01,0.022532902631910327,0.022532902631910327,0.0,0,False,0.0,1.044010788019908,-0.016570261848270706,0.0,0.0,0.8,0.0,0.0,0.0,0.0,0.2
2010-12-01,0.022983302893041915,0.022983302893041915,0.0,0,False,0.0,1.0675353814530246,-0.01853619646763005,0.0,0.0,0.8,0.0,0.0,0.0,0.0,0.2
2011-01-01,-0.03472871425458397,-0.03472871425458397,0.0,0,False,0.0,1.076701315783256,-0.015670167838059745,0.0,0.0,0.8,0.0,0.0,0.0,0.0,0.2
2011-02-01,0.02658876728747923,0.02338876728747923,0.8,2,True,0.0032,1.0359830750868448,-0.05289514234407777,0.0,0.0,0.0,0.0,0.0,0.0,0.8,0.2
2011-03-01,0.03188192874801088,0.03108192874801088,0.2,2,True,0.0008,1.0626777651137087,-0.02849062145367387,0.0,0.0,0.2,0.0,0.0,0.0,0.8,0.0
2011-04-01,-0.0002138223793760382,-0.0010138223793760381,0.2,2,True,0.0008,1.095680735517637,-0.00015530948540742884,0.0,0.2,0.0,0.0,0.0,0.0,0.8,0.0
2011-05-01,-0.04222972123567568,-0.04302972123567568,0.2,2,True,0.0008,1.109388217152295,0.0,0.0,0.0,0.2,0.0,0.0,0.0,0.8,0.0
2011-06-01,-0.024211007454518364,-0.027411007454518365,0.8,3,True,0.0032,1.0582916258518091,-0.04605835045882001,0.0,0.0,0.8,0.0,0.0,0.0,0.0,0.2
2011-07-01,0.06855682228932775,0.06855682228932775,0.0,0,False,0.0,1.0326693194092562,-0.06915423884703742,0.0,0.0,0.8,0.0,0.0,0.0,0.0,0.2
2011-08-01,0.08964710733494854,0.08964710733494854,0.0,0,False,0.0,1.1034658464236378,-0.00748039703375869,0.0,0.0,0.8,0.0,0.0,0.0,0.0,0.2
2011-09-01,-0.08465096013357894,-0.08465096013357894,0.0,0,False,0.0,1.2023883675984273,-0.019823094276806508,0.0,0.0,0.8,0.0,0.0,0.0,0.0,0.2
2011-10-01,0.05199172120909648,0.05199172120909648,0.0,0,False,0.0,1.0896970105746824,-0.11168814271361271,0.0,0.0,0.8,0.0,0.0,0.0,0.0,0.2
2011-11-01,0.014680625620833611,0.014680625620833611,0.0,0,False,0.0,1.1463522337508676,-0.0655032802828438,0.0,0.0,0.8,0.0,0.0,0.0,0.0,0.2
2011-12-01,0.007439696988849276,0.004239696988849276,0.8,3,True,0.0032,1.1594592212386534,-0.054818574088629224,0.0,0.0,0.0,0.0,0.0,0.0,0.2,0.8
2012-01-01,0.04604423576519792,0.04604423576519792,0.0,0,False,0.0,1.135121166747281,-0.07465875184277992,0.0,0.0,0.0,0.0,0.0,0.0,0.2,0.8
2012-02-01,-0.0003138126135215028,-0.003513812613521503,0.8,3,True,0.0032,1.1835873151202716,-0.03514955446136869,0.0,0.0,0.8,0.0,0.0,0.0,0.0,0.2
2012-03-01,0.04693534589789859,0.04373534589789859,0.8,3,True,0.0032,1.1794295996420103,-0.0385388892238957,0.0,0.0,0.0,0.2,0.0,0.0,0.0,0.8
2012-04-01,-0.016569762022990722,-0.01736976202299072,0.2,2,True,0.0008,1.2223691984929093,-0.008353293618801882,0.0,0.0,0.2,0.0,0.0,0.0,0.0,0.8
2012-05-01,-0.09018851750487081,-0.0909885175048708,0.2,2,True,0.0008,1.2001922173923085,-0.026344363986905872,0.0,0.0,0.0,0.2,0.0,0.0,0.0,0.8
2012-06-01,0.06677550103668146,0.06677550103668146,0.0,0,False,0.0,1.0919486605848128,-0.11415692235918884,0.0,0.0,0.0,0.2,0.0,0.0,0.0,0.8
2012-07-01,0.009064789974277732,0.009064789974277732,0.0,0,False,0.0,1.159051731605773,-0.059719572785884134,0.0,0.0,0.0,0.2,0.0,0.0,0.0,0.8
2012-08-01,0.0408761269703756,0.0408761269703756,0.0,0,False,0.0,1.1695582921221022,-0.05119612819626407,0.0,0.0,0.0,0.2,0.0,0.0,0.0,0.8
2012-09-01,0.01685366648195843,0.01685366648195843,0.0,0,False,0.0,1.218386438370583,-0.011584306771359021,0.0,0.0,0.0,0.2,0.0,0.0,0.0,0.8
2012-10-01,-0.03899525769331078,-0.03899525769331078,0.0,0,False,0.0,1.2389207170490215,-0.021664214599084297,0.0,0.0,0.0,0.2,0.0,0.0,0.0,0.8
2012-11-01,-0.008710657532768097,-0.008710657532768097,0.0,0,False,0.0,1.1906086844261135,-0.05981467066138069,0.0,0.0,0.0,0.2,0.0,0.0,0.0,0.8
2012-12-01,0.03228634013391045,0.03228634013391045,0.0,0,False,0.0,1.1825421687491082,-0.06618453827414372,0.0,0.0,0.0,0.2,0.0,0.0,0.0,0.8
2013-01-01,0.005176351699252369,0.005176351699252369,0.0,0,False,0.0,1.1743647148877838,-0.07264201019781491,0.0,0.0,0.0,0.2,0.0,0.0,0.0,0.8
2013-02-01,0.004028747254518982,0.0016287472545189821,0.6000000000000001,2,True,0.0024000000000000002,1.1776105749400148,-0.07007885906166744,0.0,0.0,0.0,0.8,0.0,0.0,0.0,0.2
2013-03-01,0.028249744368179508,0.028249744368179508,0.0,0,False,0.0,1.1823548703106972,-0.06633244181819264,0.0,0.0,0.0,0.8,0.0,0.0,0.0,0.2
2013-04-01,0.006324539365358106,0.005524539365358106,0.2,2,True,0.0008,1.2147834882749264,-0.040724606717114864,0.0,0.0,0.0,0.8,0.0,0.0,0.2,0.0
2013-05-01,0.03879079239748813,0.03799079239748813,0.2,2,True,0.0008,1.221488461119495,-0.035429905624693614,0.0,0.0,0.0,0.8,0.0,0.0,0.0,0.2
2013-06-01,-0.015369800868320694,-0.016169800868320695,0.2,2,True,0.0008,1.2622884264391667,-0.02054684114560923,0.0,0.0,0.0,0.8,0.0,0.0,0.2,0.0
2013-07-01,0.05468657827151602,0.053886578271516015,0.2,2,True,0.0008,1.2408994804467879,-0.03714326259573575,0.0,0.0,0.0,0.8,0.0,0.0,0.0,0.2
2013-08-01,-0.0333462632105318,-0.0341462632105318,0.2,2,True,0.0008,1.3077130189897155,0.0,0.0,0.0,0.0,0.8,0.0,0.0,0.2,0.0
2013-09-01,0.032535174490297344,0.032535174490297344,0.0,0,False,0.0,1.2622290027655019,-0.0350399568730545,0.0,0.0,0.0,0.8,0.0,0.0,0.2,0.0
2013-10-01,0.038942478210101196,0.038942478210101196,0.0,0,False,0.0,1.303295843617191,-0.01674030695960671,0.0,0.0,0.0,0.8,0.0,0.0,0.2,0.0
2013-11-01,0.02063312679067324,0.02063312679067324,0.0,0,False,0.0,1.3540494136085686,-0.00723197758584293,0.0,0.0,0.0,0.8,0.0,0.0,0.2,0.0
2013-12-01,0.017744215217947848,0.017744215217947848,0.0,0,False,0.0,1.3840925614855757,-0.0035352985100847167,0.0,0.0,0.0,0.8,0.0,0.0,0.2,0.0
2014-01-01,-0.050946412907907204,-0.050946412907907204,0.0,0,False,0.0,1.3754476469392707,-0.029780314239293615,0.0,0.0,0.0,0.8,0.0,0.0,0.2,0.0
2014-02-01,0.060969015083741376,0.060169015083741374,0.2,2,True,0.0008,1.3342084305922879,-0.05886982528991236,0.0,0.0,0.0,0.8,0.0,0.0,0.0,0.2
2014-03-01,0.023222289295262846,0.023222289295262846,0.0,0,False,0.0,1.424976942497485,0.0,0.0,0.0,0.0,0.8,0.0,0.0,0.0,0.2
2014-04-01,-0.0014425428368095572,-0.0014425428368095572,0.0,0,False,0.0,1.4580681692952413,0.0,0.0,0.0,0.0,0.8,0.0,0.0,0.0,0.2
2014-05-01,0.026789993500683895,0.026789993500683895,0.0,0,False,0.0,1.455964843502045,-0.004047722282541466,0.0,0.0,0.0,0.8,0.0,0.0,0.0,0.2
2014-06-01,0.02708304079652186,0.02708304079652186,0.0,0,False,0.0,1.493980364367023,0.0,0.0,0.0,0.0,0.8,0.0,0.0,0.0,0.2
2014-07-01,-0.018086577677209312,-0.018086577677209312,0.0,0,False,0.0,1.534441895524378,0.0,0.0,0.0,0.0,0.8,0.0,0.0,0.0,0.2
2014-08-01,0.04135966570538603,0.04135966570538603,0.0,0,False,0.0,1.5066890929898125,-0.02984357798063675,0.0,0.0,0.0,0.8,0.0,0.0,0.0,0.2
2014-09-01,-0.025196062500607443,-0.025196062500607443,0.0,0,False,0.0,1.569421404611729,0.0,0.0,0.0,0.0,0.8,0.0,0.0,0.0,0.2
2014-10-01,0.03676844401931088,0.03436844401931088,0.6000000000000001,2,True,0.0024000000000000002,1.5262064572157934,-0.03391045770941281,0.0,0.0,0.0,0.2,0.0,0.0,0.0,0.8
2014-11-01,0.029633011047229596,0.029633011047229596,0.0,0,False,0.0,1.576903591727823,-0.0018191431663465707,0.0,0.0,0.0,0.2,0.0,0.0,0.0,0.8
2014-12-01,-0.009378965058991452,-0.009378965058991452,0.0,0,False,0.0,1.6236319932819097,-0.010309590915397626,0.0,0.0,0.0,0.2,0.0,0.0,0.0,0.8
2015-01-01,-0.021948978254571604,-0.021948978254571604,0.0,0,False,0.0,1.566255915222036,-0.048332960406254455,0.0,0.0,0.0,0.2,0.0,0.0,0.0,0.8
2015-02-01,0.07192837681976641,0.07192837681976641,0.0,0,False,0.0,1.51571553794361,-0.07904161456491565,0.0,0.0,0.0,0.2,0.0,0.0,0.0,0.8
2015-03-01,-0.03961456269392512,-0.03961456269392512,0.0,0,False,0.0,1.6125611880035453,-0.020197582632238142,0.0,0.0,0.0,0.2,0.0,0.0,0.0,0.8
2015-04-01,0.03809397266431045,0.03809397266431045,0.0,0,False,0.0,1.548680281723588,-0.05901202692271301,0.0,0.0,0.0,0.2,0.0,0.0,0.0,0.8
2015-05-01,0.007902684301489816,0.007902684301489816,0.0,0,False,0.0,1.6076756660413232,-0.023166056798861856,0.0,0.0,0.0,0.2,0.0,0.0,0.0,0.8
2015-06-01,-0.03258863748369487,-0.03258863748369487,0.0,0,False,0.0,1.6203806192892347,-0.015446446530764102,0.0,0.0,0.0,0.2,0.0,0.0,0.0,0.8
2015-07-01,0.01496284411235993,0.01496284411235993,0.0,0,False,0.0,1.5675746227016132,-0.0475317053680564,0.0,0.0,0.0,0.2,0.0,0.0,0.0,0.8
2015-08-01,-0.08174536886282398,-0.08174536886282398,0.0,0,False,0.0,1.5989734287389543,-0.028453591441764403,0.0,0.0,0.0,0.2,0.0,0.0,0.0,0.8
2015-09-01,0.01717053555051993,0.01717053555051993,0.0,0,False,0.0,1.468264756004834,-0.10787301097670932,0.0,0.0,0.0,0.2,0.0,0.0,0.0,0.8
2015-10-01,0.11053615195133909,0.11053615195133909,0.0,0,False,0.0,1.4934756481953912,-0.09255471279610616,0.0,0.0,0.0,0.2,0.0,0.0,0.0,0.8
2015-11-01,0.005974415482539008,0.005974415482539008,0.0,0,False,0.0,1.6427730099602922,-0.00855521210571586,0.0,0.0,0.0,0.2,0.0,0.0,0.0,0.8
2015-12-01,-0.0418148912325792,-0.0418148912325792,0.0,0,False,0.0,1.6525876184652966,-0.0026319090148374524,0.0,0.0,0.0,0.2,0.0,0.0,0.0,0.8
2016-01-01,-0.023965826666997758,-0.023965826666997758,0.0,0,False,0.0,1.5973630724932648,-0.036225803301276116,0.0,0.0,0.0,0.2,0.0,0.0,0.0,0.8
2016-02-01,0.020089752914658556,0.020089752914658556,0.0,0,False,0.0,1.5590809459736281,-0.05932344864548289,0.0,0.0,0.0,0.2,0.0,0.0,0.0,0.8
2016-03-01,0.0020656746405474102,-0.0019343253594525898,1.0,3,True,0.004,1.584040886964382,-0.04426378719953261,0.0,0.0,0.0,0.0,1.0,0.0,0.0,0.0
2016-04-01,-0.03947633558143302,-0.04347633558143302,1.0,3,True,0.004,1.5809637480539573,-0.04612038895313142,0.0,0.0,0.0,0.2,0.0,0.0,0.0,0.8
2016-05-01,0.033209328265902505,0.033209328265902505,0.0,0,False,0.0,1.5074831833602784,-0.09045512626496921,0.0,0.0,0.0,0.2,0.0,0.0,0.0,0.8
2016-06-01,-0.006531497012303511,-0.006531497012303511,0.0,0,False,0.0,1.5575456872518176,-0.06024975198053373,0.0,0.0,0.0,0.2,0.0,0.0,0.0,0.8
2016-07-01,0.06312333383453789,0.06312333383453789,0.0,0,False,0.0,1.547372582249006,-0.06638772791778436,0.0,0.0,0.0,0.2,0.0,0.0,0.0,0.8
2016-08-01,0.010830758456537871,0.010830758456537871,0.0,0,False,0.0,1.6450478983247205,-0.007455008795117624,0.0,0.0,0.0,0.2,0.0,0.0,0.0,0.8
2016-09-01,0.011227282054282273,0.011227282054282273,0.0,0,False,0.0,1.6628650147609116,-0.004905217116879523,0.0,0.0,0.0,0.2,0.0,0.0,0.0,0.8
2016-10-01,-0.014863859533329539,-0.014863859533329539,0.0,0,False,0.0,1.6864883838434495,-0.0029011699375806055,0.0,0.0,0.0,0.2,0.0,0.0,0.0,0.8
2016-11-01,-0.00037654523167853643,-0.00037654523167853643,0.0,0,False,0.0,1.6614206574014085,-0.020357711871480277,0.0,0.0,0.0,0.2,0.0,0.0,0.0,0.8
2016-12-01,0.049274907222104904,0.049274907222104904,0.0,0,False,0.0,1.6607950573750516,-0.027055510196706156,0.0,0.0,0.0,0.2,0.0,0.0,0.0,0.8
2017-01-01,0.029514387743200345,0.029514387743200345,0.0,0,False,0.0,1.703016396153829,-0.029673027650917283,0.0,0.0,0.0,0.2,0.0,0.0,0.0,0.8
2017-02-01,0.052317809331934355,0.052317809331934355,0.0,0,False,0.0,1.7532798824029399,-0.005590989821678938,0.0,0.0,0.0,0.2,0.0,0.0,0.0,0.8
2017-03-01,0.0029060376893529803,0.0029060376893529803,0.0,0,False,0.0,1.8450076449960142,0.0,0.0,0.0,0.0,0.2,0.0,0.0,0.0,0.8
2017-04-01,0.0258411646497672,0.0258411646497672,0.0,0,False,0.0,1.8524079665216246,-0.002026435339296473,0.0,0.0,0.0,0.2,0.0,0.0,0.0,0.8
2017-05-01,0.031351127943209316,0.031351127943209316,0.0,0,False,0.0,1.9002763457830518,0.0,0.0,0.0,0.0,0.2,0.0,0.0,0.0,0.8
2017-06-01,-0.02974087441104838,-0.02974087441104838,0.0,0,False,0.0,1.9598521526271506,0.0,0.0,0.0,0.0,0.2,0.0,0.0,0.0,0.8
2017-07-01,0.05000557937538211,0.05000557937538211,0.0,0,False,0.0,1.9114476569851326,-0.035487556060834535,0.0,0.0,0.0,0.2,0.0,0.0,0.0,0.8
2017-08-01,0.01899460366461798,0.01899460366461798,0.0,0,False,0.0,2.007030704518391,-0.003867621784521824,0.0,0.0,0.0,0.2,0.0,0.0,0.0,0.8
2017-09-01,0.012978254282215974,0.012978254282215974,0.0,0,False,0.0,2.045153457293437,-0.00032916187100073824,0.0,0.0,0.0,0.2,0.0,0.0,0.0,0.8
2017-10-01,0.05513879181413862,0.05513879181413862,0.0,0,False,0.0,2.067583260376192,0.0,0.0,0.0,0.0,0.2,0.0,0.0,0.0,0.8
2017-11-01,0.012419549101875395,0.012419549101875395,0.0,0,False,0.0,2.181587303328473,0.0,0.0,0.0,0.0,0.2,0.0,0.0,0.0,0.8
2017-12-01,0.022903968690489586,0.022903968690489586,0.0,0,False,0.0,2.2086816339621893,-0.013659358204838878,0.0,0.0,0.0,0.2,0.0,0.0,0.0,0.8
2018-01-01,0.056145120330860235,0.056145120330860235,0.0,0,False,0.0,2.1331033823918015,-0.05996967006887266,0.0,0.0,0.0,0.2,0.0,0.0,0.0,0.8
2018-02-01,-0.02703380372137034,-0.02703380372137034,0.0,0,False,0.0,2.2528667284743533,-0.011278030677545958,0.0,0.0,0.0,0.2,0.0,0.0,0.0,0.8
2018-03-01,-0.04244321372341049,-0.04244321372341049,0.0,0,False,0.0,2.1919631715263734,-0.03800694633121526,0.0,0.0,0.0,0.2,0.0,0.0,0.0,0.8
2018-04-01,0.0361237468601205,0.0361237468601205,0.0,0,False,0.0,2.149883365511142,-0.06772717385651839,0.0,0.0,0.0,0.2,0.0,0.0,0.0,0.8
2018-05-01,0.06461713423516145,0.06461713423516145,0.0,0,False,0.0,2.22754520798565,-0.03404998628034217,0.0,0.0,0.0,0.2,0.0,0.0,0.0,0.8
2018-06-01,-0.00872411208187529,-0.00872411208187529,0.0,0,False,0.0,2.37148279570495,0.0,0.0,0.0,0.0,0.2,0.0,0.0,0.0,0.8
2018-07-01,0.023429846054419733,0.023429846054419733,0.0,0,False,0.0,2.332814989080072,-0.03309850551437554,0.0,0.0,0.0,0.2,0.0,0.0,0.0,0.8
2018-08-01,0.048316583726525905,0.048316583726525905,0.0,0,False,0.0,2.387472485147662,-0.031237129550108933,0.0,0.0,0.0,0.2,0.0,0.0,0.0,0.8
2018-09-01,0.008916638914182328,0.008916638914182328,0.0,0,False,0.0,2.511450603471726,-0.00248802106271917,0.0,0.0,0.0,0.2,0.0,0.0,0.0,0.8
2018-10-01,-0.07155959102807341,-0.07155959102807341,0.0,0,False,0.0,2.5338443016536907,0.0,0.0,0.0,0.0,0.2,0.0,0.0,0.0,0.8
2018-11-01,-0.0032939376871638174,-0.0032939376871638174,0.0,0,False,0.0,2.3525234396985373,-0.0739669437506334,0.0,0.0,0.0,0.2,0.0,0.0,0.0,0.8
2018-12-01,-0.10218755569039462,-0.10218755569039462,0.0,0,False,0.0,2.2987992618923254,-0.0951146032080652,0.0,0.0,0.0,0.2,0.0,0.0,0.0,0.8
2019-01-01,0.07586120974030557,0.07586120974030557,0.0,0,False,0.0,2.0626374166463983,-0.1880759193982241,0.0,0.0,0.0,0.2,0.0,0.0,0.0,0.8
2019-02-01,0.06384662922896252,0.06384662922896252,0.0,0,False,0.0,2.2191115863288133,-0.12648237642648774,0.0,0.0,0.0,0.2,0.0,0.0,0.0,0.8
2019-03-01,0.04857428556589021,0.04857428556589021,0.0,0,False,0.0,2.360794380998844,-0.0707112205892253,0.0,0.0,0.0,0.2,0.0,0.0,0.0,0.8
2019-04-01,0.04145920430590962,0.04145920430590962,0.0,0,False,0.0,2.475468281423829,-0.02557168204494953,0.0,0.0,0.0,0.2,0.0,0.0,0.0,0.8
2019-05-01,-0.09215140503281136,-0.09215140503281136,0.0,0,False,0.0,2.578099226656178,-0.004154791436788985,0.0,0.0,0.0,0.2,0.0,0.0,0.0,0.8
2019-06-01,0.11764602108400016,0.11764602108400016,0.0,0,False,0.0,2.375266889599393,-0.08313025649881345,0.0,0.0,0.0,0.2,0.0,0.0,0.0,0.8
2019-07-01,0.010363612256360134,0.010363612256360134,0.0,0,False,0.0,2.654707588173331,0.0,0.0,0.0,0.0,0.2,0.0,0.0,0.0,0.8
2019-08-01,-0.02070666793954077,-0.02070666793954077,0.0,0,False,0.0,2.682219948271176,-0.02751147070354787,0.0,0.0,0.0,0.2,0.0,0.0,0.0,0.8
2019-09-01,0.017624618635801028,0.017624618635801028,0.0,0,False,0.0,2.655922548947458,-0.037046079977156365,0.0,0.0,0.0,0.2,0.0,0.0,0.0,0.8
2019-10-01,0.053132970671096215,0.05233297067109621,0.2,2,True,0.0008,2.7005699852620837,-0.022175285016110102,0.0,0.0,0.2,0.0,0.0,0.0,0.0,0.8
2019-11-01,0.014425656454188007,0.014425656454188007,0.0,0,False,0.0,2.8440592910842555,0.0,0.0,0.0,0.2,0.0,0.0,0.0,0.0,0.8
2019-12-01,0.07181441659129653,0.07101441659129654,0.2,2,True,0.0008,2.919006653997719,-0.001421507712437764,0.0,0.0,0.0,0.2,0.0,0.0,0.0,0.8
2020-01-01,0.026938478916333854,0.026938478916333854,0.0,0,False,0.0,2.895216648090938,-0.06083294252505911,0.0,0.0,0.0,0.2,0.0,0.0,0.0,0.8
2020-02-01,-0.03506634269762978,-0.03506634269762978,0.0,0,False,0.0,2.9378257035764412,-0.047011171609057656,0.0,0.0,0.0,0.2,0.0,0.0,0.0,0.8
2020-03-01,-0.14127372812702482,-0.14207372812702482,0.2,2,True,0.0008,2.684314072926708,-0.13813952461305856,0.0,0.0,0.2,0.0,0.0,0.0,0.0,0.8
2020-04-01,0.14300752008569742,0.14300752008569742,0.0,0,False,0.0,2.3032469435674088,-0.2604898488826247,0.0,0.0,0.2,0.0,0.0,0.0,0.0,0.8
2020-05-01,0.08653782319453476,0.08653782319453476,0.0,0,False,0.0,2.6326285771119475,-0.15473433609312914,0.0,0.0,0.2,0.0,0.0,0.0,0.0,0.8
2020-06-01,0.06065173508745203,0.06065173508745203,0.0,0,False,0.0,2.8604505234549413,-0.08158688551754512,0.0,0.0,0.2,0.0,0.0,0.0,0.0,0.8
2020-07-01,0.08775267940494219,0.08775267940494219,0.0,0,False,0.0,3.0339418108342935,-0.02588353659711362,0.0,0.0,0.2,0.0,0.0,0.0,0.0,0.8
2020-08-01,0.08957406268985608,0.08957406268985608,0.0,0,False,0.0,3.2373141905953218,0.0,0.0,0.0,0.2,0.0,0.0,0.0,0.0,0.8
2020-09-01,-0.056048276356808764,-0.056048276356808764,0.0,0,False,0.0,3.5272935748504692,0.0,0.0,0.0,0.2,0.0,0.0,0.0,0.0,0.8
2020-10-01,-0.046822773954959686,-0.046822773954959686,0.0,0,False,0.0,3.3295948497756545,-0.06048522607522022,0.0,0.0,0.2,0.0,0.0,0.0,0.0,0.8
2020-11-01,0.12185401376268282,0.12105401376268282,0.2,2,True,0.0008,3.1606687460519445,-0.1081512567217624,0.0,0.0,0.0,0.2,0.0,0.0,0.0,0.8
2020-12-01,0.022606146301319054,0.022606146301319054,0.0,0,False,0.0,3.542972271797494,-0.00027632695795720696,0.0,0.0,0.0,0.2,0.0,0.0,0.0,0.8
2021-01-01,0.030549367758276436,0.030549367758276436,0.0,0,False,0.0,3.531875213465821,-0.042561641529731076,0.0,0.0,0.0,0.2,0.0,0.0,0.0,0.8
2021-02-01,0.023738026214559005,0.023738026214559005,0.0,0,False,0.0,3.639771768238329,-0.015250171173377569,0.0,0.0,0.0,0.2,0.0,0.0,0.0,0.8
2021-03-01,0.011499189573783975,0.011499189573783975,0.0,0,False,0.0,3.7261727658877835,-0.022948289727607096,0.0,0.0,0.0,0.2,0.0,0.0,0.0,0.8
2021-04-01,0.03147101395857037,0.03147101395857037,0.0,0,False,0.0,3.7690207329073964,-0.01171298688779554,0.0,0.0,0.0,0.2,0.0,0.0,0.0,0.8
2021-05-01,-0.008471035710608631,-0.008471035710608631,0.0,0,False,0.0,3.8942691630757635,-0.021072547859279367,0.0,0.0,0.0,0.2,0.0,0.0,0.0,0.8
2021-06-01,0.0665718645461546,0.0665718645461546,0.0,0,False,0.0,3.8612806699286275,-0.02936507726445836,0.0,0.0,0.0,0.2,0.0,0.0,0.0,0.8
2021-07-01,0.030079988879682995,0.030079988879682995,0.0,0,False,0.0,4.118333323661804,0.0,0.0,0.0,0.0,0.2,0.0,0.0,0.0,0.8
2021-08-01,0.03817192913584875,0.03817192913584875,0.0,0,False,0.0,4.2559802713738,-0.006558887656184842,0.0,0.0,0.0,0.2,0.0,0.0,0.0,0.8
2021-09-01,-0.04271717508790352,-0.04271717508790352,0.0,0,False,0.0,4.418439248696249,-0.004163987999338703,0.0,0.0,0.0,0.2,0.0,0.0,0.0,0.8
2021-10-01,0.06164784792013509,0.06084784792013509,0.2,2,True,0.0008,4.226312248889869,-0.047465926651384716,0.0,0.2,0.0,0.0,0.0,0.0,0.0,0.8
2021-11-01,0.004932757178388016,0.004932757178388016,0.0,0,False,0.0,4.48685530367244,0.0,0.0,0.2,0.0,0.0,0.0,0.0,0.0,0.8
2021-12-01,0.061473020525387057,0.061473020525387057,0.0,0,False,0.0,4.508987871380017,-0.03701011075238558,0.0,0.2,0.0,0.0,0.0,0.0,0.0,0.8
2022-01-01,-0.04400531695607035,-0.04400531695607035,0.0,0,False,0.0,4.515677678158395,-0.06187669136346918,0.0,0.2,0.0,0.0,0.0,0.0,0.0,0.8
2022-02-01,0.021352794771198315,0.018152794771198313,0.8,3,True,0.0032,4.303149566337473,-0.10602899576820457,0.0,0.0,0.0,0.0,0.0,0.0,0.8,0.2
2022-03-01,0.08429194799140798,0.08349194799140798,0.2,2,True,0.0008,4.391517808828528,-0.08767066421033476,0.0,0.2,0.0,0.0,0.0,0.0,0.8,0.0
2022-04-01,0.00573980861824448,0.00573980861824448,0.0,0,False,0.0,4.761687399573646,-0.02397619154202968,0.0,0.2,0.0,0.0,0.0,0.0,0.8,0.0
2022-05-01,0.13565388160244637,0.13565388160244637,0.0,0,False,0.0,4.71446480234419,-0.06402598518431002,0.0,0.2,0.0,0.0,0.0,0.0,0.8,0.0
2022-06-01,-0.1524482979651455,-0.1524482979651455,0.0,0,False,0.0,5.35400025246029,0.0,0.0,0.2,0.0,0.0,0.0,0.0,0.8,0.0
2022-07-01,0.0,-0.004,1.0,3,True,0.004,4.5196408585610905,-0.19116949487385715,1.0,0.0,0.0,0.0,0.0,0.0,0.0,0.0
2022-08-01,0.0,0.0,0.0,0,False,0.0,4.5196408585610905,-0.19116949487385715,1.0,0.0,0.0,0.0,0.0,0.0,0.0,0.0
2022-09-01,0.0,0.0,0.0,0,False,0.0,4.5196408585610905,-0.19116949487385715,1.0,0.0,0.0,0.0,0.0,0.0,0.0,0.0
2022-10-01,0.0,0.0,0.0,0,False,0.0,4.5196408585610905,-0.19116949487385715,1.0,0.0,0.0,0.0,0.0,0.0,0.0,0.0
2022-11-01,0.0,0.0,0.0,0,False,0.0,4.5196408585610905,-0.19116949487385715,1.0,0.0,0.0,0.0,0.0,0.0,0.0,0.0
2022-12-01,0.0,0.0,0.0,0,False,0.0,4.5196408585610905,-0.19116949487385715,1.0,0.0,0.0,0.0,0.0,0.0,0.0,0.0
2023-01-01,0.08754638218923949,0.08354638218923949,1.0,2,True,0.004,4.5188878542845785,-0.1913042517822915,0.0,0.0,0.0,0.0,0.0,1.0,0.0,0.0
2023-02-01,-0.04030280413690157,-0.04030280413690157,0.0,0,False,0.0,4.8948421368963,-0.12402384127507571,0.0,0.0,0.0,0.0,0.0,1.0,0.0,0.0
2023-03-01,0.0806544202066588,0.0766544202066588,1.0,2,True,0.004,4.678776007880027,-0.16269082428144677,0.0,0.0,1.0,0.0,0.0,0.0,0.0,0.0
2023-04-01,-0.02295693641774186,-0.02615693641774186,0.8,2,True,0.0032,5.018537870679583,-0.10188737380590296,0.0,0.0,0.2,0.0,0.0,0.0,0.8,0.0
2023-05-01,0.01928026580543092,0.01608026580543092,0.8,3,True,0.0032,4.871996529205568,-0.12811226887069038,0.0,0.0,0.8,0.0,0.0,0.0,0.0,0.2
2023-06-01,0.03232920756703088,0.02992920756703088,0.6000000000000001,2,True,0.0024000000000000002,4.954011685490289,-0.1134349167620341,0.0,0.0,0.2,0.0,0.0,0.0,0.0,0.8
2023-07-01,0.029422345268913432,0.028622345268913434,0.2,2,True,0.0008,5.122442897065627,-0.08329263196534775,0.0,0.0,0.0,0.2,0.0,0.0,0.0,0.8
2023-08-01,-0.0025432396012836644,-0.0033432396012836644,0.2,2,True,0.0008,5.264723503935013,-0.05783023379584851,0.0,0.0,0.0,0.0,0.0,0.0,0.2,0.8
2023-09-01,-0.049418611582089114,-0.049418611582089114,0.0,0,False,0.0,5.251334050629997,-0.060226397256390896,0.0,0.0,0.0,0.0,0.0,0.0,0.2,0.8
2023-10-01,-0.0009263023061065528,-0.0009263023061065528,0.0,0,False,0.0,4.970759318758193,-0.110437776701649,0.0,0.0,0.0,0.0,0.0,0.0,0.2,0.8
2023-11-01,0.10529578157445738,0.10449578157445738,0.2,2,True,0.0008,4.962181969023774,-0.11197277081632362,0.0,0.0,0.0,0.2,0.0,0.0,0.0,0.8
2023-12-01,0.015761901489003183,0.015761901489003183,0.0,0,False,0.0,5.484678797766816,-0.018467249660027996,0.0,0.0,0.0,0.2,0.0,0.0,0.0,0.8
2024-01-01,0.06139031764037357,0.06139031764037357,0.0,0,False,0.0,5.4732097524813685,-0.042194461906666314,0.0,0.0,0.0,0.2,0.0,0.0,0.0,0.8
2024-02-01,0.051975649446866834,0.051975649446866834,0.0,0,False,0.0,5.809211837698591,-0.015050636098058345,0.0,0.0,0.0,0.2,0.0,0.0,0.0,0.8
2024-03-01,-0.0022473228737105886,-0.0022473228737105886,0.0,0,False,0.0,6.111149395737401,0.0,0.0,0.0,0.0,0.2,0.0,0.0,0.0,0.8
2024-04-01,-0.06428192983661479,-0.06428192983661479,0.0,0,False,0.0,6.097415669915699,-0.004783410692539403,0.0,0.0,0.0,0.2,0.0,0.0,0.0,0.8
2024-05-01,0.07857178600386412,0.07857178600386412,0.0,0,False,0.0,5.7054620236375015,-0.06875785365863674,0.0,0.0,0.0,0.2,0.0,0.0,0.0,0.8
2024-06-01,0.07385143254748168,0.07385143254748168,0.0,0,False,0.0,6.14059602399441,-0.0231311591004687,0.0,0.0,0.0,0.2,0.0,0.0,0.0,0.8
2024-07-01,-0.061578088011267476,-0.061578088011267476,0.0,0,False,0.0,6.594087837061771,-0.011163955399066228,0.0,0.0,0.0,0.2,0.0,0.0,0.0,0.8
2024-08-01,0.0017397252846066192,0.0017397252846066192,0.0,0,False,0.0,6.188036515877154,-0.0976356991871985,0.0,0.0,0.0,0.2,0.0,0.0,0.0,0.8
2024-09-01,0.04555791532618461,0.04555791532618461,0.0,0,False,0.0,6.462707359729511,-0.057582095215961915,0.0,0.0,0.0,0.2,0.0,0.0,0.0,0.8
2024-10-01,0.014077663332048252,0.014077663332048252,0.0,0,False,0.0,6.757134834401981,-0.025976167460151856,0.0,0.0,0.0,0.2,0.0,0.0,0.0,0.8
2024-11-01,-0.017606689113556187,-0.02080668911355619,0.8,3,True,0.0032,6.830332273278139,-0.04165956866109499,0.0,0.0,0.8,0.0,0.0,0.0,0.0,0.2
2024-12-01,0.0033753842720118947,0.0033753842720118947,0.0,0,False,0.0,6.745226166402896,-0.053600513831724594,0.0,0.0,0.8,0.0,0.0,0.0,0.0,0.2
2025-01-01,-0.010216392079049586,-0.013416392079049586,0.8,3,True,0.0032,6.464847737287834,-0.09293944698252632,0.0,0.0,0.0,0.2,0.0,0.0,0.0,0.8
2025-02-01,0.013131397092980902,0.009931397092980902,0.8,3,True,0.0032,6.456156332294218,-0.09415890812691452,0.0,0.0,0.8,0.0,0.0,0.0,0.0,0.2
2025-03-01,0.05345843105164319,0.05345843105164319,0.0,0,False,0.0,6.4910140680857324,-0.0892681390958634,0.0,0.0,0.8,0.0,0.0,0.0,0.0,0.2
2025-04-01,0.02623596847197638,0.02543596847197638,0.2,2,True,0.0008,6.832543085302863,-0.04134937722902199,0.0,0.0,0.8,0.2,0.0,0.0,0.0,0.0
2025-05-01,0.050541650597698905,0.050541650597698905,0.0,0,False,0.0,7.011801470272292,-0.032824273775746926,0.0,0.0,0.8,0.2,0.0,0.0,0.0,0.0
2025-06-01,-0.0022414203388160473,-0.0022414203388160473,0.0,0,False,0.0,7.209198994666189,-0.019800107533039957,0.0,0.0,0.8,0.2,0.0,0.0,0.0,0.0
2025-07-01,0.009566374471487072,0.008766374471487072,0.2,2,True,0.0008,7.18728571729344,-0.02277954979011443,0.0,0.0,0.8,0.0,0.0,0.0,0.0,0.2
2025-08-01,0.044594806972534824,0.044594806972534824,0.0,0,False,0.0,7.256041983898643,-0.018771138267358434,0.0,0.0,0.8,0.0,0.0,0.0,0.0,0.2
2025-09-01,0.09416774953830159,0.09416774953830159,0.0,0,False,0.0,7.452417201237406,0.0,0.0,0.0,0.8,0.0,0.0,0.0,0.0,0.2
2025-10-01,0.041348300979358446,0.041348300979358446,0.0,0,False,0.0,8.15419455769846,0.0,0.0,0.0,0.8,0.0,0.0,0.0,0.0,0.2
2025-11-01,0.034912371111683244,0.034912371111683244,0.0,0,False,0.0,8.470872004393563,-0.06251230264215402,0.0,0.0,0.8,0.0,0.0,0.0,0.0,0.2
2025-12-01,0.01941913594893494,0.01941913594893494,0.0,0,False,0.0,8.76661023145052,-0.029782384239359416,0.0,0.0,0.8,0.0,0.0,0.0,0.0,0.2
2026-01-01,0.06028102724522522,0.06028102724522522,0.0,0,False,0.0,8.436131776960847,-0.09253456298284013,0.0,0.0,0.8,0.0,0.0,0.0,0.0,0.2
2026-02-01,0.10915084537079135,0.10915084537079135,0.0,0,False,0.0,9.228909114736556,-0.08832980619627562,0.0,0.0,0.8,0.0,0.0,0.0,0.0,0.2
2026-03-01,-0.09191204139477083,-0.09191204139477083,0.0,0,False,0.0,10.115893480323708,-0.0007097854091497879,0.0,0.0,0.8,0.0,0.0,0.0,0.0,0.2
2026-04-01,-0.026811982143054403,-0.027611982143054402,0.2,2,True,0.0008,9.178772163167094,-0.09328254370683065,0.0,0.0,0.8,0.0,0.0,0.0,0.2,0.0
2026-05-01,-0.02639346536187899,-0.02959346536187899,0.8,3,True,0.0032,8.904086540352028,-0.12041713695870682,0.0,0.2,0.0,0.0,0.0,0.0,0.8,0.0
2026-06-01,-0.0650463654074583,-0.06824636540745829,0.8,2,True,0.0032,8.64133579477993,-0.14637275318157006,0.0,0.2,0.0,0.0,0.0,0.0,0.0,0.8
2026-07-01,0.0,-0.0008,0.2,2,True,0.0008,8.072784910416878,-0.20253658451748402,0.0,0.0,0.0,0.2,0.0,0.0,0.0,0.8
2026-08-01,0.0,-0.004,1.0,3,True,0.004,7.896333370510546,-0.21996720471142484,1.0,0.0,0.0,0.0,0.0,0.0,0.0,0.0
