date,gross_return,net_return,turnover,operations,signal_changed,trade_cost,equity,drawdown,w__CASH,w_dbc.us,w_iau.us,w_ief.us,w_ivv.us,w_lqd.us,w_spy.us,w_tlt.us,w_vea.us,w_vt.us,w_vwo.us,w_xlk.us
2006-03-01,0.007706886223917057,0.006306886223917057,0.35,4,True,0.0014,0.9986,0.0,0.65,0.0,0.21000000000000002,0.0,0.10500000000000001,0.0,0.0,0.034999999999999996,0.0,0.0,0.0,0.0
2006-04-01,0.022872369445964116,0.022872369445964116,0.0,0,False,0.0,1.0049407763861298,-0.0016644279977428011,0.65,0.0,0.21000000000000002,0.0,0.10500000000000001,0.0,0.0,0.034999999999999996,0.0,0.0,0.0,0.0
2006-05-01,-0.009088917328380127,-0.009088917328380127,0.0,0,False,0.0,1.0279261530949475,-0.0011662428798207003,0.65,0.0,0.21000000000000002,0.0,0.10500000000000001,0.0,0.0,0.034999999999999996,0.0,0.0,0.0,0.0
2006-06-01,-0.0016892231528700982,-0.0016892231528700982,0.0,0,False,0.0,1.0185834172697876,-0.028650622951152838,0.65,0.0,0.21000000000000002,0.0,0.10500000000000001,0.0,0.0,0.034999999999999996,0.0,0.0,0.0,0.0
2006-07-01,0.0068862541545218975,0.0068862541545218975,0.0,0,False,0.0,1.0124683703629775,-0.03448210116181882,0.65,0.0,0.21000000000000002,0.0,0.10500000000000001,0.0,0.0,0.034999999999999996,0.0,0.0,0.0,0.0
2006-08-01,-0.004960313484296966,-0.005240313484296966,0.06999999999999999,3,True,0.00028,1.019155041548944,-0.028105506195813423,0.65,0.0,0.245,0.0,0.034999999999999996,0.0,0.0,0.06999999999999999,0.0,0.0,0.0,0.0
2006-09-01,0.0025398455699489754,0.0016998455699489753,0.21000000000000002,3,True,0.00084,1.0132478692947946,-0.03373874937639487,0.65,0.0,0.034999999999999996,0.0,0.21000000000000002,0.0,0.0,0.10500000000000001,0.0,0.0,0.0,0.0
2006-10-01,0.006663920282088397,0.006383920282088397,0.06999999999999999,2,True,0.00028,1.0170066057497344,-0.030154314118472803,0.65,0.0,0.034999999999999996,0.0,0.13999999999999999,0.0,0.0,0.175,0.0,0.0,0.0,0.0
2006-11-01,0.009863466663829305,0.009303466663829306,0.13999999999999999,3,True,0.00056,1.0229240387864913,-0.024511285971216323,0.65,0.0,0.06999999999999999,0.0,0.245,0.0,0.0,0.034999999999999996,0.0,0.0,0.0,0.0
2006-12-01,-0.004900333601790501,-0.005320333601790501,0.10500000000000001,2,True,0.00042,1.0325797502239955,-0.01530333193351685,0.65,0.0,0.175,0.0,0.13999999999999999,0.0,0.0,0.034999999999999996,0.0,0.0,0.0,0.0
2007-01-01,0.009167839344175458,0.008887839344175457,0.06999999999999999,2,True,0.00028,1.0246659226260335,-0.0228501772650036,0.65,0.0,0.10500000000000001,0.0,0.21000000000000002,0.0,0.0,0.034999999999999996,0.0,0.0,0.0,0.0
2007-02-01,0.002683096864681557,0.0022630968646815573,0.10500000000000001,3,True,0.00042,1.0333361748649341,-0.014581984431385364,0.65,0.06999999999999999,0.13999999999999999,0.0,0.10500000000000001,0.0,0.0,0.034999999999999996,0.0,0.0,0.0,0.0
2007-03-01,-0.0003638009201219927,-0.0007838009201219927,0.105,4,True,0.00041999999999999996,1.0356735502551917,-0.012352998478186161,0.65,0.13999999999999999,0.10500000000000001,0.0,0.034999999999999996,0.0,0.0,0.06999999999999999,0.0,0.0,0.0,0.0
2007-04-01,0.008409294938485587,0.008129294938485587,0.06999999999999999,3,True,0.00028,1.0367161970151257,-0.011358701630650003,0.65,0.10500000000000001,0.10500000000000001,0.0,0.10500000000000001,0.0,0.0,0.034999999999999996,0.0,0.0,0.0,0.0
2007-05-01,0.0026239347735853027,0.0026239347735853027,0.0,0,False,0.0,1.045141527693532,-0.003444596926341359,0.65,0.10500000000000001,0.10500000000000001,0.0,0.10500000000000001,0.0,0.0,0.034999999999999996,0.0,0.0,0.0,0.0
2007-06-01,-0.00335992370381424,-0.00335992370381424,0.0,0,False,0.0,1.0478839108913653,-0.0009290171646644252,0.65,0.10500000000000001,0.10500000000000001,0.0,0.10500000000000001,0.0,0.0,0.034999999999999996,0.0,0.0,0.0,0.0
2007-07-01,-0.0021916072473434165,-0.0024716072473434164,0.06999999999999999,3,True,0.00028,1.0414656457282438,-0.0072993731521490135,0.65,0.13999999999999999,0.034999999999999996,0.0,0.13999999999999999,0.0,0.0,0.034999999999999996,0.0,0.0,0.0,0.0
2007-08-01,0.0041652471935576885,0.0036052471935576883,0.14,4,True,0.0005600000000000001,1.038310411158987,-0.010306868740314279,0.65,0.10500000000000001,0.10500000000000001,0.0,0.034999999999999996,0.0,0.0,0.10500000000000001,0.0,0.0,0.0,0.0
2007-09-01,0.019737886517139612,0.019317886517139612,0.10500000000000001,4,True,0.00042,1.0398638917615783,-0.008826127465444644,0.65,0.034999999999999996,0.13999999999999999,0.0,0.10500000000000001,0.0,0.0,0.06999999999999999,0.0,0.0,0.0,0.0
2007-10-01,0.01569109065042204,0.01541109065042204,0.06999999999999999,3,True,0.00028,1.0596464599270647,0.0,0.65,0.10500000000000001,0.13999999999999999,0.0,0.06999999999999999,0.0,0.0,0.034999999999999996,0.0,0.0,0.0,0.0
2007-11-01,0.001702781365292855,0.001702781365292855,0.0,0,False,0.0,1.0762734685871789,-0.003747612808974621,0.65,0.10500000000000001,0.13999999999999999,0.0,0.06999999999999999,0.0,0.0,0.034999999999999996,0.0,0.0,0.0,0.0
2007-12-01,0.017069372367425634,0.016789372367425635,0.06999999999999999,3,True,0.00028,1.0760891718786545,-0.01070809905004555,0.65,0.10500000000000001,0.10500000000000001,0.0,0.034999999999999996,0.0,0.0,0.10500000000000001,0.0,0.0,0.0,0.0
2008-01-01,0.00341883800332873,0.00341883800332873,0.0,0,False,0.0,1.07443809005927,-0.012226004735195306,0.65,0.10500000000000001,0.10500000000000001,0.0,0.034999999999999996,0.0,0.0,0.10500000000000001,0.0,0.0,0.0,0.0
2008-02-01,0.0218132175532019,0.0218132175532019,0.0,0,False,0.0,1.0781114198337884,-0.008848965461484282,0.65,0.10500000000000001,0.10500000000000001,0.0,0.034999999999999996,0.0,0.0,0.10500000000000001,0.0,0.0,0.0,0.0
2008-03-01,-0.01291332156647297,-0.01291332156647297,0.0,0,False,0.0,1.0992031182681432,-0.0006677358712767756,0.65,0.10500000000000001,0.10500000000000001,0.0,0.034999999999999996,0.0,0.0,0.10500000000000001,0.0,0.0,0.0,0.0
2008-04-01,0.007130760681709257,0.006710760681709256,0.10500000000000001,4,True,0.00042,1.0845530512580042,-0.0219066610081029,0.65,0.175,0.034999999999999996,0.0,0.06999999999999999,0.0,0.0,0.06999999999999999,0.0,0.0,0.0,0.0
2008-05-01,0.017917303068067835,0.017917303068067835,0.0,0,False,0.0,1.0922867395131424,-0.014932111483377919,0.65,0.175,0.034999999999999996,0.0,0.06999999999999999,0.0,0.0,0.06999999999999999,0.0,0.0,0.0,0.0
2008-06-01,0.022395730132723963,0.022115730132723964,0.06999999999999999,3,True,0.00028,1.109588298197701,-0.011241687999385408,0.65,0.175,0.10500000000000001,0.0,0.034999999999999996,0.0,0.0,0.034999999999999996,0.0,0.0,0.0,0.0
2008-07-01,-0.07309355644530148,-0.07569355644530149,0.65,5,True,0.0026000000000000003,1.131171981739422,-0.0017071762142107927,0.0,0.535,0.195,0.0,0.034999999999999996,0.0,0.0,0.23500000000000001,0.0,0.0,0.0,0.0
2008-08-01,-0.013539939665948865,-0.016419939665948863,0.72,7,True,0.00288,1.045470945718717,-0.08821898886022739,0.45,0.10500000000000001,0.10500000000000001,0.2,0.034999999999999996,0.0,0.0,0.10500000000000001,0.0,0.0,0.0,0.0
2008-09-01,-0.008987836981292033,-0.010207836981292033,0.30500000000000005,6,True,0.0012200000000000002,1.0366362908119804,-0.09592390941963858,0.45,0.06999999999999999,0.034999999999999996,0.0,0.10500000000000001,0.0,0.0,0.33999999999999997,0.0,0.0,0.0,0.0
2008-10-01,-0.04942702881852388,-0.049847028818523875,0.10500000000000001,3,True,0.00042,1.025634895776188,-0.10551849751485054,0.45,0.034999999999999996,0.13999999999999999,0.0,0.034999999999999996,0.0,0.0,0.33999999999999997,0.0,0.0,0.0,0.0
2008-11-01,0.041349577992051745,0.04054957799205174,0.2,2,True,0.0008,0.9764656763021946,-0.14840018718067993,0.45,0.034999999999999996,0.13999999999999999,0.2,0.034999999999999996,0.0,0.0,0.13999999999999999,0.0,0.0,0.0,0.0
2008-12-01,0.04684938741620856,0.04604938741620856,0.2,2,True,0.0008,1.0152158233280648,-0.11460522771121917,0.45,0.034999999999999996,0.13999999999999999,0.0,0.034999999999999996,0.0,0.0,0.33999999999999997,0.0,0.0,0.0,0.0
2009-01-01,-0.03523913144962641,-0.03523913144962641,0.0,0,False,0.0,1.0703273138328897,-0.06654113684032015,0.45,0.034999999999999996,0.13999999999999999,0.0,0.034999999999999996,0.0,0.0,0.33999999999999997,0.0,0.0,0.0,0.0
2009-02-01,-0.0090103904799314,-0.0098103904799314,0.2,2,True,0.0008,1.0327682062912946,-0.09929736138393053,0.45,0.034999999999999996,0.13999999999999999,0.2,0.034999999999999996,0.0,0.0,0.13999999999999999,0.0,0.0,0.0,0.0
2009-03-01,0.01749154289302348,0.01749154289302348,0.0,0,False,0.0,1.0252400325709323,-0.10586286746030371,0.45,0.034999999999999996,0.13999999999999999,0.2,0.034999999999999996,0.0,0.0,0.13999999999999999,0.0,0.0,0.0,0.0
2009-04-01,0.02691639756512786,0.025836397565127858,0.27,5,True,0.00108,1.0420464356687094,-0.09120558858242978,0.45,0.034999999999999996,0.10500000000000001,0.0,0.10500000000000001,0.0,0.0,0.10500000000000001,0.0,0.0,0.2,0.0
2009-05-01,0.12756108926034798,0.12548108926034798,0.52,5,True,0.0020800000000000003,1.0678687751031228,-0.06868528913659666,0.0,0.06999999999999999,0.10500000000000001,0.0,0.13999999999999999,0.0,0.0,0.034999999999999996,0.0,0.45,0.2,0.0
2009-06-01,-0.031092477466136928,-0.031092477466136928,0.0,0,False,0.0,1.2040872792423907,0.0,0.0,0.06999999999999999,0.10500000000000001,0.0,0.13999999999999999,0.0,0.0,0.034999999999999996,0.0,0.45,0.2,0.0
2009-07-01,0.09005652124795603,0.09005652124795603,0.0,0,False,0.0,1.1666492226452851,-0.031092477466136414,0.0,0.06999999999999999,0.10500000000000001,0.0,0.13999999999999999,0.0,0.0,0.034999999999999996,0.0,0.45,0.2,0.0
2009-08-01,-0.024144869929479805,-0.024144869929479805,0.0,0,False,0.0,1.244959358382227,0.0,0.0,0.06999999999999999,0.10500000000000001,0.0,0.13999999999999999,0.0,0.0,0.034999999999999996,0.0,0.45,0.2,0.0
2009-09-01,0.04036593783967746,0.03928593783967746,0.27,5,True,0.00108,1.2135878846318644,-0.029275489071079575,0.0,0.034999999999999996,0.10500000000000001,0.0,0.10500000000000001,0.0,0.0,0.10500000000000001,0.2,0.45,0.0,0.0
2009-10-01,0.037199043157786604,0.034599043157786606,0.65,4,True,0.0026000000000000003,1.2592928014517601,-0.03463819483578445,0.0,0.034999999999999996,0.555,0.0,0.10500000000000001,0.0,0.0,0.10500000000000001,0.0,0.0,0.2,0.0
2009-11-01,0.0954552104789098,0.0946752104789098,0.195,6,True,0.00078,1.2920608502337791,-0.03455183251762617,0.0,0.10500000000000001,0.5,0.0,0.06999999999999999,0.0,0.0,0.034999999999999996,0.0,0.0,0.2,0.09000000000000001
2009-12-01,-0.0213253810578921,-0.0213253810578921,0.0,0,False,0.0,1.414290782707701,0.0,0.0,0.10500000000000001,0.5,0.0,0.06999999999999999,0.0,0.0,0.034999999999999996,0.0,0.0,0.2,0.09000000000000001
2010-01-01,-0.03968739778869063,-0.03968739778869063,0.0,0,False,0.0,1.2994247687131306,-0.08833954691662194,0.0,0.10500000000000001,0.5,0.0,0.06999999999999999,0.0,0.0,0.034999999999999996,0.0,0.0,0.2,0.09000000000000001
2010-02-01,0.012780898209134837,0.012500898209134836,0.06999999999999999,3,True,0.00028,1.2475045819060493,-0.12476611209252952,0.0,0.034999999999999996,0.5,0.0,0.10500000000000001,0.0,0.0,0.06999999999999999,0.0,0.0,0.2,0.09000000000000001
2010-03-01,0.04630984564475338,0.04486984564475338,0.36000000000000004,3,True,0.00144,1.261629444695004,-0.11485628189691788,0.0,0.034999999999999996,0.13999999999999999,0.0,0.195,0.0,0.0,0.06999999999999999,0.0,0.0,0.2,0.36000000000000004
2010-04-01,0.02043170271207432,0.02043170271207432,0.0,0,False,0.0,1.3200553095397058,-0.07386541293814086,0.0,0.034999999999999996,0.13999999999999999,0.0,0.195,0.0,0.0,0.06999999999999999,0.0,0.0,0.2,0.36000000000000004
2010-05-01,-0.02386894901708221,-0.02610894901708221,0.56,5,True,0.0022400000000000002,1.3350493453549823,-0.06334578162586357,0.0,0.034999999999999996,0.5,0.0,0.10500000000000001,0.0,0.2,0.06999999999999999,0.0,0.0,0.0,0.09000000000000001
2010-06-01,-0.008140864461481271,-0.008940864461481271,0.2,2,True,0.0008,1.2992237792129568,-0.08848055868060034,0.0,0.034999999999999996,0.5,0.0,0.10500000000000001,0.0,0.0,0.27,0.0,0.0,0.0,0.09000000000000001
2010-07-01,-0.00011360410592913992,-0.0005336041059291399,0.10500000000000001,3,True,0.00042,1.288105742791952,-0.0962808364381259,0.0,0.034999999999999996,0.4650000000000001,0.0,0.034999999999999996,0.0,0.0,0.375,0.0,0.0,0.0,0.09000000000000001
2010-08-01,-0.030909781434882717,-0.03398978143488272,0.77,9,True,0.0030800000000000003,1.2910163134904786,-0.09423881579511639,0.0,0.13999999999999999,0.034999999999999996,0.0,0.22999999999999998,0.0,0.0,0.034999999999999996,0.0,0.0,0.2,0.36000000000000004
2010-09-01,0.037105210757525806,0.034025210757525806,0.77,9,True,0.0030800000000000003,1.2434163044601845,-0.12763439732024506,0.0,0.034999999999999996,0.5,0.0,0.034999999999999996,0.0,0.0,0.33999999999999997,0.0,0.0,0.0,0.09000000000000001
2010-10-01,0.02789797484297967,0.026677974842979672,0.30500000000000005,5,True,0.0012200000000000002,1.2879802731917573,-0.09636886436811132,0.0,0.10500000000000001,0.5,0.0,0.06999999999999999,0.0,0.0,0.034999999999999996,0.0,0.0,0.2,0.09000000000000001
2010-11-01,0.01412232777664808,0.01412232777664808,0.0,0,False,0.0,1.3239123144515157,-0.07115938567891933,0.0,0.10500000000000001,0.5,0.0,0.06999999999999999,0.0,0.0,0.034999999999999996,0.0,0.0,0.2,0.09000000000000001
2010-12-01,0.03312747409969197,0.032327474099691965,0.2,2,True,0.0008,1.3415349508732577,-0.05879556047595691,0.0,0.10500000000000001,0.5,0.0,0.06999999999999999,0.0,0.2,0.034999999999999996,0.0,0.0,0.0,0.09000000000000001
2011-01-01,-0.012153338147819912,-0.012153338147819912,0.0,0,False,0.0,1.3681918168255274,-0.040093430828315846,0.0,0.10500000000000001,0.5,0.0,0.06999999999999999,0.0,0.2,0.034999999999999996,0.0,0.0,0.0,0.09000000000000001
2011-02-01,0.011630613870375702,0.010190613870375701,0.36000000000000004,3,True,0.00144,1.349617467269171,-0.05312496627383978,0.0,0.10500000000000001,0.13999999999999999,0.0,0.16,0.0,0.2,0.034999999999999996,0.0,0.0,0.0,0.36000000000000004
2011-03-01,0.004994031183400284,0.0035540311834002837,0.36000000000000004,3,True,0.00144,1.363348294244152,-0.043491586764214496,0.0,0.10500000000000001,0.5,0.0,0.06999999999999999,0.0,0.2,0.034999999999999996,0.0,0.0,0.0,0.09000000000000001
2011-04-01,0.03177389214726761,0.029533892147267614,0.56,4,True,0.0022400000000000002,1.367087746687611,-0.040868032872546145,0.0,0.4650000000000001,0.13999999999999999,0.0,0.06999999999999999,0.0,0.0,0.034999999999999996,0.0,0.0,0.2,0.09000000000000001
2011-05-01,-0.02247729234659191,-0.02471729234659191,0.56,5,True,0.0022400000000000002,1.421004628236652,-0.0030406111969376592,0.0,0.195,0.5,0.0,0.06999999999999999,0.0,0.0,0.034999999999999996,0.2,0.0,0.0,0.0
2011-06-01,-0.028731354292033003,-0.030311354292033004,0.395,7,True,0.00158,1.383762982363651,-0.02916889239306608,0.0,0.034999999999999996,0.5,0.0,0.034999999999999996,0.0,0.0,0.33999999999999997,0.0,0.0,0.0,0.09000000000000001
2011-07-01,0.026406582968586622,0.02490658296858662,0.375,6,True,0.0015,1.341989589464369,-0.05847659162609253,0.0,0.06999999999999999,0.43000000000000005,0.0,0.175,0.0,0.0,0.034999999999999996,0.2,0.0,0.0,0.09000000000000001
2011-08-01,0.08851838006005458,0.08715838006005458,0.34,5,True,0.00136,1.375553648251033,-0.03492846034714925,0.0,0.06999999999999999,0.5,0.0,0.034999999999999996,0.0,0.0,0.30500000000000005,0.0,0.0,0.0,0.09000000000000001
2011-09-01,-0.022280656481518356,-0.022280656481518356,0.0,0,False,0.0,1.4973154288799126,-0.015209897010599382,0.0,0.06999999999999999,0.5,0.0,0.034999999999999996,0.0,0.0,0.30500000000000005,0.0,0.0,0.0,0.09000000000000001
2011-10-01,0.02806298965103461,0.02806298965103461,0.0,0,False,0.0,1.4426179602507458,-0.058485959138117716,0.0,0.06999999999999999,0.5,0.0,0.034999999999999996,0.0,0.0,0.30500000000000005,0.0,0.0,0.0,0.09000000000000001
2011-11-01,0.004981880859931969,0.004701880859931969,0.06999999999999999,3,True,0.00028,1.4826868645423799,-0.03233528236020822,0.0,0.034999999999999996,0.4650000000000001,0.0,0.10500000000000001,0.0,0.0,0.30500000000000005,0.0,0.0,0.0,0.09000000000000001
2011-12-01,0.006689750145595397,0.005249750145595397,0.36000000000000004,3,True,0.00144,1.4879277281093664,-0.028914871156051514,0.0,0.034999999999999996,0.10500000000000001,0.0,0.195,0.0,0.0,0.30500000000000005,0.0,0.0,0.0,0.36000000000000004
2012-01-01,0.0321574566667594,0.031877456666759396,0.06999999999999999,3,True,0.00028,1.464600775055328,-0.04413903613669934,0.0,0.06999999999999999,0.034999999999999996,0.0,0.195,0.0,0.0,0.33999999999999997,0.0,0.0,0.0,0.36000000000000004
2012-02-01,0.010559548060748493,0.007899548060748492,0.665,8,True,0.00266,1.5072553430100188,-0.016300844915748236,0.0,0.034999999999999996,0.5,0.0,0.10500000000000001,0.0,0.0,0.06999999999999999,0.0,0.0,0.2,0.09000000000000001
2012-03-01,0.027921476652171307,0.025261476652171308,0.665,8,True,0.00266,1.519119642644223,-0.020975048111747774,0.0,0.10500000000000001,0.034999999999999996,0.0,0.22999999999999998,0.0,0.2,0.06999999999999999,0.0,0.0,0.0,0.36000000000000004
2012-04-01,-0.010591279148808735,-0.010951279148808734,0.09000000000000001,2,True,0.00036,1.5474909759277167,-0.008219477733054759,0.0,0.10500000000000001,0.125,0.0,0.13999999999999999,0.0,0.2,0.06999999999999999,0.0,0.0,0.0,0.36000000000000004
2012-05-01,-0.01683885228831353,-0.01827885228831353,0.36000000000000004,6,True,0.0014399999999999999,1.5283458788235584,-0.02048949074132478,0.0,0.034999999999999996,0.034999999999999996,0.0,0.22999999999999998,0.0,0.0,0.33999999999999997,0.0,0.0,0.0,0.36000000000000004
2012-06-01,0.0303797808135,0.0303797808135,0.0,0,False,0.0,1.5026102883245955,-0.03698332352158251,0.0,0.034999999999999996,0.034999999999999996,0.0,0.22999999999999998,0.0,0.0,0.33999999999999997,0.0,0.0,0.0,0.36000000000000004
2012-07-01,0.012038809195852467,0.011238809195852467,0.2,2,True,0.0008,1.5393615181529534,-0.01342961336746018,0.0,0.034999999999999996,0.034999999999999996,0.0,0.22999999999999998,0.0,0.2,0.13999999999999999,0.0,0.0,0.0,0.36000000000000004
2012-08-01,0.02494731561639918,0.02386731561639918,0.27,4,True,0.00108,1.5549661038097264,-0.005587078436321891,0.0,0.10500000000000001,0.034999999999999996,0.0,0.16,0.0,0.0,0.33999999999999997,0.0,0.0,0.0,0.36000000000000004
2012-09-01,0.01886590923521066,0.01764590923521066,0.30500000000000005,6,True,0.0012200000000000002,1.5951862436584865,0.0,0.0,0.13999999999999999,0.06999999999999999,0.0,0.195,0.0,0.2,0.034999999999999996,0.0,0.0,0.0,0.36000000000000004
2012-10-01,-0.027307396408413256,-0.028107396408413254,0.2,2,True,0.0008,1.6219994014360044,-0.017282467856029937,0.0,0.13999999999999999,0.06999999999999999,0.0,0.195,0.0,0.0,0.034999999999999996,0.0,0.0,0.2,0.36000000000000004
2012-11-01,0.0002253079316733871,-0.0009946920683266127,0.305,6,True,0.00122,1.5757820184853981,-0.045284101195205206,0.0,0.034999999999999996,0.10500000000000001,0.0,0.22999999999999998,0.0,0.0,0.06999999999999999,0.2,0.0,0.0,0.36000000000000004
2012-12-01,0.023448120884312206,0.023028120884312206,0.10500000000000001,3,True,0.00042,1.5778393093580252,-0.044037654490317046,0.0,0.13999999999999999,0.034999999999999996,0.0,0.195,0.0,0.0,0.06999999999999999,0.2,0.0,0.0,0.36000000000000004
2013-01-01,0.00447031784778123,0.0036703178477812304,0.2,2,True,0.0008,1.5602836573425343,-0.054674062252593414,0.0,0.13999999999999999,0.034999999999999996,0.0,0.195,0.0,0.0,0.06999999999999999,0.0,0.0,0.2,0.36000000000000004
2013-02-01,-0.011611618321784142,-0.012411618321784142,0.2,2,True,0.0008,1.5647520104751136,-0.05196683008018421,0.0,0.13999999999999999,0.034999999999999996,0.0,0.195,0.0,0.0,0.06999999999999999,0.2,0.0,0.0,0.36000000000000004
2013-03-01,0.02013029561626297,0.018910295616262972,0.30500000000000005,5,True,0.0012200000000000002,1.5446958764582523,-0.06411819986980871,0.0,0.034999999999999996,0.034999999999999996,0.0,0.22999999999999998,0.0,0.2,0.13999999999999999,0.0,0.0,0.0,0.36000000000000004
2013-04-01,0.013630183782119346,0.013630183782119346,0.0,0,False,0.0,1.5757910610885788,-0.04527862257130799,0.0,0.034999999999999996,0.034999999999999996,0.0,0.22999999999999998,0.0,0.2,0.13999999999999999,0.0,0.0,0.0,0.36000000000000004
2013-05-01,0.010093008971524372,0.009293008971524372,0.2,2,True,0.0008,1.5959915673471545,-0.03303978226044768,0.0,0.034999999999999996,0.034999999999999996,0.0,0.22999999999999998,0.0,0.0,0.13999999999999999,0.2,0.0,0.0,0.36000000000000004
2013-06-01,-0.02510216606934889,-0.02632216606934889,0.30500000000000005,5,True,0.0012200000000000002,1.602190426983649,-0.029284091574810156,0.0,0.10500000000000001,0.034999999999999996,0.0,0.265,0.0,0.2,0.034999999999999996,0.0,0.0,0.0,0.36000000000000004
2013-07-01,0.045224048520830874,0.045224048520830874,0.0,0,False,0.0,1.5600663709990756,-0.05480570909477056,0.0,0.10500000000000001,0.034999999999999996,0.0,0.265,0.0,0.2,0.034999999999999996,0.0,0.0,0.0,0.36000000000000004
2013-08-01,-0.01857595181005053,-0.01857595181005053,0.0,0,False,0.0,1.630618888256854,-0.012060196621260344,0.0,0.10500000000000001,0.034999999999999996,0.0,0.265,0.0,0.2,0.034999999999999996,0.0,0.0,0.0,0.36000000000000004
2013-09-01,0.014273788900110688,0.013053788900110688,0.30500000000000005,4,True,0.0012200000000000002,1.5978053057236141,-0.03194089621912655,0.0,0.10500000000000001,0.13999999999999999,0.0,0.16,0.0,0.0,0.034999999999999996,0.2,0.0,0.0,0.36000000000000004
2013-10-01,0.029529705420574436,0.028969705420574435,0.14,4,True,0.0005600000000000001,1.6177284591295142,-0.019870095126204967,0.0,0.06999999999999999,0.034999999999999996,0.0,0.22999999999999998,0.0,0.0,0.10500000000000001,0.2,0.0,0.0,0.36000000000000004
2013-11-01,0.01958778293734674,0.01836778293734674,0.30500000000000005,5,True,0.0012200000000000002,1.6634675945832351,-0.01056061200966596,0.0,0.034999999999999996,0.034999999999999996,0.0,0.335,0.0,0.2,0.034999999999999996,0.0,0.0,0.0,0.36000000000000004
2013-12-01,0.017170052677276042,0.016750052677276042,0.10500000000000001,3,True,0.00042,1.7022512936813314,0.0,0.0,0.10500000000000001,0.034999999999999996,0.0,0.22999999999999998,0.0,0.2,0.06999999999999999,0.0,0.0,0.0,0.36000000000000004
2014-01-01,-0.035000586966485954,-0.035280586966485956,0.07000000000000002,3,True,0.0002800000000000001,1.7100102969805,-0.017852123494839778,0.0,0.06999999999999999,0.034999999999999996,0.0,0.30000000000000004,0.0,0.2,0.034999999999999996,0.0,0.0,0.0,0.36000000000000004
2014-02-01,0.03507978817320101,0.03343978817320101,0.41000000000000003,6,True,0.00164,1.6798056133333907,-0.035200244706098616,0.2,0.034999999999999996,0.06999999999999999,0.0,0.125,0.0,0.0,0.21000000000000002,0.0,0.0,0.0,0.36000000000000004
2014-03-01,0.011579710818030385,0.010079710818030385,0.375,6,True,0.0015,1.7384918161173821,-0.0014937053090988694,0.0,0.06999999999999999,0.10500000000000001,0.0,0.22999999999999998,0.0,0.2,0.034999999999999996,0.0,0.0,0.0,0.36000000000000004
2014-04-01,0.002762461433958016,0.0016824614339580161,0.27,4,True,0.00108,1.7540886501114659,-0.0013570013935640945,0.0,0.06999999999999999,0.034999999999999996,0.0,0.22999999999999998,0.0,0.0,0.10500000000000001,0.0,0.0,0.2,0.36000000000000004
2014-05-01,0.020789561467982297,0.019989561467982298,0.2,2,True,0.0008,1.7575271049572547,-0.00042981735118963194,0.0,0.06999999999999999,0.034999999999999996,0.0,0.22999999999999998,0.0,0.0,0.10500000000000001,0.2,0.0,0.0,0.36000000000000004
2014-06-01,0.027607402372128654,0.026807402372128655,0.2,2,True,0.0008,1.7960972281161958,0.0,0.0,0.06999999999999999,0.034999999999999996,0.0,0.22999999999999998,0.0,0.0,0.10500000000000001,0.0,0.0,0.2,0.36000000000000004
2014-07-01,-0.007518996129834629,-0.008078996129834629,0.13999999999999999,4,True,0.00056,1.8431735052406524,0.0,0.0,0.034999999999999996,0.175,0.0,0.195,0.0,0.0,0.034999999999999996,0.0,0.0,0.2,0.36000000000000004
2014-08-01,0.029886603327541915,0.029466603327541915,0.10500000000000001,2,True,0.00042,1.8285463786180034,-0.022647180967204972,0.0,0.034999999999999996,0.06999999999999999,0.0,0.195,0.0,0.0,0.13999999999999999,0.0,0.0,0.2,0.36000000000000004
2014-09-01,-0.03376392490288993,-0.03376392490288993,0.0,0,False,0.0,1.8899030505932979,0.0,0.0,0.034999999999999996,0.06999999999999999,0.0,0.195,0.0,0.0,0.13999999999999999,0.0,0.0,0.2,0.36000000000000004
2014-10-01,0.019185730410247792,0.018385730410247794,0.2,2,True,0.0008,1.8246316319145874,-0.03824160636588403,0.0,0.034999999999999996,0.06999999999999999,0.0,0.195,0.0,0.0,0.33999999999999997,0.0,0.0,0.0,0.36000000000000004
2014-11-01,0.023497688015129994,0.022697688015129995,0.2,2,True,0.0008,1.8578008790062885,-0.020758186017912794,0.0,0.034999999999999996,0.06999999999999999,0.0,0.195,0.0,0.2,0.13999999999999999,0.0,0.0,0.0,0.36000000000000004
2014-12-01,0.007314651356700822,0.006514651356700821,0.2,2,True,0.0008,1.8984137935394227,-0.006366337296765279,0.0,0.034999999999999996,0.06999999999999999,0.0,0.195,0.0,0.0,0.33999999999999997,0.0,0.0,0.0,0.36000000000000004
2015-01-01,0.020214559369764407,0.020214559369764407,0.0,0,False,0.0,1.8688932019605005,-0.02780012224258055,0.0,0.034999999999999996,0.06999999999999999,0.0,0.195,0.0,0.0,0.33999999999999997,0.0,0.0,0.0,0.36000000000000004
2015-02-01,0.008666824773829795,0.008666824773829795,0.0,0,False,0.0,1.8982303834761565,-0.012538894766688236,0.0,0.034999999999999996,0.06999999999999999,0.0,0.195,0.0,0.0,0.33999999999999997,0.0,0.0,0.0,0.36000000000000004
2015-03-01,-0.020458277827901203,-0.0212582778279012,0.2,2,True,0.0008,1.9192389882198706,-0.001610200209788415,0.0,0.034999999999999996,0.06999999999999999,0.0,0.195,0.0,0.2,0.13999999999999999,0.0,0.0,0.0,0.36000000000000004
2015-04-01,-0.0005139645433254181,-0.001313964543325418,0.2,2,True,0.0008,1.876967907502464,-0.023599653359399286,0.0,0.034999999999999996,0.06999999999999999,0.0,0.195,0.0,0.0,0.33999999999999997,0.0,0.0,0.0,0.36000000000000004
2015-05-01,-0.007981319833000747,-0.009341319833000747,0.33999999999999997,6,True,0.00136,1.8734518481799818,-0.025428710493278883,0.0,0.10500000000000001,0.034999999999999996,0.0,0.265,0.0,0.0,0.034999999999999996,0.0,0.0,0.2,0.36000000000000004
2015-06-01,-0.02412222977891474,-0.02534222977891474,0.305,6,True,0.00122,1.8562318607275894,-0.03438656302259324,0.0,0.034999999999999996,0.10500000000000001,0.0,0.22999999999999998,0.0,0.2,0.06999999999999999,0.0,0.0,0.0,0.36000000000000004
2015-07-01,-0.0033852195988222766,-0.004465219598822277,0.27,5,True,0.00108,1.8094990374181763,-0.05869701856976406,0.0,0.10500000000000001,0.06999999999999999,0.2,0.22999999999999998,0.0,0.0,0.034999999999999996,0.0,0.0,0.0,0.36000000000000004
2015-08-01,-0.046395488623582566,-0.047615488623582565,0.30500000000000005,5,True,0.0012200000000000002,1.8103832734828451,-0.05823703819577697,0.0,0.034999999999999996,0.06999999999999999,0.0,0.195,0.0,0.0,0.33999999999999997,0.0,0.0,0.0,0.36000000000000004
2015-09-01,0.009184537582813516,0.008104537582813516,0.27,4,True,0.00108,1.722421235393758,-0.10399496732077751,0.0,0.034999999999999996,0.13999999999999999,0.2,0.125,0.0,0.0,0.13999999999999999,0.0,0.0,0.0,0.36000000000000004
2015-10-01,0.05676364616665025,0.05568364616665025,0.27,4,True,0.00108,1.7363635778154674,-0.09674214860228747,0.0,0.034999999999999996,0.06999999999999999,0.0,0.195,0.0,0.0,0.33999999999999997,0.0,0.0,0.0,0.36000000000000004
2015-11-01,-0.0014276627682181442,-0.002227662768218144,0.2,2,True,0.0008,1.8281545059246755,-0.04899242754096689,0.0,0.034999999999999996,0.06999999999999999,0.0,0.195,0.0,0.2,0.13999999999999999,0.0,0.0,0.0,0.36000000000000004
2015-12-01,-0.03453716974892342,-0.03453716974892342,0.0,0,False,0.0,1.8240840821877755,-0.051109865527944276,0.0,0.034999999999999996,0.06999999999999999,0.0,0.195,0.0,0.2,0.13999999999999999,0.0,0.0,0.0,0.36000000000000004
2016-01-01,-0.006703414660985637,-0.007503414660985638,0.2,2,True,0.0008,1.7759315005107288,-0.07615888061934728,0.2,0.034999999999999996,0.06999999999999999,0.0,0.195,0.0,0.0,0.13999999999999999,0.0,0.0,0.0,0.36000000000000004
2016-02-01,0.02062652439223322,0.02062652439223322,0.0,0,False,0.0,1.7626154738970972,-0.08308588930684568,0.2,0.034999999999999996,0.06999999999999999,0.0,0.195,0.0,0.0,0.13999999999999999,0.0,0.0,0.0,0.36000000000000004
2016-03-01,0.012098173792252698,0.009498173792252698,0.65,5,True,0.0026000000000000003,1.7942947774906581,-0.06660628787815415,0.45,0.034999999999999996,0.06999999999999999,0.0,0.10500000000000001,0.0,0.0,0.33999999999999997,0.0,0.0,0.0,0.0
2016-04-01,-0.011751895644050221,-0.014351895644050221,0.65,5,True,0.0026000000000000003,1.8112808611276587,-0.057770112318124345,0.0,0.034999999999999996,0.06999999999999999,0.0,0.195,0.0,0.0,0.13999999999999999,0.0,0.0,0.2,0.36000000000000004
2016-05-01,0.009055849254330178,0.007695849254330178,0.33999999999999997,6,True,0.00136,1.7877175497715574,-0.07002776748853778,0.0,0.10500000000000001,0.13999999999999999,0.0,0.16,0.0,0.0,0.034999999999999996,0.2,0.0,0.0,0.36000000000000004
2016-06-01,0.030535844270574992,0.029315844270574994,0.30500000000000005,5,True,0.0012200000000000002,1.7992557637797937,-0.06402557847282575,0.0,0.10500000000000001,0.034999999999999996,0.0,0.195,0.0,0.0,0.30500000000000005,0.0,0.0,0.0,0.36000000000000004
2016-07-01,0.022456567611851917,0.022036567611851916,0.10500000000000001,3,True,0.00042,1.8534187946113223,-0.03584992247592611,0.0,0.06999999999999999,0.13999999999999999,0.0,0.125,0.0,0.0,0.30500000000000005,0.0,0.0,0.0,0.36000000000000004
2016-08-01,0.00606175018825087,0.00498175018825087,0.27,5,True,0.00108,1.8929935756489757,-0.015263086777276835,0.0,0.034999999999999996,0.10500000000000001,0.0,0.195,0.0,0.0,0.10500000000000001,0.0,0.0,0.2,0.36000000000000004
2016-09-01,0.009301755295982718,0.009301755295982718,0.0,0,False,0.0,1.9044684298125238,-0.011244547229888657,0.0,0.034999999999999996,0.10500000000000001,0.0,0.195,0.0,0.0,0.10500000000000001,0.0,0.0,0.2,0.36000000000000004
2016-10-01,-0.014535704617133001,-0.015095704617133,0.14,4,True,0.0005600000000000001,1.9233843424305945,-0.005477260603901302,0.0,0.175,0.06999999999999999,0.0,0.16,0.0,0.0,0.034999999999999996,0.0,0.0,0.2,0.36000000000000004
2016-11-01,-0.01041314950796029,-0.01041314950796029,0.0,0,False,0.0,1.8943651568701767,-0.020482186703133065,0.0,0.175,0.06999999999999999,0.0,0.16,0.0,0.0,0.034999999999999996,0.0,0.0,0.2,0.36000000000000004
2016-12-01,0.03225944786827868,0.03145944786827868,0.2,2,True,0.0008,1.8731391381896014,-0.03145750649699275,0.0,0.175,0.06999999999999999,0.0,0.16,0.0,0.2,0.034999999999999996,0.0,0.0,0.0,0.36000000000000004
2017-01-01,0.022098670264661373,0.022098670264661373,0.0,0,False,0.0,1.9142817300473616,-0.014180210595777454,0.0,0.175,0.06999999999999999,0.0,0.16,0.0,0.2,0.034999999999999996,0.0,0.0,0.0,0.36000000000000004
2017-02-01,0.035756563821958326,0.034956563821958324,0.2,2,True,0.0008,1.955019542944709,-0.00345783214647144,0.0,0.175,0.06999999999999999,0.0,0.16,0.0,0.0,0.034999999999999996,0.0,0.0,0.2,0.36000000000000004
2017-03-01,-0.005340797579894273,-0.006560797579894273,0.30500000000000005,5,True,0.0012200000000000002,2.022453916329902,0.0,0.0,0.06999999999999999,0.10500000000000001,0.0,0.22999999999999998,0.0,0.2,0.034999999999999996,0.0,0.0,0.0,0.36000000000000004
2017-04-01,0.014605408248642558,0.013525408248642559,0.27,5,True,0.00108,2.0125479245551006,-0.0048980061769602345,0.0,0.034999999999999996,0.10500000000000001,0.0,0.195,0.0,0.0,0.10500000000000001,0.0,0.0,0.2,0.36000000000000004
2017-05-01,0.02689373377101914,0.026093733771019142,0.2,2,True,0.0008,2.0381049218748886,0.0,0.0,0.034999999999999996,0.10500000000000001,0.0,0.195,0.0,0.0,0.10500000000000001,0.2,0.0,0.0,0.36000000000000004
2017-06-01,-0.017135042558723574,-0.017135042558723574,0.0,0,False,0.0,2.092917173041197,0.0,0.0,0.034999999999999996,0.10500000000000001,0.0,0.195,0.0,0.0,0.10500000000000001,0.2,0.0,0.0,0.36000000000000004
2017-07-01,0.0358647235122649,0.035584723512264896,0.06999999999999999,3,True,0.00028,2.0659374099155423,-0.020386137788939496,0.0,0.06999999999999999,0.034999999999999996,0.0,0.22999999999999998,0.0,0.0,0.10500000000000001,0.2,0.0,0.0,0.36000000000000004
2017-08-01,0.021433476435566284,0.020213476435566285,0.30500000000000005,6,True,0.0012200000000000002,2.1368223674247573,-0.00045125093349984713,0.0,0.034999999999999996,0.10500000000000001,0.0,0.265,0.0,0.0,0.034999999999999996,0.0,0.0,0.2,0.36000000000000004
2017-09-01,-0.005353293607304262,-0.005913293607304262,0.13999999999999999,3,True,0.00056,2.1813996310203474,0.0,0.0,0.034999999999999996,0.21000000000000002,0.0,0.125,0.0,0.0,0.06999999999999999,0.0,0.0,0.2,0.36000000000000004
2017-10-01,0.03768416434231753,0.036184164342317526,0.375,5,True,0.0015,2.1715525908518662,-0.009481232176873355,0.0,0.10500000000000001,0.034999999999999996,0.0,0.22999999999999998,0.0,0.0,0.06999999999999999,0.2,0.0,0.0,0.36000000000000004
2017-11-01,0.009411587133161302,0.008611587133161302,0.2,2,True,0.0008,2.248205652434599,0.0,0.0,0.10500000000000001,0.034999999999999996,0.0,0.22999999999999998,0.0,0.0,0.06999999999999999,0.0,0.0,0.2,0.36000000000000004
2017-12-01,0.020786519208885832,0.019986519208885833,0.2,2,True,0.0008,2.2675493439570924,-0.012617751486352469,0.0,0.10500000000000001,0.034999999999999996,0.0,0.22999999999999998,0.0,0.2,0.06999999999999999,0.0,0.0,0.0,0.36000000000000004
2018-01-01,0.04656183928476569,0.04548183928476569,0.27,5,True,0.00108,2.2242040571119808,-0.0347617358386344,0.0,0.10500000000000001,0.10500000000000001,0.0,0.195,0.0,0.0,0.034999999999999996,0.0,0.0,0.2,0.36000000000000004
2018-02-01,-0.03335406565815499,-0.03335406565815499,0.0,0,False,0.0,2.3252531004996793,-0.0139935516014702,0.0,0.10500000000000001,0.10500000000000001,0.0,0.195,0.0,0.0,0.034999999999999996,0.0,0.0,0.2,0.36000000000000004
2018-03-01,-0.02221117020758279,-0.02221117020758279,0.0,0,False,0.0,2.2476964559137853,-0.046880875420718615,0.0,0.10500000000000001,0.10500000000000001,0.0,0.195,0.0,0.0,0.034999999999999996,0.0,0.0,0.2,0.36000000000000004
2018-04-01,0.010749563639208355,0.009669563639208355,0.27,4,True,0.00108,2.233435771000405,-0.052928013807568175,0.0,0.10500000000000001,0.10500000000000001,0.0,0.125,0.0,0.0,0.30500000000000005,0.0,0.0,0.0,0.36000000000000004
2018-05-01,0.04382496437137587,0.04246496437137587,0.34,6,True,0.00136,2.2519393827654137,-0.045081693544608004,0.0,0.175,0.034999999999999996,0.0,0.195,0.0,0.2,0.034999999999999996,0.0,0.0,0.0,0.36000000000000004
2018-06-01,-0.011348144699318686,-0.011348144699318686,0.0,0,False,0.0,2.3506305459816064,-0.003232432786625772,0.0,0.175,0.034999999999999996,0.0,0.195,0.0,0.2,0.034999999999999996,0.0,0.0,0.0,0.36000000000000004
2018-07-01,0.01573300286138017,0.01545300286138017,0.06999999999999999,2,True,0.00028,2.3235685707566183,-0.023082456952581265,0.0,0.10500000000000001,0.034999999999999996,0.0,0.195,0.0,0.2,0.10500000000000001,0.0,0.0,0.0,0.36000000000000004
2018-08-01,0.03423762054060073,0.03423762054060073,0.0,0,False,0.0,2.35946444665006,-0.020728800619616128,0.0,0.10500000000000001,0.034999999999999996,0.0,0.195,0.0,0.2,0.10500000000000001,0.0,0.0,0.0,0.36000000000000004
2018-09-01,0.010329523446880436,0.010329523446880436,0.0,0,False,0.0,2.4486464097624903,-0.002599734432524814,0.0,0.10500000000000001,0.034999999999999996,0.0,0.195,0.0,0.2,0.10500000000000001,0.0,0.0,0.0,0.36000000000000004
2018-10-01,-0.06417261454204855,-0.06445261454204855,0.06999999999999999,3,True,0.00028,2.4732470571323777,0.0,0.0,0.13999999999999999,0.034999999999999996,0.0,0.22999999999999998,0.0,0.2,0.034999999999999996,0.0,0.0,0.0,0.36000000000000004
2018-11-01,-0.001199206260781353,-0.002699206260781353,0.375,6,True,0.0015,2.3110605285771655,-0.06825116421066046,0.2,0.034999999999999996,0.175,0.0,0.16,0.0,0.0,0.06999999999999999,0.0,0.0,0.0,0.36000000000000004
2018-12-01,-0.06329461029345214,-0.06409461029345213,0.2,2,True,0.0008,2.280374558996878,-0.0806228074791745,0.0,0.034999999999999996,0.175,0.0,0.16,0.0,0.2,0.06999999999999999,0.0,0.0,0.0,0.36000000000000004
2019-01-01,0.046449639883666814,0.04564963988366681,0.2,2,True,0.0008,2.1318989477011066,-0.14048362733105324,0.2,0.034999999999999996,0.175,0.0,0.16,0.0,0.0,0.06999999999999999,0.0,0.0,0.0,0.36000000000000004
2019-02-01,0.0278868156863371,0.027086815686337102,0.2,2,True,0.0008,2.227356834064374,-0.10199793066232765,0.0,0.034999999999999996,0.175,0.0,0.16,0.0,0.0,0.06999999999999999,0.0,0.0,0.2,0.36000000000000004
2019-03-01,0.033732424116866735,0.032372424116866735,0.33999999999999997,5,True,0.00136,2.2863570433795832,-0.07821085297180141,0.0,0.034999999999999996,0.06999999999999999,0.0,0.30000000000000004,0.0,0.2,0.034999999999999996,0.0,0.0,0.0,0.36000000000000004
2019-04-01,0.021149393536836227,0.01992939353683623,0.30500000000000005,6,True,0.0012200000000000002,2.3605979615306527,-0.04827918817988952,0.0,0.06999999999999999,0.034999999999999996,0.0,0.22999999999999998,0.0,0.0,0.10500000000000001,0.0,0.0,0.2,0.36000000000000004
2019-05-01,-0.056950599526756025,-0.05775059952675603,0.2,2,True,0.0008,2.4085947582598775,-0.028928349497353678,0.0,0.06999999999999999,0.034999999999999996,0.0,0.22999999999999998,0.0,0.2,0.10500000000000001,0.0,0.0,0.0,0.36000000000000004
2019-06-01,0.06221028184336811,0.06085028184336811,0.33999999999999997,6,True,0.00136,2.2857641354757288,-0.07844989528260016,0.0,0.034999999999999996,0.10500000000000001,0.0,0.125,0.0,0.0,0.375,0.0,0.0,0.0,0.36000000000000004
2019-07-01,0.007777253374752175,0.006417253374752175,0.33999999999999997,4,True,0.00136,2.421362600236887,-0.023780746589287416,0.0,0.034999999999999996,0.10500000000000001,0.0,0.265,0.0,0.2,0.034999999999999996,0.0,0.0,0.0,0.36000000000000004
2019-08-01,0.026138022000083763,0.024918022000083764,0.305,5,True,0.00122,2.4372171138272343,-0.020200743474367844,0.0,0.034999999999999996,0.13999999999999999,0.0,0.16,0.0,0.0,0.30500000000000005,0.0,0.0,0.0,0.36000000000000004
2019-09-01,-0.004040792625936458,-0.004040792625936458,0.0,0,False,0.0,2.5076282139213557,-0.0011236151845898101,0.0,0.034999999999999996,0.13999999999999999,0.0,0.16,0.0,0.0,0.30500000000000005,0.0,0.0,0.0,0.36000000000000004
2019-10-01,0.02609125965521796,0.02573125965521796,0.09000000000000001,2,True,0.00036,2.496596309978955,-0.01605192464217764,0.0,0.034999999999999996,0.22999999999999998,0.0,0.06999999999999999,0.0,0.0,0.30500000000000005,0.0,0.0,0.0,0.36000000000000004
2019-11-01,0.001075748725464731,-4.251274535269122e-06,0.27,4,True,0.00108,2.5589689780521145,0.0,0.0,0.034999999999999996,0.22999999999999998,0.0,0.13999999999999999,0.0,0.0,0.034999999999999996,0.0,0.0,0.2,0.36000000000000004
2019-12-01,0.05476157701061834,0.05318157701061834,0.395,7,True,0.00158,2.579712051979086,-0.003674564250571888,0.0,0.034999999999999996,0.034999999999999996,0.0,0.30000000000000004,0.0,0.2,0.06999999999999999,0.0,0.0,0.0,0.36000000000000004
2020-01-01,-0.007711103543133566,-0.009071103543133566,0.34,6,True,0.00136,2.595621287004267,-0.03593464299024962,0.0,0.10500000000000001,0.10500000000000001,0.0,0.195,0.0,0.0,0.034999999999999996,0.0,0.0,0.2,0.36000000000000004
2020-02-01,-0.002893414734961214,-0.003973414734961214,0.27,4,True,0.00108,2.5592349863677817,-0.049449238547394025,0.0,0.034999999999999996,0.10500000000000001,0.0,0.195,0.0,0.0,0.30500000000000005,0.0,0.0,0.0,0.36000000000000004
2020-03-01,-0.06554207223657534,-0.06590207223657533,0.09000000000000001,2,True,0.00036,2.480819465446198,-0.0785743222223022,0.0,0.034999999999999996,0.195,0.0,0.10500000000000001,0.0,0.0,0.30500000000000005,0.0,0.0,0.0,0.36000000000000004
2020-04-01,0.0887769847035956,0.0887769847035956,0.0,0,False,0.0,2.3173868571259604,-0.13927644262644323,0.0,0.034999999999999996,0.195,0.0,0.10500000000000001,0.0,0.0,0.30500000000000005,0.0,0.0,0.0,0.36000000000000004
2020-05-01,0.04385247411619256,0.04385247411619256,0.0,0,False,0.0,2.5231174746933456,-0.0628640005394665,0.0,0.034999999999999996,0.195,0.0,0.10500000000000001,0.0,0.0,0.30500000000000005,0.0,0.0,0.0,0.36000000000000004
2020-06-01,0.03793479816538148,0.037134798165381476,0.2,2,True,0.0008,2.631655408509694,-0.022550853765067047,0.0,0.034999999999999996,0.195,0.0,0.10500000000000001,0.0,0.2,0.10500000000000001,0.0,0.0,0.0,0.36000000000000004
2020-07-01,0.07975196591659009,0.0789519659165901,0.2,2,True,0.0008,2.729301535892126,-0.0005226277826175796,0.0,0.034999999999999996,0.195,0.0,0.10500000000000001,0.0,0.0,0.10500000000000001,0.0,0.0,0.2,0.36000000000000004
2020-08-01,0.05295172613471151,0.052531726134711514,0.10500000000000001,3,True,0.00042,2.915612719604854,0.0,0.0,0.034999999999999996,0.30000000000000004,0.0,0.06999999999999999,0.0,0.0,0.034999999999999996,0.0,0.0,0.2,0.36000000000000004
2020-09-01,-0.04609650755258996,-0.04731650755258996,0.30500000000000005,5,True,0.0012200000000000002,3.0649662198247754,0.0,0.0,0.06999999999999999,0.195,0.0,0.13999999999999999,0.0,0.2,0.034999999999999996,0.0,0.0,0.0,0.36000000000000004
2020-10-01,-0.02197994051220596,-0.02277994051220596,0.2,2,True,0.0008,2.9213430357391315,-0.05176611090863359,0.0,0.06999999999999999,0.195,0.0,0.13999999999999999,0.0,0.0,0.034999999999999996,0.0,0.0,0.2,0.36000000000000004
2020-11-01,0.08967984975160032,0.08931984975160032,0.09000000000000001,2,True,0.00036,2.8325460969496774,-0.08058856194490105,0.0,0.06999999999999999,0.10500000000000001,0.0,0.22999999999999998,0.0,0.0,0.034999999999999996,0.0,0.0,0.2,0.36000000000000004
2020-12-01,0.027971071978744495,0.026891071978744494,0.27,5,True,0.00108,3.0821249468927143,0.0,0.0,0.10500000000000001,0.034999999999999996,0.0,0.22999999999999998,0.0,0.0,0.06999999999999999,0.2,0.0,0.0,0.36000000000000004
2021-01-01,0.026600599561254146,0.025520599561254145,0.27,5,True,0.00108,3.079533917693896,-0.03445015995416989,0.0,0.10500000000000001,0.10500000000000001,0.0,0.195,0.0,0.0,0.034999999999999996,0.0,0.0,0.2,0.36000000000000004
2021-02-01,0.024215270418803964,0.023935270418803965,0.06999999999999999,3,True,0.00028,3.1571527484385333,-0.012825988700553737,0.0,0.13999999999999999,0.034999999999999996,0.0,0.22999999999999998,0.0,0.0,0.034999999999999996,0.0,0.0,0.2,0.36000000000000004
2021-03-01,0.006418148351063894,0.006418148351063894,0.0,0,False,0.0,3.233604055995443,-0.020485363595585504,0.0,0.13999999999999999,0.034999999999999996,0.0,0.22999999999999998,0.0,0.0,0.034999999999999996,0.0,0.0,0.2,0.36000000000000004
2021-04-01,0.04083042707918691,0.04003042707918691,0.2,2,True,0.0008,3.2517543202901957,-0.014987334392425722,0.0,0.13999999999999999,0.034999999999999996,0.0,0.22999999999999998,0.0,0.2,0.034999999999999996,0.0,0.0,0.0,0.36000000000000004
2021-05-01,0.005826411087282693,0.005826411087282693,0.0,0,False,0.0,3.3776493556595293,-0.009172754264346383,0.0,0.13999999999999999,0.034999999999999996,0.0,0.22999999999999998,0.0,0.2,0.034999999999999996,0.0,0.0,0.0,0.36000000000000004
2021-06-01,0.027167543627170145,0.026087543627170143,0.27,4,True,0.00108,3.393659814070637,-0.004476115643803236,0.0,0.13999999999999999,0.10500000000000001,0.0,0.16,0.0,0.0,0.034999999999999996,0.2,0.0,0.0,0.36000000000000004
2021-07-01,0.022380549464159398,0.021300549464159397,0.27,5,True,0.00108,3.482092489332841,0.0,0.0,0.13999999999999999,0.034999999999999996,0.0,0.195,0.0,0.2,0.06999999999999999,0.0,0.0,0.0,0.36000000000000004
2021-08-01,0.024941398183624022,0.024941398183624022,0.0,0,False,0.0,3.570627718377298,-0.0029049733284478574,0.0,0.13999999999999999,0.034999999999999996,0.0,0.195,0.0,0.2,0.06999999999999999,0.0,0.0,0.0,0.36000000000000004
2021-09-01,-0.022834125442385014,-0.022834125442385014,0.0,0,False,0.0,3.6596841660668296,-0.00367942969177415,0.0,0.13999999999999999,0.034999999999999996,0.0,0.195,0.0,0.2,0.06999999999999999,0.0,0.0,0.0,0.36000000000000004
2021-10-01,0.05562972335611448,0.054989723356114475,0.16000000000000003,5,True,0.0006400000000000002,3.5738297629129563,-0.027165996485570942,0.0,0.30000000000000004,0.034999999999999996,0.0,0.06999999999999999,0.0,0.2,0.034999999999999996,0.0,0.0,0.0,0.36000000000000004
2021-11-01,-0.017980613390098835,-0.018260613390098834,0.07,2,True,0.00028000000000000003,3.7715845844869476,0.0,0.0,0.22999999999999998,0.034999999999999996,0.0,0.13999999999999999,0.0,0.2,0.034999999999999996,0.0,0.0,0.0,0.36000000000000004
2021-12-01,0.030850222404824986,0.029490222404824986,0.33999999999999997,6,True,0.00136,3.698732054120153,-0.043003448295047875,0.2,0.125,0.06999999999999999,0.0,0.10500000000000001,0.0,0.0,0.13999999999999999,0.0,0.0,0.0,0.36000000000000004
2022-01-01,-0.029703778558629722,-0.03092377855862972,0.30500000000000005,5,True,0.0012200000000000002,3.673321682471782,-0.04957803593459964,0.0,0.195,0.06999999999999999,0.0,0.13999999999999999,0.0,0.2,0.034999999999999996,0.0,0.0,0.0,0.36000000000000004
2022-02-01,0.009371068317926837,0.008151068317926837,0.30500000000000005,4,True,0.0012200000000000002,3.555518780848728,-0.0800579325544476,0.2,0.30000000000000004,0.06999999999999999,0.0,0.034999999999999996,0.0,0.0,0.034999999999999996,0.0,0.0,0.0,0.36000000000000004
2022-03-01,0.03439853988411284,0.03439853988411284,0.0,0,False,0.0,3.588837790249734,-0.07143709259188036,0.2,0.30000000000000004,0.06999999999999999,0.0,0.034999999999999996,0.0,0.0,0.034999999999999996,0.0,0.0,0.0,0.36000000000000004
2022-04-01,-0.05083526935948787,-0.05191526935948787,0.27,4,True,0.0010800000000000002,3.7082792984595265,-0.040533228831356904,0.0,0.22999999999999998,0.06999999999999999,0.0,0.10500000000000001,0.0,0.2,0.034999999999999996,0.0,0.0,0.0,0.36000000000000004
2022-05-01,-0.0026945112875051227,-0.0034945112875051226,0.2,2,True,0.0008,3.48845841169848,-0.09740888988085361,0.2,0.22999999999999998,0.06999999999999999,0.0,0.10500000000000001,0.0,0.0,0.034999999999999996,0.0,0.0,0.0,0.36000000000000004
2022-06-01,-0.05741571675886462,-0.05741571675886462,0.0,0,False,0.0,3.4762754741552597,-0.10056105906961954,0.2,0.22999999999999998,0.06999999999999999,0.0,0.10500000000000001,0.0,0.0,0.034999999999999996,0.0,0.0,0.0,0.36000000000000004
2022-07-01,-0.002866458493409422,-0.004946458493409422,0.52,6,True,0.0020800000000000003,3.269867126292972,-0.1539664083236395,0.65,0.13999999999999999,0.10500000000000001,0.0,0.034999999999999996,0.0,0.0,0.06999999999999999,0.0,0.0,0.0,0.0
2022-08-01,-0.023452790158468864,-0.024812790158468864,0.33999999999999997,6,True,0.00136,3.2560599158009498,-0.1575388360194524,0.45,0.06999999999999999,0.034999999999999996,0.0,0.13999999999999999,0.0,0.2,0.10500000000000001,0.0,0.0,0.0,0.0
2022-09-01,-0.013014926569618428,-0.014234926569618429,0.30500000000000005,6,True,0.0012200000000000002,3.1758169964567284,-0.17830059869583137,0.65,0.13999999999999999,0.06999999999999999,0.0,0.10500000000000001,0.0,0.0,0.034999999999999996,0.0,0.0,0.0,0.0
2022-10-01,0.0011422408523713795,0.0008622408523713795,0.06999999999999999,2,True,0.00028,3.110128944176974,-0.1952964877194534,0.65,0.13999999999999999,0.13999999999999999,0.0,0.034999999999999996,0.0,0.0,0.034999999999999996,0.0,0.0,0.0,0.0
2022-11-01,0.027265991575966056,0.026185991575966055,0.27,4,True,0.00108,3.109447795304131,-0.1954727257147909,0.45,0.13999999999999999,0.06999999999999999,0.0,0.10500000000000001,0.0,0.2,0.034999999999999996,0.0,0.0,0.0,0.0
2022-12-01,-0.013611197626282979,-0.01483119762628298,0.305,5,True,0.00122,3.1903330121301092,-0.17454477731146112,0.45,0.034999999999999996,0.13999999999999999,0.0,0.10500000000000001,0.0,0.0,0.06999999999999999,0.2,0.0,0.0,0.0
2023-01-01,0.08059612216448375,0.07879612216448376,0.45,2,True,0.0018000000000000002,3.1396854290095746,-0.18764914975297098,0.0,0.034999999999999996,0.13999999999999999,0.0,0.10500000000000001,0.0,0.0,0.06999999999999999,0.2,0.45,0.0,0.0
2023-02-01,-0.04333321532844553,-0.04333321532844553,0.0,0,False,0.0,3.386624981985153,-0.12375690310754417,0.0,0.034999999999999996,0.13999999999999999,0.0,0.10500000000000001,0.0,0.0,0.06999999999999999,0.2,0.45,0.0,0.0
2023-03-01,0.051090038862351556,0.048210038862351555,0.72,7,True,0.00288,3.2305408021027713,-0.1641415591836024,0.2,0.10500000000000001,0.555,0.0,0.10500000000000001,0.0,0.0,0.034999999999999996,0.0,0.0,0.0,0.0
2023-04-01,-0.001413413469552023,-0.002853413469552023,0.36000000000000004,7,True,0.0014399999999999999,3.373895318473336,-0.12705053019567114,0.0,0.034999999999999996,0.5,0.0,0.10500000000000001,0.0,0.2,0.06999999999999999,0.0,0.0,0.0,0.09000000000000001
2023-05-01,0.004609017176266116,0.0038090171762661163,0.2,2,True,0.0008,3.3615836470141796,-0.13023600753215792,0.0,0.034999999999999996,0.5,0.0,0.10500000000000001,0.0,0.0,0.06999999999999999,0.2,0.0,0.0,0.09000000000000001
2023-06-01,0.0066141351530311044,0.005814135153031104,0.2,2,True,0.0008,3.3743755819876964,-0.12692626855129474,0.0,0.034999999999999996,0.5,0.0,0.10500000000000001,0.0,0.2,0.06999999999999999,0.0,0.0,0.0,0.09000000000000001
2023-07-01,0.02785545533861418,0.025855455338614178,0.5,6,True,0.002,3.3964502932554894,-0.12121473761202917,0.0,0.034999999999999996,0.034999999999999996,0.0,0.335,0.0,0.2,0.034999999999999996,0.0,0.0,0.0,0.36000000000000004
2023-08-01,-0.008829422570766904,-0.009389422570766904,0.13999999999999999,3,True,0.00056,3.482126759191715,-0.0990471187460179,0.0,0.13999999999999999,0.06999999999999999,0.0,0.195,0.0,0.2,0.034999999999999996,0.0,0.0,0.0,0.36000000000000004
2023-09-01,-0.048622970771812365,-0.048622970771812365,0.0,0,False,0.0,3.4513815905898353,-0.10700201245095953,0.0,0.13999999999999999,0.06999999999999999,0.0,0.195,0.0,0.2,0.034999999999999996,0.0,0.0,0.0,0.36000000000000004
2023-10-01,0.0049187604956663815,0.004118760495666381,0.2,2,True,0.0008,3.279495797484316,-0.15147512077082725,0.2,0.13999999999999999,0.06999999999999999,0.0,0.195,0.0,0.0,0.034999999999999996,0.0,0.0,0.0,0.36000000000000004
2023-11-01,0.05879474593119224,0.05879474593119224,0.0,0,False,0.0,3.2929903503771993,-0.14798358897119246,0.2,0.13999999999999999,0.06999999999999999,0.0,0.195,0.0,0.0,0.034999999999999996,0.0,0.0,0.0,0.36000000000000004
2023-12-01,0.019395308183598692,0.018175308183598693,0.30500000000000005,5,True,0.0012200000000000002,3.482347228306208,-0.09899007536486992,0.0,0.034999999999999996,0.10500000000000001,0.0,0.195,0.0,0.2,0.10500000000000001,0.0,0.0,0.0,0.36000000000000004
2024-01-01,0.03878042676711244,0.03878042676711244,0.0,0,False,0.0,3.596095241208418,-0.06955932598429604,0.0,0.034999999999999996,0.10500000000000001,0.0,0.195,0.0,0.2,0.10500000000000001,0.0,0.0,0.0,0.36000000000000004
2024-02-01,0.03585840616023447,0.03585840616023447,0.0,0,False,0.0,3.7355533493576614,-0.03347643956448765,0.0,0.034999999999999996,0.10500000000000001,0.0,0.195,0.0,0.2,0.10500000000000001,0.0,0.0,0.0,0.36000000000000004
2024-03-01,0.015583309658732423,0.015303309658732422,0.06999999999999999,2,True,0.00028,3.8684208773773476,0.0,0.0,0.034999999999999996,0.10500000000000001,0.0,0.265,0.0,0.2,0.034999999999999996,0.0,0.0,0.0,0.36000000000000004
2024-04-01,-0.04309356478687211,-0.04309356478687211,0.0,0,False,0.0,3.9287036777998248,0.0,0.0,0.034999999999999996,0.10500000000000001,0.0,0.265,0.0,0.2,0.034999999999999996,0.0,0.0,0.0,0.36000000000000004
2024-05-01,0.05393037866960819,0.05313037866960819,0.2,2,True,0.0008,3.75639430986707,-0.045816992173325355,0.0,0.034999999999999996,0.10500000000000001,0.0,0.265,0.0,0.0,0.034999999999999996,0.0,0.0,0.2,0.36000000000000004
2024-06-01,0.04610885816067206,0.04530885816067206,0.2,2,True,0.0008,3.943100753400932,-0.021510317457594574,0.0,0.034999999999999996,0.10500000000000001,0.0,0.265,0.0,0.2,0.034999999999999996,0.0,0.0,0.0,0.36000000000000004
2024-07-01,-0.027278036872735112,-0.02755803687273511,0.06999999999999999,2,True,0.00028,4.12045864509627,-0.0075909769675621686,0.0,0.10500000000000001,0.10500000000000001,0.0,0.195,0.0,0.2,0.034999999999999996,0.0,0.0,0.0,0.36000000000000004
2024-08-01,0.012537492132420974,0.011457492132420975,0.27,4,True,0.00108,4.003731916770732,-0.055479882319368734,0.0,0.034999999999999996,0.10500000000000001,0.0,0.195,0.0,0.0,0.30500000000000005,0.0,0.0,0.0,0.36000000000000004
2024-09-01,0.035404643147020576,0.035404643147020576,0.0,0,False,0.0,4.123889254596723,-0.027133573120141863,0.0,0.034999999999999996,0.10500000000000001,0.0,0.195,0.0,0.0,0.30500000000000005,0.0,0.0,0.0,0.36000000000000004
2024-10-01,-0.00535294586374353,-0.006152945863743531,0.2,2,True,0.0008,4.266478166767928,-0.011153476660597184,0.0,0.034999999999999996,0.10500000000000001,0.0,0.195,0.0,0.0,0.10500000000000001,0.0,0.0,0.2,0.36000000000000004
2024-11-01,0.00469781068530847,0.0021778106853084698,0.63,8,True,0.00252,4.232945967463292,-0.028721702095568458,0.0,0.06999999999999999,0.5,0.0,0.10500000000000001,0.0,0.2,0.034999999999999996,0.0,0.0,0.0,0.09000000000000001
2024-12-01,-0.00979390120199691,-0.00979390120199691,0.0,0,False,0.0,4.266795903464057,-0.020954603607727385,0.0,0.06999999999999999,0.5,0.0,0.10500000000000001,0.0,0.2,0.034999999999999996,0.0,0.0,0.0,0.09000000000000001
2025-01-01,0.012716445652307949,0.011276445652307949,0.36000000000000004,3,True,0.00144,4.097083399402037,-0.059896294181028265,0.0,0.06999999999999999,0.13999999999999999,0.0,0.195,0.0,0.2,0.034999999999999996,0.0,0.0,0.0,0.36000000000000004
2025-02-01,0.0034644656535057754,0.002024465653505775,0.36000000000000004,3,True,0.00144,4.16717616273478,-0.04381303198289466,0.0,0.06999999999999999,0.5,0.0,0.10500000000000001,0.0,0.2,0.034999999999999996,0.0,0.0,0.0,0.09000000000000001
2025-03-01,0.03491918999469618,0.033699189994696184,0.30500000000000005,6,True,0.0012200000000000002,4.182564234721919,-0.040282134002484926,0.0,0.034999999999999996,0.535,0.0,0.034999999999999996,0.0,0.0,0.10500000000000001,0.2,0.0,0.0,0.09000000000000001
2025-04-01,0.011093844826834818,0.009933844826834818,0.29000000000000004,4,True,0.00116,4.318320009700586,-0.009132046317572806,0.0,0.034999999999999996,0.535,0.0,0.125,0.0,0.0,0.10500000000000001,0.0,0.0,0.2,0.0
2025-05-01,0.04411939430875255,0.04331939430875255,0.2,2,True,0.0008,4.36273380037538,-0.02032443000593276,0.0,0.034999999999999996,0.535,0.0,0.125,0.0,0.0,0.10500000000000001,0.2,0.0,0.0,0.0
2025-06-01,0.0075777205275077385,0.007157720527507738,0.10500000000000001,4,True,0.00042,4.480418923104473,-0.008518335665086973,0.0,0.06999999999999999,0.5,0.0,0.195,0.0,0.0,0.034999999999999996,0.2,0.0,0.0,0.0
2025-07-01,0.005835028263632894,0.0046750282636328945,0.29000000000000004,4,True,0.00116,4.507239779899948,-0.007143890536736697,0.0,0.06999999999999999,0.5,0.0,0.10500000000000001,0.0,0.0,0.034999999999999996,0.0,0.0,0.2,0.09000000000000001
2025-08-01,0.03740048415175128,0.03660048415175128,0.2,2,True,0.0008,4.529912819685512,-0.01875869987092027,0.0,0.06999999999999999,0.5,0.0,0.10500000000000001,0.0,0.2,0.034999999999999996,0.0,0.0,0.0,0.09000000000000001
2025-09-01,0.07336753784610234,0.07256753784610234,0.2,2,True,0.0008,4.654758035063392,0.0,0.0,0.06999999999999999,0.5,0.0,0.10500000000000001,0.0,0.0,0.034999999999999996,0.0,0.0,0.2,0.09000000000000001
2025-10-01,0.030174845760687553,0.030174845760687553,0.0,0,False,0.0,4.992269158428262,0.0,0.0,0.06999999999999999,0.5,0.0,0.10500000000000001,0.0,0.0,0.034999999999999996,0.0,0.0,0.2,0.09000000000000001
2025-11-01,0.02222015518535682,0.02142015518535682,0.2,2,True,0.0008,5.130291271673483,-0.039444944326611275,0.0,0.06999999999999999,0.5,0.0,0.10500000000000001,0.0,0.2,0.034999999999999996,0.0,0.0,0.0,0.09000000000000001
2025-12-01,0.0182785707016472,0.0171985707016472,0.27,5,True,0.00108,5.234432411117269,-0.019946383192540384,0.0,0.034999999999999996,0.5700000000000001,0.0,0.06999999999999999,0.0,0.0,0.034999999999999996,0.2,0.0,0.0,0.09000000000000001
2026-01-01,0.055915006819738794,0.055915006819738794,0.0,0,False,0.0,5.072522895481095,-0.0743281384468415,0.0,0.034999999999999996,0.5700000000000001,0.0,0.06999999999999999,0.0,0.0,0.034999999999999996,0.2,0.0,0.0,0.09000000000000001
2026-02-01,0.09133309157811338,0.09133309157811338,0.0,0,False,0.0,5.482047502472179,-0.06800515886917768,0.0,0.034999999999999996,0.5700000000000001,0.0,0.06999999999999999,0.0,0.0,0.034999999999999996,0.2,0.0,0.0,0.09000000000000001
2026-03-01,-0.06232202173818575,-0.06260202173818574,0.07000000000000002,3,True,0.0002800000000000001,5.949834554551236,0.0,0.0,0.10500000000000001,0.535,0.0,0.034999999999999996,0.0,0.0,0.034999999999999996,0.2,0.0,0.0,0.09000000000000001
2026-04-01,0.022632794094482628,0.02141279409448263,0.30500000000000005,4,True,0.0012200000000000002,5.5706621986459774,-0.06372821839478149,0.2,0.21000000000000002,0.43000000000000005,0.0,0.034999999999999996,0.0,0.0,0.034999999999999996,0.0,0.0,0.0,0.09000000000000001
2026-05-01,0.019585894958802603,0.0170658949588026,0.6300000000000001,7,True,0.0025200000000000005,5.682386059697974,-0.04495057675993386,0.0,0.535,0.034999999999999996,0.0,0.10500000000000001,0.0,0.2,0.034999999999999996,0.0,0.0,0.0,0.09000000000000001
2026-06-01,-0.07639371170518039,-0.07639371170518039,0.0,0,False,0.0,5.793680676178581,-0.026245079075889244,0.0,0.535,0.034999999999999996,0.0,0.10500000000000001,0.0,0.2,0.034999999999999996,0.0,0.0,0.0,0.09000000000000001
2026-07-01,0.0,-0.00186,0.465,6,True,0.00186,5.341126896267625,-0.10230665284936191,0.0,0.06999999999999999,0.034999999999999996,0.0,0.22999999999999998,0.0,0.2,0.10500000000000001,0.0,0.0,0.0,0.36000000000000004
2026-08-01,0.0,-0.0018000000000000002,0.45,3,True,0.0018000000000000002,5.29196474608006,-0.11056942885377352,1.0,0.0,0.0,0.0,0.0,0.0,0.0,0.0,0.0,0.0,0.0,0.0
