date,gross_return,net_return,turnover,operations,signal_changed,trade_cost,equity,drawdown,w__CASH,w_dbc.us,w_iau.us,w_ief.us,w_ivv.us,w_lqd.us,w_spy.us,w_tlt.us,w_vea.us,w_vt.us,w_vwo.us,w_xlk.us
2006-03-01,0.007706886223917057,0.006306886223917057,0.35,4,True,0.0014,0.9986,0.0,0.65,0.0,0.21000000000000002,0.0,0.10500000000000001,0.0,0.0,0.034999999999999996,0.0,0.0,0.0,0.0
2006-04-01,0.022872369445964116,0.022872369445964116,0.0,0,False,0.0,1.0049407763861298,-0.0016644279977428011,0.65,0.0,0.21000000000000002,0.0,0.10500000000000001,0.0,0.0,0.034999999999999996,0.0,0.0,0.0,0.0
2006-05-01,-0.009088917328380127,-0.009088917328380127,0.0,0,False,0.0,1.0279261530949475,-0.0011662428798207003,0.65,0.0,0.21000000000000002,0.0,0.10500000000000001,0.0,0.0,0.034999999999999996,0.0,0.0,0.0,0.0
2006-06-01,-0.0016892231528700982,-0.0016892231528700982,0.0,0,False,0.0,1.0185834172697876,-0.028650622951152838,0.65,0.0,0.21000000000000002,0.0,0.10500000000000001,0.0,0.0,0.034999999999999996,0.0,0.0,0.0,0.0
2006-07-01,0.0068862541545218975,0.0068862541545218975,0.0,0,False,0.0,1.0124683703629775,-0.03448210116181882,0.65,0.0,0.21000000000000002,0.0,0.10500000000000001,0.0,0.0,0.034999999999999996,0.0,0.0,0.0,0.0
2006-08-01,-0.004960313484296966,-0.005240313484296966,0.06999999999999999,3,True,0.00028,1.019155041548944,-0.028105506195813423,0.65,0.0,0.245,0.0,0.034999999999999996,0.0,0.0,0.06999999999999999,0.0,0.0,0.0,0.0
2006-09-01,0.0025398455699489754,0.0016998455699489753,0.21000000000000002,3,True,0.00084,1.0132478692947946,-0.03373874937639487,0.65,0.0,0.034999999999999996,0.0,0.21000000000000002,0.0,0.0,0.10500000000000001,0.0,0.0,0.0,0.0
2006-10-01,0.006663920282088397,0.006383920282088397,0.06999999999999999,2,True,0.00028,1.0170066057497344,-0.030154314118472803,0.65,0.0,0.034999999999999996,0.0,0.13999999999999999,0.0,0.0,0.175,0.0,0.0,0.0,0.0
2006-11-01,0.009863466663829305,0.009303466663829306,0.13999999999999999,3,True,0.00056,1.0229240387864913,-0.024511285971216323,0.65,0.0,0.06999999999999999,0.0,0.245,0.0,0.0,0.034999999999999996,0.0,0.0,0.0,0.0
2006-12-01,-0.004900333601790501,-0.005320333601790501,0.10500000000000001,2,True,0.00042,1.0325797502239955,-0.01530333193351685,0.65,0.0,0.175,0.0,0.13999999999999999,0.0,0.0,0.034999999999999996,0.0,0.0,0.0,0.0
2007-01-01,0.009167839344175458,0.008887839344175457,0.06999999999999999,2,True,0.00028,1.0246659226260335,-0.0228501772650036,0.65,0.0,0.10500000000000001,0.0,0.21000000000000002,0.0,0.0,0.034999999999999996,0.0,0.0,0.0,0.0
2007-02-01,0.002683096864681557,0.0022630968646815573,0.10500000000000001,3,True,0.00042,1.0333361748649341,-0.014581984431385364,0.65,0.06999999999999999,0.13999999999999999,0.0,0.10500000000000001,0.0,0.0,0.034999999999999996,0.0,0.0,0.0,0.0
2007-03-01,-0.0003638009201219927,-0.0007838009201219927,0.105,4,True,0.00041999999999999996,1.0356735502551917,-0.012352998478186161,0.65,0.13999999999999999,0.10500000000000001,0.0,0.034999999999999996,0.0,0.0,0.06999999999999999,0.0,0.0,0.0,0.0
2007-04-01,0.008409294938485587,0.008129294938485587,0.06999999999999999,3,True,0.00028,1.0367161970151257,-0.011358701630650003,0.65,0.10500000000000001,0.10500000000000001,0.0,0.10500000000000001,0.0,0.0,0.034999999999999996,0.0,0.0,0.0,0.0
2007-05-01,0.0026239347735853027,0.0026239347735853027,0.0,0,False,0.0,1.045141527693532,-0.003444596926341359,0.65,0.10500000000000001,0.10500000000000001,0.0,0.10500000000000001,0.0,0.0,0.034999999999999996,0.0,0.0,0.0,0.0
2007-06-01,-0.00335992370381424,-0.00335992370381424,0.0,0,False,0.0,1.0478839108913653,-0.0009290171646644252,0.65,0.10500000000000001,0.10500000000000001,0.0,0.10500000000000001,0.0,0.0,0.034999999999999996,0.0,0.0,0.0,0.0
2007-07-01,-0.0021916072473434165,-0.0024716072473434164,0.06999999999999999,3,True,0.00028,1.0414656457282438,-0.0072993731521490135,0.65,0.13999999999999999,0.034999999999999996,0.0,0.13999999999999999,0.0,0.0,0.034999999999999996,0.0,0.0,0.0,0.0
2007-08-01,0.0041652471935576885,0.0036052471935576883,0.14,4,True,0.0005600000000000001,1.038310411158987,-0.010306868740314279,0.65,0.10500000000000001,0.10500000000000001,0.0,0.034999999999999996,0.0,0.0,0.10500000000000001,0.0,0.0,0.0,0.0
2007-09-01,0.019737886517139612,0.019317886517139612,0.10500000000000001,4,True,0.00042,1.0398638917615783,-0.008826127465444644,0.65,0.034999999999999996,0.13999999999999999,0.0,0.10500000000000001,0.0,0.0,0.06999999999999999,0.0,0.0,0.0,0.0
2007-10-01,0.01569109065042204,0.01541109065042204,0.06999999999999999,3,True,0.00028,1.0596464599270647,0.0,0.65,0.10500000000000001,0.13999999999999999,0.0,0.06999999999999999,0.0,0.0,0.034999999999999996,0.0,0.0,0.0,0.0
2007-11-01,0.001702781365292855,0.001702781365292855,0.0,0,False,0.0,1.0762734685871789,-0.003747612808974621,0.65,0.10500000000000001,0.13999999999999999,0.0,0.06999999999999999,0.0,0.0,0.034999999999999996,0.0,0.0,0.0,0.0
2007-12-01,0.017069372367425634,0.016789372367425635,0.06999999999999999,3,True,0.00028,1.0760891718786545,-0.01070809905004555,0.65,0.10500000000000001,0.10500000000000001,0.0,0.034999999999999996,0.0,0.0,0.10500000000000001,0.0,0.0,0.0,0.0
2008-01-01,0.00341883800332873,0.00341883800332873,0.0,0,False,0.0,1.07443809005927,-0.012226004735195306,0.65,0.10500000000000001,0.10500000000000001,0.0,0.034999999999999996,0.0,0.0,0.10500000000000001,0.0,0.0,0.0,0.0
2008-02-01,0.0218132175532019,0.0218132175532019,0.0,0,False,0.0,1.0781114198337884,-0.008848965461484282,0.65,0.10500000000000001,0.10500000000000001,0.0,0.034999999999999996,0.0,0.0,0.10500000000000001,0.0,0.0,0.0,0.0
2008-03-01,-0.01291332156647297,-0.01291332156647297,0.0,0,False,0.0,1.0992031182681432,-0.0006677358712767756,0.65,0.10500000000000001,0.10500000000000001,0.0,0.034999999999999996,0.0,0.0,0.10500000000000001,0.0,0.0,0.0,0.0
2008-04-01,0.007130760681709257,0.006710760681709256,0.10500000000000001,4,True,0.00042,1.0845530512580042,-0.0219066610081029,0.65,0.175,0.034999999999999996,0.0,0.06999999999999999,0.0,0.0,0.06999999999999999,0.0,0.0,0.0,0.0
2008-05-01,0.017917303068067835,0.017917303068067835,0.0,0,False,0.0,1.0922867395131424,-0.014932111483377919,0.65,0.175,0.034999999999999996,0.0,0.06999999999999999,0.0,0.0,0.06999999999999999,0.0,0.0,0.0,0.0
2008-06-01,0.022395730132723963,0.022115730132723964,0.06999999999999999,3,True,0.00028,1.109588298197701,-0.011241687999385408,0.65,0.175,0.10500000000000001,0.0,0.034999999999999996,0.0,0.0,0.034999999999999996,0.0,0.0,0.0,0.0
2008-07-01,-0.07309355644530148,-0.07569355644530149,0.65,5,True,0.0026000000000000003,1.131171981739422,-0.0017071762142107927,0.0,0.535,0.195,0.0,0.034999999999999996,0.0,0.0,0.23500000000000001,0.0,0.0,0.0,0.0
2008-08-01,-0.013539939665948865,-0.016419939665948863,0.72,7,True,0.00288,1.045470945718717,-0.08821898886022739,0.45,0.10500000000000001,0.10500000000000001,0.2,0.034999999999999996,0.0,0.0,0.10500000000000001,0.0,0.0,0.0,0.0
2008-09-01,-0.008987836981292033,-0.010207836981292033,0.30500000000000005,6,True,0.0012200000000000002,1.0366362908119804,-0.09592390941963858,0.45,0.06999999999999999,0.034999999999999996,0.0,0.10500000000000001,0.0,0.0,0.33999999999999997,0.0,0.0,0.0,0.0
2008-10-01,-0.04942702881852388,-0.049847028818523875,0.10500000000000001,3,True,0.00042,1.025634895776188,-0.10551849751485054,0.45,0.034999999999999996,0.13999999999999999,0.0,0.034999999999999996,0.0,0.0,0.33999999999999997,0.0,0.0,0.0,0.0
2008-11-01,0.041349577992051745,0.04054957799205174,0.2,2,True,0.0008,0.9764656763021946,-0.14840018718067993,0.45,0.034999999999999996,0.13999999999999999,0.2,0.034999999999999996,0.0,0.0,0.13999999999999999,0.0,0.0,0.0,0.0
2008-12-01,0.04684938741620856,0.04604938741620856,0.2,2,True,0.0008,1.0152158233280648,-0.11460522771121917,0.45,0.034999999999999996,0.13999999999999999,0.0,0.034999999999999996,0.0,0.0,0.33999999999999997,0.0,0.0,0.0,0.0
2009-01-01,-0.03523913144962641,-0.03523913144962641,0.0,0,False,0.0,1.0703273138328897,-0.06654113684032015,0.45,0.034999999999999996,0.13999999999999999,0.0,0.034999999999999996,0.0,0.0,0.33999999999999997,0.0,0.0,0.0,0.0
2009-02-01,-0.0090103904799314,-0.0098103904799314,0.2,2,True,0.0008,1.0327682062912946,-0.09929736138393053,0.45,0.034999999999999996,0.13999999999999999,0.2,0.034999999999999996,0.0,0.0,0.13999999999999999,0.0,0.0,0.0,0.0
2009-03-01,0.01749154289302348,0.01749154289302348,0.0,0,False,0.0,1.0252400325709323,-0.10586286746030371,0.45,0.034999999999999996,0.13999999999999999,0.2,0.034999999999999996,0.0,0.0,0.13999999999999999,0.0,0.0,0.0,0.0
2009-04-01,0.02691639756512786,0.025836397565127858,0.27,5,True,0.00108,1.0420464356687094,-0.09120558858242978,0.45,0.034999999999999996,0.10500000000000001,0.0,0.10500000000000001,0.0,0.0,0.10500000000000001,0.0,0.0,0.2,0.0
2009-05-01,0.12756108926034798,0.12548108926034798,0.52,5,True,0.0020800000000000003,1.0678687751031228,-0.06868528913659666,0.0,0.06999999999999999,0.10500000000000001,0.0,0.13999999999999999,0.0,0.0,0.034999999999999996,0.0,0.45,0.2,0.0
2009-06-01,-0.031092477466136928,-0.031092477466136928,0.0,0,False,0.0,1.2040872792423907,0.0,0.0,0.06999999999999999,0.10500000000000001,0.0,0.13999999999999999,0.0,0.0,0.034999999999999996,0.0,0.45,0.2,0.0
2009-07-01,0.09005652124795603,0.09005652124795603,0.0,0,False,0.0,1.1666492226452851,-0.031092477466136414,0.0,0.06999999999999999,0.10500000000000001,0.0,0.13999999999999999,0.0,0.0,0.034999999999999996,0.0,0.45,0.2,0.0
2009-08-01,-0.024144869929479805,-0.024144869929479805,0.0,0,False,0.0,1.244959358382227,0.0,0.0,0.06999999999999999,0.10500000000000001,0.0,0.13999999999999999,0.0,0.0,0.034999999999999996,0.0,0.45,0.2,0.0
2009-09-01,0.04036593783967746,0.03928593783967746,0.27,5,True,0.00108,1.2135878846318644,-0.029275489071079575,0.0,0.034999999999999996,0.10500000000000001,0.0,0.10500000000000001,0.0,0.0,0.10500000000000001,0.2,0.45,0.0,0.0
2009-10-01,0.037199043157786604,0.034599043157786606,0.65,4,True,0.0026000000000000003,1.2592928014517601,-0.03463819483578445,0.0,0.034999999999999996,0.555,0.0,0.10500000000000001,0.0,0.0,0.10500000000000001,0.0,0.0,0.2,0.0
2009-11-01,0.0954552104789098,0.0946752104789098,0.195,6,True,0.00078,1.2920608502337791,-0.03455183251762617,0.0,0.10500000000000001,0.5,0.0,0.06999999999999999,0.0,0.0,0.034999999999999996,0.0,0.0,0.2,0.09000000000000001
2009-12-01,-0.0213253810578921,-0.0213253810578921,0.0,0,False,0.0,1.414290782707701,0.0,0.0,0.10500000000000001,0.5,0.0,0.06999999999999999,0.0,0.0,0.034999999999999996,0.0,0.0,0.2,0.09000000000000001
2010-01-01,-0.03968739778869063,-0.03968739778869063,0.0,0,False,0.0,1.2994247687131306,-0.08833954691662194,0.0,0.10500000000000001,0.5,0.0,0.06999999999999999,0.0,0.0,0.034999999999999996,0.0,0.0,0.2,0.09000000000000001
2010-02-01,0.012780898209134837,0.012500898209134836,0.06999999999999999,3,True,0.00028,1.2475045819060493,-0.12476611209252952,0.0,0.034999999999999996,0.5,0.0,0.10500000000000001,0.0,0.0,0.06999999999999999,0.0,0.0,0.2,0.09000000000000001
2010-03-01,0.04630984564475338,0.04486984564475338,0.36000000000000004,3,True,0.00144,1.261629444695004,-0.11485628189691788,0.0,0.034999999999999996,0.13999999999999999,0.0,0.195,0.0,0.0,0.06999999999999999,0.0,0.0,0.2,0.36000000000000004
2010-04-01,0.02043170271207432,0.02043170271207432,0.0,0,False,0.0,1.3200553095397058,-0.07386541293814086,0.0,0.034999999999999996,0.13999999999999999,0.0,0.195,0.0,0.0,0.06999999999999999,0.0,0.0,0.2,0.36000000000000004
2010-05-01,-0.02386894901708221,-0.02610894901708221,0.56,5,True,0.0022400000000000002,1.3350493453549823,-0.06334578162586357,0.0,0.034999999999999996,0.5,0.0,0.10500000000000001,0.0,0.2,0.06999999999999999,0.0,0.0,0.0,0.09000000000000001
2010-06-01,-0.008140864461481271,-0.008940864461481271,0.2,2,True,0.0008,1.2992237792129568,-0.08848055868060034,0.0,0.034999999999999996,0.5,0.0,0.10500000000000001,0.0,0.0,0.27,0.0,0.0,0.0,0.09000000000000001
2010-07-01,-0.00011360410592913992,-0.0005336041059291399,0.10500000000000001,3,True,0.00042,1.288105742791952,-0.0962808364381259,0.0,0.034999999999999996,0.4650000000000001,0.0,0.034999999999999996,0.0,0.0,0.375,0.0,0.0,0.0,0.09000000000000001
2010-08-01,-0.030909781434882717,-0.03398978143488272,0.77,9,True,0.0030800000000000003,1.2910163134904786,-0.09423881579511639,0.0,0.13999999999999999,0.034999999999999996,0.0,0.22999999999999998,0.0,0.0,0.034999999999999996,0.0,0.0,0.2,0.36000000000000004
2010-09-01,0.037105210757525806,0.034025210757525806,0.77,9,True,0.0030800000000000003,1.2434163044601845,-0.12763439732024506,0.0,0.034999999999999996,0.5,0.0,0.034999999999999996,0.0,0.0,0.33999999999999997,0.0,0.0,0.0,0.09000000000000001
2010-10-01,0.02789797484297967,0.026677974842979672,0.30500000000000005,5,True,0.0012200000000000002,1.2879802731917573,-0.09636886436811132,0.0,0.10500000000000001,0.5,0.0,0.06999999999999999,0.0,0.0,0.034999999999999996,0.0,0.0,0.2,0.09000000000000001
2010-11-01,0.01412232777664808,0.01412232777664808,0.0,0,False,0.0,1.3239123144515157,-0.07115938567891933,0.0,0.10500000000000001,0.5,0.0,0.06999999999999999,0.0,0.0,0.034999999999999996,0.0,0.0,0.2,0.09000000000000001
2010-12-01,0.03312747409969197,0.032327474099691965,0.2,2,True,0.0008,1.3415349508732577,-0.05879556047595691,0.0,0.10500000000000001,0.5,0.0,0.06999999999999999,0.0,0.2,0.034999999999999996,0.0,0.0,0.0,0.09000000000000001
2011-01-01,-0.012153338147819912,-0.012153338147819912,0.0,0,False,0.0,1.3681918168255274,-0.040093430828315846,0.0,0.10500000000000001,0.5,0.0,0.06999999999999999,0.0,0.2,0.034999999999999996,0.0,0.0,0.0,0.09000000000000001
2011-02-01,0.011630613870375702,0.010190613870375701,0.36000000000000004,3,True,0.00144,1.349617467269171,-0.05312496627383978,0.0,0.10500000000000001,0.13999999999999999,0.0,0.16,0.0,0.2,0.034999999999999996,0.0,0.0,0.0,0.36000000000000004
2011-03-01,0.004994031183400284,0.0035540311834002837,0.36000000000000004,3,True,0.00144,1.363348294244152,-0.043491586764214496,0.0,0.10500000000000001,0.5,0.0,0.06999999999999999,0.0,0.2,0.034999999999999996,0.0,0.0,0.0,0.09000000000000001
2011-04-01,0.03177389214726761,0.029533892147267614,0.56,4,True,0.0022400000000000002,1.367087746687611,-0.040868032872546145,0.0,0.4650000000000001,0.13999999999999999,0.0,0.06999999999999999,0.0,0.0,0.034999999999999996,0.0,0.0,0.2,0.09000000000000001
2011-05-01,-0.02247729234659191,-0.02471729234659191,0.56,5,True,0.0022400000000000002,1.421004628236652,-0.0030406111969376592,0.0,0.195,0.5,0.0,0.06999999999999999,0.0,0.0,0.034999999999999996,0.2,0.0,0.0,0.0
2011-06-01,-0.028731354292033003,-0.030311354292033004,0.395,7,True,0.00158,1.383762982363651,-0.02916889239306608,0.0,0.034999999999999996,0.5,0.0,0.034999999999999996,0.0,0.0,0.33999999999999997,0.0,0.0,0.0,0.09000000000000001
2011-07-01,0.026406582968586622,0.02490658296858662,0.375,6,True,0.0015,1.341989589464369,-0.05847659162609253,0.0,0.06999999999999999,0.43000000000000005,0.0,0.175,0.0,0.0,0.034999999999999996,0.2,0.0,0.0,0.09000000000000001
2011-08-01,0.08851838006005458,0.08715838006005458,0.34,5,True,0.00136,1.375553648251033,-0.03492846034714925,0.0,0.06999999999999999,0.5,0.0,0.034999999999999996,0.0,0.0,0.30500000000000005,0.0,0.0,0.0,0.09000000000000001
2011-09-01,-0.022280656481518356,-0.022280656481518356,0.0,0,False,0.0,1.4973154288799126,-0.015209897010599382,0.0,0.06999999999999999,0.5,0.0,0.034999999999999996,0.0,0.0,0.30500000000000005,0.0,0.0,0.0,0.09000000000000001
2011-10-01,0.02806298965103461,0.02806298965103461,0.0,0,False,0.0,1.4426179602507458,-0.058485959138117716,0.0,0.06999999999999999,0.5,0.0,0.034999999999999996,0.0,0.0,0.30500000000000005,0.0,0.0,0.0,0.09000000000000001
2011-11-01,0.004981880859931969,0.004701880859931969,0.06999999999999999,3,True,0.00028,1.4826868645423799,-0.03233528236020822,0.0,0.034999999999999996,0.4650000000000001,0.0,0.10500000000000001,0.0,0.0,0.30500000000000005,0.0,0.0,0.0,0.09000000000000001
2011-12-01,0.006689750145595397,0.005249750145595397,0.36000000000000004,3,True,0.00144,1.4879277281093664,-0.028914871156051514,0.0,0.034999999999999996,0.10500000000000001,0.0,0.195,0.0,0.0,0.30500000000000005,0.0,0.0,0.0,0.36000000000000004
2012-01-01,0.0321574566667594,0.031877456666759396,0.06999999999999999,3,True,0.00028,1.464600775055328,-0.04413903613669934,0.0,0.06999999999999999,0.034999999999999996,0.0,0.195,0.0,0.0,0.33999999999999997,0.0,0.0,0.0,0.36000000000000004
2012-02-01,0.010559548060748493,0.007899548060748492,0.665,8,True,0.00266,1.5072553430100188,-0.016300844915748236,0.0,0.034999999999999996,0.5,0.0,0.10500000000000001,0.0,0.0,0.06999999999999999,0.0,0.0,0.2,0.09000000000000001
2012-03-01,0.027921476652171307,0.025261476652171308,0.665,8,True,0.00266,1.519119642644223,-0.020975048111747774,0.0,0.10500000000000001,0.034999999999999996,0.0,0.22999999999999998,0.0,0.2,0.06999999999999999,0.0,0.0,0.0,0.36000000000000004
2012-04-01,-0.010591279148808735,-0.010951279148808734,0.09000000000000001,2,True,0.00036,1.5474909759277167,-0.008219477733054759,0.0,0.10500000000000001,0.125,0.0,0.13999999999999999,0.0,0.2,0.06999999999999999,0.0,0.0,0.0,0.36000000000000004
2012-05-01,-0.01683885228831353,-0.01827885228831353,0.36000000000000004,6,True,0.0014399999999999999,1.5283458788235584,-0.02048949074132478,0.0,0.034999999999999996,0.034999999999999996,0.0,0.22999999999999998,0.0,0.0,0.33999999999999997,0.0,0.0,0.0,0.36000000000000004
2012-06-01,0.0303797808135,0.0303797808135,0.0,0,False,0.0,1.5026102883245955,-0.03698332352158251,0.0,0.034999999999999996,0.034999999999999996,0.0,0.22999999999999998,0.0,0.0,0.33999999999999997,0.0,0.0,0.0,0.36000000000000004
2012-07-01,0.012038809195852467,0.011238809195852467,0.2,2,True,0.0008,1.5393615181529534,-0.01342961336746018,0.0,0.034999999999999996,0.034999999999999996,0.0,0.22999999999999998,0.0,0.2,0.13999999999999999,0.0,0.0,0.0,0.36000000000000004
2012-08-01,0.02494731561639918,0.02386731561639918,0.27,4,True,0.00108,1.5549661038097264,-0.005587078436321891,0.0,0.10500000000000001,0.034999999999999996,0.0,0.16,0.0,0.0,0.33999999999999997,0.0,0.0,0.0,0.36000000000000004
2012-09-01,0.01886590923521066,0.01764590923521066,0.30500000000000005,6,True,0.0012200000000000002,1.5951862436584865,0.0,0.0,0.13999999999999999,0.06999999999999999,0.0,0.195,0.0,0.2,0.034999999999999996,0.0,0.0,0.0,0.36000000000000004
2012-10-01,-0.027307396408413256,-0.028107396408413254,0.2,2,True,0.0008,1.6219994014360044,-0.017282467856029937,0.0,0.13999999999999999,0.06999999999999999,0.0,0.195,0.0,0.0,0.034999999999999996,0.0,0.0,0.2,0.36000000000000004
2012-11-01,0.0002253079316733871,-0.0009946920683266127,0.305,6,True,0.00122,1.5757820184853981,-0.045284101195205206,0.0,0.034999999999999996,0.10500000000000001,0.0,0.22999999999999998,0.0,0.0,0.06999999999999999,0.2,0.0,0.0,0.36000000000000004
2012-12-01,0.023448120884312206,0.023028120884312206,0.10500000000000001,3,True,0.00042,1.5778393093580252,-0.044037654490317046,0.0,0.13999999999999999,0.034999999999999996,0.0,0.195,0.0,0.0,0.06999999999999999,0.2,0.0,0.0,0.36000000000000004
2013-01-01,0.00447031784778123,0.0036703178477812304,0.2,2,True,0.0008,1.5602836573425343,-0.054674062252593414,0.0,0.13999999999999999,0.034999999999999996,0.0,0.195,0.0,0.0,0.06999999999999999,0.0,0.0,0.2,0.36000000000000004
2013-02-01,-0.009728110579103777,-0.011608110579103777,0.4700000000000001,4,True,0.0018800000000000002,1.5630607252756412,-0.0529915256601613,0.0,0.13999999999999999,0.034999999999999996,0.0,0.4650000000000001,0.0,0.0,0.06999999999999999,0.2,0.0,0.0,0.09000000000000001
2013-03-01,0.02385072122592627,0.02263072122592627,0.30500000000000005,5,True,0.0012200000000000002,1.5459667144791138,-0.06334823978072979,0.0,0.034999999999999996,0.034999999999999996,0.0,0.5,0.0,0.2,0.13999999999999999,0.0,0.0,0.0,0.09000000000000001
2013-04-01,0.013429036148992504,0.013429036148992504,0.0,0,False,0.0,1.5828391356107168,-0.041008419761966564,0.0,0.034999999999999996,0.034999999999999996,0.0,0.5,0.0,0.2,0.13999999999999999,0.0,0.0,0.0,0.09000000000000001
2013-05-01,0.008933106870326193,0.008133106870326192,0.2,2,True,0.0008,1.6028118634692086,-0.028907583094638922,0.0,0.034999999999999996,0.034999999999999996,0.0,0.5,0.0,0.0,0.13999999999999999,0.2,0.0,0.0,0.09000000000000001
2013-06-01,-0.020852025152053272,-0.02207202515205327,0.30500000000000005,5,True,0.0012200000000000002,1.6070436964626489,-0.02716779923196244,0.0,0.10500000000000001,0.034999999999999996,0.0,0.535,0.0,0.2,0.034999999999999996,0.0,0.0,0.0,0.09000000000000001
2013-07-01,0.0492192032473114,0.0492192032473114,0.0,0,False,0.0,1.571613869914884,-0.04861542769978788,0.0,0.10500000000000001,0.034999999999999996,0.0,0.535,0.0,0.2,0.034999999999999996,0.0,0.0,0.0,0.09000000000000001
2013-08-01,-0.023187978958632723,-0.023187978958632723,0.0,0,False,0.0,1.6489674524045181,-0.001789037069387489,0.0,0.10500000000000001,0.034999999999999996,0.0,0.535,0.0,0.2,0.034999999999999996,0.0,0.0,0.0,0.09000000000000001
2013-09-01,0.014957177399237952,0.013737177399237951,0.30500000000000005,4,True,0.0012200000000000002,1.6086515362234226,-0.02619448512955258,0.0,0.10500000000000001,0.13999999999999999,0.0,0.43000000000000005,0.0,0.0,0.034999999999999996,0.2,0.0,0.0,0.09000000000000001
2013-10-01,0.029314412986309026,0.028754412986309024,0.14,4,True,0.0005600000000000001,1.6298073099811283,-0.02121465901372044,0.0,0.06999999999999999,0.034999999999999996,0.0,0.5,0.0,0.0,0.10500000000000001,0.2,0.0,0.0,0.09000000000000001
2013-11-01,0.01883514382068785,0.01761514382068785,0.30500000000000005,5,True,0.0012200000000000002,1.6755375018854641,-0.010717423896224876,0.0,0.034999999999999996,0.034999999999999996,0.0,0.605,0.0,0.2,0.034999999999999996,0.0,0.0,0.0,0.09000000000000001
2013-12-01,0.014583791617074248,0.014163791617074248,0.10500000000000001,3,True,0.00042,1.7127899253062489,0.0,0.0,0.10500000000000001,0.034999999999999996,0.0,0.5,0.0,0.2,0.06999999999999999,0.0,0.0,0.0,0.09000000000000001
2014-01-01,-0.038120777412869546,-0.03840077741286955,0.07000000000000002,3,True,0.0002800000000000001,1.7146687002496928,-0.018506687676216993,0.0,0.06999999999999999,0.034999999999999996,0.0,0.5700000000000001,0.0,0.2,0.034999999999999996,0.0,0.0,0.0,0.09000000000000001
2014-02-01,0.037123308071522455,0.03548330807152245,0.41000000000000003,6,True,0.00164,1.6795905462031933,-0.03858576977545236,0.2,0.034999999999999996,0.06999999999999999,0.0,0.395,0.0,0.0,0.21000000000000002,0.0,0.0,0.0,0.09000000000000001
2014-03-01,0.010203555151022699,0.0087035551510227,0.375,6,True,0.0015,1.7396660202853056,-0.00419797460680682,0.0,0.06999999999999999,0.10500000000000001,0.0,0.5,0.0,0.2,0.034999999999999996,0.0,0.0,0.0,0.09000000000000001
2014-04-01,0.004961161456841337,0.0038811614568413366,0.27,4,True,0.00108,1.752885510142814,-0.0030638266844439377,0.0,0.06999999999999999,0.034999999999999996,0.0,0.5,0.0,0.0,0.10500000000000001,0.0,0.0,0.2,0.09000000000000001
2014-05-01,0.018094006208761625,0.017294006208761627,0.2,2,True,0.0008,1.7601725926874505,-0.00032762441784084384,0.0,0.06999999999999999,0.034999999999999996,0.0,0.5,0.0,0.0,0.10500000000000001,0.2,0.0,0.0,0.09000000000000001
2014-06-01,0.026378509572110048,0.02557850957211005,0.2,2,True,0.0008,1.792590898790673,0.0,0.0,0.06999999999999999,0.034999999999999996,0.0,0.5,0.0,0.0,0.10500000000000001,0.0,0.0,0.2,0.09000000000000001
2014-07-01,-0.01406227764915936,-0.01462227764915936,0.13999999999999999,4,True,0.00056,1.8373753668241322,0.0,0.0,0.034999999999999996,0.175,0.0,0.4650000000000001,0.0,0.0,0.034999999999999996,0.0,0.0,0.2,0.09000000000000001
2014-08-01,0.030798878297439408,0.030378878297439408,0.10500000000000001,2,True,0.00042,1.810776838442732,-0.023509546059532038,0.0,0.034999999999999996,0.06999999999999999,0.0,0.4650000000000001,0.0,0.0,0.13999999999999999,0.0,0.0,0.2,0.09000000000000001
2014-09-01,-0.03376392490288993,-0.03484392490288993,0.2700000000000001,2,True,0.0010800000000000002,1.873517507759132,0.0,0.0,0.034999999999999996,0.06999999999999999,0.0,0.195,0.0,0.0,0.13999999999999999,0.0,0.0,0.2,0.36000000000000004
2014-10-01,0.019185730410247792,0.018385730410247794,0.2,2,True,0.0008,1.806858478205472,-0.03824160636588425,0.0,0.034999999999999996,0.06999999999999999,0.0,0.195,0.0,0.0,0.33999999999999997,0.0,0.0,0.0,0.36000000000000004
2014-11-01,0.023497688015129994,0.022697688015129995,0.2,2,True,0.0008,1.8397046342596912,-0.020758186017913238,0.0,0.034999999999999996,0.06999999999999999,0.0,0.195,0.0,0.2,0.13999999999999999,0.0,0.0,0.0,0.36000000000000004
2014-12-01,0.007314651356700822,0.006514651356700821,0.2,2,True,0.0008,1.8799219513692431,-0.006366337296765279,0.0,0.034999999999999996,0.06999999999999999,0.0,0.195,0.0,0.0,0.33999999999999997,0.0,0.0,0.0,0.36000000000000004
2015-01-01,0.020214559369764407,0.020214559369764407,0.0,0,False,0.0,1.854738773204344,-0.02567265713381206,0.0,0.034999999999999996,0.06999999999999999,0.0,0.195,0.0,0.0,0.33999999999999997,0.0,0.0,0.0,0.36000000000000004
2015-02-01,0.008666824773829795,0.008666824773829795,0.0,0,False,0.0,1.8838537638290305,-0.010378033512009277,0.0,0.034999999999999996,0.06999999999999999,0.0,0.195,0.0,0.0,0.33999999999999997,0.0,0.0,0.0,0.36000000000000004
2015-03-01,-0.020458277827901203,-0.0212582778279012,0.2,2,True,0.0008,1.9047032557894146,-0.001570909302279433,0.0,0.034999999999999996,0.06999999999999999,0.0,0.195,0.0,0.2,0.13999999999999999,0.0,0.0,0.0,0.36000000000000004
2015-04-01,-0.0005139645433254181,-0.001313964543325418,0.2,2,True,0.0008,1.8627523233821586,-0.02356122783089387,0.0,0.034999999999999996,0.06999999999999999,0.0,0.195,0.0,0.0,0.33999999999999997,0.0,0.0,0.0,0.36000000000000004
2015-05-01,-0.007981319833000747,-0.009341319833000747,0.33999999999999997,6,True,0.00136,1.8592628936237043,-0.025390356945992232,0.0,0.10500000000000001,0.034999999999999996,0.0,0.265,0.0,0.0,0.034999999999999996,0.0,0.0,0.2,0.36000000000000004
2015-06-01,-0.02412222977891474,-0.02534222977891474,0.305,6,True,0.00122,1.8421733251194474,-0.034348562005105165,0.0,0.034999999999999996,0.10500000000000001,0.0,0.22999999999999998,0.0,0.2,0.06999999999999999,0.0,0.0,0.0,0.36000000000000004
2015-07-01,-0.0033852195988222766,-0.004465219598822277,0.27,5,True,0.00108,1.7957944420017007,-0.05865997427264813,0.0,0.10500000000000001,0.06999999999999999,0.2,0.22999999999999998,0.0,0.0,0.034999999999999996,0.0,0.0,0.0,0.36000000000000004
2015-08-01,-0.046395488623582566,-0.047615488623582565,0.30500000000000005,5,True,0.0012200000000000002,1.7966719811313239,-0.05819997579646652,0.0,0.034999999999999996,0.06999999999999999,0.0,0.195,0.0,0.0,0.33999999999999997,0.0,0.0,0.0,0.36000000000000004
2015-09-01,0.009184537582813516,0.008104537582813516,0.27,4,True,0.00108,1.709376140768289,-0.10395970569162793,0.0,0.034999999999999996,0.13999999999999999,0.2,0.125,0.0,0.0,0.13999999999999999,0.0,0.0,0.0,0.36000000000000004
2015-10-01,0.05676364616665025,0.05568364616665025,0.27,4,True,0.00108,1.7232128881285491,-0.09670660154371025,0.0,0.034999999999999996,0.06999999999999999,0.0,0.195,0.0,0.0,0.33999999999999997,0.0,0.0,0.0,0.36000000000000004
2015-11-01,-0.0014276627682181442,-0.002227662768218144,0.2,2,True,0.0008,1.8143086196631113,-0.04895500132669861,0.0,0.034999999999999996,0.06999999999999999,0.0,0.195,0.0,0.2,0.13999999999999999,0.0,0.0,0.0,0.36000000000000004
2015-12-01,-0.03453716974892342,-0.03453716974892342,0.0,0,False,0.0,1.810269024077724,-0.0510725226439146,0.0,0.034999999999999996,0.06999999999999999,0.0,0.195,0.0,0.2,0.13999999999999999,0.0,0.0,0.0,0.36000000000000004
2016-01-01,-0.006703414660985637,-0.007503414660985638,0.2,2,True,0.0008,1.7624811354104533,-0.07612252352116522,0.2,0.034999999999999996,0.06999999999999999,0.0,0.195,0.0,0.0,0.13999999999999999,0.0,0.0,0.0,0.36000000000000004
2016-02-01,0.02062652439223322,0.02062652439223322,0.0,0,False,0.0,1.7492659603328102,-0.08304980481607427,0.2,0.034999999999999996,0.06999999999999999,0.0,0.195,0.0,0.0,0.13999999999999999,0.0,0.0,0.0,0.36000000000000004
2016-03-01,0.012098173792252698,0.009498173792252698,0.65,5,True,0.0026000000000000003,1.7807053345150547,-0.06656955484460347,0.45,0.034999999999999996,0.06999999999999999,0.0,0.10500000000000001,0.0,0.0,0.33999999999999997,0.0,0.0,0.0,0.0
2016-04-01,-0.011751895644050221,-0.014351895644050221,0.65,5,True,0.0026000000000000003,1.7975627707202848,-0.0577330315432838,0.0,0.034999999999999996,0.06999999999999999,0.0,0.195,0.0,0.0,0.13999999999999999,0.0,0.0,0.2,0.36000000000000004
2016-05-01,0.009055849254330178,0.007695849254330178,0.33999999999999997,6,True,0.00136,1.7741779207184754,-0.06999116910483927,0.0,0.10500000000000001,0.13999999999999999,0.0,0.16,0.0,0.0,0.034999999999999996,0.2,0.0,0.0,0.36000000000000004
2016-06-01,0.030535844270574992,0.029315844270574994,0.30500000000000005,5,True,0.0012200000000000002,1.7856287478027388,-0.06398874387732545,0.0,0.10500000000000001,0.034999999999999996,0.0,0.195,0.0,0.0,0.30500000000000005,0.0,0.0,0.0,0.36000000000000004
2016-07-01,0.022456567611851917,0.022036567611851916,0.10500000000000001,3,True,0.00042,1.8393815643104532,-0.0358119790478898,0.0,0.06999999999999999,0.13999999999999999,0.0,0.125,0.0,0.0,0.30500000000000005,0.0,0.0,0.0,0.36000000000000004
2016-08-01,0.00606175018825087,0.00498175018825087,0.27,5,True,0.00108,1.8786566179917492,-0.015224333169231219,0.0,0.034999999999999996,0.10500000000000001,0.0,0.195,0.0,0.0,0.10500000000000001,0.0,0.0,0.2,0.36000000000000004
2016-09-01,0.009301755295982718,0.009301755295982718,0.0,0,False,0.0,1.89004456509952,-0.011244547229888768,0.0,0.034999999999999996,0.10500000000000001,0.0,0.195,0.0,0.0,0.10500000000000001,0.0,0.0,0.2,0.36000000000000004
2016-10-01,-0.014535704617133001,-0.015095704617133,0.14,4,True,0.0005600000000000001,1.9088172143480038,-0.005477260603901413,0.0,0.175,0.06999999999999999,0.0,0.16,0.0,0.0,0.034999999999999996,0.0,0.0,0.2,0.36000000000000004
2016-11-01,-0.01041314950796029,-0.01041314950796029,0.0,0,False,0.0,1.8800178112738968,-0.020482186703133176,0.0,0.175,0.06999999999999999,0.0,0.16,0.0,0.0,0.034999999999999996,0.0,0.0,0.2,0.36000000000000004
2016-12-01,0.03225944786827868,0.03145944786827868,0.2,2,True,0.0008,1.8589525520036922,-0.031457506496992416,0.0,0.175,0.06999999999999999,0.0,0.16,0.0,0.2,0.034999999999999996,0.0,0.0,0.0,0.36000000000000004
2017-01-01,0.022098670264661373,0.022098670264661373,0.0,0,False,0.0,1.899783542382735,-0.014180210595777232,0.0,0.175,0.06999999999999999,0.0,0.16,0.0,0.2,0.034999999999999996,0.0,0.0,0.0,0.36000000000000004
2017-02-01,0.035756563821958326,0.034956563821958324,0.2,2,True,0.0008,1.9402128194741137,-0.003457832146470885,0.0,0.175,0.06999999999999999,0.0,0.16,0.0,0.0,0.034999999999999996,0.0,0.0,0.2,0.36000000000000004
2017-03-01,-0.005340797579894273,-0.006560797579894273,0.30500000000000005,5,True,0.0012200000000000002,2.0071364654229837,0.0,0.0,0.06999999999999999,0.10500000000000001,0.0,0.22999999999999998,0.0,0.2,0.034999999999999996,0.0,0.0,0.0,0.36000000000000004
2017-04-01,0.014605408248642558,0.013525408248642559,0.27,5,True,0.00108,1.99730549861734,-0.0048980061769601235,0.0,0.034999999999999996,0.10500000000000001,0.0,0.195,0.0,0.0,0.10500000000000001,0.0,0.0,0.2,0.36000000000000004
2017-05-01,0.02689373377101914,0.026093733771019142,0.2,2,True,0.0008,2.022668935011654,0.0,0.0,0.034999999999999996,0.10500000000000001,0.0,0.195,0.0,0.0,0.10500000000000001,0.2,0.0,0.0,0.36000000000000004
2017-06-01,-0.017135042558723574,-0.017135042558723574,0.0,0,False,0.0,2.077066054856769,0.0,0.0,0.034999999999999996,0.10500000000000001,0.0,0.195,0.0,0.0,0.10500000000000001,0.2,0.0,0.0,0.36000000000000004
2017-07-01,0.0358647235122649,0.035584723512264896,0.06999999999999999,3,True,0.00028,2.0502906282521205,-0.020386137788939496,0.0,0.06999999999999999,0.034999999999999996,0.0,0.22999999999999998,0.0,0.0,0.10500000000000001,0.2,0.0,0.0,0.36000000000000004
2017-08-01,0.021433476435566284,0.020213476435566285,0.30500000000000005,6,True,0.0012200000000000002,2.120638724650228,-0.00045125093349951406,0.0,0.034999999999999996,0.10500000000000001,0.0,0.265,0.0,0.0,0.034999999999999996,0.0,0.0,0.2,0.36000000000000004
2017-09-01,-0.005353293607304262,-0.005913293607304262,0.13999999999999999,3,True,0.00056,2.1648783736078885,0.0,0.0,0.034999999999999996,0.21000000000000002,0.0,0.125,0.0,0.0,0.06999999999999999,0.0,0.0,0.2,0.36000000000000004
2017-10-01,0.03768416434231753,0.036184164342317526,0.375,5,True,0.0015,2.155105911927025,-0.009481232176874022,0.0,0.10500000000000001,0.034999999999999996,0.0,0.22999999999999998,0.0,0.0,0.06999999999999999,0.2,0.0,0.0,0.36000000000000004
2017-11-01,0.009411587133161302,0.008611587133161302,0.2,2,True,0.0008,2.2311784265325554,0.0,0.0,0.10500000000000001,0.034999999999999996,0.0,0.22999999999999998,0.0,0.0,0.06999999999999999,0.0,0.0,0.2,0.36000000000000004
2017-12-01,0.020786519208885832,0.019986519208885833,0.2,2,True,0.0008,2.2503756148181333,-0.012617751486352247,0.0,0.10500000000000001,0.034999999999999996,0.0,0.22999999999999998,0.0,0.2,0.06999999999999999,0.0,0.0,0.0,0.36000000000000004
2018-01-01,0.04656183928476569,0.04548183928476569,0.27,5,True,0.00108,2.2073586119937034,-0.034761735838634844,0.0,0.10500000000000001,0.10500000000000001,0.0,0.195,0.0,0.0,0.034999999999999996,0.0,0.0,0.2,0.36000000000000004
2018-02-01,-0.03335406565815499,-0.03335406565815499,0.0,0,False,0.0,2.307642340657155,-0.013993551601469978,0.0,0.10500000000000001,0.10500000000000001,0.0,0.195,0.0,0.0,0.034999999999999996,0.0,0.0,0.2,0.36000000000000004
2018-03-01,-0.02221117020758279,-0.02221117020758279,0.0,0,False,0.0,2.230673086511337,-0.04688087542071895,0.0,0.10500000000000001,0.10500000000000001,0.0,0.195,0.0,0.0,0.034999999999999996,0.0,0.0,0.2,0.36000000000000004
2018-04-01,0.010749563639208355,0.009669563639208355,0.27,4,True,0.00108,2.216520407688625,-0.05292801380756851,0.0,0.10500000000000001,0.10500000000000001,0.0,0.125,0.0,0.0,0.30500000000000005,0.0,0.0,0.0,0.36000000000000004
2018-05-01,0.04382496437137587,0.04246496437137587,0.34,6,True,0.00136,2.2348838787253236,-0.04508169354460789,0.0,0.175,0.034999999999999996,0.0,0.195,0.0,0.2,0.034999999999999996,0.0,0.0,0.0,0.36000000000000004
2018-06-01,-0.011348144699318686,-0.011348144699318686,0.0,0,False,0.0,2.3328275850846234,-0.003232432786625661,0.0,0.175,0.034999999999999996,0.0,0.195,0.0,0.2,0.034999999999999996,0.0,0.0,0.0,0.36000000000000004
2018-07-01,0.01573300286138017,0.01545300286138017,0.06999999999999999,2,True,0.00028,2.3059705690300794,-0.0230824569525806,0.0,0.10500000000000001,0.034999999999999996,0.0,0.195,0.0,0.2,0.10500000000000001,0.0,0.0,0.0,0.36000000000000004
2018-08-01,0.03423762054060073,0.03423762054060073,0.0,0,False,0.0,2.341594580475923,-0.020728800619615795,0.0,0.10500000000000001,0.034999999999999996,0.0,0.195,0.0,0.2,0.10500000000000001,0.0,0.0,0.0,0.36000000000000004
2018-09-01,0.010329523446880436,0.010329523446880436,0.0,0,False,0.0,2.43010110652117,-0.002599734432524814,0.0,0.10500000000000001,0.034999999999999996,0.0,0.195,0.0,0.2,0.10500000000000001,0.0,0.0,0.0,0.36000000000000004
2018-10-01,-0.06417261454204855,-0.06445261454204855,0.06999999999999999,3,True,0.00028,2.4545154360692645,0.0,0.0,0.13999999999999999,0.034999999999999996,0.0,0.22999999999999998,0.0,0.2,0.034999999999999996,0.0,0.0,0.0,0.36000000000000004
2018-11-01,-0.001199206260781353,-0.002699206260781353,0.375,6,True,0.0015,2.2935572589582294,-0.06825116421066113,0.2,0.034999999999999996,0.175,0.0,0.16,0.0,0.0,0.06999999999999999,0.0,0.0,0.0,0.36000000000000004
2018-12-01,-0.06329461029345214,-0.06409461029345213,0.2,2,True,0.0008,2.263103695579528,-0.08062280747917516,0.0,0.034999999999999996,0.175,0.0,0.16,0.0,0.2,0.06999999999999999,0.0,0.0,0.0,0.36000000000000004
2019-01-01,0.046449639883666814,0.04564963988366681,0.2,2,True,0.0008,2.115752593410285,-0.14048362733105413,0.2,0.034999999999999996,0.175,0.0,0.16,0.0,0.0,0.06999999999999999,0.0,0.0,0.0,0.36000000000000004
2019-02-01,0.0278868156863371,0.027086815686337102,0.2,2,True,0.0008,2.21048751077226,-0.10199793066232876,0.0,0.034999999999999996,0.175,0.0,0.16,0.0,0.0,0.06999999999999999,0.0,0.0,0.2,0.36000000000000004
2019-03-01,0.033732424116866735,0.032372424116866735,0.33999999999999997,5,True,0.00136,2.2690408704448726,-0.07821085297180197,0.0,0.034999999999999996,0.06999999999999999,0.0,0.30000000000000004,0.0,0.2,0.034999999999999996,0.0,0.0,0.0,0.36000000000000004
2019-04-01,0.021149393536836227,0.01992939353683623,0.30500000000000005,6,True,0.0012200000000000002,2.3427195104595238,-0.04827918817989052,0.0,0.06999999999999999,0.034999999999999996,0.0,0.22999999999999998,0.0,0.0,0.10500000000000001,0.0,0.0,0.2,0.36000000000000004
2019-05-01,-0.056950599526756025,-0.05775059952675603,0.2,2,True,0.0008,2.3903527940467906,-0.0289283494973549,0.0,0.06999999999999999,0.034999999999999996,0.0,0.22999999999999998,0.0,0.2,0.10500000000000001,0.0,0.0,0.0,0.36000000000000004
2019-06-01,0.06221028184336811,0.06085028184336811,0.33999999999999997,6,True,0.00136,2.2684524530451706,-0.07844989528260071,0.0,0.034999999999999996,0.10500000000000001,0.0,0.125,0.0,0.0,0.375,0.0,0.0,0.0,0.36000000000000004
2019-07-01,0.007777253374752175,0.006417253374752175,0.33999999999999997,4,True,0.00136,2.4030239362715395,-0.023780746589288193,0.0,0.034999999999999996,0.10500000000000001,0.0,0.265,0.0,0.2,0.034999999999999996,0.0,0.0,0.0,0.36000000000000004
2019-08-01,0.026138022000083763,0.024918022000083764,0.305,5,True,0.00122,2.4187583725975244,-0.020200743474367733,0.0,0.034999999999999996,0.13999999999999999,0.0,0.16,0.0,0.0,0.30500000000000005,0.0,0.0,0.0,0.36000000000000004
2019-09-01,-0.004040792625936458,-0.004040792625936458,0.0,0,False,0.0,2.488636200432492,-0.0011236151845901432,0.0,0.034999999999999996,0.13999999999999999,0.0,0.16,0.0,0.0,0.30500000000000005,0.0,0.0,0.0,0.36000000000000004
2019-10-01,0.02609125965521796,0.02573125965521796,0.09000000000000001,2,True,0.00036,2.4776878487756013,-0.01605192464217753,0.0,0.034999999999999996,0.22999999999999998,0.0,0.06999999999999999,0.0,0.0,0.30500000000000005,0.0,0.0,0.0,0.36000000000000004
2019-11-01,0.001075748725464731,-4.251274535269122e-06,0.27,4,True,0.00108,2.5395881252291397,0.0,0.0,0.034999999999999996,0.22999999999999998,0.0,0.13999999999999999,0.0,0.0,0.034999999999999996,0.0,0.0,0.2,0.36000000000000004
2019-12-01,0.05476157701061834,0.05318157701061834,0.395,7,True,0.00158,2.5601740974224363,-0.003674564250571666,0.0,0.034999999999999996,0.034999999999999996,0.0,0.30000000000000004,0.0,0.2,0.06999999999999999,0.0,0.0,0.0,0.36000000000000004
2020-01-01,-0.007711103543133566,-0.009071103543133566,0.34,6,True,0.00136,2.575962840739747,-0.03593464299024984,0.0,0.10500000000000001,0.10500000000000001,0.0,0.195,0.0,0.0,0.034999999999999996,0.0,0.0,0.2,0.36000000000000004
2020-02-01,-0.002893414734961214,-0.003973414734961214,0.27,4,True,0.00108,2.53985211887872,-0.04944923854739436,0.0,0.034999999999999996,0.10500000000000001,0.0,0.195,0.0,0.0,0.30500000000000005,0.0,0.0,0.0,0.36000000000000004
2020-03-01,-0.06554207223657534,-0.06590207223657533,0.09000000000000001,2,True,0.00036,2.4620304932653845,-0.07857432222230254,0.0,0.034999999999999996,0.195,0.0,0.10500000000000001,0.0,0.0,0.30500000000000005,0.0,0.0,0.0,0.36000000000000004
2020-04-01,0.0887769847035956,0.0887769847035956,0.0,0,False,0.0,2.2998356738185164,-0.13927644262644345,0.0,0.034999999999999996,0.195,0.0,0.10500000000000001,0.0,0.0,0.30500000000000005,0.0,0.0,0.0,0.36000000000000004
2020-05-01,0.04385247411619256,0.04385247411619256,0.0,0,False,0.0,2.504008150253886,-0.06286400053946695,0.0,0.034999999999999996,0.195,0.0,0.10500000000000001,0.0,0.0,0.30500000000000005,0.0,0.0,0.0,0.36000000000000004
2020-06-01,0.03793479816538148,0.037134798165381476,0.2,2,True,0.0008,2.6117240507673514,-0.02255085376506727,0.0,0.034999999999999996,0.195,0.0,0.10500000000000001,0.0,0.2,0.10500000000000001,0.0,0.0,0.0,0.36000000000000004
2020-07-01,0.07975196591659009,0.0789519659165901,0.2,2,True,0.0008,2.708630636076486,-0.0005226277826175796,0.0,0.034999999999999996,0.195,0.0,0.10500000000000001,0.0,0.0,0.10500000000000001,0.0,0.0,0.2,0.36000000000000004
2020-08-01,0.05295172613471151,0.052531726134711514,0.10500000000000001,3,True,0.00042,2.893530755543503,0.0,0.0,0.034999999999999996,0.30000000000000004,0.0,0.06999999999999999,0.0,0.0,0.034999999999999996,0.0,0.0,0.2,0.36000000000000004
2020-09-01,-0.04609650755258996,-0.04731650755258996,0.30500000000000005,5,True,0.0012200000000000002,3.0417530977731646,0.0,0.0,0.06999999999999999,0.195,0.0,0.13999999999999999,0.0,0.2,0.034999999999999996,0.0,0.0,0.0,0.36000000000000004
2020-10-01,-0.02197994051220596,-0.02277994051220596,0.2,2,True,0.0008,2.899217672006047,-0.05176611090863359,0.0,0.06999999999999999,0.195,0.0,0.13999999999999999,0.0,0.0,0.034999999999999996,0.0,0.0,0.2,0.36000000000000004
2020-11-01,0.08967984975160032,0.08931984975160032,0.09000000000000001,2,True,0.00036,2.811093254226645,-0.08058856194490072,0.0,0.06999999999999999,0.10500000000000001,0.0,0.22999999999999998,0.0,0.0,0.034999999999999996,0.0,0.0,0.2,0.36000000000000004
2020-12-01,0.027971071978744495,0.026891071978744494,0.27,5,True,0.00108,3.058781869860491,0.0,0.0,0.10500000000000001,0.034999999999999996,0.0,0.22999999999999998,0.0,0.0,0.06999999999999999,0.2,0.0,0.0,0.36000000000000004
2021-01-01,0.026600599561254146,0.025520599561254145,0.27,5,True,0.00108,3.056210464328856,-0.03445015995416956,0.0,0.10500000000000001,0.10500000000000001,0.0,0.195,0.0,0.0,0.034999999999999996,0.0,0.0,0.2,0.36000000000000004
2021-02-01,0.024215270418803964,0.023935270418803965,0.06999999999999999,3,True,0.00028,3.1332414336543613,-0.012825988700553625,0.0,0.13999999999999999,0.034999999999999996,0.0,0.22999999999999998,0.0,0.0,0.034999999999999996,0.0,0.0,0.2,0.36000000000000004
2021-03-01,0.006418148351063894,0.006418148351063894,0.0,0,False,0.0,3.2091137222577033,-0.020485363595585504,0.0,0.13999999999999999,0.034999999999999996,0.0,0.22999999999999998,0.0,0.0,0.034999999999999996,0.0,0.0,0.2,0.36000000000000004
2021-04-01,0.04083042707918691,0.04003042707918691,0.2,2,True,0.0008,3.227126521970427,-0.01498733439242561,0.0,0.13999999999999999,0.034999999999999996,0.0,0.22999999999999998,0.0,0.2,0.034999999999999996,0.0,0.0,0.0,0.36000000000000004
2021-05-01,0.005826411087282693,0.005826411087282693,0.0,0,False,0.0,3.352068066628243,-0.009172754264346383,0.0,0.13999999999999999,0.034999999999999996,0.0,0.22999999999999998,0.0,0.2,0.034999999999999996,0.0,0.0,0.0,0.36000000000000004
2021-06-01,0.027167543627170145,0.026087543627170143,0.27,4,True,0.00108,3.3679572666963407,-0.004476115643803125,0.0,0.13999999999999999,0.10500000000000001,0.0,0.16,0.0,0.0,0.034999999999999996,0.2,0.0,0.0,0.36000000000000004
2021-07-01,0.022380549464159398,0.021300549464159397,0.27,5,True,0.00108,3.4557201797696706,0.0,0.0,0.13999999999999999,0.034999999999999996,0.0,0.195,0.0,0.2,0.06999999999999999,0.0,0.0,0.0,0.36000000000000004
2021-08-01,0.024941398183624022,0.024941398183624022,0.0,0,False,0.0,3.5435848699140977,-0.0029049733284475243,0.0,0.13999999999999999,0.034999999999999996,0.0,0.195,0.0,0.2,0.06999999999999999,0.0,0.0,0.0,0.36000000000000004
2021-09-01,-0.022834125442385014,-0.022834125442385014,0.0,0,False,0.0,3.6319668311520905,-0.0036794296917734837,0.0,0.13999999999999999,0.034999999999999996,0.0,0.195,0.0,0.2,0.06999999999999999,0.0,0.0,0.0,0.36000000000000004
2021-10-01,0.05562972335611448,0.054989723356114475,0.16000000000000003,5,True,0.0006400000000000002,3.5467626631382285,-0.027165996485571053,0.0,0.30000000000000004,0.034999999999999996,0.0,0.06999999999999999,0.0,0.2,0.034999999999999996,0.0,0.0,0.0,0.36000000000000004
2021-11-01,-0.017980613390098835,-0.018260613390098834,0.07,2,True,0.00028000000000000003,3.743019749833513,0.0,0.0,0.22999999999999998,0.034999999999999996,0.0,0.13999999999999999,0.0,0.2,0.034999999999999996,0.0,0.0,0.0,0.36000000000000004
2021-12-01,0.030850222404824986,0.029490222404824986,0.33999999999999997,6,True,0.00136,3.6707189823762825,-0.043003448295047875,0.2,0.125,0.06999999999999999,0.0,0.10500000000000001,0.0,0.0,0.13999999999999999,0.0,0.0,0.0,0.36000000000000004
2022-01-01,-0.029703778558629722,-0.03092377855862972,0.30500000000000005,5,True,0.0012200000000000002,3.6455010611551426,-0.04957803593459931,0.0,0.195,0.06999999999999999,0.0,0.13999999999999999,0.0,0.2,0.034999999999999996,0.0,0.0,0.0,0.36000000000000004
2022-02-01,0.009371068317926837,0.008151068317926837,0.30500000000000005,4,True,0.0012200000000000002,3.528590362883539,-0.08005793255444738,0.2,0.30000000000000004,0.06999999999999999,0.0,0.034999999999999996,0.0,0.0,0.034999999999999996,0.0,0.0,0.0,0.36000000000000004
2022-03-01,0.035734266024069254,0.03465426602406926,0.2700000000000001,2,True,0.0010800000000000002,3.557810434653919,-0.07243994053188119,0.2,0.5700000000000001,0.06999999999999999,0.0,0.034999999999999996,0.0,0.0,0.034999999999999996,0.0,0.0,0.0,0.09000000000000001
2022-04-01,-0.0077581988618491355,-0.008838198861849136,0.27,4,True,0.0010800000000000002,3.680966437315528,-0.040331824809923145,0.0,0.5,0.06999999999999999,0.0,0.10500000000000001,0.0,0.2,0.034999999999999996,0.0,0.0,0.0,0.09000000000000001
2022-05-01,0.01352471305992683,0.01272471305992683,0.2,2,True,0.0008,3.6188978877699323,-0.056513773951126556,0.2,0.5,0.06999999999999999,0.0,0.10500000000000001,0.0,0.0,0.034999999999999996,0.0,0.0,0.0,0.09000000000000001
2022-06-01,-0.05396457620629321,-0.05396457620629321,0.0,0,False,0.0,3.6649081693405594,-0.04451839075304809,0.2,0.5,0.06999999999999999,0.0,0.10500000000000001,0.0,0.0,0.034999999999999996,0.0,0.0,0.0,0.09000000000000001
2022-07-01,-0.002866458493409422,-0.004946458493409422,0.52,6,True,0.0020800000000000003,3.459921316604569,-0.09796070332315931,0.65,0.13999999999999999,0.10500000000000001,0.0,0.034999999999999996,0.0,0.0,0.06999999999999999,0.0,0.0,0.0,0.0
2022-08-01,-0.023452790158468864,-0.024812790158468864,0.33999999999999997,6,True,0.00136,3.445311590869826,-0.10176961847483157,0.45,0.06999999999999999,0.034999999999999996,0.0,0.13999999999999999,0.0,0.2,0.10500000000000001,0.0,0.0,0.0,0.0
2022-09-01,-0.013014926569618428,-0.014234926569618429,0.30500000000000005,6,True,0.0012200000000000002,3.3604047196048747,-0.12390576766160832,0.65,0.13999999999999999,0.06999999999999999,0.0,0.10500000000000001,0.0,0.0,0.034999999999999996,0.0,0.0,0.0,0.0
2022-10-01,0.0011422408523713795,0.0008622408523713795,0.06999999999999999,2,True,0.00028,3.2908986866222385,-0.14202675001041587,0.65,0.13999999999999999,0.13999999999999999,0.0,0.034999999999999996,0.0,0.0,0.034999999999999996,0.0,0.0,0.0,0.0
2022-11-01,0.027265991575966056,0.026185991575966055,0.27,4,True,0.00108,3.29017794739526,-0.1422146546030062,0.45,0.13999999999999999,0.06999999999999999,0.0,0.10500000000000001,0.0,0.2,0.034999999999999996,0.0,0.0,0.0,0.0
2022-12-01,-0.013611197626282979,-0.01483119762628298,0.305,5,True,0.00122,3.3757644483402243,-0.11990131853177133,0.45,0.034999999999999996,0.13999999999999999,0.0,0.10500000000000001,0.0,0.0,0.06999999999999999,0.2,0.0,0.0,0.0
2023-01-01,0.08059612216448375,0.07879612216448376,0.45,2,True,0.0018000000000000002,3.3221730803411504,-0.1338731738065828,0.0,0.034999999999999996,0.13999999999999999,0.0,0.10500000000000001,0.0,0.0,0.06999999999999999,0.2,0.45,0.0,0.0
2023-02-01,-0.04333321532844553,-0.04333321532844553,0.0,0,False,0.0,3.583465478549888,-0.06575139023419874,0.0,0.034999999999999996,0.13999999999999999,0.0,0.10500000000000001,0.0,0.0,0.06999999999999999,0.2,0.45,0.0,0.0
2023-03-01,0.051090038862351556,0.048210038862351555,0.72,7,True,0.00288,3.418309232041476,-0.10880942849861663,0.2,0.10500000000000001,0.555,0.0,0.10500000000000001,0.0,0.0,0.034999999999999996,0.0,0.0,0.0,0.0
2023-04-01,-0.001413413469552023,-0.002853413469552023,0.36000000000000004,7,True,0.0014399999999999999,3.5699959299607165,-0.06926304874435651,0.0,0.034999999999999996,0.5,0.0,0.10500000000000001,0.0,0.2,0.06999999999999999,0.0,0.0,0.0,0.09000000000000001
2023-05-01,0.004609017176266116,0.0038090171762661163,0.2,2,True,0.0008,3.5569686683383583,-0.07265939820902845,0.0,0.034999999999999996,0.5,0.0,0.10500000000000001,0.0,0.0,0.06999999999999999,0.2,0.0,0.0,0.09000000000000001
2023-06-01,0.027247835398288452,0.025367835398288453,0.4700000000000001,4,True,0.0018800000000000002,3.56664487596588,-0.07013670514056458,0.0,0.034999999999999996,0.22999999999999998,0.0,0.10500000000000001,0.0,0.2,0.06999999999999999,0.0,0.0,0.0,0.36000000000000004
2023-07-01,0.02785545533861418,0.02693545533861418,0.22999999999999998,5,True,0.00092,3.66622257972946,-0.04417570960100614,0.0,0.034999999999999996,0.034999999999999996,0.0,0.335,0.0,0.2,0.034999999999999996,0.0,0.0,0.0,0.36000000000000004
2023-08-01,-0.008829422570766904,-0.009389422570766904,0.13999999999999999,3,True,0.00056,3.762771667131836,-0.019004307443023616,0.0,0.13999999999999999,0.06999999999999999,0.0,0.195,0.0,0.2,0.034999999999999996,0.0,0.0,0.0,0.36000000000000004
2023-09-01,-0.048622970771812365,-0.048622970771812365,0.0,0,False,0.0,3.7295485660454193,-0.02766593295271147,0.0,0.13999999999999999,0.06999999999999999,0.0,0.195,0.0,0.2,0.034999999999999996,0.0,0.0,0.0,0.36000000000000004
2023-10-01,0.0049187604956663815,0.004118760495666381,0.2,2,True,0.0008,3.5438094942058695,-0.0760901387066093,0.2,0.13999999999999999,0.06999999999999999,0.0,0.195,0.0,0.0,0.034999999999999996,0.0,0.0,0.0,0.36000000000000004
2023-11-01,0.05879474593119224,0.05879474593119224,0.0,0,False,0.0,3.558391651834657,-0.07228841086141913,0.2,0.13999999999999999,0.06999999999999999,0.0,0.195,0.0,0.0,0.034999999999999996,0.0,0.0,0.0,0.36000000000000004
2023-12-01,0.019395308183598692,0.018175308183598693,0.30500000000000005,5,True,0.0012200000000000002,3.7630099051383405,-0.018942196191302996,0.0,0.034999999999999996,0.10500000000000001,0.0,0.195,0.0,0.2,0.10500000000000001,0.0,0.0,0.0,0.36000000000000004
2024-01-01,0.03878042676711244,0.03878042676711244,0.0,0,False,0.0,3.840244884103397,-0.016363662849550376,0.0,0.034999999999999996,0.10500000000000001,0.0,0.195,0.0,0.2,0.10500000000000001,0.0,0.0,0.0,0.36000000000000004
2024-02-01,0.03585840616023447,0.03585840616023447,0.0,0,False,0.0,3.989171219599146,-0.0036142120567348446,0.0,0.034999999999999996,0.10500000000000001,0.0,0.195,0.0,0.2,0.10500000000000001,0.0,0.0,0.0,0.36000000000000004
2024-03-01,0.015583309658732423,0.015303309658732422,0.06999999999999999,2,True,0.00028,4.131059520802648,0.0,0.0,0.034999999999999996,0.10500000000000001,0.0,0.265,0.0,0.2,0.034999999999999996,0.0,0.0,0.0,0.36000000000000004
2024-04-01,-0.04309356478687211,-0.04309356478687211,0.0,0,False,0.0,4.195435100533972,0.0,0.0,0.034999999999999996,0.10500000000000001,0.0,0.265,0.0,0.2,0.034999999999999996,0.0,0.0,0.0,0.36000000000000004
2024-05-01,0.05393037866960819,0.05313037866960819,0.2,2,True,0.0008,4.011427135143019,-0.04581699217332513,0.0,0.034999999999999996,0.10500000000000001,0.0,0.265,0.0,0.0,0.034999999999999996,0.0,0.0,0.2,0.36000000000000004
2024-06-01,0.04610885816067206,0.04530885816067206,0.2,2,True,0.0008,4.210809636583416,-0.02151031745759502,0.0,0.034999999999999996,0.10500000000000001,0.0,0.265,0.0,0.2,0.034999999999999996,0.0,0.0,0.0,0.36000000000000004
2024-07-01,-0.027278036872735112,-0.02755803687273511,0.06999999999999999,2,True,0.00028,4.400208885088726,-0.007590976967562613,0.0,0.10500000000000001,0.10500000000000001,0.0,0.195,0.0,0.2,0.034999999999999996,0.0,0.0,0.0,0.36000000000000004
2024-08-01,0.012537492132420974,0.011457492132420975,0.27,4,True,0.00108,4.275557230662677,-0.05547988231936829,0.0,0.034999999999999996,0.10500000000000001,0.0,0.195,0.0,0.0,0.30500000000000005,0.0,0.0,0.0,0.36000000000000004
2024-09-01,0.035404643147020576,0.035404643147020576,0.0,0,False,0.0,4.40387240891104,-0.027133573120141197,0.0,0.034999999999999996,0.10500000000000001,0.0,0.195,0.0,0.0,0.30500000000000005,0.0,0.0,0.0,0.36000000000000004
2024-10-01,-0.00535294586374353,-0.006152945863743531,0.2,2,True,0.0008,4.556142108061534,-0.011153476660597517,0.0,0.034999999999999996,0.10500000000000001,0.0,0.195,0.0,0.0,0.10500000000000001,0.0,0.0,0.2,0.36000000000000004
2024-11-01,0.00469781068530847,0.0021778106853084698,0.63,8,True,0.00252,4.5203333076280146,-0.02872170209556857,0.0,0.06999999999999999,0.5,0.0,0.10500000000000001,0.0,0.2,0.034999999999999996,0.0,0.0,0.0,0.09000000000000001
2024-12-01,-0.00979390120199691,-0.00979390120199691,0.0,0,False,0.0,4.55648141685064,-0.020954603607727496,0.0,0.06999999999999999,0.5,0.0,0.10500000000000001,0.0,0.2,0.034999999999999996,0.0,0.0,0.0,0.09000000000000001
2025-01-01,0.012716445652307949,0.011276445652307949,0.36000000000000004,3,True,0.00144,4.359577404933912,-0.06326311949134689,0.0,0.06999999999999999,0.13999999999999999,0.0,0.195,0.0,0.2,0.034999999999999996,0.0,0.0,0.0,0.36000000000000004
2025-02-01,0.0034644656535057754,0.002024465653505775,0.36000000000000004,3,True,0.00144,4.434160906778031,-0.047237456826015545,0.0,0.06999999999999999,0.5,0.0,0.10500000000000001,0.0,0.2,0.034999999999999996,0.0,0.0,0.0,0.09000000000000001
2025-03-01,0.03491918999469618,0.033699189994696184,0.30500000000000005,6,True,0.0012200000000000002,4.450534869521973,-0.04371920417038744,0.0,0.034999999999999996,0.535,0.0,0.034999999999999996,0.0,0.0,0.10500000000000001,0.2,0.0,0.0,0.09000000000000001
2025-04-01,0.011093844826834818,0.009933844826834818,0.29000000000000004,4,True,0.00116,4.594988313958242,-0.012680675351786852,0.0,0.034999999999999996,0.535,0.0,0.125,0.0,0.0,0.10500000000000001,0.0,0.0,0.2,0.0
2025-05-01,0.04411939430875255,0.04331939430875255,0.2,2,True,0.0008,4.64224762977338,-0.02032443000593287,0.0,0.034999999999999996,0.535,0.0,0.125,0.0,0.0,0.10500000000000001,0.2,0.0,0.0,0.0
2025-06-01,0.0075777205275077385,0.007157720527507738,0.10500000000000001,4,True,0.00042,4.767472662298105,-0.008518335665087196,0.0,0.06999999999999999,0.5,0.0,0.195,0.0,0.0,0.034999999999999996,0.2,0.0,0.0,0.0
2025-07-01,0.005835028263632894,0.0046750282636328945,0.29000000000000004,4,True,0.00116,4.796011891273427,-0.007143890536736586,0.0,0.06999999999999999,0.5,0.0,0.10500000000000001,0.0,0.0,0.034999999999999996,0.0,0.0,0.2,0.09000000000000001
2025-08-01,0.03740048415175128,0.03660048415175128,0.2,2,True,0.0008,4.820137558806756,-0.018758699870920603,0.0,0.06999999999999999,0.5,0.0,0.10500000000000001,0.0,0.2,0.034999999999999996,0.0,0.0,0.0,0.09000000000000001
2025-09-01,0.07336753784610234,0.07256753784610234,0.2,2,True,0.0008,4.952981420407173,0.0,0.0,0.06999999999999999,0.5,0.0,0.10500000000000001,0.0,0.0,0.034999999999999996,0.0,0.0,0.2,0.09000000000000001
2025-10-01,0.030174845760687553,0.030174845760687553,0.0,0,False,0.0,5.31211637664216,0.0,0.0,0.06999999999999999,0.5,0.0,0.10500000000000001,0.0,0.0,0.034999999999999996,0.0,0.0,0.2,0.09000000000000001
2025-11-01,0.02222015518535682,0.02142015518535682,0.2,2,True,0.0008,5.458981360248042,-0.039444944326610165,0.0,0.06999999999999999,0.5,0.0,0.10500000000000001,0.0,0.2,0.034999999999999996,0.0,0.0,0.0,0.09000000000000001
2025-12-01,0.0182785707016472,0.0171985707016472,0.27,5,True,0.00108,5.5697946667356435,-0.019946383192539163,0.0,0.034999999999999996,0.5700000000000001,0.0,0.06999999999999999,0.0,0.0,0.034999999999999996,0.2,0.0,0.0,0.09000000000000001
2026-01-01,0.055915006819738794,0.055915006819738794,0.0,0,False,0.0,5.397511850595192,-0.0743281384468415,0.0,0.034999999999999996,0.5700000000000001,0.0,0.06999999999999999,0.0,0.0,0.034999999999999996,0.2,0.0,0.0,0.09000000000000001
2026-02-01,0.09133309157811338,0.09133309157811338,0.0,0,False,0.0,5.833274086644221,-0.0680051588691779,0.0,0.034999999999999996,0.5700000000000001,0.0,0.06999999999999999,0.0,0.0,0.034999999999999996,0.2,0.0,0.0,0.09000000000000001
2026-03-01,-0.06232202173818575,-0.06260202173818574,0.07000000000000002,3,True,0.0002800000000000001,6.33103155549685,0.0,0.0,0.10500000000000001,0.535,0.0,0.034999999999999996,0.0,0.0,0.034999999999999996,0.2,0.0,0.0,0.09000000000000001
2026-04-01,0.022632794094482628,0.02141279409448263,0.30500000000000005,4,True,0.0012200000000000002,5.927566193863895,-0.06372821839478116,0.2,0.21000000000000002,0.43000000000000005,0.0,0.034999999999999996,0.0,0.0,0.034999999999999996,0.0,0.0,0.0,0.09000000000000001
2026-05-01,0.019585894958802603,0.0170658949588026,0.6300000000000001,7,True,0.0025200000000000005,6.046448035591928,-0.0449505767599333,0.0,0.535,0.034999999999999996,0.0,0.10500000000000001,0.0,0.2,0.034999999999999996,0.0,0.0,0.0,0.09000000000000001
2026-06-01,-0.0585085806037221,-0.059588580603722095,0.2700000000000001,2,True,0.0010800000000000002,6.158215068708666,-0.027296734390486188,0.0,0.265,0.034999999999999996,0.0,0.10500000000000001,0.0,0.2,0.034999999999999996,0.0,0.0,0.0,0.36000000000000004
2026-07-01,0.0,-0.00078,0.195,5,True,0.00078,5.793384278802198,-0.08492253939689265,0.0,0.06999999999999999,0.034999999999999996,0.0,0.22999999999999998,0.0,0.2,0.10500000000000001,0.0,0.0,0.0,0.36000000000000004
2026-08-01,0.0,-0.0018000000000000002,0.45,3,True,0.0018000000000000002,5.740059346902947,-0.09334532665230477,1.0,0.0,0.0,0.0,0.0,0.0,0.0,0.0,0.0,0.0,0.0,0.0
