date,gross_return,net_return,turnover,operations,signal_changed,trade_cost,equity,drawdown,w__CASH,w_agg.us,w_ief.us,w_lqd.us,w_shy.us,w_spy.us,w_vea.us,w_vwo.us
2007-08-01,0.019746700440127385,0.015746700440127385,1.0,4,True,0.004,0.996,0.0,0.0,0.25,0.5,0.0,0.0,0.0,0.0,0.25
2007-09-01,0.05317626670266691,0.05117626670266691,0.4999999999999999,4,True,0.0019999999999999996,1.0163848899270842,0.0,0.0,0.3333333333333333,0.0,0.0,0.0,0.3333333333333333,0.0,0.3333333333333333
2007-10-01,0.013630480299388181,0.013630480299388181,0.0,0,False,0.0,1.0682915790185947,0.0,0.0,0.3333333333333333,0.0,0.0,0.0,0.3333333333333333,0.0,0.3333333333333333
2007-11-01,-0.01849028457209563,-0.01849028457209563,0.0,0,False,0.0,1.0828529063404102,-0.020311138899228642,0.0,0.3333333333333333,0.0,0.0,0.0,0.3333333333333333,0.0,0.3333333333333333
2007-12-01,-0.018623478936801347,-0.018623478936801347,0.0,0,False,0.0,1.0639501586606634,-0.037413010480875086,0.0,0.3333333333333333,0.0,0.0,0.0,0.3333333333333333,0.0,0.3333333333333333
2008-01-01,-0.0298158627042829,-0.0298158627042829,0.0,0,False,0.0,1.037645682528715,-0.061211443409917576,0.0,0.3333333333333333,0.0,0.0,0.0,0.3333333333333333,0.0,0.3333333333333333
2008-02-01,-0.01035557328043521,-0.01235557328043521,0.4999999999999999,4,True,0.0019999999999999996,1.0046939665601016,-0.09102382965331612,0.0,0.25,0.5,0.0,0.0,0.25,0.0,0.0
2008-03-01,0.0001539897550663829,-0.0018460102449336167,0.4999999999999999,4,True,0.0019999999999999996,0.9987747884282674,-0.09637908413772,0.0,0.3333333333333333,0.0,0.0,0.0,0.3333333333333333,0.0,0.3333333333333333
2008-04-01,-0.018763789489535165,-0.022763789489535165,0.9999999999999999,4,True,0.003999999999999999,0.9929430094049397,-0.10165526607905484,0.0,0.0,1.0,0.0,0.0,0.0,0.0,0.0
2008-05-01,-0.009751212677770422,-0.013751212677770422,0.9999999999999999,4,True,0.003999999999999999,0.9704143892581542,-0.12203757108515867,0.0,0.3333333333333333,0.0,0.0,0.0,0.3333333333333333,0.0,0.3333333333333333
2008-06-01,-0.03385030530765215,-0.03585030530765215,0.4999999999999999,4,True,0.0019999999999999996,0.9662584215541863,-0.1257975972556864,0.0,0.25,0.0,0.0,0.5,0.0,0.0,0.25
2008-07-01,0.0016289369294739675,-0.00037106307052603253,0.5,3,True,0.002,0.9298198120636889,-0.15876467858576948,0.0,0.0,0.0,0.0,1.0,0.0,0.0,0.0
2008-08-01,0.01692770984387182,0.012927709843871819,1.0,2,True,0.004,0.9276090921737427,-0.16076478186712262,0.0,0.0,1.0,0.0,0.0,0.0,0.0,0.0
2008-09-01,-0.03287718972477599,-0.03487718972477599,0.5,3,True,0.002,0.9413567788154809,-0.14832684556944709,0.0,0.25,0.5,0.0,0.0,0.25,0.0,0.0
2008-10-01,0.005798635646045547,0.0017986356460455467,1.0,4,True,0.004,0.9049524509801697,-0.1812629112781753,0.0,0.0,0.0,0.0,1.0,0.0,0.0,0.0
2008-11-01,0.007547652719179121,0.007547652719179121,0.0,0,False,0.0,0.912142046501993,-0.17475827282976908,0.0,0.0,0.0,0.0,1.0,0.0,0.0,0.0
2008-12-01,0.05284032094841179,0.048840320948411786,1.0,4,True,0.004,0.9153504715879532,-0.17185551632425777,0.0,0.25,0.5,0.0,0.0,0.25,0.0,0.0
2009-01-01,-0.051421949458823085,-0.05442194945882309,0.75,4,True,0.003,0.9644061834290047,-0.12747337154480853,0.0,0.25,0.0,0.5,0.0,0.0,0.25,0.0
2009-02-01,-0.04247147224441125,-0.045471472244411254,0.75,4,True,0.003,0.9194124099677378,-0.16818056124785552,0.0,0.25,0.5,0.0,0.0,0.25,0.0,0.0
2009-03-01,0.022508905287974112,0.02050890528797411,0.5,3,True,0.002,0.8836255654818009,-0.20055797161590438,0.0,0.0,1.0,0.0,0.0,0.0,0.0,0.0
2009-04-01,0.08518489871880777,0.08118489871880777,1.0,5,True,0.004,0.8981011477074697,-0.18746148678273922,0.0,0.25,0.0,0.0,0.0,0.25,0.25,0.25
2009-05-01,0.10473551562063899,0.10473551562063899,0.0,0,False,0.0,0.9746058030141757,-0.11824547582919609,0.0,0.25,0.0,0.0,0.0,0.25,0.25,0.25
2009-06-01,-0.0033049423802396782,-0.005304942380239678,0.5,3,True,0.002,1.074528281031093,-0.027842672167156857,0.0,0.0,0.0,0.5,0.0,0.0,0.25,0.25
2009-07-01,0.08300892196760895,0.08100892196760895,0.5,3,True,0.002,1.0688350729223943,-0.03299348492793208,0.0,0.25,0.0,0.0,0.0,0.25,0.25,0.25
2009-08-01,-0.014597847935925251,-0.014597847935925251,0.0,0,False,0.0,1.1355106878934245,0.0,0.0,0.25,0.0,0.0,0.0,0.25,0.25,0.25
2009-09-01,0.04111374989662242,0.04111374989662242,0.0,0,False,0.0,1.1189346755419383,-0.02437482660463064,0.0,0.25,0.0,0.0,0.0,0.25,0.25,0.25
2009-10-01,0.009872483727631859,0.009872483727631859,0.0,0,False,0.0,1.164938275942828,-0.02943202523638322,0.0,0.25,0.0,0.0,0.0,0.25,0.25,0.25
2009-11-01,0.052839655014851494,0.052839655014851494,0.0,0,False,0.0,1.1669891016409135,-0.054030253264471306,0.0,0.25,0.0,0.0,0.0,0.25,0.25,0.25
2009-12-01,0.0029052114346017066,0.0029052114346017066,0.0,0,False,0.0,1.2286524031777113,-0.00410951868831011,0.0,0.25,0.0,0.0,0.0,0.25,0.25,0.25
2010-01-01,-0.02823984783123981,-0.030239847831239813,0.5,3,True,0.002,1.1758557315805143,-0.04690413053507725,0.0,0.0,0.0,0.5,0.0,0.25,0.0,0.25
2010-02-01,0.007450729790438065,0.005450729790438065,0.5,3,True,0.002,1.1380837162695707,-0.07752043048357227,0.0,0.25,0.0,0.0,0.0,0.25,0.25,0.25
2010-03-01,0.05205769024841039,0.05205769024841039,0.0,0,False,0.0,1.1465632705183928,-0.07064728447390578,0.0,0.25,0.0,0.0,0.0,0.25,0.25,0.25
2010-04-01,0.007016200679372586,0.005016200679372586,0.5,3,True,0.002,1.2038382046930332,-0.024222794020174354,0.0,0.0,0.0,0.5,0.0,0.25,0.0,0.25
2010-05-01,-0.08472247308012085,-0.08672247308012085,0.5,3,True,0.002,1.2089003563622422,-0.02011964112739295,0.0,0.25,0.0,0.0,0.0,0.25,0.25,0.25
2010-06-01,0.005124956668029285,0.0031249566680292846,0.5,3,True,0.002,1.1020578370672522,-0.10672139089001553,0.0,0.25,0.5,0.0,0.0,0.25,0.0,0.0
2010-07-01,0.03414870903826439,0.03314870903826439,0.25,2,True,0.001,1.1065981298921561,-0.10304123334912363,0.0,0.25,0.5,0.0,0.0,0.0,0.0,0.25
2010-08-01,-0.019668976237718766,-0.021668976237718768,0.5,3,True,0.002,1.1408022147573422,-0.07531693764830838,0.0,0.25,0.0,0.0,0.0,0.25,0.25,0.25
2010-09-01,0.05540093506144078,0.05540093506144078,0.0,0,False,0.0,1.116127075497136,-0.09531749781546694,0.0,0.25,0.0,0.0,0.0,0.25,0.25,0.25
2010-10-01,0.021085407271942275,0.021085407271942275,0.0,0,False,0.0,1.1779615591270687,-0.04519724126071978,0.0,0.25,0.0,0.0,0.0,0.25,0.25,0.25
2010-11-01,-0.00585831031859349,-0.00585831031859349,0.0,0,False,0.0,1.2027993583519547,-0.025064836228328335,0.0,0.25,0.0,0.0,0.0,0.25,0.25,0.25
2010-12-01,0.021082460715395768,0.019082460715395766,0.5,3,True,0.002,1.1933614804868042,-0.038282547282681656,0.0,0.0,0.0,0.0,0.5,0.25,0.0,0.25
2011-01-01,0.0011601482226961668,0.0011601482226961668,0.0,0,False,0.0,1.2054511503357177,-0.028539609638550956,0.0,0.0,0.0,0.0,0.5,0.25,0.0,0.25
2011-02-01,-0.00011132048088616231,-0.0011113204808861623,0.25,2,True,0.001,1.2056428026929817,-0.028385159021659945,0.0,0.0,0.0,0.0,0.5,0.25,0.25,0.0
2011-03-01,-0.0007432756778518179,-0.004743275677851818,1.0,4,True,0.004,1.200686555596583,-0.032379346374382,0.0,0.0,0.0,1.0,0.0,0.0,0.0,0.0
2011-04-01,0.02097984755561183,0.01897984755561183,0.5,3,True,0.002,1.1973945262541184,-0.03503235816106576,0.0,0.0,0.0,0.5,0.0,0.25,0.0,0.25
2011-05-01,-0.026814501331706403,-0.028814501331706405,0.5,3,True,0.002,1.2220271622035395,-0.015181176196212398,0.0,0.25,0.0,0.0,0.0,0.25,0.25,0.25
2011-06-01,0.012440483227038696,0.012440483227038696,0.0,0,False,0.0,1.1868805950087806,-0.043505424654871505,0.0,0.25,0.0,0.0,0.0,0.25,0.25,0.25
2011-07-01,-0.02059028607720867,-0.02059028607720867,0.0,0,False,0.0,1.2016459631434848,-0.031606169933537154,0.0,0.25,0.0,0.0,0.0,0.25,0.25,0.25
2011-08-01,0.0057871609478594155,0.0037871609478594154,0.5,3,True,0.002,1.1745499215408401,-0.05344258457814921,0.0,0.25,0.5,0.0,0.0,0.0,0.0,0.25
2011-09-01,-0.00759485599794793,-0.008594855997947931,0.25,2,True,0.001,1.1801658837471147,-0.048916739764244266,0.0,0.25,0.5,0.0,0.0,0.25,0.0,0.0
2011-10-01,0.022799655301028843,0.022799655301028843,0.0,0,False,0.0,1.1723983567064278,-0.0551765080252703,0.0,0.25,0.5,0.0,0.0,0.25,0.0,0.0
2011-11-01,0.005648090290473168,0.0036480902904731678,0.5,3,True,0.002,1.1967303778445972,-0.03556758837175622,0.0,0.25,0.0,0.0,0.0,0.25,0.25,0.25
2011-12-01,0.01642711231519317,0.01442711231519317,0.5,3,True,0.002,1.2010826398338714,-0.03206014625775766,0.0,0.25,0.5,0.0,0.0,0.25,0.0,0.0
2012-01-01,0.02478083196223707,0.02278083196223707,0.5,2,True,0.002,1.2175492794479654,-0.018789854763163305,0.0,0.25,0.0,0.5,0.0,0.25,0.0,0.0
2012-02-01,0.031122128407358868,0.029122128407358866,0.5,3,True,0.002,1.242735269778172,0.0,0.0,0.25,0.0,0.0,0.0,0.25,0.25,0.25
2012-03-01,0.0023680770255190553,0.0023680770255190553,0.0,0,False,0.0,1.2814118364205618,0.0,0.0,0.25,0.0,0.0,0.0,0.25,0.25,0.25
2012-04-01,-0.013437273806154365,-0.013437273806154365,0.0,0,False,0.0,1.274922565845467,-0.00642381848539797,0.0,0.25,0.0,0.0,0.0,0.25,0.25,0.25
2012-05-01,0.0008282244885219059,-0.0011717755114780942,0.5,3,True,0.002,1.2552755000820632,-0.02173522413631579,0.0,0.25,0.5,0.0,0.0,0.25,0.0,0.0
2012-06-01,0.013461965803589687,0.013461965803589687,0.0,0,False,0.0,1.2563151499910725,-0.020925001292687262,0.0,0.25,0.5,0.0,0.0,0.25,0.0,0.0
2012-07-01,0.004476334497897694,0.0024763344978976937,0.5,3,True,0.002,1.268828160436375,-0.011173327371023611,0.0,0.25,0.0,0.0,0.0,0.25,0.25,0.25
2012-08-01,0.005570607484643275,0.003570607484643275,0.5,3,True,0.002,1.2694149262954681,-0.010716047378230953,0.0,0.25,0.0,0.5,0.0,0.25,0.0,0.0
2012-09-01,0.02552190485688649,0.02452190485688649,0.25,2,True,0.001,1.2784059064850137,-0.003709171820358903,0.0,0.0,0.0,0.5,0.0,0.25,0.25,0.0
2012-10-01,0.0002230277643122669,-0.0017769722356877331,0.5,3,True,0.002,1.30710278268413,-0.005501902268307601,0.0,0.25,0.0,0.0,0.0,0.25,0.25,0.25
2012-11-01,0.0018220241202245024,0.0018220241202245024,0.0,0,False,0.0,1.3073943028954784,-0.012239636361681239,0.0,0.25,0.0,0.0,0.0,0.25,0.25,0.25
2012-12-01,0.04158499895721385,0.04158499895721385,0.0,0,False,0.0,1.3116457419565082,-0.009027596211583777,0.0,0.25,0.0,0.0,0.0,0.25,0.25,0.25
2013-01-01,0.01116849686283028,0.01116849686283028,0.0,0,False,0.0,1.3209036048584093,-0.017850236482293447,0.0,0.25,0.0,0.0,0.0,0.25,0.25,0.25
2013-02-01,-0.0034030839170876015,-0.0054030839170876015,0.5,3,True,0.002,1.3329848004001208,-0.00886733772975723,0.0,0.0,0.0,0.0,0.5,0.25,0.25,0.0
2013-03-01,0.006174195962023676,0.004174195962023676,0.5,2,True,0.002,1.3257916441816286,-0.01421576486172449,0.0,0.0,0.0,0.5,0.0,0.25,0.25,0.0
2013-04-01,0.02600207931778825,0.02400207931778825,0.5,2,True,0.002,1.331309386914424,-0.010113081138071967,0.0,0.0,0.5,0.0,0.0,0.25,0.25,0.0
2013-05-01,-0.005683799403224388,-0.007683799403224388,0.5,3,True,0.002,1.3631943467911103,-0.004535801843406739,0.0,0.25,0.0,0.0,0.0,0.25,0.25,0.25
2013-06-01,-0.0008252014218462778,-0.004825201421846278,1.0,5,True,0.004,1.345943381572885,-0.03596976899471105,0.0,0.0,0.0,0.0,1.0,0.0,0.0,0.0
2013-07-01,0.000762058912131991,0.000762058912131991,0.0,0,False,0.0,1.3394533763519632,-0.04061822695959161,0.0,0.0,0.0,0.0,1.0,0.0,0.0,0.0
2013-08-01,-0.0009272947355933869,-0.0009272947355933869,0.0,0,False,0.0,1.3404741187347975,-0.03988712152930918,0.0,0.0,0.0,0.0,1.0,0.0,0.0,0.0
2013-09-01,0.0023031531750066225,0.0023031531750066225,0.0,0,False,0.0,1.3405920939850748,-0.03980262190671369,0.0,0.0,0.0,0.0,1.0,0.0,0.0,0.0
2013-10-01,0.02280658902740229,0.01880658902740229,1.0,5,True,0.004,1.3383049641910345,-0.041440775705658184,0.0,0.25,0.0,0.0,0.0,0.25,0.25,0.25
2013-11-01,-0.0006511472254225603,-0.0006511472254225603,0.0,0,False,0.0,1.3688271355026715,-0.019579309418751745,0.0,0.25,0.0,0.0,0.0,0.25,0.25,0.25
2013-12-01,-0.0007098658633392096,-0.00470986586333921,1.0,5,True,0.004,1.3796065672753877,-0.011858555155066841,0.0,0.0,0.0,0.0,1.0,0.0,0.0,0.0
2014-01-01,0.023462607224839838,0.019462607224839838,1.0,2,True,0.004,1.3627002467948193,-0.023967685644111336,0.0,0.0,0.0,1.0,0.0,0.0,0.0,0.0
2014-02-01,0.020012520625437957,0.018012520625437956,0.5,3,True,0.002,1.3801393435971074,-0.01147695479391242,0.0,0.25,0.0,0.5,0.0,0.25,0.0,0.0
2014-03-01,0.029102683949171648,0.027102683949171646,0.5,3,True,0.002,1.404659194947073,0.0,0.0,0.25,0.0,0.0,0.0,0.25,0.25,0.25
2014-04-01,0.0058550545191605186,0.0058550545191605186,0.0,0,False,0.0,1.4426474704588077,0.0,0.0,0.25,0.0,0.0,0.0,0.25,0.25,0.25
2014-05-01,0.020706690566449193,0.020706690566449193,0.0,0,False,0.0,1.4510942500502733,0.0,0.0,0.25,0.0,0.0,0.0,0.25,0.25,0.25
2014-06-01,0.02024700234094806,0.02024700234094806,0.0,0,False,0.0,1.479332682232074,-0.0026834984483479207,0.0,0.25,0.0,0.0,0.0,0.25,0.25,0.25
2014-07-01,-0.011943209429859603,-0.011943209429859603,0.0,0,False,0.0,1.509284734512268,0.0,0.0,0.25,0.0,0.0,0.0,0.25,0.25,0.25
2014-08-01,0.0225542805550904,0.0225542805550904,0.0,0,False,0.0,1.4912590308386984,-0.020345511670805227,0.0,0.25,0.0,0.0,0.0,0.25,0.25,0.25
2014-09-01,-0.04244616614532573,-0.04244616614532573,0.0,0,False,0.0,1.5251669694738195,-0.0028900825591758883,0.0,0.25,0.0,0.0,0.0,0.25,0.25,0.25
2014-10-01,0.013784054366000387,0.011784054366000387,0.5,3,True,0.002,1.4575086199303944,-0.050448662549854695,0.0,0.25,0.5,0.0,0.0,0.25,0.0,0.0
2014-11-01,0.0023340069356607984,0.0003340069356607984,0.5,3,True,0.002,1.478391984556422,-0.03684337298933704,0.0,0.25,0.0,0.0,0.0,0.25,0.25,0.25
2014-12-01,0.006934062627680204,0.004934062627680204,0.5,3,True,0.002,1.4759211188254406,-0.038453115688234396,0.0,0.25,0.5,0.0,0.0,0.25,0.0,0.0
2015-01-01,0.018268869633870033,0.018268869633870033,0.0,0,False,0.0,1.459039972052107,-0.049451002957729084,0.0,0.25,0.5,0.0,0.0,0.25,0.0,0.0
2015-02-01,0.028124336216271223,0.02612433621627122,0.5,3,True,0.002,1.4823173224803807,-0.034286057152798866,0.0,0.25,0.0,0.0,0.0,0.25,0.25,0.25
2015-03-01,-0.006366246045259288,-0.008366246045259288,0.5,3,True,0.002,1.5203251367852932,-0.009524371071992,0.0,0.0,0.0,0.0,0.5,0.25,0.25,0.0
2015-04-01,0.030458690264615035,0.028458690264615033,0.5,3,True,0.002,1.504609829989634,-0.01976272601700102,0.0,0.25,0.0,0.0,0.0,0.25,0.25,0.25
2015-05-01,-0.013164036080784008,-0.015164036080784008,0.5,3,True,0.002,1.5473373982208425,-0.011296442516031568,0.0,0.0,0.0,0.0,0.5,0.0,0.25,0.25
2015-06-01,-0.016636865346774554,-0.020636865346774554,1.0,4,True,0.004,1.5208603201099906,-0.028214524732670276,0.0,0.0,1.0,0.0,0.0,0.0,0.0,0.0
2015-07-01,0.001646679972916898,-0.002353320027083102,1.0,2,True,0.004,1.489575739866056,-0.0482044608753216,0.0,0.0,0.0,0.0,1.0,0.0,0.0,0.0
2015-08-01,-0.020680418372621967,-0.024680418372621967,1.0,4,True,0.004,1.4915421554114718,-0.04694797858032895,0.0,0.25,0.5,0.0,0.0,0.25,0.0,0.0
2015-09-01,0.012341228653527825,0.010341228653527825,0.5,3,True,0.002,1.4519439465509745,-0.07225008141542066,0.0,0.0,1.0,0.0,0.0,0.0,0.0,0.0
2015-10-01,0.01791357236795607,0.01591357236795607,0.5,3,True,0.002,1.4669229933498904,-0.06267890652180297,0.0,0.25,0.5,0.0,0.0,0.25,0.0,0.0
2015-11-01,0.002413088552282866,-0.0005869114477171341,0.75,4,True,0.003,1.4914780220035904,-0.046988957961166644,0.0,0.0,0.0,0.5,0.0,0.25,0.25,0.0
2015-12-01,-0.018786359301576017,-0.02078635930157602,0.5,3,True,0.002,1.4876106755542893,-0.049460079771344256,0.0,0.0,0.0,1.0,0.0,0.0,0.0,0.0
2016-01-01,0.004680758159145926,0.0006807581591459257,1.0,2,True,0.004,1.4601419536296312,-0.06701179352018438,0.0,0.0,0.0,0.0,1.0,0.0,0.0,0.0
2016-02-01,0.012166982193567766,0.008166982193567766,1.0,4,True,0.004,1.4552641844170535,-0.07012854606465624,0.0,0.25,0.5,0.0,0.0,0.25,0.0,0.0
2016-03-01,0.04585245576718666,0.04385245576718666,0.5,3,True,0.002,1.4700244171201209,-0.06069718700903348,0.0,0.25,0.0,0.0,0.0,0.25,0.25,0.25
2016-04-01,0.013954990559088498,0.013954990559088498,0.0,0,False,0.0,1.5374286466828053,-0.01762784632437142,0.0,0.25,0.0,0.0,0.0,0.25,0.25,0.25
2016-05-01,-0.007809912419196291,-0.007809912419196291,0.0,0,False,0.0,1.5536534460369589,-0.01568965067479622,0.0,0.25,0.0,0.0,0.0,0.25,0.25,0.25
2016-06-01,0.024210066313427536,0.022210066313427534,0.5,3,True,0.002,1.538436509596241,-0.025330274239741657,0.0,0.25,0.0,0.5,0.0,0.25,0.0,0.0
2016-07-01,0.026823865486818366,0.024823865486818364,0.5,3,True,0.002,1.5725307951935388,-0.0037299886343047373,0.0,0.25,0.0,0.0,0.0,0.25,0.25,0.25
2016-08-01,0.009731475688270874,0.009731475688270874,0.0,0,False,0.0,1.6147121497176904,-0.003323264311246299,0.0,0.25,0.0,0.0,0.0,0.25,0.25,0.25
2016-09-01,0.005882550341190923,0.005882550341190923,0.0,0,False,0.0,1.630425681746223,-0.010884713467729235,0.0,0.25,0.0,0.0,0.0,0.25,0.25,0.25
2016-10-01,-0.016364008107257744,-0.016364008107257744,0.0,0,False,0.0,1.6395330720898502,-0.009509057690018974,0.0,0.25,0.0,0.0,0.0,0.25,0.25,0.25
2016-11-01,-0.020699161577856506,-0.022699161577856508,0.5,3,True,0.002,1.609478332126842,-0.027666024581144977,0.0,0.25,0.0,0.0,0.5,0.0,0.0,0.25
2016-12-01,0.00033883926218369886,-0.0016611607378163012,0.5,3,True,0.002,1.5730111531139415,-0.049696937600687385,0.0,0.0,0.0,0.0,1.0,0.0,0.0,0.0
2017-01-01,0.010731292928237324,0.006731292928237324,1.0,4,True,0.004,1.5531138312254078,-0.06171750457936842,0.0,0.0,0.0,0.5,0.0,0.25,0.25,0.0
2017-02-01,0.01334492328028647,0.01034492328028647,0.75,4,True,0.003,1.5588111228132984,-0.058275600411914596,0.0,0.0,0.0,0.0,0.5,0.0,0.25,0.25
2017-03-01,0.00840638318393594,0.006406383183935939,0.5,3,True,0.002,1.5764541109803876,-0.04761694382714132,0.0,0.25,0.0,0.0,0.0,0.25,0.25,0.25
2017-04-01,0.013655624068871608,0.013655624068871608,0.0,0,False,0.0,1.5860874756111765,-0.041797140266482846,0.0,0.25,0.0,0.0,0.0,0.25,0.25,0.25
2017-05-01,0.020064466375975976,0.020064466375975976,0.0,0,False,0.0,1.6077464899184677,-0.028712282232244535,0.0,0.25,0.0,0.0,0.0,0.25,0.25,0.25
2017-06-01,0.0005755683719327609,0.0005755683719327609,0.0,0,False,0.0,1.6400050653065308,-0.009223912477694607,0.0,0.25,0.0,0.0,0.0,0.25,0.25,0.25
2017-07-01,0.02962496707092782,0.02962496707092782,0.0,0,False,0.0,1.6398126260647492,-0.009340170776581336,0.0,0.25,0.0,0.0,0.0,0.25,0.25,0.25
2017-08-01,0.00901206519070974,0.00901206519070974,0.0,0,False,0.0,1.6883920211144092,0.0,0.0,0.25,0.0,0.0,0.0,0.25,0.25,0.25
2017-09-01,0.007757533510577536,0.007757533510577536,0.0,0,False,0.0,1.7036079200761665,0.0,0.0,0.25,0.0,0.0,0.0,0.25,0.25,0.25
2017-10-01,0.01713795890387798,0.01713795890387798,0.0,0,False,0.0,1.7148435222995233,-0.004502657110006303,0.0,0.25,0.0,0.0,0.0,0.25,0.25,0.25
2017-11-01,0.003997609756403259,0.003997609756403259,0.0,0,False,0.0,1.7442324401112734,-3.2359404474213704e-05,0.0,0.25,0.0,0.0,0.0,0.25,0.25,0.25
2017-12-01,0.028871394886896606,0.028871394886896606,0.0,0,False,0.0,1.7512052007312975,-0.007491989751832628,0.0,0.25,0.0,0.0,0.0,0.25,0.25,0.25
2018-01-01,0.03324420620670493,0.03324420620670493,0.0,0,False,0.0,1.7428970525839274,-0.024351331454046776,0.0,0.25,0.0,0.0,0.0,0.25,0.25,0.25
2018-02-01,-0.023057689436513956,-0.025057689436513958,0.5,3,True,0.002,1.7972366050338915,-0.019892444267090803,0.0,0.0,0.0,0.0,0.5,0.25,0.0,0.25
2018-03-01,-0.0022009430003091246,-0.0032009430003091246,0.25,2,True,0.001,1.7540406850695345,-0.04344896844165935,0.0,0.25,0.0,0.0,0.5,0.0,0.0,0.25
2018-04-01,-0.008655480333233267,-0.008655480333233267,0.0,0,False,0.0,1.7567991126333642,-0.041944683647059056,0.0,0.25,0.0,0.0,0.5,0.0,0.0,0.25
2018-05-01,0.003254077954751855,0.001254077954751855,0.5,3,True,0.002,1.7381099861195954,-0.0521366383707097,0.0,0.0,0.0,0.0,1.0,0.0,0.0,0.0
2018-06-01,-0.008499803515999216,-0.010499803515999216,0.5,3,True,0.002,1.7402783996453441,-0.05095411266731209,0.0,0.0,0.0,0.0,0.5,0.25,0.25,0.0
2018-07-01,-0.0003375088596075937,-0.0023375088596075937,0.5,3,True,0.002,1.7291910911383357,-0.05700048119220413,0.0,0.0,0.0,0.0,1.0,0.0,0.0,0.0
2018-08-01,-0.010650132362028997,-0.014650132362028997,1.0,5,True,0.004,1.7182496578419613,-0.0629672979231164,0.0,0.25,0.0,0.0,0.0,0.25,0.25,0.25
2018-09-01,-0.004759322150145157,-0.006759322150145157,0.5,3,True,0.002,1.714701418779924,-0.06490229963881067,0.0,0.25,0.5,0.0,0.0,0.25,0.0,0.0
2018-10-01,-0.01638818994845126,-0.02038818994845126,1.0,4,True,0.004,1.6963150110474388,-0.0749291692735159,0.0,0.0,0.0,1.0,0.0,0.0,0.0,0.0
2018-11-01,0.002457164633766551,-0.0015428353662334492,1.0,2,True,0.004,1.6618414165202475,-0.09372904814018046,0.0,0.0,0.0,0.0,1.0,0.0,0.0,0.0
2018-12-01,-0.049734670153602056,-0.05373467015360206,1.0,5,True,0.004,1.6672680368342816,-0.09076968733204793,0.0,0.25,0.0,0.0,0.0,0.25,0.25,0.25
2019-01-01,0.022059707820372365,0.020059707820372363,0.5,3,True,0.002,1.5760676294945979,-0.14050504664377172,0.0,0.25,0.5,0.0,0.0,0.0,0.0,0.25
2019-02-01,0.018185068523650677,0.016185068523650675,0.5,3,True,0.002,1.6043983233636534,-0.1250551459226067,0.0,0.25,0.0,0.0,0.0,0.25,0.25,0.25
2019-03-01,0.022924158283880613,0.022924158283880613,0.0,0,False,0.0,1.6335744168132524,-0.10914421379679329,0.0,0.25,0.0,0.0,0.0,0.25,0.25,0.25
2019-04-01,0.008282347948804891,0.008282347948804891,0.0,0,False,0.0,1.6710227353127771,-0.0887220947457602,0.0,0.25,0.0,0.0,0.0,0.25,0.25,0.25
2019-05-01,-0.03327914264209292,-0.03327914264209292,0.0,0,False,0.0,1.6848627270370007,-0.08117457405638684,0.0,0.25,0.0,0.0,0.0,0.25,0.25,0.25
2019-06-01,0.020215415079342658,0.018215415079342656,0.5,3,True,0.002,1.6248134406953756,-0.11392193692165964,0.0,0.25,0.5,0.0,0.0,0.0,0.25,0.0
2019-07-01,-0.018035112885948723,-0.020035112885948725,0.5,3,True,0.002,1.6510357105891003,-0.09962184711750022,0.0,0.25,0.0,0.0,0.0,0.25,0.25,0.25
2019-08-01,0.01623678760551911,0.01423678760551911,0.5,3,True,0.002,1.6180165769795538,-0.11762854820728841,0.0,0.25,0.0,0.5,0.0,0.25,0.0,0.0
2019-09-01,-0.00038699421752980134,-0.00038699421752980134,0.0,0,False,0.0,1.6475725734756825,-0.101510439215999,0.0,0.25,0.0,0.5,0.0,0.25,0.0,0.0
2019-10-01,0.013279954339556033,0.013279954339556033,0.0,0,False,0.0,1.6469349724167872,-0.10185814948053307,0.0,0.25,0.0,0.5,0.0,0.25,0.0,0.0
2019-11-01,0.0015364309089697659,-0.0004635690910302342,0.5,3,True,0.002,1.6654685812633987,-0.09175100498175981,0.0,0.25,0.0,0.0,0.0,0.25,0.25,0.25
2019-12-01,0.04895617902685706,0.04895617902685706,0.0,0,False,0.0,1.6738287267975898,-0.0871918713751233,0.0,0.25,0.0,0.0,0.0,0.25,0.25,0.25
2020-01-01,-0.022123775927259004,-0.022123775927259004,0.0,0,False,0.0,1.7362391944083437,-0.05315685857224839,0.0,0.25,0.0,0.0,0.0,0.25,0.25,0.25
2020-02-01,-0.004067743895806858,-0.006067743895806858,0.5,3,True,0.002,1.689492511346136,-0.07864976092377673,0.0,0.25,0.0,0.5,0.0,0.25,0.0,0.0
2020-03-01,-0.03476845744553883,-0.03776845744553883,0.75,4,True,0.003,1.66672188406701,-0.09106752705570376,0.0,0.25,0.5,0.0,0.0,0.0,0.0,0.25
2020-04-01,0.04140547626096375,0.040405476260963746,0.25,2,True,0.001,1.6023422713442141,-0.12617639624300858,0.0,0.25,0.5,0.0,0.0,0.25,0.0,0.0
2020-05-01,0.03582386876047744,0.03382386876047744,0.5,2,True,0.002,1.6653506401898508,-0.0918153231338561,0.0,0.25,0.0,0.5,0.0,0.25,0.0,0.0
2020-06-01,0.024942043981044826,0.022942043981044824,0.5,3,True,0.002,1.7215599230782601,-0.06116207319060807,0.0,0.25,0.0,0.0,0.0,0.25,0.25,0.25
2020-07-01,0.048063702621888804,0.048063702621888804,0.0,0,False,0.0,1.764499146395683,-0.03774553632905486,0.0,0.25,0.0,0.0,0.0,0.25,0.25,0.25
2020-08-01,0.03491255808983029,0.03491255808983029,0.0,0,False,0.0,1.8344524787526595,-0.011341523513078933,0.0,0.25,0.0,0.0,0.0,0.25,0.25,0.25
2020-09-01,-0.01966072109078118,-0.01966072109078118,0.0,0,False,0.0,1.8984979074801451,0.0,0.0,0.25,0.0,0.0,0.0,0.25,0.25,0.25
2020-10-01,-0.00978370276781046,-0.00978370276781046,0.0,0,False,0.0,1.8611720696297456,-0.025990073266661695,0.0,0.25,0.0,0.0,0.0,0.25,0.25,0.25
2020-11-01,0.05031965085224388,0.04831965085224388,0.5,3,True,0.002,1.8264213531892786,-0.04630166833273763,0.0,0.0,0.0,0.0,0.5,0.25,0.0,0.25
2020-12-01,0.024425842654380525,0.022425842654380523,0.5,3,True,0.002,1.9106606063438347,-0.0023146469074188936,0.0,0.25,0.0,0.0,0.0,0.25,0.25,0.25
2021-01-01,0.01675875048990222,0.01675875048990222,0.0,0,False,0.0,1.9183378827401893,-0.021902431268880918,0.0,0.25,0.0,0.0,0.0,0.25,0.25,0.25
2021-02-01,0.011444744935786011,0.009444744935786011,0.5,3,True,0.002,1.9465858550150141,-0.02160252232023474,0.0,0.0,0.0,0.0,0.5,0.0,0.25,0.25
2021-03-01,-0.001247618356740282,-0.001247618356740282,0.0,0,False,0.0,1.968864033621271,-0.01617859994749049,0.0,0.0,0.0,0.0,0.5,0.0,0.25,0.25
2021-04-01,0.018134414813489708,0.017134414813489707,0.25,2,True,0.001,1.9644412350682887,-0.018388627552363812,0.0,0.0,0.0,0.0,0.5,0.25,0.25,0.0
2021-05-01,0.008739612093579707,0.008739612093579707,0.0,0,False,0.0,1.993976312580561,-0.005070992146488096,0.0,0.0,0.0,0.0,0.5,0.25,0.25,0.0
2021-06-01,-0.00706548731435222,-0.008065487314352221,0.25,2,True,0.001,2.009391489184226,0.0,0.0,0.0,0.0,0.0,0.5,0.0,0.25,0.25
2021-07-01,-0.002541362159334426,-0.004541362159334426,0.5,3,True,0.002,1.991203770789611,-0.011120340749543378,0.0,0.25,0.0,0.0,0.0,0.25,0.25,0.25
2021-08-01,0.008115249972116212,0.006115249972116212,0.5,3,True,0.002,1.980676496189354,-0.016348438381866615,0.0,0.0,0.5,0.0,0.0,0.25,0.25,0.0
2021-09-01,-0.031591613144030306,-0.03359161314403031,0.5,3,True,0.002,1.988771167346272,-0.012328430097017118,0.0,0.25,0.0,0.0,0.0,0.25,0.25,0.25
2021-10-01,-0.00440092957697269,-0.00840092957697269,1.0,5,True,0.004,1.918238907283485,-0.04735644597376243,0.0,0.0,0.0,0.0,1.0,0.0,0.0,0.0
2021-11-01,-0.02042306449354217,-0.022423064493542172,0.5,3,True,0.002,1.9059772791948402,-0.053445865240654644,0.0,0.0,0.0,0.0,0.5,0.25,0.25,0.0
2021-12-01,-0.016254870820207157,-0.020254870820207157,1.0,4,True,0.004,1.8595831767694224,-0.07648629177594846,0.0,0.0,1.0,0.0,0.0,0.0,0.0,0.0
2022-01-01,-0.024718229697413496,-0.028718229697413496,1.0,4,True,0.004,1.8463980773099162,-0.08303432912499853,0.0,0.0,0.0,0.0,0.5,0.25,0.25,0.0
2022-02-01,-0.0018851065942093737,-0.0038851065942093737,0.5,3,True,0.002,1.789968241276059,-0.1110587422198932,0.0,0.0,0.0,0.0,1.0,0.0,0.0,0.0
2022-03-01,-0.05709182676073854,-0.06109182676073854,1.0,2,True,0.004,1.77944758449964,-0.11628355328181206,0.0,0.0,1.0,0.0,0.0,0.0,0.0,0.0
2022-04-01,-0.0030060470903129355,-0.007006047090312936,1.0,2,True,0.004,1.6711442485904688,-0.17006959340520889,0.0,0.0,0.0,0.0,1.0,0.0,0.0,0.0
2022-05-01,0.003379441569067998,0.003379441569067998,0.0,0,False,0.0,1.666320361144512,-0.17246525187261352,0.0,0.0,0.0,0.0,1.0,0.0,0.0,0.0
2022-06-01,-0.0020447208805207673,-0.0020447208805207673,0.0,0,False,0.0,1.6719515934403486,-0.1696686465449434,0.0,0.0,0.0,0.0,1.0,0.0,0.0,0.0
2022-07-01,0.0010842905995509522,0.0010842905995509522,0.0,0,False,0.0,1.6685329191060214,-0.17136644240110388,0.0,0.0,0.0,0.0,1.0,0.0,0.0,0.0
2022-08-01,-0.05312800307585741,-0.057128003075857414,1.0,4,True,0.004,1.6636607252905893,-0.17378609097283004,0.0,0.0,0.5,0.0,0.0,0.25,0.25,0.0
2022-09-01,-0.010349075474459735,-0.014349075474459735,1.0,4,True,0.004,1.5689726581475265,-0.22081046132865023,0.0,0.0,0.0,0.0,1.0,0.0,0.0,0.0
2022-10-01,-0.004430641056452078,-0.004430641056452078,0.0,0,False,0.0,1.5513975924154353,-0.22953866145934942,0.0,0.0,0.0,0.0,1.0,0.0,0.0,0.0
2022-11-01,0.008046546174795832,0.008046546174795832,0.0,0,False,0.0,1.5445239065475989,-0.2329522990982965,0.0,0.0,0.0,0.0,1.0,0.0,0.0,0.0
2022-12-01,-0.027091443023314177,-0.031091443023314177,1.0,5,True,0.004,1.550724181521791,-0.22987309349730134,0.0,0.25,0.0,0.0,0.0,0.25,0.25,0.25
2023-01-01,0.006770064007878052,0.0027700640078780515,1.0,5,True,0.004,1.501863371446284,-0.25413854634897426,0.0,0.0,0.0,0.0,1.0,0.0,0.0,0.0
2023-02-01,-0.043775484625599936,-0.04777548462559994,1.0,5,True,0.004,1.4999590264385678,-0.255084289858479,0.0,0.25,0.0,0.0,0.0,0.25,0.25,0.25
2023-03-01,0.017352503718393475,0.013352503718393475,1.0,5,True,0.004,1.4285604027651255,-0.29054256273084644,0.0,0.0,0.0,0.0,1.0,0.0,0.0,0.0
2023-04-01,0.001391672464676974,-0.002608327535323026,1.0,5,True,0.004,1.4547660224489678,-0.2775282220372626,0.0,0.25,0.0,0.0,0.0,0.25,0.25,0.25
2023-05-01,-0.002444688913335824,-0.006444688913335824,1.0,5,True,0.004,1.445159564272122,-0.2822990200981541,0.0,0.0,0.0,0.0,1.0,0.0,0.0,0.0
2023-06-01,0.0004285826659462255,-0.0035714173340537746,1.0,4,True,0.004,1.4358600923125155,-0.286917361423903,0.0,0.25,0.5,0.0,0.0,0.25,0.0,0.0
2023-07-01,0.006664739266127484,0.003664739266127484,0.75,4,True,0.003,1.4421438947476237,-0.2837966740778949,0.0,0.0,0.0,0.5,0.0,0.25,0.25,0.0
2023-08-01,-0.010800239145622309,-0.013800239145622308,0.75,4,True,0.003,1.4430579411422828,-0.2833427366654867,0.0,0.0,0.0,0.0,0.5,0.25,0.0,0.25
2023-09-01,-0.0038276330411159964,-0.0058276330411159965,0.5,3,True,0.002,1.424617625136403,-0.2925006408819567,0.0,0.0,0.0,0.0,1.0,0.0,0.0,0.0
2023-10-01,0.003718393653941554,0.003718393653941554,0.0,0,False,0.0,1.4242658242658914,-0.29267535365121666,0.0,0.0,0.0,0.0,1.0,0.0,0.0,0.0
2023-11-01,0.008150160533465067,0.008150160533465067,0.0,0,False,0.0,1.4295618052683683,-0.29004524217495653,0.0,0.0,0.0,0.0,1.0,0.0,0.0,0.0
2023-12-01,0.017415573602543477,0.013415573602543477,1.0,5,True,0.004,1.4354481116199198,-0.2871219609394766,0.0,0.25,0.0,0.0,0.0,0.25,0.25,0.25
2024-01-01,0.008569157655882398,0.008569157655882398,0.0,0,False,0.0,1.472594767279401,-0.26867403876811835,0.0,0.25,0.0,0.0,0.0,0.25,0.25,0.25
2024-02-01,0.006729968188959434,0.004729968188959434,0.5,3,True,0.002,1.4822432366754394,-0.26388237692586536,0.0,0.0,0.0,0.5,0.0,0.25,0.25,0.0
2024-03-01,0.007282195209746767,0.005282195209746767,0.5,2,True,0.002,1.489234249133552,-0.2604104720817657,0.0,0.0,0.0,0.0,0.5,0.25,0.25,0.0
2024-04-01,-0.029741990772398835,-0.03174199077239884,0.5,2,True,0.002,1.4970789853614859,-0.25651458749085176,0.0,0.0,0.0,0.5,0.0,0.25,0.25,0.0
2024-05-01,0.022896679936856734,0.019896679936856735,0.75,4,True,0.003,1.4481952173653325,-0.2807914417978046,0.0,0.0,0.0,0.0,0.5,0.25,0.0,0.25
2024-06-01,0.0028977412413346837,0.0008977412413346837,0.5,3,True,0.002,1.478873305627516,-0.26555596569425466,0.0,0.25,0.0,0.0,0.0,0.25,0.25,0.25
2024-07-01,0.0027563148076604205,0.0007563148076604204,0.5,3,True,0.002,1.4772319956395497,-0.26637107968983587,0.0,0.0,0.0,0.0,0.5,0.25,0.0,0.25
2024-08-01,0.019226094364154456,0.017226094364154454,0.5,3,True,0.002,1.4783411046393538,-0.26582026949859006,0.0,0.25,0.0,0.0,0.0,0.25,0.25,0.25
2024-09-01,0.03878069979865212,0.03878069979865212,0.0,0,False,0.0,1.526798667821453,-0.24175507874786173,0.0,0.25,0.0,0.0,0.0,0.25,0.25,0.25
2024-10-01,-0.02668804676838296,-0.02668804676838296,0.0,0,False,0.0,1.586008988611219,-0.21234981008292975,0.0,0.25,0.0,0.0,0.0,0.25,0.25,0.25
2024-11-01,0.01008132913875473,0.00808132913875473,0.5,3,True,0.002,1.5405941435349908,-0.2349039138781851,0.0,0.0,0.0,0.0,0.5,0.25,0.0,0.25
2024-12-01,-0.03540117552184044,-0.03740117552184044,0.5,3,True,0.002,1.556029412758972,-0.22723838813212005,0.0,0.25,0.0,0.0,0.0,0.25,0.25,0.25
2025-01-01,0.0,-0.004,1.0,5,True,0.004,1.500620724343068,-0.2547556747725054,0.0,0.0,0.0,0.0,1.0,0.0,0.0,0.0
2025-02-01,0.005612493899463278,0.005612493899463278,0.0,0,False,0.0,1.5006361040576663,-0.2547480368365219,0.0,0.0,0.0,0.0,1.0,0.0,0.0,0.0
2025-03-01,-0.002589817239379233,-0.006589817239379233,1.0,4,True,0.004,1.5127202893758476,-0.24874673991500007,0.0,0.25,0.5,0.0,0.0,0.0,0.25,0.0
2025-04-01,0.004593602132459046,0.002593602132459046,0.5,3,True,0.002,1.4997618749912736,-0.2551822000065417,0.0,0.25,0.0,0.0,0.0,0.25,0.25,0.25
2025-05-01,0.04157521145849741,0.04157521145849741,0.0,0,False,0.0,1.5066511843384138,-0.2517608033721985,0.0,0.25,0.0,0.0,0.0,0.25,0.25,0.25
2025-06-01,0.01685723600036554,0.014857236000365539,0.5,3,True,0.002,1.5619440612230076,-0.22430103152226277,0.0,0.0,0.0,0.0,0.5,0.0,0.25,0.25
2025-07-01,-0.0022398784522835447,-0.004239878452283545,0.5,3,True,0.002,1.5819273774953673,-0.21437683628117554,0.0,0.25,0.0,0.0,0.0,0.25,0.25,0.25
2025-08-01,0.026151471742623972,0.026151471742623972,0.0,0,False,0.0,1.578384052449438,-0.21613653667720412,0.0,0.25,0.0,0.0,0.0,0.25,0.25,0.25
2025-09-01,0.03854738670014635,0.03854738670014635,0.0,0,False,0.0,1.6292635837043776,-0.1908685383596559,0.0,0.25,0.0,0.0,0.0,0.25,0.25,0.25
2025-10-01,0.011105235897701071,0.011105235897701071,0.0,0,False,0.0,1.6920674371018964,-0.15967863501655088,0.0,0.25,0.0,0.0,0.0,0.25,0.25,0.25
2025-11-01,-0.004478382573787465,-0.004478382573787465,0.0,0,False,0.0,1.7099662429827014,-0.15078965774559006,0.0,0.25,0.0,0.0,0.0,0.25,0.25,0.25
2025-12-01,0.011591783431247865,0.011591783431247865,0.0,0,False,0.0,1.7023083599583628,-0.15459274654382227,0.0,0.25,0.0,0.0,0.0,0.25,0.25,0.25
2026-01-01,0.02539389514529755,0.02539389514529755,0.0,0,False,0.0,1.7071370453121724,-0.15219470532004065,0.0,0.25,0.0,0.0,0.0,0.25,0.25,0.25
2026-02-01,0.01085400696927974,0.01085400696927974,0.0,0,False,0.0,1.746055233314303,-0.13286699760134213,0.0,0.25,0.0,0.0,0.0,0.25,0.25,0.25
2026-03-01,-0.042767206503600524,-0.042767206503600524,0.0,0,False,0.0,1.78260503566303,-0.11471548713189972,0.0,0.25,0.0,0.0,0.0,0.25,0.25,0.25
2026-04-01,-0.0008503401360543394,-0.0048503401360543395,1.0,5,True,0.004,1.6995425259965171,-0.15596632617733652,0.0,0.0,0.0,0.0,1.0,0.0,0.0,0.0
2026-05-01,0.017745766189016465,0.015745766189016464,0.5,3,True,0.002,1.6947011421001843,-0.15837067380259617,0.0,0.0,0.0,0.0,0.5,0.25,0.0,0.25
2026-06-01,-0.011621926980030783,-0.014621926980030783,0.75,4,True,0.003,1.719600587591168,-0.1460050106123919,0.0,0.0,0.0,0.5,0.0,0.25,0.25,0.0
2026-07-01,0.0,-0.002,0.5,2,True,0.002,1.6962162840971111,-0.15761821786432584,0.0,0.0,0.0,0.0,0.5,0.25,0.25,0.0
