date,gross_return,net_return,turnover,operations,signal_changed,trade_cost,equity,drawdown,w__CASH,w_efa.us,w_gld.us,w_hyg.us,w_ief.us,w_lqd.us,w_spy.us,w_tlt.us,w_vea.us,w_vnq.us,w_vwo.us
2007-05-01,0.013460019626744599,0.011460019626744599,0.49999999999999994,4,True,0.0019999999999999996,0.998,0.0,0.5,0.16471199010176354,0.0,0.0,0.0,0.0,0.2055248293377554,0.0,0.0,0.12976318056048097,0.0
2007-06-01,-0.012934882649866091,-0.012934882649866091,0.0,0,False,0.0,1.011433099587491,0.0,0.5,0.16471199010176354,0.0,0.0,0.0,0.0,0.2055248293377554,0.0,0.0,0.12976318056048097,0.0
2007-07-01,-0.024910129662440217,-0.024910129662440217,0.0,0,False,0.0,0.9913887782914623,-0.020801165452981496,0.5,0.16471199010176354,0.0,0.0,0.0,0.0,0.2055248293377554,0.0,0.0,0.12976318056048097,0.0
2007-08-01,0.007385611347780999,0.0066582282632103055,0.1818457711426733,4,True,0.0007273830845706932,0.9659899990292139,-0.04588764574920989,0.5,0.1499729279884341,0.18184577114267336,0.0,0.0,0.0,0.16818130086889257,0.0,0.0,0.0,0.0
2007-09-01,0.03348364315104872,0.03336162516019284,0.030504497713971943,3,True,0.00012201799085588778,0.9676857775036991,-0.04421271827148765,0.5,0.1398351268396354,0.2123502688566453,0.0,0.0,0.0,0.14781460430371932,0.0,0.0,0.0,0.0
2007-10-01,0.00955712875270339,0.00955712875270339,0.0,0,False,0.0,0.9999653941019728,-0.012330006216659806,0.5,0.1398351268396354,0.2123502688566453,0.0,0.0,0.0,0.14781460430371932,0.0,0.0,0.0,0.0
2007-11-01,-0.005786429661662158,-0.005898948511506986,0.02812971246120695,3,True,0.00011251884984482778,1.009408601845703,-0.008388699040391079,0.5,0.14670914752834852,0.18422055639543833,0.0,0.0,0.0,0.16907029607621313,0.0,0.0,0.0,0.0
2007-12-01,0.004465046676331919,0.004465046676331919,0.0,0,False,0.0,1.0029308550604574,-0.016311622761379763,0.5,0.14670914752834852,0.18422055639543833,0.0,0.0,0.0,0.16907029607621313,0.0,0.0,0.0,0.0
2008-01-01,0.0015142481464024311,0.0005530951555884532,0.24028824770349447,4,True,0.0009611529908139779,1.0029801419255582,-0.016263281526183504,0.5,0.12792854447539173,0.13178320782111377,0.0,0.0,0.0,0.0,0.24028824770349447,0.0,0.0,0.0
2008-02-01,0.011071240937723593,0.010559526759822026,0.12792854447539173,3,True,0.0005117141779015669,1.0030199033398146,-0.016224282984190985,0.5,0.0,0.18500283744383197,0.0,0.0,0.0,0.0,0.314997162556168,0.0,0.0,0.0
2008-03-01,-0.022572464735491855,-0.022710640781041333,0.03454401138736919,2,True,0.00013817604554947676,1.0138821861670246,-0.005570406584345822,0.5,0.0,0.21954684883120118,0.0,0.0,0.0,0.0,0.2804531511687988,0.0,0.0,0.0
2008-04-01,-0.010682695002552357,-0.010682695002552357,0.0,0,False,0.0,0.9908594343147804,-0.03283494572502765,0.5,0.0,0.21954684883120118,0.0,0.0,0.0,0.0,0.2804531511687988,0.0,0.0,0.0
2008-05-01,0.000421976582163041,0.00028825726201108393,0.03342983003798926,2,True,0.00013371932015195705,0.9801433035632444,-0.043294822091945795,0.5,0.0,0.18611701879321194,0.0,0.0,0.0,0.0,0.3138829812067881,0.0,0.0,0.0
2008-06-01,0.015083058455182853,0.015083058455182853,0.0,0,False,0.0,0.9793723581223285,-0.04404733194691035,0.5,0.0,0.18611701879321194,0.0,0.0,0.0,0.0,0.3138829812067881,0.0,0.0,0.0
2008-07-01,-0.007391974232348211,-0.009522308222057838,0.5325834974274066,4,True,0.0021303339897096266,0.9920264292804926,-0.031695857060920485,0.0,0.0,0.15353352136580528,0.0,0.0,0.0,0.0,0.8464664786341947,0.0,0.0,0.0
2008-08-01,0.0014095425425521956,-0.0005904574574478044,0.5,2,True,0.002,0.9827240086864876,-0.04077582926193324,0.0,0.0,0.15353352136580528,0.0,0.5,0.0,0.0,0.3464664786341947,0.0,0.0,0.0
2008-09-01,0.025786179257240034,0.023786179257240032,0.5,2,True,0.002,0.985318536063064,-0.03824334470955104,0.0,0.0,0.15353352136580528,0.0,0.0,0.0,0.0,0.8464664786341947,0.0,0.0,0.0
2008-10-01,-0.0537157201296205,-0.0537157201296205,0.0,0,False,0.0,1.0087046841865481,-0.022201135179752418,0.0,0.0,0.15353352136580528,0.0,0.0,0.0,0.0,0.8464664786341947,0.0,0.0,0.0
2008-11-01,0.13343057824393045,0.13081644415846724,0.6535335213658053,4,True,0.0026141340854632213,0.956004576645475,-0.07949884311440303,0.0,0.0,0.0,0.0,0.5,0.0,0.0,0.5,0.0,0.0,0.0
2008-12-01,0.06356878679544953,0.061568786795449526,0.5,2,True,0.002,1.078570771908301,0.0,0.0,0.0,0.0,0.0,0.0,0.0,0.0,1.0,0.0,0.0,0.0
2009-01-01,-0.07193312186649012,-0.07264938610870737,0.17906606055431484,2,True,0.0007162642422172594,1.1433129935063975,-0.05167850184904765,0.0,0.0,0.17906606055431484,0.0,0.0,0.0,0.0,0.8209339394456852,0.0,0.0,0.0
2009-02-01,-0.014048488229709721,-0.01676475247192698,0.6790660605543148,4,True,0.0027162642422172596,1.052970264487359,-0.12661332076300824,0.0,0.0,0.0,0.0,0.5,0.0,0.0,0.5,0.0,0.0,0.0
2009-03-01,0.02620834178471243,0.02620834178471243,0.0,0,False,0.0,1.024594415598864,-0.15014968191877087,0.0,0.0,0.0,0.0,0.5,0.0,0.0,0.5,0.0,0.0,0.0
2009-04-01,0.04263160738232494,0.03974035540286307,0.722812994865468,4,True,0.002891251979461872,1.0484073370414013,-0.1303980430709687,0.0,0.0,0.222812994865468,0.0,0.0,0.0,0.0,0.27718700513453204,0.0,0.0,0.5
2009-05-01,0.1069049000168089,0.1069049000168089,0.0,0,False,0.0,1.0931026270108992,-0.0933255138642688,0.0,0.0,0.222812994865468,0.0,0.0,0.0,0.0,0.27718700513453204,0.0,0.0,0.5
2009-06-01,-0.01932757595926425,-0.01932757595926425,0.0,0,False,0.0,1.2099606540596108,0.0,0.0,0.0,0.222812994865468,0.0,0.0,0.0,0.0,0.27718700513453204,0.0,0.0,0.5
2009-07-01,0.05827390589391229,0.057382653914450424,0.22281299486546796,2,True,0.0008912519794618719,1.18551751025059,-0.020201602198394064,0.0,0.0,0.0,0.0,0.0,0.0,0.0,0.5,0.0,0.0,0.5
2009-08-01,-0.022218745926631686,-0.023364342428160288,0.2863991253821502,2,True,0.0011455965015286008,1.2411967646109519,0.0,0.0,0.0,0.2863991253821502,0.0,0.0,0.0,0.0,0.2136008746178498,0.0,0.0,0.5
2009-09-01,0.0377822812820557,0.0357822812820557,0.5,2,True,0.002,1.2098041542308844,-0.02529221093313705,0.0,0.0,0.2863991253821502,0.0,0.0,0.0,0.0,0.2136008746178498,0.5,0.0,0.0
2009-10-01,0.017848377280512303,0.015848377280512305,0.5,2,True,0.002,1.2530022884520706,-0.023476254719173584,0.0,0.0,0.2863991253821502,0.0,0.0,0.0,0.0,0.2136008746178498,0.0,0.0,0.5
2009-11-01,0.07132040474630064,0.07005484156940146,0.3163907942247945,4,True,0.001265563176899178,1.2601219262799117,-0.052396974647296646,0.0,0.12636794976454815,0.1836092057752055,0.19002284446024637,0.0,0.0,0.0,0.0,0.0,0.0,0.5
2009-12-01,0.0012437597512508659,0.0004836683734098805,0.19002284446024634,4,True,0.0007600913778409853,1.347261008542695,-0.002024901387270628,0.0,0.16186864789328823,0.23869131524535644,0.0,0.0,0.0,0.0,0.0,0.0,0.09944003686135533,0.5
2010-01-01,-0.05336946625289308,-0.0535538303649504,0.04609102801433014,3,True,0.00018436411205732055,1.2817809063826548,-0.055941777434017625,0.0,0.18096066280891746,0.19260028723102632,0.0,0.0,0.0,0.0,0.0,0.0,0.12643904996005625,0.5
2010-02-01,0.013441164966973415,0.012563232856102054,0.21948302771783995,4,True,0.0008779321108713597,1.212084178456462,-0.1072748631096,0.0,0.15768376764426104,0.0,0.0,0.0,0.0,0.21948302771783992,0.0,0.0,0.12283320463789903,0.5
2010-03-01,0.07919709533796825,0.07919709533796825,0.0,0,False,0.0,1.2283760018529537,-0.09527559727449231,0.0,0.15768376764426104,0.0,0.0,0.0,0.0,0.21948302771783992,0.0,0.0,0.12283320463789903,0.5
2010-04-01,0.0015126970119492197,0.0015126970119492197,0.0,0,False,0.0,1.3256598131825743,-0.023624052497253856,0.0,0.15768376764426104,0.0,0.0,0.0,0.0,0.21948302771783992,0.0,0.0,0.12283320463789903,0.5
2010-05-01,-0.0821878379350807,-0.08486110527708966,0.6683168355022414,6,True,0.0026732673420089654,1.3126605813458445,-0.034739944950541335,0.0,0.0,0.16831683550224144,0.0,0.0,0.0,0.7147663108661334,0.0,0.0,0.11691685363162514,0.0
2010-06-01,0.006886508413287938,0.004665548136060654,0.555240069306821,5,True,0.002220960277227284,1.198886552020797,-0.11840325241186267,0.0,0.0,0.22355690480906243,0.0,0.0,0.0,0.17221876301289193,0.5,0.0,0.10422433217804564,0.0
2010-07-01,0.014102769244739539,0.014102769244739539,0.0,0,False,0.0,1.2071426943478663,-0.11233212899246947,0.0,0.0,0.22355690480906243,0.0,0.0,0.0,0.17221876301289193,0.5,0.0,0.10422433217804564,0.0
2010-08-01,-0.005397410863976211,-0.007397410863976211,0.5,2,True,0.002,1.224682237117094,-0.09943449173607455,0.0,0.0,0.22355690480906243,0.0,0.0,0.0,0.17221876301289193,0.0,0.0,0.10422433217804564,0.5
2010-09-01,0.0041674925083223565,0.001415066346810653,0.6881065403779258,6,True,0.0027524261615117034,1.2122900313844636,-0.10854705393048358,0.0,0.0,0.20766912744402857,0.0,0.0,0.0,0.0,0.6862821626407294,0.0,0.10604870991524208,0.0
2010-10-01,0.02913771684521246,0.026389091142224666,0.6871564257469482,6,True,0.002748625702987793,1.2139962228352044,-0.10729241242065901,0.0,0.0,0.24805670801562438,0.0,0.0,0.0,0.14676884517535238,0.0,0.0,0.10517444680902323,0.5
2010-11-01,0.001129665407102234,0.0009318176068935703,0.049461950052165936,3,True,0.00019784780020866375,1.2491221160594774,-0.0814627180509534,0.0,0.0,0.19859475796345846,0.0,0.0,0.0,0.1694210381681547,0.0,0.0,0.13198420386838686,0.5
2010-12-01,0.04499284296632155,0.04283195368991414,0.5402223191018524,5,True,0.0021608892764074096,1.247830942308376,-0.0824121778456467,0.0,0.0,0.15837243886160604,0.0,0.0,0.0,0.7038318381686066,0.0,0.0,0.13779572296978734,0.0
2011-01-01,0.014084744786045666,0.014084744786045666,0.0,0,False,0.0,1.2899796345831318,-0.0514182944278323,0.0,0.0,0.15837243886160604,0.0,0.0,0.0,0.7038318381686066,0.0,0.0,0.13779572296978734,0.0
2011-02-01,0.014079148095738703,0.014079148095738703,0.0,0,False,0.0,1.3081486685154315,-0.03805776319613652,0.0,0.0,0.15837243886160604,0.0,0.0,0.0,0.7038318381686066,0.0,0.0,0.13779572296978734,0.0
2011-03-01,0.016164175858332804,0.016164175858332804,0.0,0,False,0.0,1.3265662873507038,-0.024514435984628657,0.0,0.0,0.15837243886160604,0.0,0.0,0.0,0.7038318381686066,0.0,0.0,0.13779572296978734,0.0
2011-04-01,0.03448920342111063,0.03237802100129736,0.527795604953318,5,True,0.002111182419813272,1.3451632449130575,-0.010839232710081359,0.0,0.0,0.1756253919931176,0.0,0.0,0.0,0.1760362332152886,0.0,0.0,0.1483383747915938,0.5
2011-05-01,-0.03501835161517512,-0.03772249654803628,0.6760362332152886,6,True,0.0027041449328611545,1.3959919499436864,0.0,0.0,0.13101497528766243,0.20859563538324288,0.0,0.0,0.0,0.0,0.0,0.5,0.1603893893290947,0.0
2011-06-01,-0.020777912444179918,-0.02277791244417992,0.5,2,True,0.002,1.340776913784133,-0.03955254624625926,0.0,0.13101497528766243,0.20859563538324288,0.0,0.0,0.0,0.0,0.5,0.0,0.1603893893290947,0.0
2011-07-01,-0.03928579775944745,-0.04212018030098042,0.7085956353832429,6,True,0.0028343825415329716,1.3091970555603214,-0.06217435164068552,0.0,0.1350282677231904,0.0,0.0,0.0,0.0,0.20428652605693054,0.0,0.5,0.1606852062198791,0.0
2011-08-01,0.0635557748137554,0.06072892256400381,0.706713062437899,6,True,0.0028268522497515956,1.2542086912362949,-0.10156452457559728,0.0,0.0,0.20671306243789894,0.0,0.0,0.0,0.16248072816855785,0.5,0.0,0.13080620939354323,0.0
2011-09-01,0.017647757089575063,0.017647757089575063,0.0,0,False,0.0,1.3339208963859643,-0.044463761814834246,0.0,0.0,0.20671306243789894,0.0,0.0,0.0,0.16248072816855785,0.5,0.0,0.13080620939354323,0.0
2011-10-01,-0.014314675442230392,-0.015487823192478796,0.29328693756210106,4,True,0.0011731477502484042,1.3463090235468003,-0.0355896940515239,0.0,0.0,0.24678575964949073,0.0,0.0,0.0,0.0,0.7532142403505093,0.0,0.0,0.0
2011-11-01,-0.011736478179605015,-0.012254175918184267,0.1294244346448132,3,True,0.0005176977385792529,1.324794038182931,-0.05100166355803659,0.0,0.0,0.18531349542625822,0.0,0.0,0.0,0.0,0.6852620699289286,0.0,0.1294244346448132,0.0
2011-12-01,0.010351537529973349,0.010351537529973349,0.0,0,False,0.0,1.3092456218613262,-0.0621395618261692,0.0,0.0,0.18531349542625822,0.0,0.0,0.0,0.0,0.6852620699289286,0.0,0.1294244346448132,0.0
2012-01-01,0.024945676671421363,0.024945676671421363,0.0,0,False,0.0,1.3215743809067675,-0.053308021611385925,0.0,0.0,0.18531349542625822,0.0,0.0,0.0,0.0,0.6852620699289286,0.0,0.1294244346448132,0.0
2012-02-01,0.010819919832913402,0.008819919832913402,0.5,2,True,0.002,1.3518328642138817,-0.031632765311852995,0.0,0.0,0.18531349542625822,0.0,0.0,0.0,0.0,0.18526206992892857,0.0,0.1294244346448132,0.5
2012-03-01,0.019092665296872237,0.01686669151932885,0.5564934443858466,5,True,0.0022259737775433865,1.3634178842224767,-0.023333992522323488,0.0,0.0,0.13383901399343007,0.0,0.0,0.0,0.5,0.18024310697591014,0.0,0.18591787903065973,0.0
2012-04-01,0.00747701295845184,0.00747701295845184,0.0,0,False,0.0,1.3801387490012131,-0.011356226619439136,0.0,0.0,0.13383901399343007,0.0,0.0,0.0,0.5,0.18024310697591014,0.0,0.18591787903065973,0.0
2012-05-01,0.06516387800246637,0.06316387800246637,0.5,2,True,0.002,1.3876771481833328,-0.0059561960659507696,0.0,0.0,0.13383901399343007,0.0,0.0,0.0,0.0,0.6802431069759102,0.0,0.18591787903065973,0.0
2012-06-01,-0.007552542382262796,-0.007674953497999525,0.03060277893418241,3,True,0.00012241111573672964,1.4779226362668683,0.0,0.0,0.0,0.1644417929276125,0.0,0.0,0.0,0.0,0.6732623040766836,0.0,0.16229590299570387,0.0
2012-07-01,0.0110686605221943,0.00809014715090725,0.7446283428217625,6,True,0.00297851337128705,1.4545386484189686,-0.01582220021134939,0.0,0.0,0.0,0.24462834282176255,0.0,0.0,0.5,0.14452448938083756,0.0,0.11084716779739985,0.0
2012-08-01,2.888140616090322e-06,-0.0029756252306709597,0.7446283428217626,6,True,0.00297851337128705,1.46189085723208,-0.010847508957088303,0.0,0.0,0.0,0.0,0.0,0.0,0.1651826294332145,0.6845218035433018,0.0,0.15029556702348373,0.0
2012-09-01,0.010499151263377459,0.008499151263377459,0.5,2,True,0.002,1.4614965107462443,-0.011114333807157317,0.0,0.0,0.0,0.0,0.0,0.0,0.6651826294332145,0.18452180354330178,0.0,0.15029556702348373,0.0
2012-10-01,0.0019287021942365522,-0.0010037927988322832,0.7331237482672088,6,True,0.0029324949930688354,1.4695651345834702,-0.012835562073941875,0.0,0.0,0.0,0.23312374826720877,0.0,0.0,0.12378413179801624,0.0,0.0,0.14309211993477491,0.5
2012-11-01,0.008993303653670594,0.006993303653670594,0.5,2,True,0.002,1.4694546891069484,-0.013270245600565556,0.0,0.0,0.0,0.23312374826720877,0.0,0.0,0.12378413179801624,0.0,0.5,0.14309211993477491,0.0
2012-12-01,0.039909839632418134,0.039909839632418134,0.0,0,False,0.0,1.4802775877601249,-0.006002735952868377,0.0,0.0,0.0,0.23312374826720877,0.0,0.0,0.12378413179801624,0.0,0.5,0.14309211993477491,0.0
2013-01-01,0.009185399370641192,0.006252904377572356,0.7331237482672088,6,True,0.0029324949930688354,1.479092195635963,-0.026123531094776498,0.0,0.14950469386375806,0.0,0.0,0.0,0.0,0.15509543387898686,0.0,0.0,0.19539987225725514,0.5
2013-02-01,-0.011290744291479644,-0.013290744291479644,0.5,2,True,0.002,1.4853243747165492,-0.022020086715518916,0.0,0.14950469386375806,0.0,0.0,0.0,0.0,0.15509543387898686,0.0,0.5,0.19539987225725514,0.0
2013-03-01,0.023992869804088015,0.020897425309273743,0.7738611237035682,6,True,0.003095444494814273,1.4640081297501533,-0.03605531010419116,0.0,0.0,0.0,0.2738611237035682,0.0,0.0,0.6008020562689805,0.0,0.0,0.1253368200274513,0.0
2013-04-01,0.020328147149041274,0.020328147149041274,0.0,0,False,0.0,1.4991338861993755,-0.012927510661178698,0.0,0.0,0.0,0.2738611237035682,0.0,0.0,0.6008020562689805,0.0,0.0,0.1253368200274513,0.0
2013-05-01,-0.01267813568973472,-0.015773580184548993,0.7738611237035682,6,True,0.003095444494814273,1.5248736822222604,-0.009963703955797931,0.0,0.14374733824855207,0.0,0.0,0.0,0.0,0.1750781026751565,0.0,0.5,0.1811745590762914,0.0
2013-06-01,-0.016694942614679475,-0.018694942614679473,0.5,2,True,0.002,1.4967340796206188,-0.05529590037091214,0.0,0.14374733824855207,0.0,0.0,0.0,0.0,0.6750781026751564,0.0,0.0,0.1811745590762914,0.0
2013-07-01,0.05044746191322632,0.05028889206659556,0.039642461657689906,3,True,0.00015856984663075965,1.4685697898533128,-0.07307255179389549,0.0,0.16072119942805302,0.0,0.0,0.0,0.0,0.6977467031533455,0.0,0.0,0.1415320974186015,0.0
2013-08-01,-0.03832809961376639,-0.03832809961376639,0.0,0,False,0.0,1.542655408393853,-0.02631141465419362,0.0,0.16072119942805302,0.0,0.0,0.0,0.0,0.6977467031533455,0.0,0.0,0.1415320974186015,0.0
2013-09-01,0.0501838315209584,0.04739092590159407,0.6982264048410824,6,True,0.00279290561936433,1.475925429154753,-0.06842984157697785,0.0,0.13150337405156817,0.0,0.19822640484108248,0.0,0.0,0.17027022110734938,0.0,0.5,0.0,0.0
2013-10-01,0.027416895466398028,0.026623989847033697,0.19822640484108245,4,True,0.0007929056193643298,1.5444384723058096,-0.02518598575505815,0.0,0.15592801999287434,0.0,0.0,0.0,0.0,0.22580925752581366,0.0,0.5,0.11826272248131199,0.0
2013-11-01,0.010710174443467243,0.008710174443467243,0.5,2,True,0.002,1.583608616094391,-0.01492728473406535,0.0,0.15592801999287434,0.0,0.0,0.0,0.0,0.7258092575258137,0.0,0.0,0.11826272248131199,0.0
2013-12-01,0.014767731253494587,0.013823821190178545,0.23597751582901058,4,True,0.0009439100633160424,1.6066683347191024,-0.0011355806958309733,0.0,0.12395068870182373,0.0,0.23597751582901064,0.0,0.0,0.6400717954691657,0.0,0.0,0.0,0.0
2014-01-01,-0.03637205341360705,-0.03647937064801591,0.026829308602213692,3,True,0.00010731723440885477,1.6110113480530412,-0.015111525968453887,0.0,0.11533775697346711,0.0,0.2628068244312243,0.0,0.0,0.6218554185953086,0.0,0.0,0.0,0.0
2014-02-01,0.01951371402658684,0.01732779918721446,0.5464787098430941,5,True,0.0021859148393723765,1.5791284318318812,-0.034603081222042364,0.5,0.08858939169231131,0.0,0.3092855342743184,0.0,0.0,0.10212507403337029,0.0,0.0,0.0,0.0
2014-03-01,0.01604796387871409,0.01404796387871409,0.5,2,True,0.002,1.6112986960933555,-0.014935856335038133,0.0,0.08858939169231131,0.0,0.3092855342743184,0.0,0.0,0.6021250740333703,0.0,0.0,0.0,0.0
2014-04-01,0.001584625179262463,-0.000415374820737537,0.5,2,True,0.002,1.6306146809556543,-0.003127068719459114,0.0,0.08858939169231131,0.0,0.3092855342743184,0.0,0.0,0.10212507403337029,0.0,0.0,0.0,0.5
2014-05-01,0.014881683134946424,0.012881683134946424,0.5,2,True,0.002,1.629932196848698,-0.010455601136675763,0.0,0.08858939169231131,0.0,0.3092855342743184,0.0,0.0,0.10212507403337029,0.0,0.5,0.0,0.0
2014-06-01,0.02721597006842604,0.02397882793132877,0.8092855342743184,6,True,0.0032371421370972738,1.6539668253495285,0.0,0.0,0.1657181683101366,0.0,0.0,0.0,0.0,0.16528104920910205,0.0,0.0,0.1690007824807613,0.5
2014-07-01,-0.006490915710333804,-0.006490915710333804,0.0,0,False,0.0,1.693481293533816,0.0,0.0,0.1657181683101366,0.0,0.0,0.0,0.0,0.16528104920910205,0.0,0.0,0.1690007824807613,0.5
2014-08-01,0.03366611125439474,0.03300292213909915,0.1657972788238959,4,True,0.0006631891152955836,1.681373240776428,-0.027110993209830014,0.0,0.0,0.0,0.0,0.0,0.0,0.18512471910082123,0.14595360893217674,0.0,0.16892167196700206,0.5
2014-09-01,-0.05846806907345107,-0.05846806907345107,0.0,0,False,0.0,1.7407183882544934,-0.002830401713225128,0.0,0.0,0.0,0.0,0.0,0.0,0.18512471910082123,0.14595360893217674,0.0,0.16892167196700206,0.5
2014-10-01,0.031083026366720123,0.029083026366720124,0.5,2,True,0.002,1.6356640614020173,-0.07134329091818825,0.0,0.0,0.0,0.0,0.0,0.0,0.18512471910082123,0.6459536089321767,0.0,0.16892167196700206,0.0
2014-11-01,0.018613545733790825,0.016465022467643774,0.5371308165367629,5,True,0.0021485232661470517,1.6836616401255247,-0.044092417983399135,0.0,0.0,0.0,0.0,0.0,0.0,0.6583497808383489,0.18308442546893963,0.0,0.15856579369271148,0.0
2014-12-01,0.04080975653965149,0.03880975653965149,0.5,2,True,0.002,1.7078932028055682,-0.03033482326369208,0.0,0.0,0.0,0.0,0.0,0.0,0.1583497808383489,0.6830844254689397,0.0,0.15856579369271148,0.0
2015-01-01,0.06112557629275367,0.06112557629275367,0.0,0,False,0.0,1.731496271459633,-0.019140147454132506,0.0,0.0,0.0,0.0,0.0,0.0,0.1583497808383489,0.6830844254689397,0.0,0.15856579369271148,0.0
2015-02-01,-0.048092057449470524,-0.048092057449470524,0.0,0,False,0.0,1.8392984287993004,0.0,0.0,0.0,0.0,0.0,0.0,0.0,0.1583497808383489,0.6830844254689397,0.0,0.15856579369271148,0.0
2015-03-01,-0.008701111941407463,-0.010804505322241607,0.5258483452085362,5,True,0.002103393380834145,1.7690139791048254,-0.03821264053400886,0.0,0.0,0.0,0.0,0.0,0.0,0.6794356103290338,0.15723608026040345,0.0,0.1633283094105628,0.0
2015-04-01,-0.043221538233115385,-0.04522153823311539,0.5,2,True,0.002,1.7464331683320846,-0.05048950133004704,0.0,0.0,0.0,0.0,0.0,0.0,0.17943561032903377,0.6572360802604035,0.0,0.1633283094105628,0.0
2015-05-01,-0.022951562556909305,-0.02511586059644221,0.5410745098832255,5,True,0.0021642980395329024,1.667333207344616,-0.09349500807595623,0.0,0.0,0.0,0.0,0.0,0.0,0.22051012021225933,0.15103380305509567,0.0,0.12845607673264509,0.5
2015-06-01,-0.02241290734262328,-0.02441290734262328,0.5,2,True,0.002,1.6258071743231688,-0.11607211267803852,0.0,0.0,0.0,0.0,0.0,0.0,0.7205101202122594,0.15103380305509567,0.0,0.12845607673264509,0.0
2015-07-01,0.03060813059594107,0.02860813059594107,0.5,2,True,0.002,1.5861893725505545,-0.1376117395011185,0.0,0.0,0.0,0.0,0.5,0.0,0.22051012021225933,0.15103380305509567,0.0,0.12845607673264509,0.0
2015-08-01,-0.038187879906391706,-0.040335410931235806,0.5368827562110242,5,True,0.002147531024844097,1.629678481653411,-0.11396733877641052,0.0,0.0,0.0,0.0,0.0,0.0,0.206567161870745,0.6280940051855857,0.0,0.16533883294366924,0.0
2015-09-01,0.014340495498078254,0.010852871518820598,0.8719059948144143,5,True,0.003487623979257657,1.5586234625204494,-0.15259892678866505,0.0,0.0,0.0,0.0,0.5,0.0,0.0,0.5,0.0,0.0,0.0
2015-10-01,0.016465232170020515,0.013261316179952753,0.8009789975169407,5,True,0.003203915990067763,1.5759095845210784,-0.14320071183345873,0.0,0.0,0.0,0.0,0.0,0.0,0.14273587740384072,0.6990210024830593,0.0,0.15824312011309996,0.0
2015-11-01,0.0005889536780218575,-0.0014110463219781425,0.5,2,True,0.002,1.5985107971338233,-0.1309127588515715,0.0,0.0,0.0,0.0,0.0,0.0,0.6427358774038407,0.1990210024830593,0.0,0.15824312011309996,0.0
2015-12-01,-0.02881716728271911,-0.02881716728271911,0.0,0,False,0.0,1.596253341455258,-0.13214010491092676,0.0,0.0,0.0,0.0,0.0,0.0,0.6427358774038407,0.1990210024830593,0.0,0.15824312011309996,0.0
2016-01-01,0.0,-0.004,1.0,6,True,0.004,1.5650952995687806,-0.14908028242568583,1.0,0.0,0.0,0.0,0.0,0.0,0.0,0.0,0.0,0.0,0.0
2016-02-01,0.0,0.0,0.0,0,False,0.0,1.5588349183705053,-0.15248396129598318,1.0,0.0,0.0,0.0,0.0,0.0,0.0,0.0,0.0,0.0,0.0
2016-03-01,0.013216662531485183,0.009216662531485183,1.0,5,True,0.004,1.5525995786970235,-0.1558740254507991,0.0,0.0,0.21828358047641963,0.0,0.0,0.0,0.0,0.7817164195235804,0.0,0.0,0.0
2016-04-01,-0.0022136857617780226,-0.0053535666224090945,0.784970215157768,6,True,0.003139880860631072,1.568180354738686,-0.14740298247174655,0.0,0.0,0.0,0.0,0.0,0.0,0.14845282123165549,0.21502978484223198,0.0,0.13651739392611256,0.5
2016-05-01,-0.007635886725106305,-0.010229698010032926,0.6484528212316555,6,True,0.002593811284926622,1.5652660782050605,-0.14898743254683744,0.0,0.0,0.12936404633422915,0.0,0.0,0.0,0.0,0.21634621356241246,0.5,0.15428974010335839,0.0
2016-06-01,0.08194379397966978,0.07994379397966977,0.5,2,True,0.002,1.5461863108952516,-0.15936082656004513,0.0,0.0,0.12936404633422915,0.0,0.0,0.0,0.0,0.7163462135624125,0.0,0.15428974010335839,0.0
2016-07-01,0.004939916998397753,0.004939916998397753,0.0,0,False,0.0,1.6728866834094378,-0.09047566332044155,0.0,0.0,0.12936404633422915,0.0,0.0,0.0,0.0,0.7163462135624125,0.0,0.15428974010335839,0.0
2016-08-01,-0.0029244130558781674,-0.0050698521248291155,0.5363597672377369,5,True,0.0021454390689509477,1.6775437985849337,-0.08794365703882023,0.0,0.0,0.13401103602004089,0.0,0.0,0.0,0.0,0.17998644632467553,0.0,0.18600251765528353,0.5
2016-09-01,0.0011516839991759717,0.0004808709041604328,0.16770327375388472,4,True,0.0006708130950155389,1.6715159401466593,-0.0912209166416621,0.0,0.0,0.0,0.0,0.0,0.0,0.16770327375388477,0.15031786373650363,0.0,0.18197886250961162,0.5
2016-10-01,-0.02113670502166089,-0.021950146535270977,0.20336037840252202,4,True,0.0008134415136100881,1.67505499499329,-0.08929678361832183,0.0,0.0,0.16769886678031315,0.0,0.0,0.0,0.20336478537609362,0.0,0.0,0.1289363478435932,0.5
2016-11-01,-0.045488972155727475,-0.04700179447097501,0.3782055788118834,5,True,0.0015128223152475336,1.635837611267895,-0.11061870893035297,0.0,0.0,0.1217944211881166,0.24650891947695783,0.0,0.0,0.0,0.13169665933492555,0.0,0.0,0.5
2016-12-01,0.025356974828963035,0.022700713070725936,0.6640654395592744,6,True,0.0026562617582370977,1.5572774860962817,-0.15333071473731585,0.0,0.0,0.1320025409419666,0.21414013925260902,0.0,0.0,0.6538573198054244,0.0,0.0,0.0,0.0
2017-01-01,0.007510643211687101,0.006982633047919235,0.13200254094196656,4,True,0.0005280101637678662,1.5856761425998973,-0.13789077521529147,0.0,0.0,0.0,0.21928674535226655,0.0,0.0,0.6863255694327288,0.0,0.0,0.09438768521500465,0.0
2017-02-01,0.03277920735256012,0.030213498338361695,0.6414272535496055,6,True,0.002565709014198422,1.5926452734587702,-0.13410175938743452,0.0,0.1414272535496055,0.0,0.19228019498805843,0.0,0.0,0.1662925514623361,0.0,0.0,0.0,0.5
2017-03-01,-0.008234365094779119,-0.010506267109421574,0.5679755036606136,5,True,0.0022719020146424545,1.641113982990535,-0.10775002180485782,0.0,0.11015836273398176,0.0,0.260255698648672,0.0,0.0,0.6295859386173461,0.0,0.0,0.0,0.0
2017-04-01,0.01407176639309858,0.011872606225063061,0.5497900420088796,5,True,0.002199160168035518,1.6297614658996216,-0.11392222143986996,0.0,0.13845856013781502,0.0,0.21046565663979247,0.0,0.0,0.15107578322239254,0.0,0.0,0.0,0.5
2017-05-01,0.029985274043316575,0.027985274043316577,0.5,2,True,0.002,1.645762426221013,-0.10522273033453744,0.0,0.13845856013781502,0.0,0.21046565663979247,0.0,0.0,0.15107578322239254,0.0,0.5,0.0,0.0
2017-06-01,-0.0021722338345804477,-0.0021722338345804477,0.0,0,False,0.0,1.6951110635814437,-0.07839258869588805,0.0,0.13845856013781502,0.0,0.21046565663979247,0.0,0.0,0.15107578322239254,0.0,0.5,0.0,0.0
2017-07-01,0.02750729239181835,0.02726897536769324,0.05957925603127782,3,True,0.00023831702412511127,1.6930292350217044,-0.07952444882643706,0.0,0.10014792943472477,0.0,0.2700449126710703,0.0,0.0,0.12980715789420497,0.0,0.5,0.0,0.0
2017-08-01,0.016513912705365428,0.014513912705365428,0.5,2,True,0.002,1.7357069383316301,-0.05632119771629185,0.0,0.10014792943472477,0.0,0.2700449126710703,0.0,0.0,0.12980715789420497,0.0,0.0,0.0,0.5
2017-09-01,0.0012562612305913375,0.0011456200985841048,0.02766028300180815,3,True,0.0001106411320072326,1.7641750392714646,-0.04084350225693201,0.0,0.12780821243653293,0.0,0.2429535179247841,0.0,0.0,0.129238269638683,0.0,0.0,0.0,0.5
2017-10-01,0.015773578658932547,0.013773578658932547,0.5,2,True,0.002,1.7649352058962093,-0.040430210638322306,0.0,0.12780821243653293,0.0,0.2429535179247841,0.0,0.0,0.129238269638683,0.0,0.5,0.0,0.0
2017-11-01,-0.004712073490173958,-0.006712073490173958,0.5,2,True,0.002,1.7856106230917557,-0.02918928482018668,0.0,0.12780821243653293,0.0,0.2429535179247841,0.0,0.0,0.129238269638683,0.0,0.0,0.0,0.5
2017-12-01,0.018271372376542153,0.015299558304843017,0.7429535179247841,6,True,0.0029718140716991364,1.77191519646569,-0.036635290542600174,0.0,0.17533349545352106,0.0,0.0,0.0,0.0,0.6935595043194346,0.0,0.0,0.13110700022704433,0.0
2018-01-01,0.04889548589720918,0.046371057896301,0.6311070002270442,6,True,0.002524428000908177,1.7820623181836317,-0.03111844696840882,0.0,0.17898316841138565,0.1273154539687143,0.0,0.0,0.0,0.1937013776199,0.0,0.0,0.0,0.5
2018-02-01,-0.04720970928545376,-0.04720970928545376,0.0,0,False,0.0,1.8644784675785293,-0.022268597710776494,0.0,0.17898316841138565,0.1273154539687143,0.0,0.0,0.0,0.1937013776199,0.0,0.0,0.0,0.5
2018-03-01,-0.0090159868640137,-0.009409051086387617,0.0982660555934796,3,True,0.0003930642223739184,1.7757587194732796,-0.0687931809838408,0.0,0.14176799909490254,0.22558150956219392,0.0,0.0,0.0,0.13265049134290352,0.0,0.0,0.0,0.5
2018-04-01,-0.011979839450532668,-0.013979839450532668,0.5,2,True,0.002,1.7765991243072083,-0.06835247318750193,0.0,0.14176799909490254,0.22558150956219392,0.0,0.0,0.0,0.13265049134290352,0.5,0.0,0.0,0.0
2018-05-01,0.017372235861517673,0.015372235861517673,0.5,2,True,0.002,1.7483015102849386,-0.0831917251931128,0.0,0.14176799909490254,0.22558150956219392,0.0,0.0,0.0,0.6326504913429035,0.0,0.0,0.0,0.0
2018-06-01,-0.015330181980015642,-0.0154612431985677,0.032765304638014574,3,True,0.0001310612185520583,1.7784403013732866,-0.06738696102633579,0.0,0.17453330373291712,0.20554048985903178,0.0,0.0,0.0,0.6199262064080511,0.0,0.0,0.0,0.0
2018-07-01,0.027832487218995616,0.026568501234953048,0.31599649601064234,4,True,0.0012639859840425692,1.755116797853619,-0.0796177924352921,0.0,0.09734131253733792,0.0,0.3159964960106424,0.0,0.0,0.5866621914520197,0.0,0.0,0.0,0.0
2018-08-01,0.01905109795531142,0.01778711197126885,0.3159964960106424,4,True,0.0012639859840425697,1.799408570182765,-0.0563912133021508,0.0,0.15718124894930038,0.0,0.0,0.0,0.0,0.6932938207479515,0.0,0.0,0.14952493030274805,0.0
2018-09-01,0.007149903368475262,0.007149903368475262,0.0,0,False,0.0,1.8414746342191806,-0.03433179427730726,0.0,0.15718124894930038,0.0,0.0,0.0,0.0,0.6932938207479515,0.0,0.0,0.14952493030274805,0.0
2018-10-01,-0.04773603586139224,-0.049103208410702606,0.3417931373275925,4,True,0.0013671725493103698,1.8521053856454444,-0.028757034536108228,0.0,0.06178978496266422,0.0,0.34179313732759253,0.0,0.0,0.5964170777097433,0.0,0.0,0.0,0.0
2018-11-01,0.0014108865754453883,-0.0008362725644052683,0.5617897849626642,5,True,0.0022471591398506565,1.7597299172057626,-0.07719867538377867,0.5,0.0,0.0,0.4024637996334575,0.0,0.0,0.09753620036654247,0.0,0.0,0.0,0.0
2018-12-01,-0.0776219178781836,-0.08002026822924184,0.5995875877645604,5,True,0.002398350351058242,1.7550109599897854,-0.07967329374829779,0.0,0.0,0.0,0.3133766583772497,0.0,0.0,0.5870357538581898,0.0,0.0,0.0995875877645605,0.0
2019-01-01,0.0,-0.004,1.0,6,True,0.004,1.618158531132126,-0.15143862625302928,1.0,0.0,0.0,0.0,0.0,0.0,0.0,0.0,0.0,0.0,0.0
2019-02-01,0.0029864652589597193,-0.0010135347410402808,1.0,6,True,0.004,1.605239153419567,-0.1582135402610252,0.0,0.0,0.0,0.20597009572671965,0.0,0.0,0.0,0.20516948415808178,0.0,0.08886042011519854,0.5
2019-03-01,0.022241075720432123,0.019420397783799795,0.7051694841580818,6,True,0.002820677936632327,1.6054917594159666,-0.1580810738263727,0.0,0.0,0.0,0.2826697181081937,0.0,0.0,0.603184226136693,0.0,0.0,0.11414605575511334,0.0
2019-04-01,0.0043698833879815095,0.0022644349199819965,0.5263621169998782,5,True,0.002105448467999513,1.6377441619733064,-0.14116793305916442,0.0,0.0,0.0,0.25630760110831546,0.0,0.0,0.10997771565309819,0.0,0.0,0.1337146832385863,0.5
2019-05-01,-0.026949816200286164,-0.029975046604719426,0.7563076011083155,6,True,0.0030252304044332623,1.6399247087262485,-0.14002445563553922,0.0,0.0,0.0,0.0,0.0,0.0,0.6773779125730264,0.17756773330098546,0.0,0.14505435412598813,0.0
2019-06-01,0.009920904173728689,0.006804763544311227,0.7790351573543655,6,True,0.0031161406294174616,1.595678762102972,-0.16322700379570898,0.0,0.0,0.0,0.2790351573543654,0.0,0.0,0.0,0.6280871192374418,0.0,0.09287772340819272,0.0
2019-07-01,0.01327358180733433,0.010157441177916868,0.7790351573543655,6,True,0.0031161406294174616,1.6014816070383624,-0.16018399535415018,0.0,0.0,0.16299650142934277,0.0,0.0,0.0,0.5,0.20730536928849902,0.0,0.1296981292821582,0.0
2019-08-01,0.08046209859613887,0.07833995145935696,0.5305367841954775,5,True,0.00212214713678191,1.6192953132308996,-0.15084249839483277,0.0,0.0,0.1412009167809257,0.0,0.0,0.0,0.0,0.6985641697414386,0.0,0.16023491347763566,0.0
2019-09-01,-0.0236612563989474,-0.0236612563989474,0.0,0,False,0.0,1.7418758581405063,-0.08656133336561045,0.0,0.0,0.1412009167809257,0.0,0.0,0.0,0.0,0.6985641697414386,0.0,0.16023491347763566,0.0
2019-10-01,-0.0037466377877965803,-0.0039299327883310555,0.045823750133618904,3,True,0.0001832950005344756,1.7003491642077433,-0.10833790702808188,0.0,0.0,0.1538704731966753,0.0,0.0,0.0,0.0,0.6527404196078197,0.0,0.19338910719550498,0.0
2019-11-01,-0.01779844302590111,-0.019798443025901113,0.5,2,True,0.002,1.6905906146331204,-0.11345528463571741,0.0,0.0,0.1538704731966753,0.0,0.0,0.0,0.0,0.1527404196078197,0.0,0.19338910719550498,0.5
2019-12-01,0.031637570123610195,0.029637570123610193,0.5,2,True,0.002,1.6687852188653394,-0.12489002124020765,0.0,0.0,0.1538704731966753,0.0,0.0,0.0,0.5,0.1527404196078197,0.0,0.19338910719550498,0.0
2020-01-01,-0.038300462751363576,-0.041754451033033844,0.8634970704175674,7,True,0.0034539882816702694,1.7091083927110318,-0.10374457279740312,0.0,0.1755744242294145,0.0,0.0,0.0,0.0,0.18792264618815296,0.0,0.0,0.13650292958243257,0.5
2020-02-01,0.029625480846985068,0.026377171431737678,0.8120773538118471,7,True,0.003248309415247388,1.6285741698721092,-0.14597667147689952,0.0,0.0,0.18115325065147744,0.0,0.0,0.0,0.18927566457303552,0.629571084775487,0.0,0.0,0.0
2020-03-01,0.02149795720061967,0.020740854542327526,0.18927566457303552,4,True,0.0007571026582921421,1.665434998361125,-0.12664687488508664,0.0,0.0,0.18900850515722575,0.0,0.0,0.0,0.0,0.676392641015323,0.0,0.1345988538274512,0.0
2020-04-01,0.025424508265340363,0.024886112850030558,0.13459885382745124,3,True,0.0005383954153098049,1.6990351910031463,-0.10902695379705296,0.0,0.0,0.29924323750442877,0.0,0.0,0.0,0.0,0.7007567624955713,0.0,0.0,0.0
2020-05-01,-0.015518808990293018,-0.015518808990293018,0.0,0,False,0.0,1.7422323252599103,-0.08637440221967041,0.0,0.0,0.29924323750442877,0.0,0.0,0.0,0.0,0.7007567624955713,0.0,0.0,0.0
2020-06-01,0.01812909480448501,0.01571477234445897,0.6035806150065104,5,True,0.0024143224600260416,1.711053920885304,-0.10272433897700683,0.0,0.0,0.2371656047799432,0.0,0.0,0.0,0.6035806150065104,0.15925378021354647,0.0,0.0,0.0
2020-07-01,0.07686182990162047,0.07470223536779073,0.5398986334574322,5,True,0.0021595945338297286,1.738311606620597,-0.08843042474814511,0.0,0.0,0.19726697132251103,0.0,0.0,0.0,0.11449559818087267,0.1882374304966163,0.0,0.0,0.5
2020-08-01,0.021190205636025257,0.021190205636025257,0.0,0,False,0.0,1.8646010260792978,-0.022204328105681848,0.0,0.0,0.19726697132251103,0.0,0.0,0.0,0.11449559818087267,0.1882374304966163,0.0,0.0,0.5
2020-09-01,-0.03125998137660941,-0.033485857386673534,0.5564690025160305,5,True,0.0022258760100641217,1.899873987350335,-0.004401163488732429,0.0,0.0,0.14079796880648057,0.0,0.0,0.0,0.6446645617159752,0.21453746947754412,0.0,0.0,0.0
2020-10-01,-0.0010062857089730252,-0.0030062857089730253,0.5,2,True,0.002,1.8368029939640833,-0.042274822770965836,0.0,0.0,0.14079796880648057,0.0,0.0,0.0,0.14466456171597525,0.21453746947754412,0.0,0.0,0.5
2020-11-01,0.05542398378745006,0.05542398378745006,0.0,0,False,0.0,1.8149280221726911,-0.053680624756609174,0.0,0.0,0.14079796880648057,0.0,0.0,0.0,0.14466456171597525,0.21453746947754412,0.0,0.0,0.5
2020-12-01,0.03201415801932586,0.03001415801932586,0.5,2,True,0.002,1.9116875263220807,-0.004769900763253343,0.0,0.0,0.14079796880648057,0.0,0.0,0.0,0.14466456171597525,0.21453746947754412,0.5,0.0,0.0
2021-01-01,0.015699916813159853,0.013699916813159853,0.5,2,True,0.002,1.9305025068945274,-0.01952200275201843,0.0,0.0,0.14079796880648057,0.0,0.0,0.0,0.14466456171597525,0.21453746947754412,0.0,0.0,0.5
2021-02-01,0.00965833080352494,0.008800180925614765,0.21453746947754412,4,True,0.0008581498779101764,1.9552103086064054,-0.018337647216310926,0.0,0.16531068830285714,0.14713466836657854,0.0,0.0,0.0,0.18755464333056426,0.0,0.0,0.0,0.5
2021-03-01,-0.0028973863619960946,-0.0028973863619960946,0.0,0,False,0.0,1.974094376557389,-0.031776278052927376,0.0,0.16531068830285714,0.14713466836657854,0.0,0.0,0.0,0.18755464333056426,0.0,0.0,0.0,0.5
2021-04-01,0.04313092137871719,0.040425806349378694,0.6762787573346252,6,True,0.0027051150293385005,1.9630499825507408,-0.037193164093814235,0.0,0.17940862792367138,0.0,0.0,0.0,0.0,0.6584105543625177,0.0,0.0,0.16218081771381088,0.0
2021-05-01,0.011781630598298518,0.011781630598298518,0.0,0,False,0.0,2.0415445560984375,-0.005892756872451388,0.0,0.17940862792367138,0.0,0.0,0.0,0.0,0.6584105543625177,0.0,0.0,0.16218081771381088,0.0
2021-06-01,-0.0013795939184602837,-0.0033795939184602837,0.5,2,True,0.002,2.061466085348541,0.0,0.0,0.17940862792367138,0.0,0.0,0.0,0.0,0.1584105543625177,0.0,0.5,0.16218081771381088,0.0
2021-07-01,0.018791282935613243,0.016670293212227197,0.5302474308465113,5,True,0.0021209897233860453,2.0542557829571853,-0.01943817217955457,0.0,0.16043186516683922,0.0,0.0,0.0,0.0,0.688657985209029,0.0,0.0,0.15091014962413177,0.0
2021-08-01,0.03142175695812147,0.03142175695812147,0.0,0,False,0.0,2.0949138900049773,-0.003954262104834738,0.0,0.16043186516683922,0.0,0.0,0.0,0.0,0.688657985209029,0.0,0.0,0.15091014962413177,0.0
2021-09-01,-0.03975468941818991,-0.03975468941818991,0.0,0,False,0.0,2.1607397651049074,0.0,0.0,0.16043186516683922,0.0,0.0,0.0,0.0,0.688657985209029,0.0,0.0,0.15091014962413177,0.0
2021-10-01,0.05652592867657544,0.05652592867657544,0.0,0,False,0.0,2.0748402268296284,-0.04369237124175396,0.0,0.16043186516683922,0.0,0.0,0.0,0.0,0.688657985209029,0.0,0.0,0.15091014962413177,0.0
2021-11-01,-0.03023454758229555,-0.03023454758229555,0.0,0,False,0.0,2.192122497506691,0.0,0.0,0.16043186516683922,0.0,0.0,0.0,0.0,0.688657985209029,0.0,0.0,0.15091014962413177,0.0
2021-12-01,0.03440173858339046,0.03240173858339046,0.5,2,True,0.002,2.1215929762185044,-0.04631122530809817,0.5,0.16043186516683922,0.0,0.0,0.0,0.0,0.18865798520902896,0.0,0.0,0.15091014962413177,0.0
2022-01-01,-0.053190857653787574,-0.055190857653787576,0.5,2,True,0.002,2.1428500493858817,-0.03675584296578571,0.0,0.16043186516683922,0.0,0.0,0.0,0.0,0.688657985209029,0.0,0.0,0.15091014962413177,0.0
2022-02-01,-0.025840923899681324,-0.02795967251618244,0.5296871541252786,5,True,0.002118748616501114,2.0205222091892963,-0.09174409440491249,0.5,0.19011901929211786,0.0,0.0,0.0,0.0,0.16275153150204524,0.0,0.0,0.14712944920583695,0.0
2022-03-01,0.017643016053513857,0.016752026295894257,0.22274743940490033,4,True,0.0008909897576196013,1.9665563044509473,-0.11600260116938599,0.5,0.0,0.22274743940490027,0.0,0.0,0.0,0.13749247934056158,0.0,0.0,0.1397600812545381,0.0
2022-04-01,-0.0743212752139652,-0.07643965839726223,0.5295957958242594,5,True,0.002118383183297038,1.9970128697061726,-0.10231190520405942,0.0,0.0,0.19315164358064082,0.0,0.0,0.0,0.6472936412798762,0.0,0.0,0.1595547151394829,0.0
2022-05-01,-0.00829789519288426,-0.01029789519288426,0.5,2,True,0.002,1.8558023216877115,-0.16578822513104818,0.5,0.0,0.19315164358064082,0.0,0.0,0.0,0.14729364127987624,0.0,0.0,0.1595547151394829,0.0
2022-06-01,0.0,-0.002,0.5,4,True,0.002,1.8330488178618152,-0.17601627614125848,1.0,0.0,0.0,0.0,0.0,0.0,0.0,0.0,0.0,0.0,0.0
2022-07-01,-0.009773051330798477,-0.011773051330798477,0.5,2,True,0.002,1.8293827202260917,-0.1776642435889758,0.5,0.0,0.5,0.0,0.0,0.0,0.0,0.0,0.0,0.0,0.0
2022-08-01,-0.01746734844283032,-0.02146734844283032,1.0,4,True,0.004,1.804258052721656,-0.18895816925494158,0.5,0.0,0.0,0.0,0.0,0.0,0.5,0.0,0.0,0.0,0.0
2022-09-01,0.0,-0.002,0.5,2,True,0.002,1.7691969637367169,-0.20471866967524777,1.0,0.0,0.0,0.0,0.0,0.0,0.0,0.0,0.0,0.0,0.0
2022-10-01,0.0,0.0,0.0,0,False,0.0,1.7691969637367169,-0.20471866967524777,1.0,0.0,0.0,0.0,0.0,0.0,0.0,0.0,0.0,0.0,0.0
2022-11-01,0.029723204927507352,0.02772320492750735,0.5,2,True,0.002,1.7656585698092433,-0.20630923233589726,0.5,0.0,0.0,0.0,0.0,0.0,0.5,0.0,0.0,0.0,0.0
2022-12-01,-0.0028078156846596536,-0.006807815684659654,1.0,4,True,0.004,1.8108670429064462,-0.1859873262035484,0.0,0.0,0.5,0.0,0.0,0.0,0.0,0.0,0.5,0.0,0.0
2023-01-01,0.07805042492227154,0.07805042492227154,0.0,0,False,0.0,1.7933096566608764,-0.19387964219583387,0.0,0.0,0.5,0.0,0.0,0.0,0.0,0.0,0.5,0.0,0.0
2023-02-01,-0.04865378593061681,-0.04865378593061681,0.0,0,False,0.0,1.9332782373804693,-0.1309616057307258,0.0,0.0,0.5,0.0,0.0,0.0,0.0,0.0,0.5,0.0,0.0
2023-03-01,0.0,-0.004,1.0,4,True,0.004,1.8318600641471425,-0.1765506392760654,1.0,0.0,0.0,0.0,0.0,0.0,0.0,0.0,0.0,0.0,0.0
2023-04-01,0.004004466482737057,4.4664827370567706e-06,1.0,4,True,0.004,1.8318600641471425,-0.1765506392760654,0.0,0.0,0.5,0.0,0.0,0.0,0.5,0.0,0.0,0.0,0.0
2023-05-01,-0.012640694815064952,-0.016002915610359877,0.840555198823731,5,True,0.0033622207952949236,1.8256798567741706,-0.17932873783829617,0.0,0.17290410208086623,0.15944480117626908,0.0,0.0,0.0,0.16765109674286469,0.0,0.5,0.0,0.0
2023-06-01,0.034480898703044854,0.03248089870304485,0.5,2,True,0.002,1.7989967908849278,-0.19132318762116274,0.0,0.17290410208086623,0.15944480117626908,0.0,0.0,0.0,0.6676510967428647,0.0,0.0,0.0,0.0
2023-07-01,0.023519901166429664,0.023519901166429664,0.0,0,False,0.0,1.8596057311014673,-0.16407853392066274,0.0,0.17290410208086623,0.15944480117626908,0.0,0.0,0.0,0.6676510967428647,0.0,0.0,0.0,0.0
2023-08-01,-0.012094318466355653,-0.012245279873833963,0.03774035186957739,3,True,0.00015096140747830955,1.9030561426957329,-0.14454690355721167,0.0,0.13516375021128887,0.17419993792986843,0.0,0.0,0.0,0.6906363118588428,0.0,0.0,0.0,0.0
2023-09-01,-0.05112958303694068,-0.05112958303694068,0.0,0,False,0.0,1.8800399756466164,-0.15489302573862074,0.0,0.13516375021128887,0.17419993792986843,0.0,0.0,0.0,0.6906363118588428,0.0,0.0,0.0,0.0
2023-10-01,0.013363128029396288,0.011246909508903292,0.5290546301232489,5,True,0.0021162185204929955,1.7912722900267108,-0.19479546993033114,0.5,0.14398427233198194,0.19443404593242422,0.0,0.0,0.0,0.1615816817355938,0.0,0.0,0.0,0.0
2023-11-01,0.03493744471956355,0.03493744471956355,0.0,0,False,0.0,1.8113679114537176,-0.18576217806416284,0.5,0.14398427233198194,0.19443404593242422,0.0,0.0,0.0,0.1615816817355938,0.0,0.0,0.0,0.0
2023-12-01,0.023599317318247336,0.021599317318247338,0.5,2,True,0.002,1.8709031727714693,-0.15900015959335834,0.0,0.14398427233198194,0.19443404593242422,0.0,0.0,0.0,0.6615816817355938,0.0,0.0,0.0,0.0
2024-01-01,0.026423146284300904,0.026258429818612792,0.041179116422027554,3,True,0.0001647164656881102,1.9261991967861634,-0.13414374369312188,0.0,0.1620630867258337,0.15325492951039668,0.0,0.0,0.0,0.6846819837637697,0.0,0.0,0.0,0.0
2024-02-01,0.039909468165538184,0.039909468165538184,0.0,0,False,0.0,1.9767697797623518,-0.11141148644367616,0.0,0.1620630867258337,0.15325492951039668,0.0,0.0,0.0,0.6846819837637697,0.0,0.0,0.0,0.0
2024-03-01,0.029614842666305572,0.029614842666305572,0.0,0,False,0.0,2.055661610358376,-0.07594839144963683,0.0,0.1620630867258337,0.15325492951039668,0.0,0.0,0.0,0.6846819837637697,0.0,0.0,0.0,0.0
2024-04-01,-0.02912788853714874,-0.02912788853714874,0.0,0,False,0.0,2.116539705524304,-0.04858274844687116,0.0,0.1620630867258337,0.15325492951039668,0.0,0.0,0.0,0.6846819837637697,0.0,0.0,0.0,0.0
2024-05-01,0.036927756705505355,0.03492775670550535,0.5,2,True,0.002,2.050779594151547,-0.07814293305422648,0.0,0.1620630867258337,0.15325492951039668,0.0,0.0,0.0,0.18468198376376962,0.0,0.0,0.0,0.5
2024-06-01,0.018017893967002558,0.01601789396700256,0.5,2,True,0.002,2.111926333250893,-0.05065653045875762,0.0,0.1620630867258337,0.15325492951039668,0.0,0.0,0.0,0.6846819837637697,0.0,0.0,0.0,0.0
2024-07-01,0.002255581903822498,0.002133049730892101,0.0306330432325993,3,True,0.0001225321729303972,2.1454159257028245,-0.03560244197504636,0.0,0.16639542914108374,0.12262188627779738,0.0,0.0,0.0,0.7109826845811189,0.0,0.0,0.0,0.0
2024-08-01,0.027139354644643017,0.024469901321769107,0.667363330718478,6,True,0.002669453322873912,2.1445150814538856,-0.03754959003328806,0.0,0.0,0.1312537183003542,0.0,0.0,0.0,0.21001478300372464,0.5,0.0,0.15873149869592115,0.0
2024-09-01,0.024343048801924342,0.024194248462918493,0.037200084751462345,3,True,0.0001488003390058494,2.196018181473925,-0.014435189879367205,0.0,0.0,0.1508695334222944,0.0,0.0,0.0,0.17281469825226228,0.5,0.0,0.1763157683254433,0.0
2024-10-01,-0.018659365879737475,-0.020659365879737476,0.5,2,True,0.002,2.2446429539772375,-0.011683956585540112,0.0,0.0,0.1508695334222944,0.0,0.0,0.0,0.17281469825226228,0.0,0.0,0.1763157683254433,0.5
2024-11-01,0.039856848124313074,0.03785684812431307,0.5,2,True,0.002,2.1983538211499414,-0.03206505662993653,0.0,0.0,0.1508695334222944,0.0,0.0,0.0,0.6728146982522623,0.0,0.0,0.1763157683254433,0.0
2024-12-01,-0.033131054990594724,-0.033131054990594724,0.0,0,False,0.0,2.2919510004701906,0.0,0.0,0.0,0.1508695334222944,0.0,0.0,0.0,0.6728146982522623,0.0,0.0,0.1763157683254433,0.0
2025-01-01,0.020710389613721097,0.019533527914239356,0.2942154248704355,4,True,0.001176861699481742,2.203993126603891,-0.042633068192586054,0.0,0.0,0.08968503556110922,0.29421542487043556,0.0,0.0,0.6160995395684553,0.0,0.0,0.0,0.0
2025-02-01,-0.005819065025473509,-0.006995926724955251,0.29421542487043556,4,True,0.0011768616994817422,2.2590557455173803,-0.01871505779129401,0.0,0.0,0.15974030060235447,0.0,0.0,0.0,0.6967614581266831,0.0,0.0,0.14349824127096242,0.0
2025-03-01,-0.004637254937742303,-0.006637254937742303,0.5,2,True,0.002,2.2642556264645286,-0.02304498496753249,0.0,0.0,0.15974030060235447,0.0,0.0,0.0,0.19676145812668314,0.0,0.5,0.14349824127096242,0.0
2025-04-01,0.0009867909403041613,-0.001175913932831818,0.5406762182839948,5,True,0.0021627048731359794,2.2443837244791487,-0.031619085027588034,0.0,0.0,0.1982167997808818,0.0,0.0,0.0,0.15608523984268827,0.0,0.0,0.14569796037642996,0.5
2025-05-01,0.05290881128840914,0.050785783084981065,0.5307570508570185,5,True,0.0021230282034280738,2.241828870108415,-0.032721424251566544,0.0,0.0,0.20392796552259873,0.0,0.0,0.0,0.12532818898566975,0.0,0.5,0.17074384549173147,0.0
2025-06-01,0.008829971026125365,0.008089742396137719,0.18505715749691137,4,True,0.0007402286299876455,2.332224293100643,-0.0016633373940798668,0.0,0.17534748275962292,0.18961465351741885,0.0,0.0,0.0,0.13503786372295823,0.0,0.5,0.0,0.0
2025-07-01,-0.003188144542743476,-0.005188144542743476,0.5,2,True,0.002,2.3463739906776575,-0.00291953208618001,0.0,0.17534748275962292,0.18961465351741885,0.0,0.0,0.0,0.13503786372295823,0.0,0.0,0.0,0.5
2025-08-01,0.03421435717799559,0.03195451215469899,0.5649612558241515,5,True,0.002259845023296606,2.3336078746086226,-0.03140102303063208,0.0,0.18477386391258618,0.12465339769326739,0.0,0.0,0.0,0.6905727383941465,0.0,0.0,0.0,0.0
2025-09-01,0.05823872636189335,0.05611588197132595,0.5307110976418513,5,True,0.0021228443905674053,2.4232097077524104,-0.0040434220608182025,0.0,0.15406276627073492,0.14604648095640643,0.0,0.0,0.0,0.19989075277285867,0.0,0.0,0.0,0.5
2025-10-01,0.015548491140745394,0.015548491140745394,0.0,0,False,0.0,2.5588906720389755,0.0,0.0,0.15406276627073492,0.14604648095640643,0.0,0.0,0.0,0.19989075277285867,0.0,0.0,0.0,0.5
2025-11-01,0.0025547378175456515,0.00034270246996514174,0.5530088368951275,5,True,0.0022120353475805097,2.594021714263285,-0.012672577900717186,0.0,0.20591462464835505,0.093037644061279,0.0,0.0,0.0,0.701047731290366,0.0,0.0,0.0,0.0
2025-12-01,0.023770941177082408,0.021770941177082406,0.5,2,True,0.002,2.5897062405879834,-0.014315118314139674,0.0,0.20591462464835505,0.093037644061279,0.0,0.0,0.0,0.201047731290366,0.0,0.5,0.0,0.0
2026-01-01,0.04538425437174691,0.04538425437174691,0.0,0,False,0.0,2.547418685760125,-0.041333801903853606,0.0,0.20591462464835505,0.093037644061279,0.0,0.0,0.0,0.201047731290366,0.0,0.5,0.0,0.0
2026-02-01,0.03412656963845141,0.03412656963845141,0.0,0,False,0.0,2.6622491424569263,-0.020075060696087554,0.0,0.20591462464835505,0.093037644061279,0.0,0.0,0.0,0.201047731290366,0.0,0.5,0.0,0.0
2026-03-01,-0.054796048948521935,-0.05491478888194275,0.02968498335520333,3,True,0.00011873993342081333,2.785058739122446,-0.0005149538650116581,0.0,0.2027494728312172,0.06651781252321354,0.0,0.0,0.0,0.23073271464556933,0.0,0.5,0.0,0.0
2026-04-01,0.027452772199299445,0.025350300671683243,0.5256178819040503,5,True,0.0021024715276162015,2.6266019564803424,-0.05738096623477151,0.5,0.1771315909271668,0.08289480187813311,0.0,0.0,0.0,0.23997360719470007,0.0,0.0,0.0,0.0
2026-05-01,0.038814282352788665,0.03670105334590316,0.5283072517213769,5,True,0.002113229006885508,2.693006470534317,-0.03355011561015564,0.0,0.16130839803179103,0.1112020535995101,0.0,0.0,0.0,0.727489548368699,0.0,0.0,0.0,0.0
2026-06-01,-0.025444260242723497,-0.025444260242723497,0.0,0,False,0.0,2.797533584059523,-2.8001768936469773e-05,0.0,0.16130839803179103,0.1112020535995101,0.0,0.0,0.0,0.727489548368699,0.0,0.0,0.0,0.0
2026-07-01,0.0,0.0,0.0,0,False,0.0,2.726352411508954,-0.027457640355124435,0.0,0.16130839803179103,0.1112020535995101,0.0,0.0,0.0,0.727489548368699,0.0,0.0,0.0,0.0
