date,gross_return,net_return,turnover,operations,signal_changed,trade_cost,equity,drawdown,w__CASH,w_dbc.us,w_efa.us,w_gld.us,w_hyg.us,w_iau.us,w_ivv.us,w_spy.us,w_tlt.us,w_vnq.us,w_vt.us,w_xlk.us
2007-05-01,0.013460019626744599,0.011460019626744599,0.49999999999999994,4,True,0.0019999999999999996,0.998,0.0,0.5,0.0,0.16471199010176354,0.0,0.0,0.0,0.0,0.2055248293377554,0.0,0.12976318056048097,0.0,0.0
2007-06-01,-0.012934882649866091,-0.012934882649866091,0.0,0,False,0.0,1.011433099587491,0.0,0.5,0.0,0.16471199010176354,0.0,0.0,0.0,0.0,0.2055248293377554,0.0,0.12976318056048097,0.0,0.0
2007-07-01,-0.024910129662440217,-0.024910129662440217,0.0,0,False,0.0,0.9913887782914623,-0.020801165452981496,0.5,0.0,0.16471199010176354,0.0,0.0,0.0,0.0,0.2055248293377554,0.0,0.12976318056048097,0.0,0.0
2007-08-01,0.007385611347780999,0.0066582282632103055,0.1818457711426733,4,True,0.0007273830845706932,0.9659899990292139,-0.04588764574920989,0.5,0.0,0.1499729279884341,0.18184577114267336,0.0,0.0,0.0,0.16818130086889257,0.0,0.0,0.0,0.0
2007-09-01,0.03348364315104872,0.03336162516019284,0.030504497713971943,3,True,0.00012201799085588778,0.9676857775036991,-0.04421271827148765,0.5,0.0,0.1398351268396354,0.2123502688566453,0.0,0.0,0.0,0.14781460430371932,0.0,0.0,0.0,0.0
2007-10-01,0.00955712875270339,0.00955712875270339,0.0,0,False,0.0,0.9999653941019728,-0.012330006216659806,0.5,0.0,0.1398351268396354,0.2123502688566453,0.0,0.0,0.0,0.14781460430371932,0.0,0.0,0.0,0.0
2007-11-01,-0.005786429661662158,-0.005898948511506986,0.02812971246120695,3,True,0.00011251884984482778,1.009408601845703,-0.008388699040391079,0.5,0.0,0.14670914752834852,0.18422055639543833,0.0,0.0,0.0,0.16907029607621313,0.0,0.0,0.0,0.0
2007-12-01,0.004465046676331919,0.004465046676331919,0.0,0,False,0.0,1.0029308550604574,-0.016311622761379763,0.5,0.0,0.14670914752834852,0.18422055639543833,0.0,0.0,0.0,0.16907029607621313,0.0,0.0,0.0,0.0
2008-01-01,0.0015142481464024311,0.0005530951555884532,0.24028824770349447,4,True,0.0009611529908139779,1.0029801419255582,-0.016263281526183504,0.5,0.0,0.12792854447539173,0.13178320782111377,0.0,0.0,0.0,0.0,0.24028824770349447,0.0,0.0,0.0
2008-02-01,0.011071240937723593,0.010559526759822026,0.12792854447539173,3,True,0.0005117141779015669,1.0030199033398146,-0.016224282984190985,0.5,0.0,0.0,0.18500283744383197,0.0,0.0,0.0,0.0,0.314997162556168,0.0,0.0,0.0
2008-03-01,-0.022572464735491855,-0.022710640781041333,0.03454401138736919,2,True,0.00013817604554947676,1.0138821861670246,-0.005570406584345822,0.5,0.0,0.0,0.21954684883120118,0.0,0.0,0.0,0.0,0.2804531511687988,0.0,0.0,0.0
2008-04-01,-0.010682695002552357,-0.010682695002552357,0.0,0,False,0.0,0.9908594343147804,-0.03283494572502765,0.5,0.0,0.0,0.21954684883120118,0.0,0.0,0.0,0.0,0.2804531511687988,0.0,0.0,0.0
2008-05-01,0.000421976582163041,0.00028825726201108393,0.03342983003798926,2,True,0.00013371932015195705,0.9801433035632444,-0.043294822091945795,0.5,0.0,0.0,0.18611701879321194,0.0,0.0,0.0,0.0,0.3138829812067881,0.0,0.0,0.0
2008-06-01,0.015083058455182853,0.015083058455182853,0.0,0,False,0.0,0.9793723581223285,-0.04404733194691035,0.5,0.0,0.0,0.18611701879321194,0.0,0.0,0.0,0.0,0.3138829812067881,0.0,0.0,0.0
2008-07-01,-0.05838536986050186,-0.06051570385021148,0.5325834974274066,5,True,0.0021303339897096266,0.9920264292804926,-0.031695857060920485,0.0,0.4,0.0,0.15353352136580528,0.0,0.1,0.0,0.0,0.3464664786341947,0.0,0.0,0.0
2008-08-01,-0.007054312379383714,-0.009054312379383714,0.5,3,True,0.002,0.9322383860969671,-0.09005419127870695,0.5,0.0,0.0,0.15353352136580528,0.0,0.0,0.0,0.0,0.3464664786341947,0.0,0.0,0.0
2008-09-01,0.018306754384919695,0.018306754384919695,0.0,0,False,0.0,0.9277914767573587,-0.09439476186203333,0.5,0.0,0.0,0.15353352136580528,0.0,0.0,0.0,0.0,0.3464664786341947,0.0,0.0,0.0
2008-10-01,-0.03767288796318918,-0.03767288796318918,0.0,0,False,0.0,0.9447763274427776,-0.07781606919774497,0.5,0.0,0.0,0.15353352136580528,0.0,0.0,0.0,0.0,0.3464664786341947,0.0,0.0,0.0
2008-11-01,0.09000819543208138,0.08939406134661816,0.15353352136580528,2,True,0.0006141340854632211,0.9099916809755838,-0.11176891187481386,0.5,0.0,0.0,0.0,0.0,0.0,0.0,0.0,0.5,0.0,0.0,0.0
2008-12-01,0.031784393397724764,0.031784393397724764,0.0,0,False,0.0,0.9912892314277639,-0.032415426332356834,0.5,0.0,0.0,0.0,0.0,0.0,0.0,0.0,0.5,0.0,0.0,0.0
2009-01-01,-0.024820272919679226,-0.025536537161896484,0.17906606055431484,2,True,0.0007162642422172594,1.0298620275935702,-0.018872604101530355,0.5,0.0,0.0,0.17906606055431484,0.0,0.0,0.0,0.0,0.32093393944568516,0.0,0.0,0.0
2009-02-01,-0.010027599565980427,-0.010743863808197687,0.17906606055431484,2,True,0.0007162642422172594,1.0042112585769931,-0.043309539859646584,0.5,0.0,0.0,0.0,0.0,0.0,0.0,0.0,0.5,0.0,0.0,0.0
2009-03-01,0.014953889140725374,0.014953889140725374,0.0,0,False,0.0,0.9867757590315787,-0.059919965146569054,0.5,0.0,0.0,0.0,0.0,0.0,0.0,0.0,0.5,0.0,0.0,0.0
2009-04-01,-0.03411929636442326,-0.03501054834388513,0.22281299486546796,2,True,0.0008912519794618719,1.0006392770555677,-0.04671248980285658,0.5,0.0,0.0,0.222812994865468,0.0,0.0,0.0,0.0,0.27718700513453204,0.0,0.0,0.0
2009-05-01,0.068055916354043,0.066055916354043,0.5,2,True,0.002,0.964565172669811,-0.08107951290600834,0.0,0.0,0.0,0.222812994865468,0.0,0.0,0.0,0.0,0.27718700513453204,0.0,0.5,0.0
2009-06-01,-0.012889082247581715,-0.012889082247581715,0.0,0,False,0.0,1.030209539379051,-0.018541537100323024,0.0,0.0,0.0,0.222812994865468,0.0,0.0,0.0,0.0,0.27718700513453204,0.0,0.5,0.0
2009-07-01,0.04722003227956478,0.046328780300102915,0.22281299486546796,2,True,0.0008912519794618719,1.0160247420522548,-0.03205508832339943,0.0,0.0,0.0,0.0,0.0,0.0,0.0,0.0,0.5,0.0,0.5,0.0
2009-08-01,-0.0014369243547030352,-0.002582520856231636,0.2863991253821502,2,True,0.0011455965015286008,1.0616541046428978,0.0,0.0,0.0,0.0,0.2863991253821502,0.0,0.0,0.0,0.0,0.2136008746178498,0.0,0.5,0.0
2009-09-01,0.044266175204183036,0.044266175204183036,0.0,0,False,0.0,1.0589141084020788,-0.016580556899794985,0.0,0.0,0.0,0.2863991253821502,0.0,0.0,0.0,0.0,0.2136008746178498,0.0,0.5,0.0
2009-10-01,0.037877050740187046,0.035877050740187044,0.5,2,True,0.002,1.1035766094790844,-0.021765391715282578,0.0,0.0,0.0,0.2863991253821502,0.0,0.5,0.0,0.0,0.2136008746178498,0.0,0.0,0.0
2009-11-01,0.09117615290160769,0.0895105897247085,0.41639079422479447,6,True,0.001665563176899178,1.1357650848544623,-0.014248728741741434,0.0,0.0,0.12636794976454815,0.1836092057752055,0.19002284446024637,0.4,0.0,0.0,0.0,0.0,0.0,0.1
2009-12-01,-0.0324797375824122,-0.03323982896025319,0.19002284446024634,4,True,0.0007600913778409853,1.2363151831865995,0.0,0.0,0.0,0.16186864789328823,0.23869131524535644,0.0,0.4,0.0,0.0,0.0,0.09944003686135533,0.0,0.1
2010-01-01,-0.031667527459000366,-0.03185189157105769,0.04609102801433014,3,True,0.00018436411205732055,1.1457364127349658,-0.08384203921452216,0.0,0.0,0.18096066280891746,0.19260028723102632,0.0,0.4,0.0,0.0,0.0,0.12643904996005625,0.0,0.1
2010-02-01,0.017770333679533963,0.016892401568662604,0.21948302771783995,4,True,0.0008779321108713597,1.108275384446154,-0.11379676431929553,0.0,0.0,0.15768376764426104,0.0,0.0,0.4,0.0,0.21948302771783992,0.0,0.12283320463789903,0.0,0.1
2010-03-01,0.05951781215577666,0.05791781215577666,0.4,3,True,0.0016,1.126165056144037,-0.09949175929398557,0.0,0.0,0.15768376764426104,0.0,0.0,0.0,0.1,0.21948302771783992,0.0,0.12283320463789903,0.0,0.4
2010-04-01,0.03401848008210345,0.032418480082103455,0.4,3,True,0.0016,1.1912828293137585,-0.04742204621254964,0.0,0.0,0.15768376764426104,0.0,0.0,0.4,0.0,0.21948302771783992,0.0,0.12283320463789903,0.0,0.1
2010-05-01,-0.024308719477729543,-0.024981986819738507,0.1683168355022414,4,True,0.0006732673420089656,1.2185502378623378,-0.02561838078470602,0.0,0.0,0.0,0.16831683550224144,0.0,0.4,0.0,0.21476631086613343,0.0,0.11691685363162514,0.0,0.1
2010-06-01,-0.032120771333901614,-0.032341731611128896,0.055240069306820995,3,True,0.00022096027722728396,1.1878658458242357,-0.05015434710741784,0.0,0.0,0.0,0.22355690480906243,0.0,0.4,0.0,0.17221876301289193,0.0,0.10422433217804564,0.0,0.1
2010-07-01,0.03347864212892065,0.03347864212892065,0.0,0,False,0.0,1.1497106786151639,-0.080664122126481,0.0,0.0,0.0,0.22355690480906243,0.0,0.4,0.0,0.17221876301289193,0.0,0.10422433217804564,0.0,0.1
2010-08-01,0.020171625730430024,0.020171625730430024,0.0,0,False,0.0,1.1758808193084749,-0.059737858053385606,0.0,0.0,0.0,0.22355690480906243,0.0,0.4,0.0,0.17221876301289193,0.0,0.10422433217804564,0.0,0.1
2010-09-01,0.04284995485224883,0.04209752869073713,0.18810654037792582,4,True,0.0007524261615117033,1.1986976364898834,-0.041492990849911426,0.0,0.0,0.0,0.20766912744402857,0.0,0.4,0.0,0.0,0.1862821626407294,0.10604870991524208,0.0,0.1
2010-10-01,0.03131398270955334,0.030565357006565545,0.1871564257469482,4,True,0.0007486257029877929,1.2491259477190655,-0.0011693193072579433,0.0,0.0,0.0,0.24805670801562438,0.0,0.4,0.0,0.14676884517535238,0.0,0.10517444680902323,0.0,0.1
2010-11-01,0.017208205735817043,0.01701035793560838,0.049461950052165936,3,True,0.00019784780020866375,1.287986180388917,-0.011021348618172833,0.0,0.0,0.0,0.19859475796345846,0.0,0.4,0.0,0.1694210381681547,0.0,0.13198420386838686,0.0,0.1
2010-12-01,0.031338300593956786,0.031177411317549378,0.040222319101852394,3,True,0.00016088927640740957,1.309939322462504,-0.022196835007487037,0.0,0.0,0.0,0.15837243886160604,0.0,0.4,0.0,0.2038318381686066,0.0,0.13779572296978734,0.0,0.1
2011-01-01,-0.017583976574726237,-0.017583976574726237,0.0,0,False,0.0,1.3089660922811888,-0.02469057484882531,0.0,0.0,0.0,0.15837243886160604,0.0,0.4,0.0,0.2038318381686066,0.0,0.13779572296978734,0.0,0.1
2011-02-01,0.04064816819805777,0.04064816819805777,0.0,0,False,0.0,1.2859492631774052,-0.04184039293379338,0.0,0.0,0.0,0.15837243886160604,0.0,0.4,0.0,0.2038318381686066,0.0,0.13779572296978734,0.0,0.1
2011-03-01,0.003414926677401792,0.003414926677401792,0.0,0,False,0.0,1.338220745121209,-0.0028929600651811382,0.0,0.0,0.0,0.15837243886160604,0.0,0.4,0.0,0.2038318381686066,0.0,0.13779572296978734,0.0,0.1
2011-04-01,0.06100303580292527,0.060891853383112,0.02779560495331801,3,True,0.00011118241981327204,1.3426413761278893,-0.0019629716438761546,0.0,0.0,0.0,0.1756253919931176,0.0,0.4,0.0,0.1760362332152886,0.0,0.1483383747915938,0.0,0.1
2011-05-01,-0.01658702482951931,-0.017691169762380464,0.2760362332152886,6,True,0.0011041449328611545,1.4364986110061986,0.0,0.0,0.1,0.13101497528766243,0.20859563538324288,0.0,0.4,0.0,0.0,0.0,0.1603893893290947,0.0,0.0
2011-06-01,-0.018109001419695507,-0.018109001419695507,0.0,0,False,0.0,1.4111115789397075,-0.017672855282963806,0.0,0.1,0.13101497528766243,0.20859563538324288,0.0,0.4,0.0,0.0,0.0,0.1603893893290947,0.0,0.0
2011-07-01,0.01492215668353403,0.013687774142001058,0.30859563538324286,6,True,0.0012343825415329715,1.3838474490473776,-0.03665242803259061,0.0,0.0,0.1350282677231904,0.0,0.0,0.4,0.1,0.20428652605693054,0.0,0.1606852062198791,0.0,0.0
2011-08-01,0.05430792554624478,0.05348107329649318,0.20671306243789894,4,True,0.0008268522497515958,1.4033361256421975,-0.023085636915981644,0.0,0.0,0.0,0.20671306243789894,0.0,0.4,0.1,0.16248072816855785,0.0,0.13080620939354323,0.0,0.0
2011-09-01,-0.10432484678998274,-0.10472484678998274,0.1,2,True,0.0004,1.478956580110142,-0.006800195068350057,0.0,0.1,0.0,0.20671306243789894,0.0,0.4,0.0,0.16248072816855785,0.0,0.13080620939354323,0.0,0.0
2011-10-01,0.027717721275325444,0.026144573525077038,0.3932869375621011,6,True,0.0015731477502484042,1.325099407978695,-0.11333727226991963,0.0,0.0,0.0,0.24678575964949073,0.0,0.4,0.0,0.0,0.25321424035050927,0.0,0.0,0.1
2011-11-01,0.004921310579603578,0.004403612841024325,0.1294244346448132,3,True,0.0005176977385792529,1.3589818808929541,-0.09066551973912351,0.0,0.0,0.0,0.18531349542625822,0.0,0.4,0.0,0.0,0.18526206992892857,0.1294244346448132,0.0,0.1
2011-12-01,0.0033495390311269312,0.0017495390311269312,0.4,3,True,0.0016,1.3634847810364008,-0.08765249769727168,0.0,0.0,0.0,0.18531349542625822,0.0,0.0,0.1,0.0,0.18526206992892857,0.1294244346448132,0.0,0.4
2012-01-01,0.051678154450448904,0.051678154450448904,0.0,0,False,0.0,1.3459401706984924,-0.09939210905435514,0.0,0.0,0.0,0.18531349542625822,0.0,0.0,0.1,0.0,0.18526206992892857,0.1294244346448132,0.0,0.4
2012-02-01,-0.009882892642735865,-0.011482892642735866,0.4,3,True,0.0016,1.4132310813213593,-0.05436579479818604,0.0,0.0,0.0,0.18531349542625822,0.0,0.4,0.0,0.0,0.18526206992892857,0.1294244346448132,0.0,0.1
2012-03-01,0.025449423758918593,0.023623449981375208,0.4564934443858466,6,True,0.0018259737775433863,1.3967092503999246,-0.06542103456637871,0.0,0.0,0.0,0.13383901399343007,0.0,0.0,0.1,0.0,0.18024310697591014,0.18591787903065973,0.0,0.4
2012-04-01,0.0030776690155147994,0.0026776690155147992,0.1,2,True,0.0004,1.4206746525688827,-0.04938508380651052,0.0,0.0,0.0,0.13383901399343007,0.0,0.1,0.0,0.0,0.18024310697591014,0.18591787903065973,0.0,0.4
2012-05-01,-0.04087103755329199,-0.041271037553291985,0.1,2,True,0.0004,1.4239072093206018,-0.047222085642173894,0.0,0.0,0.0,0.13383901399343007,0.0,0.0,0.1,0.0,0.18024310697591014,0.18591787903065973,0.0,0.4
2012-06-01,0.040842769522003955,0.040720358406267226,0.03060277893418241,3,True,0.00012241111573672964,1.3655434661323147,-0.08627497135344464,0.0,0.0,0.0,0.1644417929276125,0.0,0.0,0.1,0.0,0.1732623040766836,0.16229590299570387,0.0,0.4
2012-07-01,0.01176492682172198,0.01078641345043493,0.24462834282176252,4,True,0.00097851337128705,1.4129242243509772,-0.054571121762143515,0.0,0.0,0.0,0.0,0.24462834282176255,0.0,0.1,0.0,0.14452448938083756,0.11084716779739985,0.0,0.4
2012-08-01,0.02475612512962327,0.02377761175833622,0.24462834282176257,4,True,0.0009785133712870502,1.426750881179787,-0.04531930172101839,0.0,0.0,0.0,0.0,0.0,0.0,0.1,0.1651826294332145,0.18452180354330178,0.15029556702348373,0.0,0.4
2012-09-01,0.004454552875852502,0.004454552875852502,0.0,0,False,0.0,1.4616198745527007,-0.0219874395293429,0.0,0.0,0.0,0.0,0.0,0.0,0.1,0.1651826294332145,0.18452180354330178,0.15029556702348373,0.0,0.4
2012-10-01,-0.01682641236059186,-0.017758907353660695,0.23312374826720883,4,True,0.0009324949930688354,1.4667617130063397,-0.018546885197041618,0.0,0.0,0.0,0.0,0.23312374826720877,0.0,0.1,0.12378413179801624,0.0,0.14309211993477491,0.0,0.4
2012-11-01,-0.0035448196051557556,-0.0035448196051557556,0.0,0,False,0.0,1.4420813755885669,-0.03506122001930356,0.0,0.0,0.0,0.0,0.23312374826720877,0.0,0.1,0.12378413179801624,0.0,0.14309211993477491,0.0,0.4
2012-12-01,0.03206550023684499,0.03206550023684499,0.0,0,False,0.0,1.4367742902257004,-0.038612345886391064,0.0,0.0,0.0,0.0,0.23312374826720877,0.0,0.1,0.12378413179801624,0.0,0.14309211993477491,0.0,0.4
2013-01-01,0.018477446720645198,0.017544951727576363,0.23312374826720883,4,True,0.0009324949930688354,1.430085047242708,-0.0430883137979583,0.0,0.0,0.14950469386375806,0.0,0.0,0.0,0.1,0.15509543387898686,0.0,0.19539987225725514,0.0,0.4
2013-02-01,-0.0006719279105107566,-0.0006719279105107566,0.0,0,False,0.0,1.4551511798165666,-0.026315832165441644,0.0,0.0,0.14950469386375806,0.0,0.0,0.0,0.1,0.15509543387898686,0.0,0.19539987225725514,0.0,0.4
2013-03-01,0.018908722931085167,0.017813278436270893,0.27386112370356824,4,True,0.001095444494814273,1.4525804568539682,-0.028035978005467976,0.0,0.0,0.0,0.0,0.2738611237035682,0.0,0.1,0.10080205626898049,0.0,0.1253368200274513,0.0,0.4
2013-04-01,0.020727674905484304,0.020727674905484304,0.0,0,False,0.0,1.4800468982477286,-0.009657379614590456,0.0,0.0,0.0,0.0,0.2738611237035682,0.0,0.1,0.10080205626898049,0.0,0.1253368200274513,0.0,0.4
2013-05-01,0.015891619514262153,0.01479617501944788,0.2738611237035682,4,True,0.0010954444948142728,1.509069914002152,-0.007946673769512413,0.0,0.0,0.14374733824855207,0.0,0.0,0.0,0.1,0.1750781026751565,0.0,0.1811745590762914,0.0,0.4
2013-06-01,-0.023047563258089064,-0.023047563258089064,0.0,0,False,0.0,1.5254595743176207,-0.03632146615864296,0.0,0.0,0.14374733824855207,0.0,0.0,0.0,0.1,0.1750781026751565,0.0,0.1811745590762914,0.0,0.4
2013-07-01,0.04457098307175963,0.044412413225128865,0.039642461657689906,3,True,0.00015856984663075965,1.4900651314087898,-0.05868119657875026,0.0,0.0,0.16072119942805302,0.0,0.0,0.0,0.1,0.19774670315334547,0.0,0.1415320974186015,0.0,0.4
2013-08-01,-0.031647718006077574,-0.031647718006077574,0.0,0,False,0.0,1.55647879915663,-0.016725692126332903,0.0,0.0,0.16072119942805302,0.0,0.0,0.0,0.1,0.19774670315334547,0.0,0.1415320974186015,0.0,0.4
2013-09-01,0.03463241486971273,0.033839509250348405,0.19822640484108245,4,True,0.0007929056193643298,1.5023269739761473,-0.050935023119653255,0.0,0.0,0.13150337405156817,0.0,0.19822640484108248,0.0,0.1,0.17027022110734938,0.0,0.0,0.0,0.4
2013-10-01,0.037530200969778105,0.03673729535041378,0.19822640484108245,4,True,0.0007929056193643298,1.5518922467243543,-0.01962315476496046,0.0,0.0,0.15592801999287434,0.0,0.0,0.0,0.1,0.22580925752581366,0.0,0.11826272248131199,0.0,0.4
2013-11-01,0.011912853063925198,0.011912853063925198,0.0,0,False,0.0,1.6101350746273602,-0.007010045786560726,0.0,0.0,0.15592801999287434,0.0,0.0,0.0,0.1,0.22580925752581366,0.0,0.11826272248131199,0.0,0.4
2013-12-01,0.01858610097649517,0.017642190913179128,0.23597751582901058,4,True,0.0009439100633160424,1.6357578726493867,0.0,0.0,0.0,0.12395068870182373,0.0,0.23597751582901064,0.0,0.1,0.1400717954691657,0.0,0.0,0.0,0.4
2014-01-01,-0.031910138123891145,-0.0320174553583,0.026829308602213692,3,True,0.00010731723440885477,1.6309280563720767,-0.023935285998631817,0.0,0.0,0.11533775697346711,0.0,0.2628068244312243,0.0,0.1,0.12185541859530857,0.0,0.0,0.0,0.4
2014-02-01,0.047727643903655914,0.047541729064283535,0.046478709843094095,3,True,0.0001859148393723764,1.6051729740570062,-0.03934898064673342,0.0,0.0,0.08858939169231131,0.0,0.3092855342743184,0.0,0.1,0.10212507403337029,0.0,0.0,0.0,0.4
2014-03-01,0.018104402226397344,0.018104402226397344,0.0,0,False,0.0,1.694948736210344,0.0,0.0,0.0,0.08858939169231131,0.0,0.3092855342743184,0.0,0.1,0.10212507403337029,0.0,0.0,0.0,0.4
2014-04-01,-0.0015796462645682277,-0.0015796462645682277,0.0,0,False,0.0,1.72563476988382,0.0,0.0,0.0,0.08858939169231131,0.0,0.3092855342743184,0.0,0.1,0.10212507403337029,0.0,0.0,0.0,0.4
2014-05-01,0.023277971315388002,0.023277971315388002,0.0,0,False,0.0,1.7229088773655636,-0.00226596009395974,0.0,0.0,0.08858939169231131,0.0,0.3092855342743184,0.0,0.1,0.10212507403337029,0.0,0.0,0.0,0.4
2014-06-01,0.024204083028170162,0.022966940891072887,0.3092855342743184,4,True,0.0012371421370972735,1.765260161269842,0.0,0.0,0.0,0.1657181683101366,0.0,0.0,0.0,0.1,0.16528104920910205,0.0,0.1690007824807613,0.0,0.4
2014-07-01,-0.0135498267442463,-0.0135498267442463,0.0,0,False,0.0,1.8057499282932294,0.0,0.0,0.0,0.1657181683101366,0.0,0.0,0.0,0.1,0.16528104920910205,0.0,0.1690007824807613,0.0,0.4
2014-08-01,0.03615792075274791,0.03549473163745233,0.1657972788238959,4,True,0.0006631891152955836,1.7801010025691482,-0.027996364907958204,0.0,0.0,0.0,0.0,0.0,0.0,0.1,0.18512471910082123,0.14595360893217674,0.16892167196700206,0.0,0.4
2014-09-01,-0.02384048281492994,-0.02384048281492994,0.0,0,False,0.0,1.8490421993676798,0.0,0.0,0.0,0.0,0.0,0.0,0.0,0.1,0.18512471910082123,0.14595360893217674,0.16892167196700206,0.0,0.4
2014-10-01,0.04503007972244938,0.04503007972244938,0.0,0,False,0.0,1.804960140589575,-0.024907984326796195,0.0,0.0,0.0,0.0,0.0,0.0,0.1,0.18512471910082123,0.14595360893217674,0.16892167196700206,0.0,0.4
2014-11-01,0.023639953802652502,0.023491430536505452,0.037130816536762895,3,True,0.00014852326614705157,1.8798950498624274,0.0,0.0,0.0,0.0,0.0,0.0,0.0,0.1,0.1583497808383489,0.18308442546893963,0.15856579369271148,0.0,0.4
2014-12-01,0.01101143891138073,0.01101143891138073,0.0,0,False,0.0,1.9240498733743576,-0.007761789797809726,0.0,0.0,0.0,0.0,0.0,0.0,0.1,0.1583497808383489,0.18308442546893963,0.15856579369271148,0.0,0.4
2015-01-01,0.009196778359464941,0.009196778359464941,0.0,0,False,0.0,1.8797374704409315,-0.04281701384743153,0.0,0.0,0.0,0.0,0.0,0.0,0.1,0.1583497808383489,0.18308442546893963,0.15856579369271148,0.0,0.4
2015-02-01,0.025546554135602334,0.025546554135602334,0.0,0,False,0.0,1.8859105128468345,-0.03967363278670144,0.0,0.0,0.0,0.0,0.0,0.0,0.1,0.1583497808383489,0.18308442546893963,0.15856579369271148,0.0,0.4
2015-03-01,-0.015838223245056578,-0.015941616625890723,0.025848345208536183,3,True,0.00010339338083414473,1.9288616756034638,-0.01780242849748137,0.0,0.0,0.0,0.0,0.0,0.0,0.1,0.17943561032903377,0.15723608026040345,0.1633283094105628,0.0,0.4
2015-04-01,0.0058313635538527996,0.0058313635538527996,0.0,0,False,0.0,1.8981156608877119,-0.033458637218484855,0.0,0.0,0.0,0.0,0.0,0.0,0.1,0.17943561032903377,0.15723608026040345,0.1633283094105628,0.0,0.4
2015-05-01,0.0019222159785112162,0.001757917938978314,0.04107450988322553,3,True,0.00016429803953290213,1.9088705881420303,-0.027982110018797024,0.0,0.0,0.0,0.0,0.0,0.0,0.1,0.22051012021225933,0.15103380305509567,0.12845607673264509,0.0,0.4
2015-06-01,-0.03149911794599411,-0.03149911794599411,0.0,0,False,0.0,1.9125398496874675,-0.026113681699276192,0.0,0.0,0.0,0.0,0.0,0.0,0.1,0.22051012021225933,0.15103380305509567,0.12845607673264509,0.0,0.4
2015-07-01,0.02658319539903213,0.02658319539903213,0.0,0,False,0.0,1.8522965313857485,-0.05679024170542046,0.0,0.0,0.0,0.0,0.0,0.0,0.1,0.22051012021225933,0.15103380305509567,0.12845607673264509,0.0,0.4
2015-08-01,-0.07413189424171432,-0.07427942526655841,0.036882756211024215,3,True,0.00014753102484409687,1.9030824569280274,-0.030929490068822063,0.0,0.0,0.0,0.0,0.0,0.0,0.1,0.206567161870745,0.12809400518558572,0.16533883294366924,0.0,0.4
2015-09-01,0.016755148946574306,0.015267524967316648,0.3719059948144143,3,True,0.0014876239792576572,1.7591225876116923,-0.1042354382478623,0.0,0.0,0.0,0.0,0.0,0.0,0.1,0.0,0.5,0.0,0.0,0.4
2015-10-01,0.0781426701930798,0.07693875420301204,0.3009789975169407,3,True,0.0012039159900677629,1.7864436281162244,-0.0903232640500532,0.0,0.0,0.0,0.0,0.0,0.0,0.1,0.14273587740384072,0.1990210024830593,0.15824312011309996,0.0,0.4
2015-11-01,0.0029050092187511024,0.0029050092187511024,0.0,0,False,0.0,1.9086449307764817,-0.028097017230255927,0.0,0.0,0.0,0.0,0.0,0.0,0.1,0.14273587740384072,0.1990210024830593,0.15824312011309996,0.0,0.4
2015-12-01,-0.029644964558162963,-0.029644964558162963,0.0,0,False,0.0,1.91418956189571,-0.025273630105578038,0.0,0.0,0.0,0.0,0.0,0.0,0.1,0.14273587740384072,0.1990210024830593,0.15824312011309996,0.0,0.4
2016-01-01,-0.011982913333498879,-0.01398291333349888,0.5,4,True,0.002,1.874407279172722,-0.04553120584237669,0.5,0.0,0.0,0.0,0.0,0.0,0.1,0.0,0.0,0.0,0.0,0.4
2016-02-01,0.010044876457329278,0.010044876457329278,0.0,0,False,0.0,1.8482425263563262,-0.05885458563693213,0.5,0.0,0.0,0.0,0.0,0.0,0.1,0.0,0.0,0.0,0.0,0.4
2016-03-01,0.0037672126107551364,-0.0002327873892448637,1.0,6,True,0.004,1.8593406626199713,-0.05320329263638768,0.5,0.0,0.0,0.21828358047641963,0.0,0.0,0.0,0.0,0.2817164195235804,0.0,0.0,0.0
2016-04-01,-0.02414891968891954,-0.027288800549550612,0.784970215157768,7,True,0.003139880860631072,1.8604850926572463,-0.052620536279318064,0.0,0.0,0.0,0.0,0.0,0.0,0.1,0.14845282123165549,0.21502978484223198,0.13651739392611256,0.0,0.4
2016-05-01,0.014923699360146021,0.014329888075219399,0.14845282123165546,4,True,0.0005938112849266219,1.8070940618024247,-0.07980783618210407,0.0,0.0,0.0,0.12936404633422915,0.0,0.0,0.1,0.0,0.21634621356241246,0.15428974010335839,0.0,0.4
2016-06-01,0.03860203674384226,0.03860203674384226,0.0,0,False,0.0,1.8329735032328902,-0.06662974008203382,0.0,0.0,0.0,0.12936404633422915,0.0,0.0,0.1,0.0,0.21634621356241246,0.15428974010335839,0.0,0.4
2016-07-01,0.03840882959304058,0.03840882959304058,0.0,0,False,0.0,1.9037300137551756,-0.030599747013070888,0.0,0.0,0.0,0.12936404633422915,0.0,0.0,0.1,0.0,0.21634621356241246,0.15428974010335839,0.0,0.4
2016-08-01,-0.0061556663727416585,-0.006301105441692606,0.0363597672377369,3,True,0.0001454390689509476,1.9765625442131354,-0.00121250418005181,0.0,0.0,0.0,0.13401103602004089,0.0,0.0,0.1,0.0,0.17998644632467553,0.18600251765528353,0.0,0.4
2016-09-01,-0.0039666649305489755,-0.0046374780255645145,0.16770327375388472,4,True,0.0006708130950155389,1.9630777424112256,-0.008026582218103262,0.0,0.0,0.0,0.0,0.0,0.0,0.1,0.16770327375388477,0.15031786373650363,0.18197886250961162,0.0,0.4
2016-10-01,-0.02317831310224688,-0.023991754615856967,0.20336037840252202,4,True,0.0008134415136100881,1.9666855190822579,-0.008770750167752861,0.0,0.0,0.0,0.16769886678031315,0.0,0.0,0.1,0.20336478537609362,0.0,0.1289363478435932,0.0,0.4
2016-11-01,-0.02353055801402391,-0.025043380329271444,0.3782055788118834,5,True,0.0015128223152475336,1.9166344425176038,-0.03399699533766165,0.0,0.0,0.0,0.1217944211881166,0.24650891947695783,0.0,0.1,0.0,0.13169665933492555,0.0,0.0,0.4
2016-12-01,0.03413444323252694,0.033478181474289846,0.16406543955927438,4,True,0.0006562617582370976,1.8703067477498125,-0.057346618694101514,0.0,0.0,0.0,0.1320025409419666,0.21414013925260902,0.0,0.1,0.15385731980542441,0.0,0.0,0.0,0.4
2017-01-01,0.017008131159063626,0.01648012099529576,0.13200254094196656,4,True,0.0005280101637678662,1.9122660665580558,-0.036198700685748375,0.0,0.0,0.0,0.0,0.21928674535226655,0.0,0.1,0.18632556943272877,0.0,0.09438768521500465,0.0,0.4
2017-02-01,0.04059786591557503,0.040032156901376605,0.14142725354960548,4,True,0.0005657090141984219,1.9426636652663898,-0.02087800570324605,0.0,0.0,0.1414272535496055,0.0,0.19228019498805843,0.0,0.1,0.1662925514623361,0.0,0.0,0.0,0.4
2017-03-01,0.00035141334222920945,7.951132758675502e-05,0.06797550366061361,3,True,0.00027190201464245443,2.0209820057357564,0.0,0.0,0.0,0.11015836273398176,0.0,0.260255698648672,0.0,0.1,0.12958593861734619,0.0,0.0,0.0,0.4
2017-04-01,0.02114195296462896,0.02094279279659344,0.04979004200887956,3,True,0.00019916016803551826,2.0238532811438565,-0.0015040252123587061,0.0,0.0,0.13845856013781502,0.0,0.21046565663979247,0.0,0.1,0.15107578322239254,0.0,0.0,0.0,0.4
2017-05-01,0.026576294193940662,0.026576294193940662,0.0,0,False,0.0,2.0662298993542905,0.0,0.0,0.0,0.13845856013781502,0.0,0.21046565663979247,0.0,0.1,0.15107578322239254,0.0,0.0,0.0,0.4
2017-06-01,-0.015937083131655302,-0.015937083131655302,0.0,0,False,0.0,2.121142633031847,0.0,0.0,0.0,0.13845856013781502,0.0,0.21046565663979247,0.0,0.1,0.15107578322239254,0.0,0.0,0.0,0.4
2017-07-01,0.03423884919499325,0.03400053217086814,0.05957925603127782,3,True,0.00023831702412511127,2.092693209076216,-0.01943147309323856,0.0,0.0,0.10014792943472477,0.0,0.2700449126710703,0.0,0.1,0.12980715789420497,0.0,0.0,0.0,0.4
2017-08-01,0.009514206180717974,0.009514206180717974,0.0,0,False,0.0,2.1638288161050303,-0.0013057564465825955,0.0,0.0,0.10014792943472477,0.0,0.2700449126710703,0.0,0.1,0.12980715789420497,0.0,0.0,0.0,0.4
2017-09-01,0.013305140520325743,0.01319449938831851,0.02766028300180815,3,True,0.0001106411320072326,2.1841742433500073,0.0,0.0,0.0,0.12780821243653293,0.0,0.2429535179247841,0.0,0.1,0.129238269638683,0.0,0.0,0.0,0.4
2017-10-01,0.03272835747738575,0.03272835747738575,0.0,0,False,0.0,2.2102946810626416,0.0,0.0,0.0,0.12780821243653293,0.0,0.2429535179247841,0.0,0.1,0.129238269638683,0.0,0.0,0.0,0.4
2017-11-01,0.009187545311150342,0.009187545311150342,0.0,0,False,0.0,2.282633995514825,0.0,0.0,0.0,0.12780821243653293,0.0,0.2429535179247841,0.0,0.1,0.129238269638683,0.0,0.0,0.0,0.4
2017-12-01,0.018994219407614924,0.018022405335915787,0.2429535179247841,4,True,0.0009718140716991364,2.3013671222464893,-0.008272713120094366,0.0,0.0,0.17533349545352106,0.0,0.0,0.0,0.1,0.19355950431943458,0.0,0.13110700022704433,0.0,0.4
2018-01-01,0.04841612331990697,0.04789169531899879,0.1311070002270443,4,True,0.0005244280009081771,2.2480152162326728,-0.04373343309654498,0.0,0.0,0.17898316841138565,0.1273154539687143,0.0,0.0,0.1,0.1937013776199,0.0,0.0,0.0,0.4
2018-02-01,-0.03837989475486765,-0.03837989475486765,0.0,0,False,0.0,2.3556193972019313,-0.011924736397589841,0.0,0.0,0.17898316841138565,0.1273154539687143,0.0,0.0,0.1,0.1937013776199,0.0,0.0,0.0,0.4
2018-03-01,-0.021945662686658658,-0.022338726909032578,0.0982660555934796,3,True,0.0003930642223739184,2.2643205992653184,-0.05022043218993888,0.0,0.0,0.14176799909490254,0.22558150956219392,0.0,0.0,0.1,0.13265049134290352,0.0,0.0,0.0,0.4
2018-04-01,0.019287389328109108,0.019287389328109108,0.0,0,False,0.0,2.2458036475572554,-0.05798745175251774,0.0,0.0,0.14176799909490254,0.22558150956219392,0.0,0.0,0.1,0.13265049134290352,0.0,0.0,0.0,0.4
2018-05-01,0.033412967477424185,0.033412967477424185,0.0,0,False,0.0,2.289119336862179,-0.03981848898250462,0.0,0.0,0.14176799909490254,0.22558150956219392,0.0,0.0,0.1,0.13265049134290352,0.0,0.0,0.0,0.4
2018-06-01,-0.018812971533684296,-0.018944032752236353,0.032765304638014574,3,True,0.0001310612185520583,2.365295567663255,-0.00786602271464465,0.0,0.0,0.17453330373291712,0.20554048985903178,0.0,0.0,0.1,0.11992620640805109,0.0,0.0,0.0,0.4
2018-07-01,0.02304133876496076,0.02177735278091819,0.31599649601064234,4,True,0.0012639859840425692,2.3196208384816708,-0.03194357108340584,0.0,0.0,0.09734131253733792,0.0,0.3159964960106424,0.0,0.1,0.08666219145201974,0.0,0.0,0.0,0.4
2018-08-01,0.027252618055734767,0.0259886320716922,0.3159964960106424,4,True,0.0012639859840425697,2.3670727499819177,-0.01774046546265695,0.0,0.0,0.15718124894930038,0.0,0.0,0.0,0.1,0.19329382074795157,0.0,0.14952493030274805,0.0,0.4
2018-09-01,0.006056659971267506,0.006056659971267506,0.0,0,False,0.0,2.444032798352916,-0.005034579119343463,0.0,0.0,0.15718124894930038,0.0,0.0,0.0,0.1,0.19329382074795157,0.0,0.14952493030274805,0.0,0.4
2018-10-01,-0.05232641042562546,-0.05369358297493583,0.3417931373275925,4,True,0.0013671725493103698,2.4554738216078813,-0.002181488998424408,0.0,0.0,0.06178978496266422,0.0,0.34179313732759253,0.0,0.1,0.09641707770974332,0.0,0.0,0.0,0.4
2018-11-01,-0.00023608226813652045,-0.00048324140798717717,0.06178978496266417,3,True,0.0002471591398506567,2.326412554352989,-0.05462746516278272,0.0,0.0,0.0,0.0,0.4024637996334575,0.0,0.1,0.09753620036654247,0.0,0.0,0.0,0.4
2018-12-01,-0.0791825810109362,-0.07958093136199444,0.09958758776456049,3,True,0.00039835035105824194,2.293610015915524,-0.06795726724526252,0.0,0.0,0.0,0.0,0.3133766583772497,0.0,0.1,0.0870357538581898,0.0,0.0995875877645605,0.0,0.4
2019-01-01,0.03793060487015278,0.03593060487015278,0.5,4,True,0.002,2.1158420521769217,-0.1401959379737019,0.5,0.0,0.0,0.0,0.0,0.0,0.1,0.0,0.0,0.0,0.0,0.4
2019-02-01,0.03254956862500632,0.030549568625006317,0.5,4,True,0.002,2.1873216165304794,-0.11114914796410424,0.0,0.0,0.0,0.0,0.20597009572671965,0.0,0.1,0.0,0.20516948415808178,0.08886042011519854,0.0,0.4
2019-03-01,0.034640491480812545,0.03381981354418022,0.20516948415808178,4,True,0.0008206779366323272,2.2566644757075114,-0.08297064005913701,0.0,0.0,0.0,0.0,0.2826697181081937,0.0,0.1,0.10318422613669295,0.0,0.11414605575511334,0.0,0.4
2019-04-01,0.02474816842826676,0.024642719960267248,0.026362116999878206,3,True,0.00010544846799951282,2.3345902373274443,-0.051304341382269136,0.0,0.0,0.0,0.0,0.25630760110831546,0.0,0.1,0.10997771565309819,0.0,0.1337146832385863,0.0,0.4
2019-05-01,-0.04349162168663141,-0.04451685209106467,0.2563076011083155,4,True,0.001025230404433262,2.3899143422733573,-0.028822563920891997,0.0,0.0,0.0,0.0,0.0,0.0,0.1,0.17737791257302638,0.17756773330098546,0.14505435412598813,0.0,0.4
2019-06-01,0.06850153149413568,0.06738539086471822,0.2790351573543654,4,True,0.0011161406294174616,2.299212213983389,-0.06568073027499566,0.0,0.0,0.0,0.0,0.2790351573543654,0.0,0.1,0.0,0.12808711923744182,0.09287772340819272,0.0,0.4
2019-07-01,0.0198186766756361,0.01870253604621864,0.27903515735436546,4,True,0.0011161406294174618,2.451230760722156,-0.0039057202477361663,0.0,0.0,0.0,0.16299650142934277,0.0,0.0,0.1,0.0,0.20730536928849902,0.1296981292821582,0.0,0.4
2019-08-01,0.0249198194365312,0.02479767229974929,0.03053678419547748,3,True,0.0001221471367819099,2.4995055658810523,-0.005181384675518985,0.0,0.0,0.0,0.1412009167809257,0.0,0.0,0.1,0.0,0.1985641697414386,0.16023491347763566,0.0,0.4
2019-09-01,-0.002200350617090504,-0.002200350617090504,0.0,0,False,0.0,2.5653656701685867,-0.00029120246578240305,0.0,0.0,0.0,0.1412009167809257,0.0,0.0,0.1,0.0,0.1985641697414386,0.16023491347763566,0.0,0.4
2019-10-01,0.031230474147827106,0.03064717914729263,0.14582375013361892,5,True,0.0005832950005344756,2.5582278937908014,-0.014996060023546476,0.0,0.0,0.0,0.1538704731966753,0.0,0.1,0.0,0.0,0.1527404196078197,0.19338910719550498,0.0,0.4
2019-11-01,-0.005525536115363616,-0.005525536115363616,0.0,0,False,0.0,2.638122563892084,0.0,0.0,0.0,0.0,0.1538704731966753,0.0,0.1,0.0,0.0,0.1527404196078197,0.19338910719550498,0.0,0.4
2019-12-01,0.04375303078378037,0.043353030783780375,0.1,2,True,0.0004,2.652541282183103,-0.0010253157728933315,0.0,0.0,0.0,0.1538704731966753,0.0,0.0,0.1,0.0,0.1527404196078197,0.19338910719550498,0.0,0.4
2020-01-01,0.010540408935781898,0.009086420654111627,0.3634970704175674,5,True,0.0014539882816702696,2.6484139211241655,-0.035400640179855,0.0,0.0,0.1755744242294145,0.0,0.0,0.0,0.1,0.18792264618815296,0.0,0.13650292958243257,0.0,0.4
2020-02-01,-0.017579625249831827,-0.018827934665079215,0.31207735381184704,5,True,0.001248309415247388,2.650357356326081,-0.034692806583049296,0.0,0.0,0.0,0.18115325065147744,0.0,0.0,0.1,0.18927566457303552,0.129571084775487,0.0,0.0,0.4
2020-03-01,-0.09243159923612859,-0.09358870189442073,0.28927566457303555,6,True,0.001157102658292142,2.5128649797084903,-0.08944724652154501,0.0,0.0,0.0,0.18900850515722575,0.0,0.1,0.0,0.0,0.17639264101532304,0.1345988538274512,0.0,0.4
2020-04-01,0.0935456511819523,0.09300725576664248,0.13459885382745124,3,True,0.0005383954153098049,2.2767315241655037,-0.1750117196903308,0.0,0.0,0.0,0.29924323750442877,0.0,0.1,0.0,0.0,0.20075676249557128,0.0,0.0,0.4
2020-05-01,0.04400784734055547,0.04400784734055547,0.0,0,False,0.0,2.489709857160046,-0.09783765379128329,0.0,0.0,0.0,0.29924323750442877,0.0,0.1,0.0,0.0,0.20075676249557128,0.0,0.0,0.4
2020-06-01,0.03807753079772138,0.03766320833769534,0.10358061500651036,3,True,0.00041432246002604147,2.598199689789223,-0.05852566662817926,0.0,0.0,0.0,0.2371656047799432,0.0,0.1,0.0,0.10358061500651035,0.15925378021354647,0.0,0.0,0.4
2020-07-01,0.08086202935939835,0.08070243482556862,0.03989863345743215,3,True,0.00015959453382972862,2.696702270856918,-0.022832624168600213,0.0,0.0,0.0,0.19726697132251103,0.0,0.1,0.0,0.11449559818087267,0.1882374304966163,0.0,0.0,0.4
2020-08-01,0.04591402566597773,0.04591402566597773,0.0,0,False,0.0,2.8865986129713845,0.0,0.0,0.0,0.0,0.19726697132251103,0.0,0.1,0.0,0.11449559818087267,0.1882374304966163,0.0,0.0,0.4
2020-09-01,-0.03912400487500019,-0.03934988088506431,0.05646900251603044,3,True,0.00022587601006412178,3.018452025838432,0.0,0.0,0.0,0.0,0.14079796880648057,0.0,0.1,0.0,0.14466456171597525,0.21453746947754412,0.0,0.0,0.4
2020-10-01,-0.0330178347167068,-0.0330178347167068,0.0,0,False,0.0,2.900358094064575,-0.04355460395915112,0.0,0.0,0.0,0.14079796880648057,0.0,0.1,0.0,0.14466456171597525,0.21453746947754412,0.0,0.0,0.4
2020-11-01,0.06924048960604852,0.06884048960604852,0.1,2,True,0.0004,2.7859146768428644,-0.08129438503407727,0.0,0.0,0.0,0.14079796880648057,0.0,0.0,0.1,0.14466456171597525,0.21453746947754412,0.0,0.0,0.4
2020-12-01,0.02335011380320436,0.02335011380320436,0.0,0,False,0.0,2.977621247958914,-0.018075685346630732,0.0,0.0,0.0,0.14079796880648057,0.0,0.0,0.1,0.14466456171597525,0.21453746947754412,0.0,0.0,0.4
2021-01-01,0.004651555647367632,0.004651555647367632,0.0,0,False,0.0,2.988763091129103,-0.023837986783306286,0.0,0.0,0.0,0.14079796880648057,0.0,0.0,0.1,0.14466456171597525,0.21453746947754412,0.0,0.0,0.4
2021-02-01,0.012655222539942314,0.011797072662032138,0.21453746947754412,4,True,0.0008581498779101764,3.0000887519415294,-0.020138904747503017,0.0,0.0,0.16531068830285714,0.14713466836657854,0.0,0.0,0.1,0.18755464333056426,0.0,0.0,0.0,0.4
2021-03-01,0.015300316561896317,0.015300316561896317,0.0,0,False,0.0,3.038055542736928,-0.02252417985496291,0.0,0.0,0.16531068830285714,0.14713466836657854,0.0,0.0,0.1,0.18755464333056426,0.0,0.0,0.0,0.4
2021-04-01,0.036911129067252246,0.03620601403791374,0.1762787573346251,4,True,0.0007051150293385005,3.0823637996392113,-0.008268268748170216,0.0,0.0,0.17940862792367138,0.0,0.0,0.0,0.1,0.1584105543625177,0.0,0.16218081771381088,0.0,0.4
2021-05-01,0.005789350855107998,0.005789350855107998,0.0,0,False,0.0,3.192589318652844,-0.011329431280986624,0.0,0.0,0.17940862792367138,0.0,0.0,0.0,0.1,0.1584105543625177,0.0,0.16218081771381088,0.0,0.4
2021-06-01,0.03775711591462081,0.03775711591462081,0.0,0,False,0.0,3.2110723383547963,-0.005605670478552871,0.0,0.0,0.17940862792367138,0.0,0.0,0.0,0.1,0.1584105543625177,0.0,0.16218081771381088,0.0,0.4
2021-07-01,0.025500129890733216,0.025379140167347172,0.03024743084651127,3,True,0.00012098972338604508,3.3319099931957568,0.0,0.0,0.0,0.16043186516683922,0.0,0.0,0.0,0.1,0.18865798520902896,0.0,0.15091014962413177,0.0,0.4
2021-08-01,0.03426197736848566,0.03426197736848566,0.0,0,False,0.0,3.4222332695777675,-0.0034914042235895115,0.0,0.0,0.16043186516683922,0.0,0.0,0.0,0.1,0.18865798520902896,0.0,0.15091014962413177,0.0,0.4
2021-09-01,-0.04320688297243122,-0.04320688297243122,0.0,0,False,0.0,3.539485748409718,0.0,0.0,0.0,0.16043186516683922,0.0,0.0,0.0,0.1,0.18865798520902896,0.0,0.15091014962413177,0.0,0.4
2021-10-01,0.05763788937513305,0.05723788937513305,0.1,2,True,0.0004,3.3852009796548335,-0.047532734415350886,0.0,0.1,0.16043186516683922,0.0,0.0,0.0,0.0,0.18865798520902896,0.0,0.15091014962413177,0.0,0.4
2021-11-01,-0.017403466822538363,-0.017403466822538363,0.0,0,False,0.0,3.5803168192327717,0.0,0.0,0.1,0.16043186516683922,0.0,0.0,0.0,0.0,0.18865798520902896,0.0,0.15091014962413177,0.0,0.4
2021-12-01,0.06513824884608399,0.06513824884608399,0.0,0,False,0.0,3.5180068942550764,-0.040882762408159246,0.0,0.1,0.16043186516683922,0.0,0.0,0.0,0.0,0.18865798520902896,0.0,0.15091014962413177,0.0,0.4
2022-01-01,-0.04926784210159475,-0.04926784210159475,0.0,0,False,0.0,3.587937450867094,-0.04342405918531034,0.0,0.1,0.16043186516683922,0.0,0.0,0.0,0.0,0.18865798520902896,0.0,0.15091014962413177,0.0,0.4
2022-02-01,-0.043621577772638365,-0.04374032638913948,0.029687154125278586,3,True,0.00011874861650111434,3.410762443644309,-0.09066048722895603,0.0,0.1,0.19011901929211786,0.0,0.0,0.0,0.0,0.16275153150204524,0.0,0.14712944920583695,0.0,0.4
2022-03-01,0.043855866097211524,0.04296487633959192,0.22274743940490033,4,True,0.0008909897576196013,3.259073214027761,-0.13110218096495962,0.0,0.1,0.0,0.22274743940490027,0.0,0.0,0.0,0.13749247934056158,0.0,0.1397600812545381,0.0,0.4
2022-04-01,-0.06291866948868004,-0.06303705267197708,0.02959579582425946,3,True,0.00011838318329703785,3.401599952594847,-0.09310328859209771,0.0,0.1,0.0,0.19315164358064082,0.0,0.0,0.0,0.14729364127987624,0.0,0.1595547151394829,0.0,0.4
2022-05-01,-0.014616178927634046,-0.014616178927634046,0.0,0,False,0.0,3.1852633444591927,-0.1507805467087382,0.0,0.1,0.0,0.19315164358064082,0.0,0.0,0.0,0.14729364127987624,0.0,0.1595547151394829,0.0,0.4
2022-06-01,-0.04260416225608116,-0.04460416225608116,0.5,4,True,0.002,3.132429551553973,-0.1648665044064972,0.5,0.1,0.0,0.0,0.0,0.0,0.0,0.0,0.0,0.0,0.0,0.4
2022-07-01,-0.009773051330798477,-0.013773051330798477,1.0,5,True,0.004,2.986979114625089,-0.20364488068881792,0.5,0.0,0.0,0.5,0.0,0.0,0.0,0.0,0.0,0.0,0.0,0.0
2022-08-01,0.0,-0.002,0.5,2,True,0.002,2.951871639985007,-0.21300484474709547,1.0,0.0,0.0,0.0,0.0,0.0,0.0,0.0,0.0,0.0,0.0,0.0
2022-09-01,0.0,0.0,0.0,0,False,0.0,2.951871639985007,-0.21300484474709547,1.0,0.0,0.0,0.0,0.0,0.0,0.0,0.0,0.0,0.0,0.0,0.0
2022-10-01,0.0,0.0,0.0,0,False,0.0,2.951871639985007,-0.21300484474709547,1.0,0.0,0.0,0.0,0.0,0.0,0.0,0.0,0.0,0.0,0.0,0.0
2022-11-01,0.0,0.0,0.0,0,False,0.0,2.951871639985007,-0.21300484474709547,1.0,0.0,0.0,0.0,0.0,0.0,0.0,0.0,0.0,0.0,0.0,0.0
2022-12-01,0.009592469018112504,0.007592469018112504,0.5,2,True,0.002,2.9459678967050373,-0.21457883505760122,0.5,0.0,0.0,0.5,0.0,0.0,0.0,0.0,0.0,0.0,0.0,0.0
2023-01-01,0.07478570132494822,0.07278570132494822,0.5,2,True,0.002,2.961764912357053,-0.2103672106030725,0.0,0.0,0.0,0.5,0.0,0.0,0.0,0.0,0.0,0.0,0.5,0.0
2023-02-01,-0.05017837405061626,-0.05017837405061626,0.0,0,False,0.0,3.1768960533303234,-0.15301134072153066,0.0,0.0,0.0,0.5,0.0,0.0,0.0,0.0,0.0,0.0,0.5,0.0
2023-03-01,0.0403272101033294,0.0363272101033294,1.0,4,True,0.004,3.0054146365470022,-0.19872980706550203,0.5,0.0,0.0,0.0,0.0,0.5,0.0,0.0,0.0,0.0,0.0,0.0
2023-04-01,-0.014653860096096228,-0.01825386009609623,0.9,4,True,0.0036,3.1145377569612376,-0.1696366155022947,0.0,0.4,0.0,0.5,0.0,0.1,0.0,0.0,0.0,0.0,0.0,0.0
2023-05-01,0.0077939113173569,0.004831690522061977,0.7405551988237309,6,True,0.002962220795294924,3.0487916984409025,-0.18716509771391976,0.0,0.0,0.17290410208086623,0.15944480117626908,0.0,0.4,0.0,0.16765109674286469,0.0,0.0,0.0,0.1
2023-06-01,-0.00027700233324012315,-0.00027700233324012315,0.0,0,False,0.0,3.0725537105636453,-0.18082993456984953,0.0,0.0,0.17290410208086623,0.15944480117626908,0.0,0.4,0.0,0.16765109674286469,0.0,0.0,0.0,0.1
2023-07-01,0.023933267023093913,0.022333267023093913,0.4,3,True,0.0016,3.071163817093994,-0.18120049249388537,0.0,0.0,0.17290410208086623,0.15944480117626908,0.0,0.0,0.1,0.16765109674286469,0.0,0.0,0.0,0.4
2023-08-01,-0.012928355369105289,-0.013079316776583598,0.03774035186957739,3,True,0.00015096140747830955,3.1391613701499113,-0.163071741873709,0.0,0.0,0.13516375021128887,0.17419993792986843,0.0,0.0,0.1,0.19063631185884275,0.0,0.0,0.0,0.4
2023-09-01,-0.054769778391639753,-0.054769778391639753,0.0,0,False,0.0,3.098577176395646,-0.17389184781321199,0.0,0.0,0.13516375021128887,0.17419993792986843,0.0,0.0,0.1,0.19063631185884275,0.0,0.0,0.0,0.4
2023-10-01,0.015857007980322746,0.01574078945982975,0.029054630123248895,3,True,0.00011621852049299556,2.9281024047476327,-0.21934193363757826,0.0,0.0,0.14398427233198194,0.19443404593242422,0.0,0.0,0.1,0.1615816817355938,0.0,0.0,0.0,0.4
2023-11-01,0.08758533550679223,0.08758533550679223,0.0,0,False,0.0,2.9741876520820605,-0.20705519803243155,0.0,0.0,0.14398427233198194,0.19443404593242422,0.0,0.0,0.1,0.1615816817355938,0.0,0.0,0.0,0.4
2023-12-01,0.014635197389879152,0.014635197389879152,0.0,0,False,0.0,3.2346828754498262,-0.1376048615137352,0.0,0.0,0.14398427233198194,0.19443404593242422,0.0,0.0,0.1,0.1615816817355938,0.0,0.0,0.0,0.4
2024-01-01,0.03961004101469824,0.03944532454901013,0.041179116422027554,3,True,0.0001647164656881102,3.3290194395144357,-0.11245389699468522,0.0,0.0,0.1620630867258337,0.15325492951039668,0.0,0.0,0.1,0.18468198376376962,0.0,0.0,0.0,0.4
2024-02-01,0.04172574968960617,0.04172574968960617,0.0,0,False,0.0,3.460311971795188,-0.07745014363826819,0.0,0.0,0.1620630867258337,0.15325492951039668,0.0,0.0,0.1,0.18468198376376962,0.0,0.0,0.0,0.4
2024-03-01,0.017833306822214633,0.017833306822214633,0.0,0,False,0.0,3.6046960829782604,-0.03895605925553669,0.0,0.0,0.1620630867258337,0.15325492951039668,0.0,0.0,0.1,0.18468198376376962,0.0,0.0,0.0,0.4
2024-04-01,-0.04038440643364261,-0.04038440643364261,0.0,0,False,0.0,3.668979734226847,-0.021817467790610445,0.0,0.0,0.1620630867258337,0.15325492951039668,0.0,0.0,0.1,0.18468198376376962,0.0,0.0,0.0,0.4
2024-05-01,0.06093652985902435,0.06093652985902435,0.0,0,False,0.0,3.5208101654430335,-0.06132078873764368,0.0,0.0,0.1620630867258337,0.15325492951039668,0.0,0.0,0.1,0.18468198376376962,0.0,0.0,0.0,0.4
2024-06-01,0.03666163260968708,0.03666163260968708,0.0,0,False,0.0,3.724188709483503,-0.01743660318867646,0.0,0.0,0.1620630867258337,0.15325492951039668,0.0,0.0,0.1,0.18468198376376962,0.0,0.0,0.0,0.4
2024-07-01,-0.026397315126014124,-0.02651984729894452,0.0306330432325993,3,True,0.0001225321729303972,3.860250484874347,-0.006293822768866364,0.0,0.0,0.16639542914108374,0.12262188627779738,0.0,0.0,0.1,0.21098268458111888,0.0,0.0,0.0,0.4
2024-08-01,0.013540758954505513,0.0128713056316316,0.16736333071847798,4,True,0.0006694533228739119,3.7558341963055164,-0.058950565197567584,0.0,0.0,0.0,0.1312537183003542,0.0,0.0,0.1,0.21001478300372464,0.0,0.15873149869592115,0.0,0.4
2024-09-01,0.04171004789369927,0.04156124755469342,0.037200084751462345,3,True,0.0001488003390058494,3.9061411722375574,-0.021290144807645683,0.0,0.0,0.0,0.1508695334222944,0.0,0.0,0.1,0.17281469825226228,0.0,0.1763157683254433,0.0,0.4
2024-10-01,0.005284672175002718,0.005284672175002718,0.0,0,False,0.0,4.068461029135367,-0.016088419536935405,0.0,0.0,0.0,0.1508695334222944,0.0,0.0,0.1,0.17281469825226228,0.0,0.1763157683254433,0.0,0.4
2024-11-01,0.002518153147475031,0.0009181531474750308,0.4,3,True,0.0016,4.083417573512032,-0.029171886666125024,0.0,0.0,0.0,0.1508695334222944,0.0,0.4,0.0,0.17281469825226228,0.0,0.1763157683254433,0.0,0.1
2024-12-01,-0.017342876360712422,-0.017342876360712422,0.0,0,False,0.0,4.119176299882828,-0.020670288131855008,0.0,0.0,0.0,0.1508695334222944,0.0,0.4,0.0,0.17281469825226228,0.0,0.1763157683254433,0.0,0.1
2025-01-01,0.03139061563391821,0.030213753934436472,0.2942154248704355,4,True,0.001176861699481742,3.942311568317135,-0.06271968684508666,0.0,0.0,0.0,0.08968503556110922,0.29421542487043556,0.4,0.0,0.11609953956845528,0.0,0.0,0.0,0.1
2025-02-01,0.012456797319009442,0.0112799356195277,0.29421542487043556,4,True,0.0011768616994817422,4.065082032155179,-0.03353114180032846,0.0,0.0,0.0,0.15974030060235447,0.0,0.4,0.0,0.19676145812668314,0.0,0.14349824127096242,0.0,0.1
2025-03-01,0.026367956700810123,0.026367956700810123,0.0,0,False,0.0,4.1041475755907335,-0.025978830390856467,0.0,0.0,0.0,0.15974030060235447,0.0,0.4,0.0,0.19676145812668314,0.0,0.14349824127096242,0.0,0.1
2025-04-01,0.016086717479749737,0.015524012606613758,0.14067621828399487,5,True,0.0005627048731359796,4.209995242528952,-0.0008584207436174163,0.0,0.0,0.0,0.1982167997808818,0.0,0.4,0.1,0.15608523984268827,0.0,0.14569796037642996,0.0,0.0
2025-05-01,0.044276502684124655,0.04415347448069658,0.030757050857018478,3,True,0.0001230282034280739,4.2771939663499,-0.018386671996679982,0.0,0.0,0.0,0.20392796552259873,0.0,0.4,0.1,0.12532818898566975,0.0,0.17074384549173147,0.0,0.0
2025-06-01,0.001039036737186898,0.00029880810719925253,0.18505715749691137,4,True,0.0007402286299876455,4.390851879669358,-0.010316198432924528,0.0,0.0,0.17534748275962292,0.18961465351741885,0.0,0.4,0.1,0.13503786372295823,0.0,0.0,0.0,0.0
2025-07-01,0.0028032585609017676,0.0024032585609017674,0.1,2,True,0.0004,4.390403660485822,-0.010417225586118128,0.0,0.0,0.17534748275962292,0.18961465351741885,0.0,0.4,0.0,0.13503786372295823,0.0,0.0,0.0,0.1
2025-08-01,0.04159346947208653,0.04133362444878992,0.06496125582415145,3,True,0.00025984502329660583,4.401567074565292,-0.019344771014467965,0.0,0.0,0.18477386391258618,0.12465339769326739,0.0,0.4,0.0,0.1905727383941464,0.0,0.0,0.0,0.1
2025-09-01,0.07559077058304571,0.0754679261924783,0.030711097641851287,3,True,0.00012284439056740515,4.5475478803190414,0.0,0.0,0.0,0.15406276627073492,0.14604648095640643,0.0,0.4,0.0,0.19989075277285867,0.0,0.0,0.0,0.1
2025-10-01,0.03099520215867109,0.03099520215867109,0.0,0,False,0.0,4.890699660023105,0.0,0.0,0.0,0.15406276627073492,0.14604648095640643,0.0,0.4,0.0,0.19989075277285867,0.0,0.0,0.0,0.1
2025-11-01,0.022257242921489277,0.02204520757390877,0.05300883689512744,3,True,0.00021203534758050977,5.0326285320111825,-0.04376508880564478,0.0,0.0,0.20591462464835505,0.093037644061279,0.0,0.4,0.0,0.201047731290366,0.0,0.0,0.0,0.1
2025-12-01,0.01764635962494199,0.01764635962494199,0.0,0,False,0.0,5.143550122045991,-0.02268920447962941,0.0,0.0,0.20591462464835505,0.093037644061279,0.0,0.4,0.0,0.201047731290366,0.0,0.0,0.0,0.1
2026-01-01,0.04973362875385327,0.04973362875385327,0.0,0,False,0.0,4.967082954716191,-0.0746945730762566,0.0,0.0,0.20591462464835505,0.093037644061279,0.0,0.4,0.0,0.201047731290366,0.0,0.0,0.0,0.1
2026-02-01,0.06951752046107236,0.06951752046107236,0.0,0,False,0.0,5.306483844090523,-0.059392475119472765,0.0,0.0,0.20591462464835505,0.093037644061279,0.0,0.4,0.0,0.201047731290366,0.0,0.0,0.0,0.1
2026-03-01,-0.0727126550683099,-0.07283139500173072,0.02968498335520333,3,True,0.00011873993342081333,5.655366733907643,0.0,0.0,0.0,0.2027494728312172,0.06651781252321354,0.0,0.4,0.0,0.23073271464556933,0.0,0.0,0.0,0.1
2026-04-01,0.034233967261709616,0.034131495734093416,0.025617881904050357,3,True,0.00010247152761620142,5.2429900010240935,-0.07291777037394931,0.0,0.0,0.1771315909271668,0.08289480187813311,0.0,0.4,0.0,0.23997360719470007,0.0,0.0,0.0,0.1
2026-05-01,0.02216133128497303,0.022048102278087522,0.028307251721376964,3,True,0.00011322900688550785,5.421864367234299,-0.04128863390473747,0.0,0.0,0.16130839803179103,0.1112020535995101,0.0,0.4,0.0,0.2274895483686989,0.0,0.0,0.0,0.1
2026-06-01,-0.04954336511271942,-0.05114336511271942,0.4,3,True,0.0016,5.53315286749931,-0.02161024601208983,0.0,0.1,0.16130839803179103,0.1112020535995101,0.0,0.0,0.0,0.2274895483686989,0.0,0.0,0.0,0.4
2026-07-01,0.0,-0.0004,0.1,2,True,0.0004,5.2569182460184,-0.07045493362972943,0.0,0.0,0.16130839803179103,0.1112020535995101,0.0,0.0,0.1,0.2274895483686989,0.0,0.0,0.0,0.4
2026-08-01,0.0,-0.002,0.5,3,True,0.002,5.220884915552998,-0.07682646215490163,1.0,0.0,0.0,0.0,0.0,0.0,0.0,0.0,0.0,0.0,0.0,0.0
