date,gross_return,net_return,turnover,operations,signal_changed,trade_cost,equity,drawdown,w__CASH,w_efa.us,w_gld.us,w_hyg.us,w_rsp.us,w_spy.us,w_tlt.us,w_vnq.us,w_xle.us,w_xlf.us,w_xli.us,w_xlp.us,w_xlv.us
2005-12-01,0.008716416854843534,0.006716416854843534,0.5,3,True,0.002,0.998,0.0,0.5,0.0,0.0,0.0,0.25,0.0,0.0,0.0,0.25,0.0,0.0,0.0,0.0
2006-01-01,0.014988913650251373,0.013988913650251372,0.25,2,True,0.001,0.9907743825495998,-0.018054364936839207,0.5,0.0,0.0,0.0,0.0,0.0,0.0,0.0,0.25,0.25,0.0,0.0,0.0
2006-02-01,-0.011391888408369355,-0.012391888408369356,0.25,2,True,0.001,1.0036147698130977,-0.00968021051744583,0.5,0.0,0.0,0.0,0.25,0.0,0.0,0.0,0.25,0.0,0.0,0.0,0.0
2006-03-01,0.008834650978820302,0.008834650978820302,0.0,0,False,0.0,0.9921817023503956,-0.020961823047830896,0.5,0.0,0.0,0.0,0.25,0.0,0.0,0.0,0.25,0.0,0.0,0.0,0.0
2006-04-01,0.01651152840411607,0.01651152840411607,0.0,0,False,0.0,0.9997668262409549,-0.013477180015029955,0.5,0.0,0.0,0.0,0.25,0.0,0.0,0.0,0.25,0.0,0.0,0.0,0.0
2006-05-01,-0.012620756955529389,-0.01362075695552939,0.25,2,True,0.001,1.0152582300853357,-0.009876164949530697,0.5,0.0,0.0,0.0,0.0,0.0,0.0,0.0,0.25,0.0,0.25,0.0,0.0
2006-06-01,-0.005187377574325691,-0.006187377574325691,0.25,2,True,0.001,1.0014424578136112,-0.026944889138725392,0.5,0.0,0.0,0.0,0.0,0.0,0.0,0.0,0.0,0.25,0.25,0.0,0.0
2006-07-01,-0.014489583376188692,-0.014489583376188692,0.0,0,False,0.0,0.9925172126870943,-0.03561713517571474,0.5,0.0,0.0,0.0,0.0,0.0,0.0,0.0,0.0,0.25,0.25,0.0,0.0
2006-08-01,-0.0053356409619447764,-0.0063356409619447765,0.25,2,True,0.001,0.9771579157297806,-0.05054105046105184,0.5,0.0,0.0,0.0,0.0,0.0,0.0,0.0,0.25,0.25,0.0,0.0,0.0
2006-09-01,-0.02057511908565518,-0.02157511908565518,0.25,2,True,0.001,0.9709722077763959,-0.05655141550137299,0.5,0.0,0.0,0.0,0.0,0.0,0.0,0.0,0.25,0.0,0.0,0.25,0.0
2006-10-01,0.009000875905158967,0.008000875905158966,0.25,2,True,0.001,0.9552169122094054,-0.07186010423827838,0.5,0.0,0.0,0.0,0.0,0.0,0.0,0.0,0.0,0.25,0.0,0.25,0.0
2006-11-01,0.0008358815682472098,0.0008358815682472098,0.0,0,False,0.0,0.9628508863976126,-0.06444252618168611,0.5,0.0,0.0,0.0,0.0,0.0,0.0,0.0,0.0,0.25,0.0,0.25,0.0
2006-12-01,-0.006799278681387216,-0.007799278681387216,0.25,2,True,0.001,0.9626920599908163,-0.06459685042235219,0.5,0.0,0.0,0.0,0.0,0.0,0.0,0.0,0.25,0.25,0.0,0.0,0.0
2007-01-01,0.007032380811053729,0.006032380811053729,0.25,2,True,0.001,0.9630369579624483,-0.06426172908671912,0.5,0.0,0.0,0.0,0.0,0.0,0.0,0.0,0.0,0.25,0.0,0.25,0.0
2007-02-01,-0.013673741441398185,-0.013673741441398185,0.0,0,False,0.0,0.9688395911853729,-0.05862357996495393,0.5,0.0,0.0,0.0,0.0,0.0,0.0,0.0,0.0,0.25,0.0,0.25,0.0
2007-03-01,-0.00019620835326200625,-0.00019620835326200625,0.0,0,False,0.0,0.9555919291173142,-0.07149571773154217,0.5,0.0,0.0,0.0,0.0,0.0,0.0,0.0,0.0,0.25,0.0,0.25,0.0
2007-04-01,0.02777220598449487,0.025772205984494867,0.5,4,True,0.002,0.9569585567504904,-0.0701678291516934,0.5,0.0,0.0,0.0,0.25,0.0,0.0,0.0,0.0,0.0,0.0,0.0,0.25
2007-05-01,0.034393822164507266,0.031393822164507264,0.75,6,True,0.0029999999999999996,0.9786236310850955,-0.04911688294505612,0.0,0.16471199010176354,0.0,0.0,0.25,0.2055248293377554,0.0,0.12976318056048097,0.0,0.0,0.25,0.0,0.0
2007-06-01,-0.016386792407635804,-0.016386792407635804,0.0,0,False,0.0,1.0122822382186207,-0.016412378117835913,0.0,0.16471199010176354,0.0,0.0,0.25,0.2055248293377554,0.0,0.12976318056048097,0.0,0.0,0.25,0.0,0.0
2007-07-01,-0.0274259587983271,-0.0284259587983271,0.25,2,True,0.001,0.9842151654892641,-0.04368384873816655,0.0,0.16471199010176354,0.0,0.0,0.0,0.2055248293377554,0.0,0.12976318056048097,0.25,0.0,0.25,0.0,0.0
2007-08-01,0.015051983022371665,0.014324599937800973,0.1818457711426733,4,True,0.0007273830845706932,0.9555693278792058,-0.0715176783045951,0.0,0.1499729279884341,0.18184577114267336,0.0,0.0,0.16818130086889257,0.0,0.0,0.25,0.0,0.25,0.0,0.0
2007-09-01,0.0637501338904493,0.06362811589959341,0.030504497713971943,3,True,0.00012201799085588778,0.9590602156844048,-0.06812574480528222,0.0,0.1398351268396354,0.2123502688566453,0.0,0.0,0.14781460430371932,0.0,0.0,0.25,0.0,0.25,0.0,0.0
2007-10-01,-0.006385302573720837,-0.006385302573720837,0.0,0,False,0.0,1.0200759500362029,-0.00883959042793181,0.0,0.1398351268396354,0.2123502688566453,0.0,0.0,0.14781460430371932,0.0,0.0,0.25,0.0,0.25,0.0,0.0
2007-11-01,-0.013531244442467068,-0.013643763292311895,0.02812971246120695,3,True,0.00011251884984482778,1.0134484115652007,-0.019840363812372197,0.0,0.14670914752834852,0.18422055639543833,0.0,0.0,0.16907029607621313,0.0,0.0,0.25,0.0,0.25,0.0,0.0
2007-12-01,0.02081896569352921,0.02081896569352921,0.0,0,False,0.0,1.0006807700575078,-0.03789675383452229,0.0,0.14670914752834852,0.18422055639543833,0.0,0.0,0.16907029607621313,0.0,0.0,0.25,0.0,0.25,0.0,0.0
2008-01-01,-0.028379317987591062,-0.02934047097840504,0.24028824770349447,4,True,0.0009611529908139779,1.0173739414324596,-0.021847125572239667,0.0,0.12792854447539173,0.13178320782111377,0.0,0.0,0.0,0.24028824770349447,0.0,0.25,0.0,0.25,0.0,0.0
2008-02-01,0.02376536813654394,0.023253653958642373,0.12792854447539173,3,True,0.0005117141779015669,0.9870461175184053,-0.05100577307494902,0.0,0.0,0.18500283744383197,0.0,0.0,0.0,0.314997162556168,0.0,0.25,0.0,0.25,0.0,0.0
2008-03-01,-0.027605782511886758,-0.028743958557436236,0.2845440113873692,4,True,0.0011381760455494768,1.0035377690271294,-0.03514989583023942,0.25,0.0,0.21954684883120118,0.0,0.0,0.0,0.2804531511687988,0.0,0.25,0.0,0.0,0.0,0.0
2008-04-01,0.0038728430600154344,0.0028728430600154344,0.25,2,True,0.001,0.973748928728937,-0.06379033822501923,0.0,0.0,0.21954684883120118,0.0,0.0,0.0,0.2804531511687988,0.0,0.25,0.0,0.0,0.25,0.0
2008-05-01,0.02171807959857004,0.02158436027841808,0.03342983003798926,2,True,0.00013371932015195705,0.9773893921858189,-0.06029021929177392,0.0,0.0,0.18611701879321194,0.0,0.0,0.0,0.3138829812067881,0.0,0.25,0.0,0.0,0.25,0.0
2008-06-01,0.008402953117723523,0.008402953117723523,0.0,0,False,0.0,0.9980454620567305,-0.04043046734042688,0.0,0.0,0.18611701879321194,0.0,0.0,0.0,0.3138829812067881,0.0,0.25,0.0,0.0,0.25,0.0
2008-07-01,-0.006049935906074879,-0.008180269895784506,0.5325834974274066,5,True,0.0021303339897096266,1.0042879550043875,-0.034428630482144174,0.5,0.0,0.15353352136580528,0.0,0.0,0.0,0.3464664786341947,0.0,0.0,0.0,0.0,0.0,0.0
2008-08-01,-0.007054312379383714,-0.007054312379383714,0.0,0,False,0.0,0.998212077245368,-0.040270275380468123,0.5,0.0,0.15353352136580528,0.0,0.0,0.0,0.3464664786341947,0.0,0.0,0.0,0.0,0.0,0.0
2008-09-01,0.018306754384919695,0.018306754384919695,0.0,0,False,0.0,0.9934504640406199,-0.04484832230447289,0.5,0.0,0.15353352136580528,0.0,0.0,0.0,0.3464664786341947,0.0,0.0,0.0,0.0,0.0,0.0
2008-10-01,-0.03767288796318918,-0.03767288796318918,0.0,0,False,0.0,1.011637317679396,-0.027362595140556945,0.5,0.0,0.15353352136580528,0.0,0.0,0.0,0.3464664786341947,0.0,0.0,0.0,0.0,0.0,0.0
2008-11-01,0.09000819543208138,0.08939406134661816,0.15353352136580528,2,True,0.0006141340854632211,0.9743909923573537,-0.06317302697089278,0.5,0.0,0.0,0.0,0.0,0.0,0.5,0.0,0.0,0.0,0.0,0.0,0.0
2008-12-01,0.031784393397724764,0.031784393397724764,0.0,0,False,0.0,1.06144189899465,0.0,0.5,0.0,0.0,0.0,0.0,0.0,0.5,0.0,0.0,0.0,0.0,0.0,0.0
2009-01-01,-0.024820272919679226,-0.025536537161896484,0.17906606055431484,2,True,0.0007162642422172594,1.0919930755709704,-0.028438261681532073,0.5,0.0,0.17906606055431484,0.0,0.0,0.0,0.32093393944568516,0.0,0.0,0.0,0.0,0.0,0.0
2009-02-01,-0.010027599565980427,-0.010743863808197687,0.17906606055431484,2,True,0.0007162642422172594,1.064794808814186,-0.05263694564814425,0.5,0.0,0.0,0.0,0.0,0.0,0.5,0.0,0.0,0.0,0.0,0.0,0.0
2009-03-01,0.014953889140725374,0.014953889140725374,0.0,0,False,0.0,1.0463074345226977,-0.06908542495209136,0.5,0.0,0.0,0.0,0.0,0.0,0.5,0.0,0.0,0.0,0.0,0.0,0.0
2009-04-01,-0.03411929636442326,-0.03501054834388513,0.22281299486546796,2,True,0.0008912519794618719,1.0610073314794035,-0.056006717989694255,0.5,0.0,0.222812994865468,0.0,0.0,0.0,0.27718700513453204,0.0,0.0,0.0,0.0,0.0,0.0
2009-05-01,0.00532573426542364,0.00532573426542364,0.0,0,False,0.0,1.0248065078918318,-0.08821510454462855,0.5,0.0,0.222812994865468,0.0,0.0,0.0,0.27718700513453204,0.0,0.0,0.0,0.0,0.0,0.0
2009-06-01,0.0013339163745817034,0.0013339163745817034,0.0,0,False,0.0,1.0302643550263406,-0.08335918048420599,0.5,0.0,0.222812994865468,0.0,0.0,0.0,0.27718700513453204,0.0,0.0,0.0,0.0,0.0,0.0
2009-07-01,-0.005428017183010836,-0.006319269162472708,0.22281299486546796,2,True,0.0008912519794618719,1.0307191915383143,-0.082954505983873,0.5,0.0,0.0,0.0,0.0,0.0,0.5,0.0,0.0,0.0,0.0,0.0,0.0
2009-08-01,0.006975073707591555,0.0058294772060629545,0.2863991253821502,2,True,0.0011455965015286008,1.0347391125855,-0.07937792517225495,0.5,0.0,0.2863991253821502,0.0,0.0,0.0,0.2136008746178498,0.0,0.0,0.0,0.0,0.0,0.0
2009-09-01,0.020261261362864172,0.020261261362864172,0.0,0,False,0.0,1.0407628324494522,-0.07401853611284648,0.5,0.0,0.2863991253821502,0.0,0.0,0.0,0.2136008746178498,0.0,0.0,0.0,0.0,0.0,0.0
2009-10-01,0.0077750099238605395,0.0077750099238605395,0.0,0,False,0.0,1.0618500002144655,-0.05525698365586118,0.5,0.0,0.2863991253821502,0.0,0.0,0.0,0.2136008746178498,0.0,0.0,0.0,0.0,0.0,0.0
2009-11-01,0.03220847540149762,0.030942912224598444,0.3163907942247945,4,True,0.001265563176899178,1.0673586887235493,-0.050355825302872526,0.5,0.12636794976454815,0.1836092057752055,0.19002284446024637,0.0,0.0,0.0,0.0,0.0,0.0,0.0,0.0,0.0
2009-12-01,-0.011906689913580832,-0.012666781291421817,0.19002284446024634,4,True,0.0007600913778409853,1.099506006668817,-0.02175390025050916,0.5,0.16186864789328823,0.23869131524535644,0.0,0.0,0.0,0.0,0.09944003686135533,0.0,0.0,0.0,0.0,0.0
2010-01-01,-0.01732091072472359,-0.01750527483678091,0.04609102801433014,3,True,0.00018436411205732055,1.0767885790011713,-0.04196591808163086,0.5,0.18096066280891746,0.19260028723102632,0.0,0.0,0.0,0.0,0.12643904996005625,0.0,0.0,0.0,0.0,0.0
2010-02-01,0.010073661463161984,0.009195729352290623,0.21948302771783995,4,True,0.0008779321108713597,1.0570137358269416,-0.05955987672398222,0.5,0.15768376764426104,0.0,0.0,0.0,0.21948302771783992,0.0,0.12283320463789903,0.0,0.0,0.0,0.0,0.0
2010-03-01,0.06842956742412847,0.06642956742412846,0.5,3,True,0.002,1.0655264108948475,-0.05198602889313364,0.0,0.15768376764426104,0.0,0.0,0.25,0.21948302771783992,0.0,0.12283320463789903,0.0,0.0,0.25,0.0,0.0
2010-04-01,0.033708102406160394,0.033708102406160394,0.0,0,False,0.0,1.1384399222713664,0.0,0.0,0.15768376764426104,0.0,0.0,0.25,0.21948302771783992,0.0,0.12283320463789903,0.0,0.0,0.25,0.0,0.0
2010-05-01,-0.08838599710895276,-0.08905926445096173,0.1683168355022414,4,True,0.0006732673420089656,1.1572120323644177,-0.023896667302764518,0.0,0.0,0.16831683550224144,0.0,0.25,0.21476631086613343,0.0,0.11691685363162514,0.0,0.0,0.25,0.0,0.0
2010-06-01,-0.04262609070502597,-0.04284705098225325,0.055240069306820995,3,True,0.00022096027722728396,1.053987501792456,-0.11096611135402534,0.0,0.0,0.22355690480906243,0.0,0.25,0.17221876301289193,0.0,0.10422433217804564,0.0,0.0,0.25,0.0,0.0
2010-07-01,0.0855263839364382,0.0855263839364382,0.0,0,False,0.0,1.009060134939087,-0.1488621505312906,0.0,0.0,0.22355690480906243,0.0,0.25,0.17221876301289193,0.0,0.10422433217804564,0.0,0.0,0.25,0.0,0.0
2010-08-01,-0.018718134373061548,-0.018718134373061548,0.0,0,False,0.0,1.0755442349600213,-0.09278310037726145,0.0,0.0,0.22355690480906243,0.0,0.25,0.17221876301289193,0.0,0.10422433217804564,0.0,0.0,0.25,0.0,0.0
2010-09-01,0.04432722869223991,0.04357480253072821,0.18810654037792582,4,True,0.0007524261615117033,1.0546179338056805,-0.11043434468384128,0.0,0.0,0.20766912744402857,0.0,0.25,0.0,0.1862821626407294,0.10604870991524208,0.0,0.0,0.25,0.0,0.0
2010-10-01,0.030899450440670297,0.030150824737682505,0.1871564257469482,4,True,0.0007486257029877929,1.1005417130766286,-0.07169783595187151,0.0,0.0,0.24805670801562438,0.0,0.25,0.14676884517535238,0.0,0.10517444680902323,0.0,0.0,0.25,0.0,0.0
2010-11-01,0.02394187860973917,0.023744030809530504,0.049461950052165936,3,True,0.00019784780020866375,1.1343233794019305,-0.04320314685257154,0.0,0.0,0.19859475796345846,0.0,0.25,0.1694210381681547,0.0,0.13198420386838686,0.0,0.0,0.25,0.0,0.0
2010-12-01,0.0463919933705249,0.046231104094117494,0.040222319101852394,3,True,0.00016088927640740957,1.161294342183992,-0.02045325666707698,0.0,0.0,0.15837243886160604,0.0,0.25,0.2038318381686066,0.0,0.13779572296978734,0.0,0.0,0.25,0.0,0.0
2011-01-01,0.031646167443233515,0.030646167443233514,0.25,2,True,0.001,1.183669850195643,-0.01703918051313147,0.0,0.0,0.15837243886160604,0.0,0.0,0.2038318381686066,0.0,0.13779572296978734,0.25,0.0,0.25,0.0,0.0
2011-02-01,0.01902112746183126,0.01902112746183126,0.0,0,False,0.0,1.219907336007969,0.0,0.0,0.0,0.15837243886160604,0.0,0.0,0.2038318381686066,0.0,0.13779572296978734,0.25,0.0,0.25,0.0,0.0
2011-03-01,0.029089966476890668,0.029089966476890668,0.0,0,False,0.0,1.2431113489377998,-0.014567203379025728,0.0,0.0,0.15837243886160604,0.0,0.0,0.2038318381686066,0.0,0.13779572296978734,0.25,0.0,0.25,0.0,0.0
2011-04-01,0.029291834740919634,0.02918065232110636,0.02779560495331801,3,True,0.00011118241981327204,1.279131183691404,0.0,0.0,0.0,0.1756253919931176,0.0,0.0,0.1760362332152886,0.0,0.1483383747915938,0.25,0.0,0.25,0.0,0.0
2011-05-01,-0.03764672679570523,-0.03835087172856638,0.1760362332152886,4,True,0.0007041449328611544,1.324550800298452,0.0,0.0,0.13101497528766243,0.20859563538324288,0.0,0.0,0.0,0.0,0.1603893893290947,0.25,0.0,0.25,0.0,0.0
2011-06-01,0.013341103463099364,0.013341103463099364,0.0,0,False,0.0,1.2737882346467957,-0.03832436297665476,0.0,0.13101497528766243,0.20859563538324288,0.0,0.0,0.0,0.0,0.1603893893290947,0.25,0.0,0.25,0.0,0.0
2011-07-01,-0.038615770993610146,-0.03945015353514312,0.20859563538324288,4,True,0.0008343825415329714,1.2897049693302025,-0.026307659140289652,0.0,0.1350282677231904,0.0,0.0,0.0,0.20428652605693054,0.0,0.1606852062198791,0.25,0.0,0.25,0.0,0.0
2011-08-01,-0.0350904613063355,-0.0369173135560871,0.45671306243789894,6,True,0.0018268522497515958,1.2376368997949294,-0.0656176422104301,0.0,0.0,0.20671306243789894,0.0,0.25,0.16248072816855785,0.0,0.13080620939354323,0.25,0.0,0.0,0.0,0.0
2011-09-01,-0.07991068365368167,-0.08191068365368168,0.5,4,True,0.002,1.1918192347512797,-0.10020873908140393,0.0,0.0,0.20671306243789894,0.0,0.0,0.16248072816855785,0.0,0.13080620939354323,0.0,0.0,0.0,0.25,0.25
2011-10-01,0.012598319175485288,0.010425171425236884,0.543286937562101,6,True,0.0021731477502484045,1.1177178804113717,-0.15615325576072747,0.25,0.0,0.24678575964949073,0.0,0.0,0.0,0.25321424035050927,0.0,0.0,0.0,0.0,0.25,0.0
2011-11-01,0.01630739885953956,0.014789701120960305,0.37942443464481324,5,True,0.001517697738579253,1.1276256837510845,-0.14867313243327152,0.0,0.0,0.18531349542625822,0.0,0.0,0.0,0.18526206992892857,0.1294244346448132,0.0,0.0,0.0,0.25,0.25
2011-12-01,0.015550245912811218,0.015550245912811218,0.0,0,False,0.0,1.1460143255402746,-0.13479020564401833,0.0,0.0,0.18531349542625822,0.0,0.0,0.0,0.18526206992892857,0.1294244346448132,0.0,0.0,0.0,0.25,0.25
2012-01-01,0.030408450575638596,0.030408450575638596,0.0,0,False,0.0,1.1573741229591856,-0.12621386609075136,0.0,0.0,0.18531349542625822,0.0,0.0,0.0,0.18526206992892857,0.1294244346448132,0.0,0.0,0.0,0.25,0.25
2012-02-01,-0.0010822344314701665,-0.0010822344314701665,0.0,0,False,0.0,1.1925680767747129,-0.09964338362409386,0.0,0.0,0.18531349542625822,0.0,0.0,0.0,0.18526206992892857,0.1294244346448132,0.0,0.0,0.0,0.25,0.25
2012-03-01,0.022872466325652853,0.022646492548109468,0.05649344438584655,3,True,0.00022597377754338623,1.191008241077266,-0.10082101735252125,0.0,0.0,0.13383901399343007,0.0,0.0,0.0,0.18024310697591014,0.18591787903065973,0.0,0.0,0.0,0.25,0.25
2012-04-01,0.010212872037182314,0.010212872037182314,0.0,0,False,0.0,1.2112009072201118,-0.08557610100933832,0.0,0.0,0.13383901399343007,0.0,0.0,0.0,0.18024310697591014,0.18591787903065973,0.0,0.0,0.0,0.25,0.25
2012-05-01,-0.01811195272579203,-0.01811195272579203,0.0,0,False,0.0,1.2235707470968702,-0.07623720674120515,0.0,0.0,0.13383901399343007,0.0,0.0,0.0,0.18024310697591014,0.18591787903065973,0.0,0.0,0.0,0.25,0.25
2012-06-01,0.042845445512524595,0.042723034396787866,0.03060277893418241,3,True,0.00012241111573672964,1.20126242569247,-0.09307938553825368,0.0,0.0,0.1644417929276125,0.0,0.0,0.0,0.1732623040766836,0.16229590299570387,0.0,0.0,0.0,0.25,0.25
2012-07-01,0.006229451950868163,0.0032509385795811132,0.7446283428217625,8,True,0.00297851337128705,1.2456747350950037,-0.05954929413479326,0.0,0.0,0.0,0.24462834282176255,0.0,0.0,0.14452448938083756,0.11084716779739985,0.0,0.25,0.25,0.0,0.0
2012-08-01,0.009139418784551084,0.006160905413264034,0.7446283428217626,8,True,0.00297851337128705,1.2459789824332856,-0.0593195956300524,0.0,0.0,0.0,0.0,0.0,0.1651826294332145,0.18452180354330178,0.15029556702348373,0.0,0.0,0.0,0.25,0.25
2012-09-01,0.015779270499063178,0.014779270499063177,0.25,2,True,0.001,1.2539264888649646,-0.053319443404944655,0.0,0.0,0.0,0.0,0.0,0.1651826294332145,0.18452180354330178,0.15029556702348373,0.0,0.25,0.0,0.0,0.25
2012-10-01,0.00974776387208812,0.008815268879019286,0.23312374826720883,4,True,0.0009324949930688354,1.2712522787544727,-0.04023894102964565,0.0,0.0,0.0,0.23312374826720877,0.0,0.12378413179801624,0.0,0.14309211993477491,0.0,0.25,0.0,0.0,0.25
2012-11-01,-0.006741346949345669,-0.006741346949345669,0.0,0,False,0.0,1.283644145789625,-0.030883416853177525,0.0,0.0,0.0,0.23312374826720877,0.0,0.12378413179801624,0.0,0.14309211993477491,0.0,0.25,0.0,0.0,0.25
2012-12-01,0.02269405742560167,0.021694057425601668,0.25,2,True,0.001,1.2755725593252676,-0.03697724614423892,0.0,0.0,0.0,0.23312374826720877,0.0,0.12378413179801624,0.0,0.14309211993477491,0.0,0.0,0.0,0.25,0.25
2013-01-01,0.04133557711200661,0.040403082118937776,0.23312374826720883,4,True,0.0009324949930688354,1.2613310823316586,-0.047729175772306065,0.0,0.14950469386375806,0.0,0.0,0.0,0.15509543387898686,0.0,0.19539987225725514,0.0,0.0,0.0,0.25,0.25
2013-02-01,0.0029131870171939457,0.0019131870171939457,0.25,2,True,0.001,1.310931883220513,-0.010281913743791726,0.0,0.14950469386375806,0.0,0.0,0.0,0.15509543387898686,0.0,0.19539987225725514,0.0,0.25,0.0,0.0,0.25
2013-03-01,0.03078855393125637,0.029693109436442097,0.27386112370356824,4,True,0.001095444494814273,1.3133106363572973,-0.00958077842396532,0.0,0.0,0.0,0.2738611237035682,0.0,0.10080205626898049,0.0,0.1253368200274513,0.0,0.25,0.0,0.0,0.25
2013-04-01,0.02238095964176565,0.02238095964176565,0.0,0,False,0.0,1.3537455717132758,-0.0004306979231141206,0.0,0.0,0.0,0.2738611237035682,0.0,0.10080205626898049,0.0,0.1253368200274513,0.0,0.25,0.0,0.0,0.25
2013-05-01,0.021993306742193547,0.020897862247379273,0.2738611237035682,4,True,0.0010954444948142728,1.3825275536708566,-0.009033877097603615,0.0,0.14374733824855207,0.0,0.0,0.0,0.1750781026751565,0.0,0.1811745590762914,0.0,0.25,0.0,0.0,0.25
2013-06-01,-0.01585047370948382,-0.01585047370948382,0.0,0,False,0.0,1.4071754561071537,-0.03698549392796879,0.0,0.14374733824855207,0.0,0.0,0.0,0.1750781026751565,0.0,0.1811745590762914,0.0,0.25,0.0,0.0,0.25
2013-07-01,0.05730765519471367,0.057149085348082905,0.039642461657689906,3,True,0.00015856984663075965,1.3846514597441413,-0.052400014653266935,0.0,0.16072119942805302,0.0,0.0,0.0,0.19774670315334547,0.0,0.1415320974186015,0.0,0.25,0.0,0.0,0.25
2013-08-01,-0.04347332969991928,-0.04347332969991928,0.0,0,False,0.0,1.4640025881640155,-0.00312244613401369,0.0,0.16072119942805302,0.0,0.0,0.0,0.19774670315334547,0.0,0.1415320974186015,0.0,0.25,0.0,0.0,0.25
2013-09-01,0.034283835178826605,0.03349092955946228,0.19822640484108245,4,True,0.0007929056193643298,1.3913448504991814,-0.05259699513982585,0.0,0.13150337405156817,0.0,0.19822640484108248,0.0,0.17027022110734938,0.0,0.0,0.0,0.25,0.0,0.0,0.25
2013-10-01,0.03307400512427511,0.03228109950491078,0.19822640484108245,4,True,0.0007929056193643298,1.4367643382495654,-0.021669681067771562,0.0,0.15592801999287434,0.0,0.0,0.0,0.22580925752581366,0.0,0.11826272248131199,0.0,0.25,0.0,0.0,0.25
2013-11-01,0.014908103275098691,0.013908103275098692,0.25,2,True,0.001,1.4827996054458719,-0.009167875232076295,0.0,0.15592801999287434,0.0,0.0,0.0,0.22580925752581366,0.0,0.11826272248131199,0.0,0.0,0.25,0.0,0.25
2013-12-01,0.013662191937880786,0.012718281874564743,0.23597751582901058,4,True,0.0009439100633160424,1.510014984291104,-0.0016790850647158129,0.0,0.12395068870182373,0.0,0.23597751582901064,0.0,0.1400717954691657,0.0,0.0,0.0,0.0,0.25,0.0,0.25
2014-01-01,-0.027619249979679104,-0.02772656721408796,0.026829308602213692,3,True,0.00010731723440885477,1.4884311571213982,-0.03192683539790819,0.0,0.11533775697346711,0.0,0.2628068244312243,0.0,0.12185541859530857,0.0,0.0,0.0,0.0,0.25,0.0,0.25
2014-02-01,0.05417685137989612,0.05399093654052374,0.046478709843094095,3,True,0.0001859148393723764,1.4731533211085948,-0.04186351469034533,0.0,0.08858939169231131,0.0,0.3092855342743184,0.0,0.10212507403337029,0.0,0.0,0.0,0.0,0.25,0.0,0.25
2014-03-01,0.011114830743232485,0.011114830743232485,0.0,0,False,0.0,1.5628146701138197,0.0,0.0,0.08858939169231131,0.0,0.3092855342743184,0.0,0.10212507403337029,0.0,0.0,0.0,0.0,0.25,0.0,0.25
2014-04-01,-6.0209506061152055e-05,-6.0209506061152055e-05,0.0,0,False,0.0,1.5801850906551753,-0.0015556248293769892,0.0,0.08858939169231131,0.0,0.3092855342743184,0.0,0.10212507403337029,0.0,0.0,0.0,0.0,0.25,0.0,0.25
2014-05-01,0.020377699232063395,0.020377699232063395,0.0,0,False,0.0,1.580089948491382,-0.0030719808672640125,0.0,0.08858939169231131,0.0,0.3092855342743184,0.0,0.10212507403337029,0.0,0.0,0.0,0.0,0.25,0.0,0.25
2014-06-01,0.019124906821509934,0.01788776468441266,0.3092855342743184,4,True,0.0012371421370972735,1.6111556366710031,0.0,0.0,0.1657181683101366,0.0,0.0,0.0,0.16528104920910205,0.0,0.1690007824807613,0.0,0.0,0.25,0.0,0.25
2014-07-01,-0.025151331349138384,-0.026151331349138385,0.25,2,True,0.001,1.638297551770616,0.0,0.0,0.1657181683101366,0.0,0.0,0.0,0.16528104920910205,0.0,0.1690007824807613,0.25,0.0,0.0,0.0,0.25
2014-08-01,0.03255205353901132,0.03188886442371573,0.1657972788238959,4,True,0.0006631891152955836,1.5960330130428777,-0.03125448487545979,0.0,0.0,0.0,0.0,0.0,0.18512471910082123,0.14595360893217674,0.16892167196700206,0.25,0.0,0.0,0.0,0.25
2014-09-01,-0.03545428563300588,-0.03545428563300588,0.0,0,False,0.0,1.6575734196383114,0.0,0.0,0.0,0.0,0.0,0.0,0.18512471910082123,0.14595360893217674,0.16892167196700206,0.25,0.0,0.0,0.0,0.25
2014-10-01,0.0543579878006621,0.0533579878006621,0.25,2,True,0.001,1.597206532822616,-0.039280749683867744,0.0,0.0,0.0,0.0,0.0,0.18512471910082123,0.14595360893217674,0.16892167196700206,0.0,0.0,0.0,0.25,0.25
2014-11-01,0.027738036090467166,0.027589512824320116,0.037130816536762895,3,True,0.00014852326614705157,1.6791583157235301,0.0,0.0,0.0,0.0,0.0,0.0,0.1583497808383489,0.18308442546893963,0.15856579369271148,0.0,0.0,0.0,0.25,0.25
2014-12-01,0.012255785467858358,0.012255785467858358,0.0,0,False,0.0,1.7254785579073282,-0.004825138169743282,0.0,0.0,0.0,0.0,0.0,0.1583497808383489,0.18308442546893963,0.15856579369271148,0.0,0.0,0.0,0.25,0.25
2015-01-01,0.025172538602723116,0.025172538602723116,0.0,0,False,0.0,1.691010804209969,-0.039000373993579696,0.0,0.0,0.0,0.0,0.0,0.1583497808383489,0.18308442546893963,0.15856579369271148,0.0,0.0,0.0,0.25,0.25
2015-02-01,0.008936043482256144,0.008936043482256144,0.0,0,False,0.0,1.7249124165013703,-0.019734124096215888,0.0,0.0,0.0,0.0,0.0,0.1583497808383489,0.18308442546893963,0.15856579369271148,0.0,0.0,0.0,0.25,0.25
2015-03-01,-0.004170120836835656,-0.0042735142176698005,0.025848345208536183,3,True,0.00010339338083414473,1.737667360541306,-0.012485503081143379,0.0,0.0,0.0,0.0,0.0,0.17943561032903377,0.15723608026040345,0.1633283094105628,0.0,0.0,0.0,0.25,0.25
2015-04-01,-0.010002214788055318,-0.010002214788055318,0.0,0,False,0.0,1.7302421635881358,-0.0186452762359276,0.0,0.0,0.0,0.0,0.0,0.17943561032903377,0.15723608026040345,0.1633283094105628,0.0,0.0,0.0,0.25,0.25
2015-05-01,0.006680044944250257,0.006515746904717355,0.04107450988322553,3,True,0.00016429803953290213,1.7126544778207473,-0.028620618919816376,0.0,0.0,0.0,0.0,0.0,0.22051012021225933,0.15103380305509567,0.12845607673264509,0.0,0.0,0.0,0.25,0.25
2015-06-01,-0.015954931641818944,-0.015954931641818944,0.0,0,False,0.0,1.724095086706561,-0.022131760996283,0.0,0.0,0.0,0.0,0.0,0.22051012021225933,0.15103380305509567,0.12845607673264509,0.0,0.0,0.0,0.25,0.25
2015-07-01,0.0348230030915863,0.0348230030915863,0.0,0,False,0.0,1.696587267454162,-0.0377335819042931,0.0,0.0,0.0,0.0,0.0,0.22051012021225933,0.15103380305509567,0.12845607673264509,0.0,0.0,0.0,0.25,0.25
2015-08-01,-0.07906854742257714,-0.07921607844742123,0.036882756211024215,3,True,0.00014753102484409687,1.7525017976841435,-0.006020108771463417,0.0,0.0,0.0,0.0,0.0,0.206567161870745,0.12809400518558572,0.16533883294366924,0.0,0.0,0.0,0.25,0.25
2015-09-01,0.008169881171314342,0.004682257192056684,0.8719059948144143,6,True,0.003487623979257657,1.6080679562561202,-0.08793975882948935,0.5,0.0,0.0,0.0,0.0,0.0,0.5,0.0,0.0,0.0,0.0,0.0,0.0
2015-10-01,0.022874594217410248,0.021670678227342484,0.3009789975169407,3,True,0.0012039159900677629,1.6192538849323397,-0.08159534983454764,0.5,0.0,0.0,0.0,0.0,0.14273587740384072,0.1990210024830593,0.15824312011309996,0.0,0.0,0.0,0.0,0.0
2015-11-01,0.002248578464272948,0.00024857846427294794,0.5,3,True,0.002,1.649083129478891,-0.06467686833056785,0.0,0.0,0.0,0.0,0.0,0.14273587740384072,0.1990210024830593,0.15824312011309996,0.0,0.25,0.0,0.0,0.25
2015-12-01,-0.026321691552632538,-0.026321691552632538,0.0,0,False,0.0,1.649485639845054,-0.06444857343780042,0.0,0.0,0.0,0.0,0.0,0.14273587740384072,0.1990210024830593,0.15824312011309996,0.0,0.25,0.0,0.0,0.25
2016-01-01,0.005423974398648945,0.0014239743986489452,1.0,8,True,0.004,1.6252302190393872,-0.07820570656369996,0.75,0.0,0.0,0.0,0.0,0.0,0.0,0.0,0.0,0.0,0.0,0.25,0.0
2016-02-01,0.002338593603617767,0.002338593603617767,0.0,0,False,0.0,1.6275092444348103,-0.07691309424361947,0.75,0.0,0.0,0.0,0.0,0.0,0.0,0.0,0.0,0.0,0.0,0.25,0.0
2016-03-01,0.0037672126107551364,0.0007672126107551363,0.75,5,True,0.003,1.6264213811622432,-0.07753010600290366,0.5,0.0,0.21828358047641963,0.0,0.0,0.0,0.2817164195235804,0.0,0.0,0.0,0.0,0.0,0.0
2016-04-01,-0.004537788634762785,-0.007677669495393857,0.784970215157768,7,True,0.003139880860631072,1.6274224486477713,-0.07696232287612303,0.0,0.0,0.0,0.0,0.0,0.14845282123165549,0.21502978484223198,0.13651739392611256,0.0,0.0,0.25,0.25,0.0
2016-05-01,-0.0024082037376301647,-0.0030020150225567865,0.14845282123165546,4,True,0.0005938112849266219,1.6117983323677314,-0.08582397278775133,0.0,0.0,0.12936404633422915,0.0,0.0,0.0,0.21634621356241246,0.15428974010335839,0.0,0.0,0.25,0.25,0.0
2016-06-01,0.05373552243911972,0.05373552243911972,0.0,0,False,0.0,1.6069619944621554,-0.08856703566602142,0.0,0.0,0.12936404633422915,0.0,0.0,0.0,0.21634621356241246,0.15428974010335839,0.0,0.0,0.25,0.25,0.0
2016-07-01,0.014273475609245283,0.014273475609245283,0.0,0,False,0.0,1.6933129367743889,-0.03959070915929963,0.0,0.0,0.12936404633422915,0.0,0.0,0.0,0.21634621356241246,0.15428974010335839,0.0,0.0,0.25,0.25,0.0
2016-08-01,-0.010400686985848912,-0.01054612605479986,0.0363597672377369,3,True,0.0001454390689509476,1.7172326086354002,-0.02602400533848248,0.0,0.0,0.13401103602004089,0.0,0.0,0.0,0.17998644632467553,0.18600251765528353,0.0,0.0,0.25,0.25,0.0
2016-09-01,-0.014645188862000204,-0.015316001957015742,0.16770327375388472,4,True,0.0006708130950155389,1.6982322486594572,-0.03680058529243624,0.0,0.0,0.0,0.0,0.0,0.16770327375388477,0.15031786373650363,0.18197886250961162,0.0,0.0,0.25,0.25,0.0
2016-10-01,-0.02989540383669444,-0.03170884535030453,0.453360378402522,6,True,0.001813441513610088,1.6829764377782293,-0.04545334060507822,0.0,0.0,0.16769886678031315,0.0,0.0,0.20336478537609362,0.0,0.1289363478435932,0.25,0.0,0.25,0.0,0.0
2016-11-01,0.025328980125464612,0.02381615781021708,0.3782055788118834,5,True,0.0015128223152475336,1.6272369881234112,-0.07706751194473016,0.0,0.0,0.1217944211881166,0.24650891947695783,0.0,0.0,0.13169665933492555,0.0,0.25,0.0,0.25,0.0,0.0
2016-12-01,0.02392071884661439,0.022264457088377293,0.4140654395592744,6,True,0.0016562617582370977,1.6656898461557812,-0.05525790941253905,0.0,0.0,0.1320025409419666,0.21414013925260902,0.0,0.15385731980542441,0.0,0.0,0.25,0.25,0.0,0.0,0.0
2017-01-01,-0.012040489523206627,-0.012568499686974493,0.13200254094196656,4,True,0.0005280101637678662,1.6907461067773526,-0.04104655782355082,0.0,0.0,0.0,0.21928674535226655,0.0,0.18632556943272877,0.0,0.09438768521500465,0.25,0.25,0.0,0.0,0.0
2017-02-01,0.04938997943772116,0.04782427042352274,0.3914272535496055,6,True,0.001565709014198422,1.6668927520723353,-0.05457564803416293,0.0,0.1414272535496055,0.0,0.19228019498805843,0.0,0.1662925514623361,0.0,0.0,0.0,0.25,0.25,0.0,0.0
2017-03-01,-0.022281157548390686,-0.02255305956303314,0.06797550366061361,3,True,0.00027190201464245443,1.748744934230252,-0.008150917842355332,0.0,0.11015836273398176,0.0,0.260255698648672,0.0,0.12958593861734619,0.0,0.0,0.0,0.25,0.25,0.0,0.0
2017-04-01,0.012914040746909146,0.012714880578873627,0.04979004200887956,3,True,0.00019916016803551826,1.7125049693457515,-0.02870541678873184,0.0,0.13845856013781502,0.0,0.21046565663979247,0.0,0.15107578322239254,0.0,0.0,0.0,0.25,0.25,0.0,0.0
2017-05-01,0.016245267871297066,0.016245267871297066,0.0,0,False,0.0,1.7342748610231047,-0.01635802028956279,0.0,0.13845856013781502,0.0,0.21046565663979247,0.0,0.15107578322239254,0.0,0.0,0.0,0.25,0.25,0.0,0.0
2017-06-01,0.019126819308392586,0.019126819308392586,0.0,0,False,0.0,1.762448620702882,-0.0003784928397135845,0.0,0.13845856013781502,0.0,0.21046565663979247,0.0,0.15107578322239254,0.0,0.0,0.0,0.25,0.25,0.0,0.0
2017-07-01,0.01012224480803945,0.009883927783914339,0.05957925603127782,3,True,0.00023831702412511127,1.786686361324966,-0.004871767117692993,0.0,0.10014792943472477,0.0,0.2700449126710703,0.0,0.12980715789420497,0.0,0.0,0.0,0.25,0.25,0.0,0.0
2017-08-01,-0.00343164388120917,-0.00343164388120917,0.0,0,False,0.0,1.8043415302634722,0.0,0.0,0.10014792943472477,0.0,0.2700449126710703,0.0,0.12980715789420497,0.0,0.0,0.0,0.25,0.25,0.0,0.0
2017-09-01,0.008424666979591383,0.00631402584758415,0.5276602830018081,7,True,0.0021106411320072327,1.7943544240308436,-0.009396863106398534,0.0,0.12780821243653293,0.0,0.2429535179247841,0.0,0.129238269638683,0.0,0.0,0.0,0.0,0.0,0.25,0.25
2017-10-01,0.0013757024017857665,0.00037570240178576644,0.25,2,True,0.001,1.8051103840271852,-0.006286133321799503,0.0,0.12780821243653293,0.0,0.2429535179247841,0.0,0.129238269638683,0.0,0.0,0.0,0.0,0.25,0.0,0.25
2017-11-01,0.016445751753968656,0.016445751753968656,0.0,0,False,0.0,1.8057860850392615,-0.01269760417809862,0.0,0.12780821243653293,0.0,0.2429535179247841,0.0,0.129238269638683,0.0,0.0,0.0,0.0,0.25,0.0,0.25
2017-12-01,0.019453384992122083,0.018481570920422945,0.2429535179247841,4,True,0.0009718140716991364,1.833699845928872,-0.005449884233294178,0.0,0.17533349545352106,0.0,0.0,0.0,0.19355950431943458,0.0,0.13110700022704433,0.0,0.0,0.25,0.0,0.25
2018-01-01,0.05053614073895748,0.0490117127380493,0.3811070002270443,6,True,0.0015244280009081772,1.8257302609248383,-0.020452951424584476,0.0,0.17898316841138565,0.1273154539687143,0.0,0.0,0.1937013776199,0.0,0.0,0.0,0.25,0.25,0.0,0.0
2018-02-01,-0.05255442873923383,-0.05255442873923383,0.0,0,False,0.0,1.9150717761099922,-0.010810873721978642,0.0,0.17898316841138565,0.1273154539687143,0.0,0.0,0.1937013776199,0.0,0.0,0.0,0.25,0.25,0.0,0.0
2018-03-01,-0.01928130548151255,-0.01967436970388647,0.0982660555934796,3,True,0.0003930642223739184,1.813713086869881,-0.06316552408070886,0.0,0.14176799909490254,0.22558150956219392,0.0,0.0,0.13265049134290352,0.0,0.0,0.0,0.25,0.25,0.0,0.0
2018-04-01,0.0028914817929902767,0.0028914817929902767,0.0,0,False,0.0,1.801663319159597,-0.0693895723601946,0.0,0.14176799909490254,0.22558150956219392,0.0,0.0,0.13265049134290352,0.0,0.0,0.0,0.25,0.25,0.0,0.0
2018-05-01,0.01156439917145965,0.01056439917145965,0.25,2,True,0.001,1.8050659230482007,-0.06763203052305522,0.0,0.14176799909490254,0.22558150956219392,0.0,0.0,0.13265049134290352,0.0,0.0,0.25,0.25,0.0,0.0,0.0
2018-06-01,-0.014450915492746649,-0.016581976711298706,0.5327653046380145,6,True,0.0021310612185520585,1.8220492350840798,-0.0588596660594094,0.5,0.17453330373291712,0.20554048985903178,0.0,0.0,0.11992620640805109,0.0,0.0,0.0,0.0,0.0,0.0,0.0
2018-07-01,0.011326415737750893,0.010062429753708323,0.31599649601064234,4,True,0.0012639859840425692,1.8017193487017866,-0.06936063150556149,0.5,0.09734131253733792,0.0,0.3159964960106424,0.0,0.08666219145201974,0.0,0.0,0.0,0.0,0.0,0.0,0.0
2018-08-01,0.0030943261924718146,0.001830340208429245,0.3159964960106424,4,True,0.0012639859840425697,1.8175229978389669,-0.061197596533699494,0.5,0.15718124894930038,0.0,0.0,0.0,0.19329382074795157,0.0,0.14952493030274805,0.0,0.0,0.0,0.0,0.0
2018-09-01,0.022556688622830667,0.020556688622830666,0.5,3,True,0.002,1.8294249536771263,-0.05504989729682641,0.0,0.15718124894930038,0.0,0.0,0.0,0.19329382074795157,0.0,0.14952493030274805,0.25,0.0,0.0,0.0,0.25
2018-10-01,-0.06120877371292809,-0.06257594626223846,0.3417931373275925,4,True,0.0013671725493103698,1.864396899380288,-0.03698589110870221,0.0,0.06178978496266422,0.0,0.34179313732759253,0.0,0.09641707770974332,0.0,0.0,0.25,0.0,0.0,0.0,0.25
2018-11-01,0.016976153732398556,0.0157289945925479,0.3117897849626642,5,True,0.0012471591398506567,1.7480965744398602,-0.09705832194330721,0.25,0.0,0.0,0.4024637996334575,0.0,0.09753620036654247,0.0,0.0,0.0,0.0,0.0,0.0,0.25
2018-12-01,-0.07768537607554013,-0.07908372642659837,0.3495875877645605,5,True,0.001398350351058242,1.7728517242260882,-0.08427158188823691,0.0,0.0,0.0,0.3133766583772497,0.0,0.0870357538581898,0.0,0.0995875877645605,0.0,0.0,0.0,0.25,0.25
2019-01-01,0.029855777664850647,0.027855777664850645,0.5,4,True,0.002,1.6454217573462284,-0.15009278983041163,0.5,0.0,0.0,0.0,0.0,0.0,0.0,0.0,0.0,0.0,0.0,0.25,0.25
2019-02-01,0.011466753705184834,0.009466753705184834,0.5,4,True,0.002,1.687775693272885,-0.12821577540392026,0.0,0.0,0.0,0.20597009572671965,0.0,0.0,0.20516948415808178,0.08886042011519854,0.0,0.0,0.0,0.25,0.25
2019-03-01,0.017596381621172573,0.016775703684540247,0.20516948415808178,4,True,0.0008206779366323272,1.7057279983507618,-0.11894289843074846,0.0,0.0,0.0,0.2826697181081937,0.0,0.10318422613669295,0.0,0.11414605575511334,0.0,0.0,0.0,0.25,0.25
2019-04-01,0.0012592994466780298,0.001153850978678517,0.026362116999878206,3,True,0.00010544846799951282,1.7355596077495208,-0.10353402237464249,0.0,0.0,0.0,0.25630760110831546,0.0,0.10997771565309819,0.0,0.1337146832385863,0.0,0.0,0.0,0.25,0.25
2019-05-01,-0.004971375518576266,-0.0059966059230095285,0.2563076011083155,4,True,0.001025230404433262,1.735963607792111,-0.10332534484404998,0.0,0.0,0.0,0.0,0.0,0.17737791257302638,0.17756773330098546,0.14505435412598813,0.0,0.0,0.0,0.25,0.25
2019-06-01,0.021037618848252598,0.018921478218835136,0.5290351573543655,6,True,0.0021161406294174616,1.7189189155337203,-0.11212941394113785,0.25,0.0,0.0,0.2790351573543654,0.0,0.0,0.12808711923744182,0.09287772340819272,0.0,0.0,0.0,0.25,0.0
2019-07-01,0.015228741304142186,0.013112600674724724,0.5290351573543655,6,True,0.0021161406294174616,1.7476607399503394,-0.09728344287259516,0.0,0.0,0.16299650142934277,0.0,0.25,0.0,0.20730536928849902,0.1296981292821582,0.0,0.0,0.0,0.25,0.0
2019-08-01,0.03667461953388724,0.03655247239710533,0.03053678419547748,3,True,0.0001221471367819099,1.7740586905848585,-0.08364814938154297,0.0,0.0,0.1412009167809257,0.0,0.25,0.0,0.1985641697414386,0.16023491347763566,0.0,0.0,0.0,0.25,0.0
2019-09-01,-0.003147320217486491,-0.003147320217486491,0.0,0,False,0.0,1.8318396277736504,-0.05380264934007428,0.0,0.0,0.1412009167809257,0.0,0.25,0.0,0.1985641697414386,0.16023491347763566,0.0,0.0,0.0,0.25,0.0
2019-10-01,0.014431065792575382,0.014247770792040907,0.045823750133618904,3,True,0.0001832950005344756,1.825739531598825,-0.05695352278547816,0.0,0.0,0.1538704731966753,0.0,0.25,0.0,0.1527404196078197,0.19338910719550498,0.0,0.0,0.0,0.25,0.0
2019-11-01,-0.005499762492991778,-0.005499762492991778,0.0,0,False,0.0,1.8520868988994337,-0.04334435702733885,0.0,0.0,0.1538704731966753,0.0,0.25,0.0,0.1527404196078197,0.19338910719550498,0.0,0.0,0.0,0.25,0.0
2019-12-01,0.021947676203777255,0.020947676203777254,0.25,2,True,0.001,1.8542109189206806,-0.04224724018021886,0.0,0.0,0.1538704731966753,0.0,0.0,0.0,0.1527404196078197,0.19338910719550498,0.0,0.25,0.0,0.25,0.0
2020-01-01,-0.007424121356414527,-0.008878109638084797,0.3634970704175674,5,True,0.0014539882816702696,1.8787029243577453,-0.029596421677583695,0.0,0.1755744242294145,0.0,0.0,0.0,0.18792264618815296,0.0,0.13650292958243257,0.0,0.25,0.0,0.25,0.0
2020-02-01,-0.016039124322700084,-0.018287433737947473,0.5620773538118471,7,True,0.002248309415247388,1.85465144968686,-0.042019693490255694,0.0,0.0,0.18115325065147744,0.0,0.0,0.18927566457303552,0.129571084775487,0.0,0.0,0.0,0.0,0.25,0.25
2020-03-01,-0.08059774524273536,-0.0813548479010275,0.18927566457303552,4,True,0.0007571026582921421,1.7641330498535452,-0.08877502556719741,0.0,0.0,0.18900850515722575,0.0,0.0,0.0,0.17639264101532304,0.1345988538274512,0.0,0.0,0.0,0.25,0.25
2020-04-01,0.022041891139103587,0.01950349572379378,0.6345988538274512,6,True,0.002538395415309805,1.6166058946364612,-0.16497700378646596,0.5,0.0,0.29924323750442877,0.0,0.0,0.0,0.20075676249557128,0.0,0.0,0.0,0.0,0.0,0.0
2020-05-01,0.0007389357432880852,0.0007389357432880852,0.0,0,False,0.0,1.6522389457808704,-0.14657151780527955,0.5,0.0,0.29924323750442877,0.0,0.0,0.0,0.20075676249557128,0.0,0.0,0.0,0.0,0.0,0.0
2020-06-01,0.0077516632539953645,0.007337340793969323,0.10358061500651036,3,True,0.00041432246002604147,1.6527747786441598,-0.14629474486732474,0.5,0.0,0.2371656047799432,0.0,0.0,0.10358061500651035,0.15925378021354647,0.0,0.0,0.0,0.0,0.0,0.0
2020-07-01,0.03698568965692725,0.03682609512309752,0.03989863345743215,3,True,0.00015959453382972862,1.6653207136567527,-0.13981441204206835,0.5,0.0,0.19726697132251103,0.0,0.0,0.11449559818087267,0.1882374304966163,0.0,0.0,0.0,0.0,0.0,0.0
2020-08-01,0.001126994321049687,0.001126994321049687,0.0,0,False,0.0,1.7267740276978325,-0.1080720247427982,0.5,0.0,0.19726697132251103,0.0,0.0,0.11449559818087267,0.1882374304966163,0.0,0.0,0.0,0.0,0.0,0.0
2020-09-01,-0.011099866696595802,-0.011325742706659923,0.05646900251603044,3,True,0.00022587601006412178,1.7283296158238355,-0.10726851916227365,0.5,0.0,0.14079796880648057,0.0,0.0,0.14466456171597525,0.21453746947754412,0.0,0.0,0.0,0.0,0.0,0.0
2020-10-01,-0.018183278153959658,-0.020183278153959656,0.5,3,True,0.002,1.7057270967054512,-0.1189433641562363,0.0,0.0,0.14079796880648057,0.0,0.0,0.14466456171597525,0.21453746947754412,0.0,0.0,0.0,0.0,0.25,0.25
2020-11-01,0.042422005233818616,0.042422005233818616,0.0,0,False,0.0,1.6531156494496595,-0.14611867538602785,0.0,0.0,0.14079796880648057,0.0,0.0,0.14466456171597525,0.21453746947754412,0.0,0.0,0.0,0.0,0.25,0.25
2020-12-01,0.013329566654808805,0.011329566654808805,0.5,4,True,0.002,1.7197976419223546,-0.11167552672946579,0.0,0.0,0.14079796880648057,0.0,0.25,0.14466456171597525,0.21453746947754412,0.0,0.0,0.0,0.25,0.0,0.0
2021-01-01,-0.0078751198276264,-0.0078751198276264,0.0,0,False,0.0,1.7579703086444203,-0.09195825695736215,0.0,0.0,0.14079796880648057,0.0,0.25,0.14466456171597525,0.21453746947754412,0.0,0.0,0.0,0.25,0.0,0.0
2021-02-01,0.03971135766917592,0.03885320779126574,0.21453746947754412,4,True,0.0008581498779101764,1.7426293602262706,-0.09988229382706648,0.0,0.16531068830285714,0.14713466836657854,0.0,0.25,0.18755464333056426,0.0,0.0,0.0,0.0,0.25,0.0,0.0
2021-03-01,0.03588974837438603,0.03488974837438603,0.25,2,True,0.001,1.8100197064969883,-0.06507326025522198,0.0,0.16531068830285714,0.14713466836657854,0.0,0.0,0.18755464333056426,0.0,0.0,0.0,0.25,0.25,0.0,0.0
2021-04-01,0.04606683932140169,0.045361724292063185,0.1762787573346251,4,True,0.0007051150293385005,1.8736587811329253,-0.032201865343782,0.0,0.17940862792367138,0.0,0.0,0.0,0.1584105543625177,0.0,0.16218081771381088,0.0,0.25,0.25,0.0,0.0
2021-05-01,0.02841718336455768,0.02841718336455768,0.0,0,False,0.0,1.94876973602628,-0.006446956987984032,0.0,0.17940862792367138,0.0,0.0,0.0,0.1584105543625177,0.0,0.16218081771381088,0.0,0.25,0.25,0.0,0.0
2021-06-01,0.0026365442498792,0.0016365442498792,0.25,2,True,0.001,2.0021441346672892,0.0,0.0,0.17940862792367138,0.0,0.0,0.0,0.1584105543625177,0.0,0.16218081771381088,0.25,0.25,0.0,0.0,0.0
2021-07-01,-0.018998231554616333,-0.019119221278002377,0.03024743084651127,3,True,0.00012098972338604508,2.0071799987344563,-0.012217844379990406,0.0,0.16043186516683922,0.0,0.0,0.0,0.18865798520902896,0.0,0.15091014962413177,0.25,0.25,0.0,0.0,0.0
2021-08-01,0.019678468660077726,0.019678468660077726,0.0,0,False,0.0,1.972187898329241,-0.029438309106486704,0.0,0.16043186516683922,0.0,0.0,0.0,0.18865798520902896,0.0,0.15091014962413177,0.25,0.25,0.0,0.0,0.0
2021-09-01,0.014688653469879381,0.014688653469879381,0.0,0,False,0.0,2.010997536078296,-0.010339141289567255,0.0,0.16043186516683922,0.0,0.0,0.0,0.18865798520902896,0.0,0.15091014962413177,0.25,0.25,0.0,0.0,0.0
2021-10-01,0.062224083385037404,0.062224083385037404,0.0,0,False,0.0,2.0405363820145315,-0.005608555682247829,0.0,0.16043186516683922,0.0,0.0,0.0,0.18865798520902896,0.0,0.15091014962413177,0.25,0.25,0.0,0.0,0.0
2021-11-01,-0.055903732771204334,-0.055903732771204334,0.0,0,False,0.0,2.1675068879992057,-0.0019492231991337094,0.0,0.16043186516683922,0.0,0.0,0.0,0.18865798520902896,0.0,0.15091014962413177,0.25,0.25,0.0,0.0,0.0
2021-12-01,0.06720184902015441,0.06720184902015441,0.0,0,False,0.0,2.046335162152753,-0.0618401980300477,0.0,0.16043186516683922,0.0,0.0,0.0,0.18865798520902896,0.0,0.15091014962413177,0.25,0.25,0.0,0.0,0.0
2022-01-01,0.006929549404981236,0.005929549404981236,0.25,2,True,0.001,2.1056807256707857,-0.03463271845993576,0.0,0.16043186516683922,0.0,0.0,0.0,0.18865798520902896,0.0,0.15091014962413177,0.25,0.0,0.0,0.0,0.25
2022-02-01,-0.019239720862231142,-0.01935846947873226,0.029687154125278586,3,True,0.00011874861650111434,2.117900344541791,-0.029030530005083266,0.0,0.19011901929211786,0.0,0.0,0.0,0.16275153150204524,0.0,0.14712944920583695,0.25,0.0,0.0,0.0,0.25
2022-03-01,0.05839219841607694,0.05750120865845734,0.22274743940490033,4,True,0.0008909897576196013,2.075301811466779,-0.0485601906848232,0.0,0.0,0.22274743940490027,0.0,0.0,0.13749247934056158,0.0,0.1397600812545381,0.25,0.0,0.0,0.0,0.25
2022-04-01,-0.049746600317374434,-0.04986498350067147,0.02959579582425946,3,True,0.00011838318329703785,2.1962232199363982,-0.004035010377881454,0.0,0.0,0.19315164358064082,0.0,0.0,0.14729364127987624,0.0,0.1595547151394829,0.25,0.0,0.0,0.0,0.25
2022-05-01,0.021699976703142002,0.020699976703142,0.25,2,True,0.001,2.095580855224123,-0.06399419049803357,0.0,0.0,0.19315164358064082,0.0,0.0,0.14729364127987624,0.0,0.1595547151394829,0.25,0.0,0.0,0.25,0.0
2022-06-01,-0.04203585505763768,-0.044035855057637685,0.5,4,True,0.002,2.1346360283389725,-0.046549924944894405,0.5,0.0,0.0,0.0,0.0,0.0,0.0,0.0,0.25,0.0,0.0,0.25,0.0
2022-07-01,0.012274432140940983,0.010274432140940983,0.5,2,True,0.002,2.0408149680956016,-0.08845575607639566,0.0,0.0,0.5,0.0,0.0,0.0,0.0,0.0,0.25,0.0,0.0,0.25,0.0
2022-08-01,-0.0006982246900430755,-0.0026982246900430756,0.5,2,True,0.002,2.061733083307841,-0.079112533974668,0.5,0.0,0.0,0.0,0.0,0.0,0.0,0.0,0.25,0.0,0.0,0.25,0.0
2022-09-01,-0.02276354210009629,-0.02276354210009629,0.0,0,False,0.0,2.0602935303647976,-0.07975552034019773,0.5,0.0,0.0,0.0,0.0,0.0,0.0,0.0,0.25,0.0,0.0,0.25,0.0
2022-10-01,0.0,-0.002,0.5,3,True,0.002,1.978293475257472,-0.11638141705451444,1.0,0.0,0.0,0.0,0.0,0.0,0.0,0.0,0.0,0.0,0.0,0.0,0.0
2022-11-01,0.0,0.0,0.0,0,False,0.0,1.9743368883069574,-0.11814865422040521,1.0,0.0,0.0,0.0,0.0,0.0,0.0,0.0,0.0,0.0,0.0,0.0,0.0
2022-12-01,-0.012865846394120278,-0.01686584639412028,1.0,5,True,0.004,1.9664395407537298,-0.12167605960352346,0.0,0.0,0.5,0.0,0.0,0.0,0.0,0.0,0.25,0.0,0.0,0.0,0.25
2023-01-01,0.04214890367295143,0.04114890367295143,0.25,2,True,0.001,1.950978972203723,-0.1285816304121774,0.25,0.0,0.5,0.0,0.0,0.0,0.0,0.0,0.25,0.0,0.0,0.0,0.0
2023-02-01,-0.04099654616932372,-0.04199654616932372,0.25,2,True,0.001,2.0291462089877457,-0.09366768874289444,0.0,0.0,0.5,0.0,0.0,0.0,0.0,0.0,0.25,0.0,0.25,0.0,0.0
2023-03-01,-0.023830841904115885,-0.026830841904115884,0.75,4,True,0.003,1.940120348078432,-0.1334317106365377,0.5,0.0,0.0,0.0,0.0,0.0,0.0,0.0,0.0,0.25,0.25,0.0,0.0
2023-04-01,-0.010525113880281545,-0.013525113880281544,0.75,4,True,0.003,1.8922069253859852,-0.1548325751660321,0.0,0.0,0.5,0.0,0.0,0.0,0.0,0.0,0.25,0.0,0.25,0.0,0.0
2023-05-01,-0.027630916245231743,-0.028993137040526668,0.3405551988237309,3,True,0.0013622207952949238,1.8641315356862658,-0.16737264385269635,0.0,0.17290410208086623,0.15944480117626908,0.0,0.0,0.16765109674286469,0.0,0.0,0.25,0.0,0.25,0.0,0.0
2023-06-01,0.04468628485173112,0.04468628485173112,0.0,0,False,0.0,1.8126238733536237,-0.19037890059389107,0.0,0.17290410208086623,0.15944480117626908,0.0,0.0,0.16765109674286469,0.0,0.0,0.25,0.0,0.25,0.0,0.0
2023-07-01,0.024230343264213645,0.023230343264213645,0.25,2,True,0.001,1.892078276570152,-0.15489003705718518,0.0,0.17290410208086623,0.15944480117626908,0.0,0.25,0.16765109674286469,0.0,0.0,0.0,0.0,0.25,0.0,0.0
2023-08-01,-0.01671261930791572,-0.01686358071539403,0.03774035186957739,3,True,0.00015096140747830955,1.9356937995312324,-0.13540885942843106,0.0,0.13516375021128887,0.17419993792986843,0.0,0.25,0.19063631185884275,0.0,0.0,0.0,0.0,0.25,0.0,0.0
2023-09-01,-0.06301642839254168,-0.06301642839254168,0.0,0,False,0.0,1.9033432859629738,-0.14985844201780052,0.0,0.13516375021128887,0.17419993792986843,0.0,0.25,0.19063631185884275,0.0,0.0,0.0,0.0,0.25,0.0,0.0
2023-10-01,0.013363128029396288,0.011246909508903292,0.5290546301232489,6,True,0.0021162185204929955,1.7998749856018468,-0.19607328025507353,0.5,0.14398427233198194,0.19443404593242422,0.0,0.0,0.1615816817355938,0.0,0.0,0.0,0.0,0.0,0.0,0.0
2023-11-01,0.03493744471956355,0.03493744471956355,0.0,0,False,0.0,1.8200671174893197,-0.18705432367041663,0.5,0.14398427233198194,0.19443404593242422,0.0,0.0,0.1615816817355938,0.0,0.0,0.0,0.0,0.0,0.0,0.0
2023-12-01,0.00675424664537756,0.00675424664537756,0.0,0,False,0.0,1.8836556117924985,-0.15865207904364353,0.5,0.14398427233198194,0.19443404593242422,0.0,0.0,0.1615816817355938,0.0,0.0,0.0,0.0,0.0,0.0,0.0
2024-01-01,0.008914882194511453,0.008750165728823343,0.041179116422027554,3,True,0.0001647164656881102,1.902120129155251,-0.1504047735397297,0.5,0.1620630867258337,0.15325492951039668,0.0,0.0,0.18468198376376962,0.0,0.0,0.0,0.0,0.0,0.0,0.0
2024-02-01,0.015737924966172753,0.015737924966172753,0.0,0,False,0.0,1.9187612023952472,-0.14297192207510878,0.5,0.1620630867258337,0.15325492951039668,0.0,0.0,0.18468198376376962,0.0,0.0,0.0,0.0,0.0,0.0,0.0
2024-03-01,0.03602373269452966,0.03402373269452966,0.5,3,True,0.002,1.9450606051820951,-0.13122511033384143,0.0,0.1620630867258337,0.15325492951039668,0.0,0.0,0.18468198376376962,0.0,0.0,0.0,0.25,0.25,0.0,0.0
2024-04-01,-0.025470752087027655,-0.026470752087027656,0.25,2,True,0.001,2.013113819549338,-0.10082866734085116,0.0,0.1620630867258337,0.15325492951039668,0.0,0.0,0.18468198376376962,0.0,0.0,0.25,0.25,0.0,0.0,0.0
2024-05-01,0.02451853735748949,0.02451853735748949,0.0,0,False,0.0,1.9618382965286272,-0.12373123743877468,0.0,0.1620630867258337,0.15325492951039668,0.0,0.0,0.18468198376376962,0.0,0.0,0.25,0.25,0.0,0.0,0.0
2024-06-01,-0.004302385211486997,-0.005302385211486997,0.25,2,True,0.001,2.0221418620189513,-0.09679622918466035,0.0,0.1620630867258337,0.15325492951039668,0.0,0.0,0.18468198376376962,0.0,0.0,0.0,0.25,0.25,0.0,0.0
2024-07-01,0.02626533973124404,0.026142807558313642,0.0306330432325993,3,True,0.0001225321729303972,2.01118192225655,-0.1016915627451982,0.0,0.16639542914108374,0.12262188627779738,0.0,0.0,0.21098268458111888,0.0,0.0,0.0,0.25,0.25,0.0,0.0
2024-08-01,0.031985923520573285,0.03131647019769938,0.16736333071847798,4,True,0.0006694533228739119,2.062624542830853,-0.078714357359151,0.0,0.0,0.1312537183003542,0.0,0.0,0.21001478300372464,0.0,0.15873149869592115,0.0,0.25,0.25,0.0,0.0
2024-09-01,0.030704564958039447,0.030555764619033598,0.037200084751462345,3,True,0.0001488003390058494,2.15525586407901,-0.03733993145047143,0.0,0.0,0.1508695334222944,0.0,0.0,0.17281469825226228,0.0,0.1763157683254433,0.0,0.25,0.25,0.0,0.0
2024-10-01,0.0037970618734424347,0.0037970618734424347,0.0,0,False,0.0,2.2211015079155474,-0.007929515236870022,0.0,0.0,0.1508695334222944,0.0,0.0,0.17281469825226228,0.0,0.1763157683254433,0.0,0.25,0.25,0.0,0.0
2024-11-01,0.05077226589510066,0.05077226589510066,0.0,0,False,0.0,2.2295351677682986,-0.02606837440507459,0.0,0.0,0.1508695334222944,0.0,0.0,0.17281469825226228,0.0,0.1763157683254433,0.0,0.25,0.25,0.0,0.0
2024-12-01,-0.05225878490391116,-0.05225878490391116,0.0,0,False,0.0,2.361417812537789,0.0,0.0,0.0,0.1508695334222944,0.0,0.0,0.17281469825226228,0.0,0.1763157683254433,0.0,0.25,0.25,0.0,0.0
2025-01-01,0.036112088685671034,0.03493522698618929,0.2942154248704355,4,True,0.001176861699481742,2.215183458577154,-0.061926505840776414,0.0,0.0,0.08968503556110922,0.29421542487043556,0.0,0.11609953956845528,0.0,0.0,0.0,0.25,0.25,0.0,0.0
2025-02-01,0.0035051379648688586,0.0023282762653871166,0.29421542487043556,4,True,0.0011768616994817422,2.3051202133718083,-0.02384059223533941,0.0,0.0,0.15974030060235447,0.0,0.0,0.19676145812668314,0.0,0.14349824127096242,0.0,0.25,0.25,0.0,0.0
2025-03-01,-0.014776107686247703,-0.014776107686247703,0.0,0,False,0.0,2.324940711915032,-0.01544711843413904,0.0,0.0,0.15974030060235447,0.0,0.0,0.19676145812668314,0.0,0.14349824127096242,0.0,0.25,0.25,0.0,0.0
2025-04-01,-0.001297724604999711,-0.0014604294781356904,0.04067621828399487,3,True,0.00016270487313597949,2.290214447902006,-0.03015280237903417,0.0,0.0,0.1982167997808818,0.0,0.0,0.15608523984268827,0.0,0.14569796037642996,0.0,0.25,0.25,0.0,0.0
2025-05-01,0.05016398613650425,0.050040957933076176,0.030757050857018478,3,True,0.0001230282034280739,2.2869609849413908,-0.03153056066617044,0.0,0.0,0.20392796552259873,0.0,0.0,0.12532818898566975,0.0,0.17074384549173147,0.0,0.25,0.25,0.0,0.0
2025-06-01,0.019810077763361515,0.01906984913337387,0.18505715749691137,4,True,0.0007402286299876455,2.3873426302255636,-0.00520307918162366,0.0,0.17534748275962292,0.18961465351741885,0.0,0.0,0.13503786372295823,0.0,0.0,0.0,0.25,0.25,0.0,0.0
2025-07-01,-0.005039598661008154,-0.005039598661008154,0.0,0,False,0.0,2.432833886053004,0.0,0.0,0.17534748275962292,0.18961465351741885,0.0,0.0,0.13503786372295823,0.0,0.0,0.0,0.25,0.25,0.0,0.0
2025-08-01,0.03131685662734096,0.031057011604044355,0.06496125582415145,3,True,0.00025984502329660583,2.419944405712167,-0.027419225100557276,0.0,0.18477386391258618,0.12465339769326739,0.0,0.0,0.1905727383941464,0.0,0.0,0.0,0.25,0.25,0.0,0.0
2025-09-01,0.0329538009080496,0.0328309565174822,0.030711097641851287,3,True,0.00012284439056740515,2.5071131777785993,-0.0026728340245282256,0.0,0.15406276627073492,0.14604648095640643,0.0,0.0,0.19989075277285867,0.0,0.0,0.0,0.25,0.25,0.0,0.0
2025-10-01,0.0054900134832151035,0.0054900134832151035,0.0,0,False,0.0,2.5894139522331887,-0.000661441160248355,0.0,0.15406276627073492,0.14604648095640643,0.0,0.0,0.19989075277285867,0.0,0.0,0.0,0.25,0.25,0.0,0.0
2025-11-01,0.004801057365647656,0.0025890220180671466,0.5530088368951275,6,True,0.0022120353475805097,2.6072136505495123,-0.011704571269281039,0.5,0.20591462464835505,0.093037644061279,0.0,0.0,0.201047731290366,0.0,0.0,0.0,0.0,0.0,0.0,0.0
2025-12-01,0.00793679165047452,0.00793679165047452,0.0,0,False,0.0,2.6139360952044806,-0.00915634844872304,0.5,0.20591462464835505,0.093037644061279,0.0,0.0,0.201047731290366,0.0,0.0,0.0,0.0,0.0,0.0,0.0
2026-01-01,0.019593115131240665,0.019593115131240665,0.0,0,False,0.0,2.5485508458352624,-0.037936356812628746,0.5,0.20591462464835505,0.093037644061279,0.0,0.0,0.201047731290366,0.0,0.0,0.0,0.0,0.0,0.0,0.0
2026-02-01,0.06682429305905387,0.06482429305905386,0.5,3,True,0.002,2.6029445797012776,-0.017403027506988744,0.0,0.20591462464835505,0.093037644061279,0.0,0.0,0.201047731290366,0.0,0.0,0.25,0.0,0.25,0.0,0.0
2026-03-01,-0.03851845195336103,-0.038637191886781844,0.02968498335520333,3,True,0.00011873993342081333,2.7571184084802516,0.0,0.0,0.2027494728312172,0.06651781252321354,0.0,0.0,0.23073271464556933,0.0,0.0,0.25,0.0,0.25,0.0,0.0
2026-04-01,0.039913083523342406,0.039810611995726206,0.025617881904050357,3,True,0.00010247152761620142,2.6503320942393658,-0.03873113099257397,0.0,0.1771315909271668,0.08289480187813311,0.0,0.0,0.23997360719470007,0.0,0.0,0.25,0.0,0.25,0.0,0.0
2026-05-01,0.005131542601471556,0.005018313594586048,0.028307251721376964,3,True,0.00011322900688550785,2.755802948314706,-0.005480125566483585,0.0,0.16130839803179103,0.1112020535995101,0.0,0.0,0.2274895483686989,0.0,0.0,0.25,0.0,0.25,0.0,0.0
2026-06-01,-0.020716788783224464,-0.020716788783224464,0.0,0,False,0.0,2.7699444685452432,-0.005629407713051204,0.0,0.16130839803179103,0.1112020535995101,0.0,0.0,0.2274895483686989,0.0,0.0,0.25,0.0,0.25,0.0,0.0
2026-07-01,0.0,0.0,0.0,0,False,0.0,2.7125601140491318,-0.03245727168451662,0.0,0.16130839803179103,0.1112020535995101,0.0,0.0,0.2274895483686989,0.0,0.0,0.25,0.0,0.25,0.0,0.0
