date,gross_return,net_return,turnover,operations,signal_changed,trade_cost,equity,drawdown,w__CASH,w_dbc.us,w_efa.us,w_gld.us,w_hyg.us,w_iau.us,w_ivv.us,w_spy.us,w_tlt.us,w_vnq.us
2006-03-01,0.011009837462738654,0.009009837462738654,0.5,4,True,0.002,0.998,0.0,0.5,0.0,0.0,0.0,0.0,0.30000000000000004,0.15000000000000002,0.0,0.05,0.0
2006-04-01,0.032674813494234456,0.032674813494234456,0.0,0,False,0.0,1.0070528094093982,-0.002369666750520749,0.5,0.0,0.0,0.0,0.0,0.30000000000000004,0.15000000000000002,0.0,0.05,0.0
2006-05-01,-0.01298416761197161,-0.01298416761197161,0.0,0,False,0.0,1.0399580721356951,-0.0016494481890126922,0.5,0.0,0.0,0.0,0.0,0.30000000000000004,0.15000000000000002,0.0,0.05,0.0
2006-06-01,-0.002413175932671569,-0.002413175932671569,0.0,0,False,0.0,1.0264550822176624,-0.04058608341812908,0.5,0.0,0.0,0.0,0.0,0.30000000000000004,0.15000000000000002,0.0,0.05,0.0
2006-07-01,0.009837505935031283,0.009837505935031283,0.0,0,False,0.0,1.0176517903558289,-0.04881440326406661,0.5,0.0,0.0,0.0,0.0,0.30000000000000004,0.15000000000000002,0.0,0.05,0.0
2006-08-01,-0.007086162120424238,-0.0074861621204242385,0.1,3,True,0.0004,1.0272518807048965,-0.03984132646713601,0.5,0.0,0.0,0.0,0.0,0.35000000000000003,0.05,0.0,0.1,0.0
2006-09-01,0.003628350814212822,0.002428350814212822,0.30000000000000004,3,True,0.0012000000000000001,1.0187486402109034,-0.047789192289334204,0.5,0.0,0.0,0.0,0.0,0.05,0.30000000000000004,0.0,0.15000000000000002,0.0
2006-10-01,0.009519886117269139,0.00911988611726914,0.1,2,True,0.0004,1.0241474145997074,-0.04274302965558929,0.5,0.0,0.0,0.0,0.0,0.05,0.2,0.0,0.25,0.0
2006-11-01,0.014090666662613294,0.013290666662613294,0.2,3,True,0.0008,1.0326568355834655,-0.034789387011789574,0.5,0.0,0.0,0.0,0.0,0.1,0.35000000000000003,0.0,0.05,0.0
2006-12-01,-0.007000476573986431,-0.0076004765739864305,0.15000000000000002,2,True,0.0006000000000000001,1.0465793342352432,-0.02177621264935281,0.5,0.0,0.0,0.0,0.0,0.25,0.2,0.0,0.05,0.0
2007-01-01,0.013096913348822082,0.012696913348822083,0.1,2,True,0.0004,1.0352334829861851,-0.03238102894613237,0.5,0.0,0.0,0.0,0.0,0.15000000000000002,0.30000000000000004,0.0,0.05,0.0
2007-02-01,0.003832995520973653,0.003232995520973653,0.15000000000000002,3,True,0.0006000000000000001,1.0477433060724888,-0.02068826365040577,0.5,0.1,0.0,0.0,0.0,0.2,0.15000000000000002,0.0,0.05,0.0
2007-03-01,-0.0005197156001742753,-0.0011197156001742752,0.15,4,True,0.0006,1.0511282458909115,-0.017524405411650235,0.5,0.2,0.0,0.0,0.0,0.15000000000000002,0.05,0.0,0.1,0.0
2007-04-01,0.012013278483550839,0.01161327848355084,0.1,3,True,0.0004,1.0526399680513816,-0.016111418809619193,0.5,0.15000000000000002,0.0,0.0,0.0,0.15000000000000002,0.15000000000000002,0.0,0.05,0.0
2007-05-01,0.017208497874723602,0.015208497874723602,0.49999999999999994,4,True,0.0019999999999999996,1.0627297918586862,-0.00688639400714075,0.0,0.15000000000000002,0.16471199010176354,0.0,0.0,0.15000000000000002,0.15000000000000002,0.2055248293377554,0.05,0.12976318056048097
2007-06-01,-0.017734773655315006,-0.017734773655315006,0.0,0,False,0.0,1.0810177752232921,0.0,0.0,0.15000000000000002,0.16471199010176354,0.0,0.0,0.15000000000000002,0.15000000000000002,0.2055248293377554,0.05,0.12976318056048097
2007-07-01,-0.0280409971586451,-0.0284409971586451,0.1,3,True,0.0004,1.0501355722329206,-0.031178063675255885,0.0,0.2,0.16471199010176354,0.0,0.0,0.05,0.2,0.2055248293377554,0.05,0.12976318056048097
2007-08-01,0.01333596448143484,0.011808581396864148,0.3818457711426734,8,True,0.0015273830845706933,1.018722089048274,-0.060159151841750136,0.0,0.15000000000000002,0.1499729279884341,0.18184577114267336,0.0,0.15000000000000002,0.05,0.16818130086889257,0.15000000000000002,0.0
2007-09-01,0.0616806238898196,0.06095860589896371,0.18050449771397198,7,True,0.0007220179908558878,1.022687828207634,-0.05650048605333158,0.0,0.05,0.1398351268396354,0.2123502688566453,0.0,0.2,0.15000000000000002,0.14781460430371932,0.1,0.0
2007-10-01,0.031972972539020594,0.0315729725390206,0.1,3,True,0.0004,1.0845499140103032,0.0,0.0,0.15000000000000002,0.1398351268396354,0.2123502688566453,0.0,0.2,0.1,0.14781460430371932,0.05,0.0
2007-11-01,-0.003353884854100937,-0.0034664037039457644,0.02812971246120695,3,True,0.00011251884984482778,1.119100264583566,-0.013386407473877426,0.0,0.15000000000000002,0.14670914752834852,0.18422055639543833,0.0,0.2,0.1,0.16907029607621313,0.05,0.0
2007-12-01,0.028849864344082828,0.028449864344082827,0.1,3,True,0.0004,1.1116448285744582,-0.031148656286255072,0.0,0.15000000000000002,0.14670914752834852,0.18422055639543833,0.0,0.15000000000000002,0.05,0.16907029607621313,0.15000000000000002,0.0
2008-01-01,0.006398302436872046,0.005437149446058069,0.24028824770349447,4,True,0.0009611529908139779,1.109779077730577,-0.03277474689151383,0.0,0.15000000000000002,0.12792854447539173,0.13178320782111377,0.0,0.15000000000000002,0.05,0.0,0.39028824770349446,0.0
2008-02-01,0.0422329802994406,0.041721266121539036,0.12792854447539173,3,True,0.0005117141779015669,1.1152353136700324,-0.028019377743312424,0.0,0.15000000000000002,0.0,0.18500283744383197,0.0,0.15000000000000002,0.05,0.0,0.464997162556168,0.0
2008-03-01,-0.041020066973310385,-0.04115824301885986,0.03454401138736919,2,True,0.00013817604554947676,1.158481376372998,0.0,0.0,0.15000000000000002,0.0,0.21954684883120118,0.0,0.15000000000000002,0.05,0.0,0.43045315116879884,0.0
2008-04-01,-0.0004958940286819893,-0.0010958940286819893,0.15000000000000002,4,True,0.0006000000000000001,1.1101404004822477,-0.0602957433863498,0.0,0.25,0.0,0.21954684883120118,0.0,0.05,0.1,0.0,0.38045315116879885,0.0
2008-05-01,0.026018123822259952,0.025884404502107994,0.03342983003798926,2,True,0.00013371932015195705,1.1094415148811139,-0.060887331417905255,0.0,0.25,0.0,0.18611701879321194,0.0,0.05,0.1,0.0,0.4138829812067881,0.0
2008-06-01,0.047076958644788516,0.04667695864478852,0.1,3,True,0.0004,1.1336735626809407,-0.04037554889555861,0.0,0.25,0.0,0.18611701879321194,0.0,0.15000000000000002,0.05,0.0,0.3638829812067881,0.0
2008-07-01,-0.04241400812865755,-0.042544342118367176,0.03258349742740664,2,True,0.00013033398970962656,1.1864139984954662,0.0,0.0,0.25,0.0,0.15353352136580528,0.0,0.15000000000000002,0.05,0.0,0.3964664786341947,0.0
2008-08-01,-0.031233571857559754,-0.03163357185755975,0.1,2,True,0.0004,1.1356389881491187,-0.05817533549716469,0.0,0.15000000000000002,0.0,0.15353352136580528,0.0,0.15000000000000002,0.05,0.0,0.49646647863419474,0.0
2008-09-01,0.0011930301988908806,0.0005930301988908806,0.15000000000000002,4,True,0.0006000000000000001,1.1117035822072843,-0.07802579493555384,0.0,0.1,0.0,0.15353352136580528,0.0,0.05,0.15000000000000002,0.0,0.5464664786341947,0.0
2008-10-01,-0.09911559646597683,-0.09971559646597683,0.15000000000000002,3,True,0.0006000000000000001,1.1116946429900452,-0.0780332085373806,0.0,0.05,0.0,0.15353352136580528,0.0,0.2,0.05,0.0,0.5464664786341947,0.0
2008-11-01,0.12426623095681297,0.12365209687134975,0.15353352136580528,2,True,0.0006141340854632211,1.0044291410989827,-0.1669921967242256,0.0,0.05,0.0,0.0,0.0,0.2,0.05,0.0,0.7,0.0
2008-12-01,0.08054957919360856,0.08054957919360856,0.0,0,False,0.0,1.1285522564115587,-0.06405260706920468,0.0,0.05,0.0,0.0,0.0,0.2,0.05,0.0,0.7,0.0
2009-01-01,-0.04824026130668216,-0.04895652554889942,0.17906606055431484,2,True,0.0007162642422172594,1.2136130361899402,-0.030167781632871926,0.0,0.05,0.0,0.17906606055431484,0.0,0.2,0.05,0.0,0.5209339394456851,0.0
2009-02-01,-0.02060193530089426,-0.021318199543111517,0.17906606055431484,2,True,0.0007162642422172594,1.160116197076332,-0.07291860632412861,0.0,0.05,0.0,0.0,0.0,0.2,0.05,0.0,0.7,0.0
2009-03-01,0.03351069176276631,0.03351069176276631,0.0,0,False,0.0,1.1342792704596594,-0.09356561909444516,0.0,0.05,0.0,0.0,0.0,0.2,0.05,0.0,0.7,0.0
2009-04-01,-0.039524959126668154,-0.040816211106130026,0.322812994865468,5,True,0.0012912519794618718,1.1707760320002634,-0.06440003323417576,0.0,0.05,0.0,0.222812994865468,0.0,0.15000000000000002,0.15000000000000002,0.0,0.42718700513453206,0.0
2009-05-01,0.04885753295118998,0.048457532951189985,0.1,3,True,0.0004,1.1240513567260948,-0.10173903184603506,0.0,0.1,0.0,0.222812994865468,0.0,0.15000000000000002,0.2,0.0,0.327187005134532,0.0
2009-06-01,-0.012990629014920395,-0.012990629014920395,0.0,0,False,0.0,1.1789697329261697,-0.05785221699568499,0.0,0.1,0.0,0.222812994865468,0.0,0.15000000000000002,0.2,0.0,0.327187005134532,0.0
2009-07-01,0.019132707818230194,0.018241455838768322,0.22281299486546796,2,True,0.0008912519794618719,1.1626170654194687,-0.07092009228320928,0.0,0.1,0.0,0.0,0.0,0.15000000000000002,0.2,0.0,0.55,0.0
2009-08-01,-1.9988892016127927e-05,-0.0011655853935447287,0.2863991253821502,2,True,0.0011455965015286008,1.1887244542712276,-0.05005694555452511,0.0,0.1,0.0,0.2863991253821502,0.0,0.15000000000000002,0.2,0.0,0.2636008746178498,0.0
2009-09-01,0.03705141481259828,0.03665141481259828,0.1,3,True,0.0004,1.1868639860625718,-0.05154369788512536,0.0,0.05,0.0,0.2863991253821502,0.0,0.15000000000000002,0.15000000000000002,0.0,0.36360087461784985,0.0
2009-10-01,0.016457666324477753,0.016457666324477753,0.0,0,False,0.0,1.2308389759363103,-0.01640205000384387,0.0,0.05,0.0,0.2863991253821502,0.0,0.15000000000000002,0.15000000000000002,0.0,0.36360087461784985,0.0
2009-11-01,0.07040780253133982,0.06854223935444065,0.4663907942247945,8,True,0.001865563176899178,1.2446826417575863,-0.0188226855495639,0.0,0.15000000000000002,0.12636794976454815,0.1836092057752055,0.19002284446024637,0.2,0.1,0.0,0.05,0.0
2009-12-01,-0.023435001373404474,-0.02419509275124546,0.19002284446024634,4,True,0.0007600913778409853,1.3288216937825352,0.0,0.0,0.15000000000000002,0.16186864789328823,0.23869131524535644,0.0,0.2,0.1,0.0,0.05,0.09944003686135533
2010-01-01,-0.034972368605543216,-0.03515673271760054,0.04609102801433014,3,True,0.00018436411205732055,1.2619161043837595,-0.05762375321490176,0.0,0.15000000000000002,0.18096066280891746,0.19260028723102632,0.0,0.2,0.1,0.0,0.05,0.12643904996005625
2010-02-01,0.016512078338698385,0.015234146227827025,0.31948302771784,7,True,0.0012779321108713597,1.216003435336924,-0.09191050855936422,0.0,0.05,0.15768376764426104,0.0,0.0,0.2,0.15000000000000002,0.21948302771783992,0.1,0.12283320463789903
2010-03-01,0.042481091033742036,0.042481091033742036,0.0,0,False,0.0,1.2360821793213335,-0.07691606373814786,0.0,0.05,0.15768376764426104,0.0,0.0,0.2,0.15000000000000002,0.21948302771783992,0.1,0.12283320463789903
2010-04-01,0.028765575896079525,0.028765575896079525,0.0,0,False,0.0,1.2885922989062693,-0.03770245101002312,0.0,0.05,0.15768376764426104,0.0,0.0,0.2,0.15000000000000002,0.21948302771783992,0.1,0.12283320463789903
2010-05-01,-0.03832389605797479,-0.038997163399983756,0.1683168355022414,4,True,0.0006732673420089656,1.3118298088032672,-0.02034909662672335,0.0,0.05,0.0,0.16831683550224144,0.0,0.2,0.15000000000000002,0.21476631086613343,0.1,0.11691685363162514
2010-06-01,-0.02452928865778796,-0.024750248935015245,0.055240069306820995,3,True,0.00022096027722728396,1.2604274495770478,-0.058735453845897845,0.0,0.05,0.0,0.22355690480906243,0.0,0.2,0.15000000000000002,0.17221876301289193,0.1,0.10422433217804564
2010-07-01,0.029058546440944296,0.028458546440944296,0.15000000000000002,3,True,0.0006000000000000001,1.2287723547976719,-0.08237490919969281,0.0,0.05,0.0,0.22355690480906243,0.0,0.15000000000000002,0.05,0.17221876301289193,0.25,0.10422433217804564
2010-08-01,-0.003322198628059155,-0.004522198628059155,0.30000000000000004,4,True,0.0012000000000000001,1.2568668080287322,-0.06139447690360522,0.0,0.2,0.0,0.22355690480906243,0.0,0.05,0.2,0.17221876301289193,0.05,0.10422433217804564
2010-09-01,0.02609992988921661,0.024147503727704907,0.4881065403779259,8,True,0.0019524261615117035,1.2487451651291952,-0.067459573724865,0.0,0.05,0.0,0.20766912744402857,0.0,0.2,0.05,0.0,0.3862821626407294,0.10604870991524208
2010-10-01,0.02921094131158203,0.02786231560859424,0.33715642574694826,7,True,0.001348625702987793,1.2796092819360008,-0.04441080649248408,0.0,0.15000000000000002,0.0,0.24805670801562438,0.0,0.2,0.1,0.14676884517535238,0.05,0.10517444680902323
2010-11-01,0.014380836130422297,0.014182988330213633,0.049461950052165936,3,True,0.00019784780020866375,1.3167273104187007,-0.016691730518989867,0.0,0.15000000000000002,0.0,0.19859475796345846,0.0,0.2,0.1,0.1694210381681547,0.05,0.13198420386838686
2010-12-01,0.038027378104962706,0.0378664888285553,0.040222319101852394,3,True,0.00016088927640740957,1.3354480562527185,-0.022544924443032244,0.0,0.15000000000000002,0.0,0.15837243886160604,0.0,0.2,0.1,0.2038318381686066,0.05,0.13779572296978734
2011-01-01,-0.0034298514855043783,-0.0034298514855043783,0.0,0,False,0.0,1.3580422264968415,-0.012431117305182315,0.0,0.15000000000000002,0.0,0.15837243886160604,0.0,0.2,0.1,0.2038318381686066,0.05,0.13779572296978734
2011-02-01,0.036543856774056874,0.036543856774056874,0.0,0,False,0.0,1.3533843433489137,-0.01581833190453108,0.0,0.15000000000000002,0.0,0.15837243886160604,0.0,0.2,0.1,0.2038318381686066,0.05,0.13779572296978734
2011-03-01,0.009351836552094357,0.009351836552094357,0.0,0,False,0.0,1.4028422269525076,-0.00035107398464873096,0.0,0.15000000000000002,0.0,0.15837243886160604,0.0,0.2,0.1,0.2038318381686066,0.05,0.13779572296978734
2011-04-01,0.05020253791314418,0.05009135549333091,0.02779560495331801,3,True,0.00011118241981327204,1.4158039481549571,0.0,0.0,0.15000000000000002,0.0,0.1756253919931176,0.0,0.2,0.1,0.1760362332152886,0.05,0.1483383747915938
2011-05-01,-0.019656575072746117,-0.02036072000560727,0.1760362332152886,4,True,0.0007041449328611544,1.4969944153951198,0.0,0.0,0.15000000000000002,0.13101497528766243,0.20859563538324288,0.0,0.2,0.1,0.0,0.05,0.1603893893290947
2011-06-01,-0.016565441867905963,-0.017165441867905962,0.15000000000000002,3,True,0.0006000000000000001,1.4656553301186124,-0.02093467080051581,0.0,0.05,0.13101497528766243,0.20859563538324288,0.0,0.2,0.05,0.0,0.2,0.1603893893290947
2011-07-01,-0.010260082832343708,-0.01209446537387668,0.4585956353832429,8,True,0.0018343825415329715,1.4387320667919477,-0.03891954973512324,0.0,0.1,0.1350282677231904,0.0,0.0,0.1,0.25,0.20428652605693054,0.05,0.1606852062198791
2011-08-01,0.04697065745049078,0.04534380520073919,0.40671306243789895,7,True,0.001626852249751596,1.4216539669095072,-0.0503278086483222,0.0,0.1,0.0,0.20671306243789894,0.0,0.2,0.05,0.16248072816855785,0.15000000000000002,0.13080620939354323
2011-09-01,-0.06878910694525471,-0.06878910694525471,0.0,0,False,0.0,1.4884299884023457,-0.005721081458085142,0.0,0.1,0.0,0.20671306243789894,0.0,0.2,0.05,0.16248072816855785,0.15000000000000002,0.13080620939354323
2011-10-01,0.017552331459554676,0.016379183709306272,0.29328693756210106,4,True,0.0011731477502484042,1.3869509726417162,-0.07744584158502776,0.0,0.1,0.0,0.24678575964949073,0.0,0.2,0.05,0.0,0.4032142403505093,0.0
2011-11-01,0.0005846973550061416,-0.0003330003835731114,0.2294244346448132,6,True,0.000917697738579253,1.40834591503147,-0.06321462976856296,0.0,0.05,0.0,0.18531349542625822,0.0,0.15000000000000002,0.15000000000000002,0.0,0.3352620699289286,0.1294244346448132
2011-12-01,-0.006068774552577315,-0.006068774552577315,0.0,0,False,0.0,1.409169371162923,-0.06266689384037993,0.0,0.05,0.0,0.18531349542625822,0.0,0.15000000000000002,0.15000000000000002,0.0,0.3352620699289286,0.1294244346448132
2012-01-01,0.035928748309761935,0.03552874830976194,0.1,3,True,0.0004,1.383468263641755,-0.07976242503595088,0.0,0.1,0.0,0.18531349542625822,0.0,0.05,0.15000000000000002,0.0,0.3852620699289286,0.1294244346448132
2012-02-01,-0.006179698808435455,-0.006779698808435455,0.15000000000000002,3,True,0.0006000000000000001,1.4317417160958938,-0.04765251258692749,0.0,0.05,0.0,0.18531349542625822,0.0,0.2,0.15000000000000002,0.0,0.28526206992892855,0.1294244346448132
2012-03-01,0.0019191868147632454,0.0010932130372198591,0.20649344438584658,6,True,0.0008259737775433863,1.4217187104003381,-0.05431948623390481,0.0,0.15000000000000002,0.0,0.13383901399343007,0.0,0.05,0.2,0.0,0.28024310697591015,0.18591787903065973
2012-04-01,0.00910444801123933,0.00910444801123933,0.0,0,False,0.0,1.414077640587134,-0.05940207449402468,0.0,0.15000000000000002,0.0,0.13383901399343007,0.0,0.05,0.2,0.0,0.28024310697591015,0.18591787903065973
2012-05-01,0.0033228181527850623,0.002922818152785062,0.1,2,True,0.0004,1.4263812561349365,-0.051218114201942666,0.0,0.05,0.0,0.13383901399343007,0.0,0.05,0.2,0.0,0.38024310697591013,0.18591787903065973
2012-06-01,0.016503347434182858,0.01638093631844613,0.03060277893418241,3,True,0.00012241111573672964,1.4309456765641833,-0.048182011894926546,0.0,0.05,0.0,0.1644417929276125,0.0,0.05,0.2,0.0,0.3732623040766836,0.16229590299570387
2012-07-01,0.01641139216655885,0.0154328787952718,0.24462834282176252,4,True,0.00097851337128705,1.4462806103983104,-0.03798171840456177,0.0,0.05,0.0,0.0,0.24462834282176255,0.05,0.2,0.0,0.3445244893808376,0.11084716779739985
2012-08-01,0.016145387189089627,0.014766873817802575,0.3446283428217626,6,True,0.0013785133712870502,1.4665532043409564,-0.024497055851549043,0.0,0.15000000000000002,0.0,0.0,0.0,0.05,0.1,0.1651826294332145,0.3845218035433018,0.15029556702348373
2012-09-01,0.0038751291590557128,0.003275129159055713,0.15000000000000002,4,True,0.0006000000000000001,1.4898246187340316,-0.009017676591561608,0.0,0.2,0.0,0.0,0.0,0.1,0.15000000000000002,0.1651826294332145,0.23452180354330177,0.15029556702348373
2012-10-01,-0.010846675984925915,-0.01177917097799475,0.23312374826720883,4,True,0.0009324949930688354,1.4933067220733598,-0.010343484721150764,0.0,0.2,0.0,0.0,0.23312374826720877,0.1,0.15000000000000002,0.12378413179801624,0.05,0.14309211993477491
2012-11-01,0.0020562034818598783,0.0014562034818598785,0.15,4,True,0.0006,1.4762230423281706,-0.021665321497783996,0.0,0.05,0.0,0.0,0.23312374826720877,0.15000000000000002,0.2,0.12378413179801624,0.1,0.14309211993477491
2012-12-01,0.014956993082805707,0.014356993082805707,0.15000000000000002,3,True,0.0006000000000000001,1.4785141735668186,-0.02014692415571706,0.0,0.2,0.0,0.0,0.23312374826720877,0.05,0.15000000000000002,0.12378413179801624,0.1,0.14309211993477491
2013-01-01,0.02277856827568872,0.021846073282619886,0.23312374826720883,4,True,0.0009324949930688354,1.4648262582882492,-0.02921829197036996,0.0,0.2,0.14950469386375806,0.0,0.0,0.05,0.15000000000000002,0.15509543387898686,0.1,0.19539987225725514
2013-02-01,-0.010968022571087395,-0.010968022571087395,0.0,0,False,0.0,1.4967958458437824,-0.008031143913350247,0.0,0.2,0.14950469386375806,0.0,0.0,0.05,0.15000000000000002,0.15509543387898686,0.1,0.19539987225725514
2013-03-01,0.01621515859508627,0.014519714100271995,0.42386112370356827,7,True,0.001695444494814273,1.4778690548723878,-0.020574462523846204,0.0,0.05,0.0,0.0,0.2738611237035682,0.05,0.2,0.10080205626898049,0.2,0.1253368200274513
2013-04-01,0.018799250404661138,0.018799250404661138,0.0,0,False,0.0,1.5018329359799139,-0.004692922101592778,0.0,0.05,0.0,0.0,0.2738611237035682,0.05,0.2,0.10080205626898049,0.2,0.1253368200274513
2013-05-01,-0.012461868441809066,-0.013557312936623338,0.2738611237035682,4,True,0.0010954444948142728,1.5283901667378421,-0.004560388693515827,0.0,0.05,0.14374733824855207,0.0,0.0,0.05,0.2,0.1750781026751565,0.2,0.1811745590762914
2013-06-01,-0.026060655080478907,-0.026660655080478907,0.15000000000000002,3,True,0.0006000000000000001,1.5001075169955724,-0.039564953066052566,0.0,0.15000000000000002,0.14374733824855207,0.0,0.0,0.05,0.25,0.1750781026751565,0.05,0.1811745590762914
2013-07-01,0.040378126396230105,0.04021955654959934,0.039642461657689906,3,True,0.00015856984663075965,1.4599055904522307,-0.06530400094698097,0.0,0.15000000000000002,0.16072119942805302,0.0,0.0,0.05,0.25,0.19774670315334547,0.05,0.1415320974186015
2013-08-01,-0.021130288480357914,-0.021130288480357914,0.0,0,False,0.0,1.518853842910074,-0.027562727755167438,0.0,0.15000000000000002,0.16072119942805302,0.0,0.0,0.05,0.25,0.19774670315334547,0.05,0.1415320974186015
2013-09-01,-0.0018666873068097778,-0.0032595929261741074,0.34822640484108247,6,True,0.0013929056193643298,1.4820172168406385,-0.05114716172876976,0.0,0.15000000000000002,0.13150337405156817,0.0,0.19822640484108248,0.2,0.1,0.17027022110734938,0.05,0.0
2013-10-01,0.026341224534849293,0.024748318915484964,0.3982264048410825,8,True,0.00159290561936433,1.474837272699995,-0.05574407888942312,0.0,0.1,0.15592801999287434,0.0,0.0,0.05,0.2,0.22580925752581366,0.15000000000000002,0.11826272248131199
2013-11-01,0.002302004895703128,0.0017020048957031278,0.15000000000000002,3,True,0.0006000000000000001,1.512778080677078,-0.031452698920097055,0.0,0.05,0.15592801999287434,0.0,0.0,0.05,0.35000000000000003,0.22580925752581366,0.05,0.11826272248131199
2013-12-01,0.007413496945368232,0.0058695868820521895,0.38597751582901063,7,True,0.0015439100633160424,1.5238025950803238,-0.024394318178487473,0.0,0.15000000000000002,0.12395068870182373,0.0,0.23597751582901064,0.05,0.2,0.1400717954691657,0.1,0.0
2014-01-01,-0.023515701832895947,-0.0240230190673048,0.12682930860221373,6,True,0.0005073172344088549,1.5272601359673306,-0.022180647887214522,0.0,0.1,0.11533775697346711,0.0,0.2628068244312243,0.05,0.30000000000000004,0.12185541859530857,0.05,0.0
2014-02-01,0.03335264443207089,0.03196672959269851,0.34647870984309415,7,True,0.0013859148393723765,1.5076216043975352,-0.03475410264046197,0.0,0.05,0.08858939169231131,0.0,0.3092855342743184,0.1,0.05,0.10212507403337029,0.30000000000000004,0.0
2014-03-01,-0.0017214932630607747,-0.0027214932630607747,0.25000000000000006,4,True,0.0010000000000000002,1.5534845453721675,-0.005390623444170517,0.0,0.1,0.08858939169231131,0.0,0.3092855342743184,0.15000000000000002,0.2,0.10212507403337029,0.05,0.0
2014-04-01,0.009599347655556232,0.009199347655556233,0.10000000000000002,2,True,0.0004000000000000001,1.5486397181920635,-0.008492495654923382,0.0,0.1,0.08858939169231131,0.0,0.3092855342743184,0.05,0.2,0.10212507403337029,0.15000000000000002,0.0
2014-05-01,0.010946486231397825,0.010946486231397825,0.0,0,False,0.0,1.5635056492401913,0.0,0.0,0.1,0.08858939169231131,0.0,0.3092855342743184,0.05,0.2,0.10212507403337029,0.15000000000000002,0.0
2014-06-01,0.019330845700419028,0.018093703563321753,0.3092855342743184,4,True,0.0012371421370972735,1.5839129388523847,-5.088860411195384e-05,0.0,0.1,0.1657181683101366,0.0,0.0,0.05,0.2,0.16528104920910205,0.15000000000000002,0.1690007824807613
2014-07-01,-0.02325926740808875,-0.02405926740808875,0.2,4,True,0.0008,1.611243883625596,0.0,0.0,0.05,0.1657181683101366,0.0,0.0,0.25,0.15000000000000002,0.16528104920910205,0.05,0.1690007824807613
2014-08-01,0.02408783379900572,0.022824644683710135,0.3157972788238959,6,True,0.0012631891152955837,1.5717795652611866,-0.024493075669964615,0.0,0.05,0.0,0.0,0.0,0.1,0.15000000000000002,0.18512471910082123,0.34595360893217675,0.16892167196700206
2014-09-01,-0.020859968558470644,-0.020859968558470644,0.0,0,False,0.0,1.6230480096583144,0.0,0.0,0.05,0.0,0.0,0.0,0.1,0.15000000000000002,0.18512471910082123,0.34595360893217675,0.16892167196700206
2014-10-01,0.02788166219849026,0.02788166219849026,0.0,0,False,0.0,1.5891912792079537,-0.02352719011396731,0.0,0.05,0.0,0.0,0.0,0.1,0.15000000000000002,0.18512471910082123,0.34595360893217675,0.16892167196700206
2014-11-01,0.017747439796145452,0.017598916529998402,0.037130816536762895,3,True,0.00014852326614705157,1.6320785762294872,0.0,0.0,0.05,0.0,0.0,0.0,0.1,0.15000000000000002,0.1583497808383489,0.3830844254689396,0.15856579369271148
2014-12-01,0.017831852289072112,0.017831852289072112,0.0,0,False,0.0,1.660797088854423,-0.0018962543486904515,0.0,0.05,0.0,0.0,0.0,0.1,0.15000000000000002,0.1583497808383489,0.3830844254689396,0.15856579369271148
2015-01-01,0.03975680471806568,0.03975680471806568,0.0,0,False,0.0,1.6502974076077763,-0.023847913522895725,0.0,0.05,0.0,0.0,0.0,0.1,0.15000000000000002,0.1583497808383489,0.3830844254689396,0.15856579369271148
2015-02-01,-0.022747885024265488,-0.022747885024265488,0.0,0,False,0.0,1.713184288135743,-0.0007622238316282726,0.0,0.05,0.0,0.0,0.0,0.1,0.15000000000000002,0.1583497808383489,0.3830844254689396,0.15856579369271148
2015-03-01,0.007449548675749523,0.007346155294915378,0.025848345208536183,3,True,0.00010339338083414473,1.682617209993463,-0.01859088324578495,0.0,0.05,0.0,0.0,0.0,0.1,0.15000000000000002,0.17943561032903377,0.35723608026040343,0.1633283094105628
2015-04-01,-0.02129260286450234,-0.02129260286450234,0.0,0,False,0.0,1.6949766813109488,-0.01138205538095538,0.0,0.05,0.0,0.0,0.0,0.1,0.15000000000000002,0.17943561032903377,0.35723608026040343,0.1633283094105628
2015-05-01,-0.0065556307648064315,-0.007519928804339333,0.24107450988322554,7,True,0.0009642980395329022,1.6572865552453335,-0.03336532829218053,0.0,0.15000000000000002,0.0,0.0,0.0,0.05,0.25,0.22051012021225933,0.20103380305509566,0.12845607673264509
2015-06-01,-0.02459637014109153,-0.02519637014109153,0.15,4,True,0.0006,1.645434143319757,-0.040278406947385936,0.0,0.05,0.0,0.0,0.0,0.15000000000000002,0.2,0.22051012021225933,0.2510338030550957,0.12845607673264509
2015-07-01,-0.0019282871580332747,-0.002328287158033275,0.1,3,True,0.0004,1.6043204511134395,-0.064258520852713,0.0,0.15000000000000002,0.0,0.0,0.0,0.1,0.2,0.22051012021225933,0.20103380305509566,0.12845607673264509
2015-08-01,-0.04417150209155378,-0.044919033116397875,0.18688275621102424,6,True,0.0007475310248440969,1.603520900103863,-0.06472486973197555,0.0,0.05,0.0,0.0,0.0,0.1,0.15000000000000002,0.206567161870745,0.32809400518558574,0.16533883294366924
2015-09-01,0.006726382391848601,0.0048387584125909435,0.4719059948144143,5,True,0.0018876239792576571,1.528654257738087,-0.10839184575133731,0.0,0.05,0.0,0.0,0.0,0.2,0.05,0.0,0.7,0.0
2015-10-01,0.03656905508527247,0.03496513909520471,0.40097899751694066,5,True,0.0016039159900677628,1.5364682458469214,-0.10383423209882459,0.0,0.05,0.0,0.0,0.0,0.1,0.15000000000000002,0.14273587740384072,0.3990210024830593,0.15824312011309996
2015-11-01,-0.006345927973342404,-0.006345927973342404,0.0,0,False,0.0,1.5856486066080553,-0.07514912527264062,0.0,0.05,0.0,0.0,0.0,0.1,0.15000000000000002,0.14273587740384072,0.3990210024830593,0.15824312011309996
2015-12-01,-0.019721246596051206,-0.019721246596051206,0.0,0,False,0.0,1.5755861947594907,-0.08101816230974268,0.0,0.05,0.0,0.0,0.0,0.1,0.15000000000000002,0.14273587740384072,0.3990210024830593,0.15824312011309996
2016-01-01,0.005830296198804791,0.0038302961988047907,0.5,4,True,0.002,1.5475635501053544,-0.09736274667259959,0.5,0.05,0.0,0.0,0.0,0.1,0.15000000000000002,0.0,0.2,0.0
2016-02-01,0.016551622258052668,0.016551622258052668,0.0,0,False,0.0,1.5534731313809647,-0.09391590391737403,0.5,0.05,0.0,0.0,0.0,0.1,0.15000000000000002,0.0,0.2,0.0
2016-03-01,0.015650632359270396,0.013650632359270396,0.5,3,True,0.002,1.5760272605759376,-0.08076090474053521,0.0,0.05,0.0,0.21828358047641963,0.0,0.1,0.15000000000000002,0.0,0.4817164195235804,0.0
2016-04-01,0.0029230036918321666,0.0017831228312010945,0.284970215157768,4,True,0.001139880860631072,1.5988684844094094,-0.06743845375474022,0.0,0.05,0.0,0.0,0.0,0.1,0.15000000000000002,0.14845282123165549,0.41502978484223196,0.13651739392611256
2016-05-01,-0.006690078607670262,-0.008083889892596884,0.34845282123165544,8,True,0.0013938112849266218,1.6049107970781096,-0.0639141936294293,0.0,0.15000000000000002,0.0,0.12936404633422915,0.0,0.2,0.1,0.0,0.26634621356241245,0.15428974010335839
2016-06-01,0.06678866301319583,0.06618866301319583,0.15000000000000002,3,True,0.0006000000000000001,1.5909966691259925,-0.07202979588452896,0.0,0.15000000000000002,0.0,0.12936404633422915,0.0,0.05,0.15000000000000002,0.0,0.3663462135624125,0.15428974010335839
2016-07-01,-0.0005614578138577681,-0.0011614578138577681,0.15000000000000002,3,True,0.0006000000000000001,1.696238855189657,-0.01064587549159246,0.0,0.1,0.0,0.12936404633422915,0.0,0.2,0.05,0.0,0.3663462135624125,0.15428974010335839
2016-08-01,-0.014814965794216513,-0.01536040486316746,0.1363597672377369,6,True,0.0005454390689509476,1.6943618131462777,-0.012532833594731008,0.0,0.05,0.0,0.13401103602004089,0.0,0.15000000000000002,0.15000000000000002,0.0,0.32998644632467555,0.18600251765528353
2016-09-01,-0.009642188259391168,-0.010313001354406706,0.16770327375388472,4,True,0.0006708130950155389,1.6681401394410202,-0.027814718273218242,0.0,0.05,0.0,0.0,0.0,0.15000000000000002,0.15000000000000002,0.16770327375388477,0.30031786373650365,0.18197886250961162
2016-10-01,-0.023876153553729535,-0.025489595067339624,0.40336037840252204,8,True,0.0016134415136100882,1.6607542044580559,-0.032119211110753554,0.0,0.25,0.0,0.16769886678031315,0.0,0.1,0.1,0.20336478537609362,0.05,0.1289363478435932
2016-11-01,-0.02532089889916724,-0.026833721214414772,0.3782055788118834,5,True,0.0015128223152475336,1.616037747060084,-0.05817978042709304,0.0,0.25,0.0,0.1217944211881166,0.24650891947695783,0.1,0.1,0.0,0.18169665933492557,0.0
2016-12-01,0.014842340386240287,0.014186078628003189,0.16406543955927438,4,True,0.0006562617582370976,1.5740845287979355,-0.08262994522511724,0.0,0.25,0.0,0.1320025409419666,0.21414013925260902,0.1,0.1,0.15385731980542441,0.05,0.0
2017-01-01,0.011841385016794543,0.011313374853026676,0.13200254094196656,4,True,0.0005280101637678662,1.594715809785448,-0.0706061186622301,0.0,0.25,0.0,0.0,0.21928674535226655,0.1,0.1,0.18632556943272877,0.05,0.09438768521500465
2017-02-01,0.0214067486516178,0.02084103963741938,0.14142725354960548,4,True,0.0005657090141984219,1.6118351109957718,-0.06062905961507992,0.0,0.25,0.1414272535496055,0.0,0.19228019498805843,0.1,0.1,0.1662925514623361,0.05,0.0
2017-03-01,-0.0065236207926906795,-0.007395522807333134,0.21797550366061363,6,True,0.0008719020146424545,1.6449038135670584,-0.04135675438994568,0.0,0.1,0.11015836273398176,0.0,0.260255698648672,0.15000000000000002,0.2,0.12958593861734619,0.05,0.0
2017-04-01,0.009130979003896828,0.00853181883586131,0.14979004200887958,6,True,0.0005991601680355183,1.6341433914543384,-0.0476278845880711,0.0,0.05,0.13845856013781502,0.0,0.21046565663979247,0.15000000000000002,0.15000000000000002,0.15107578322239254,0.15000000000000002,0.0
2017-05-01,0.01826059974831132,0.01826059974831132,0.0,0,False,0.0,1.648076666556058,-0.03950762858567003,0.0,0.05,0.13845856013781502,0.0,0.21046565663979247,0.15000000000000002,0.15000000000000002,0.15107578322239254,0.15000000000000002,0.0
2017-06-01,-0.005794380083805497,-0.005794380083805497,0.0,0,False,0.0,1.6781715349185697,-0.021968461829966368,0.0,0.05,0.13845856013781502,0.0,0.21046565663979247,0.15000000000000002,0.15000000000000002,0.15107578322239254,0.15000000000000002,0.0
2017-07-01,0.017884230420925754,0.017245913396800643,0.15957925603127782,6,True,0.0006383170241251113,1.672285378695825,-0.025398889712131334,0.0,0.1,0.10014792943472477,0.0,0.2700449126710703,0.05,0.2,0.12980715789420497,0.15000000000000002,0.0
2017-08-01,0.008998477839417006,0.008398477839417006,0.15000000000000002,4,True,0.0006000000000000001,1.7000857131952931,-0.009196967950018009,0.0,0.05,0.10014792943472477,0.0,0.2700449126710703,0.15000000000000002,0.25,0.12980715789420497,0.05,0.0
2017-09-01,-0.005997711156283506,-0.006908352288290739,0.22766028300180816,6,True,0.0009106411320072326,1.7138217976769716,-0.001191633838149908,0.0,0.05,0.12780821243653293,0.0,0.2429535179247841,0.30000000000000004,0.05,0.129238269638683,0.1,0.0
2017-10-01,0.017481620413900306,0.016481620413900305,0.25000000000000006,3,True,0.0010000000000000002,1.7077037078233885,-0.010580819771700223,0.0,0.15000000000000002,0.12780821243653293,0.0,0.2429535179247841,0.05,0.2,0.129238269638683,0.1,0.0
2017-11-01,0.012833096099458381,0.012833096099458381,0.0,0,False,0.0,1.7358195786871442,0.0,0.0,0.15000000000000002,0.12780821243653293,0.0,0.2429535179247841,0.05,0.2,0.129238269638683,0.1,0.0
2017-12-01,0.016382347023079717,0.015410532951380581,0.2429535179247841,4,True,0.0009718140716991364,1.7563869761878268,-0.001033696065897205,0.0,0.15000000000000002,0.17533349545352106,0.0,0.0,0.05,0.2,0.19355950431943458,0.1,0.13110700022704433
2018-01-01,0.03445180035274206,0.03352737235183389,0.2311070002270443,7,True,0.0009244280009081771,1.7538329859759774,-0.013999194515256663,0.0,0.15000000000000002,0.17898316841138565,0.1273154539687143,0.0,0.15000000000000002,0.15000000000000002,0.1937013776199,0.05,0.0
2018-02-01,-0.042363232075653665,-0.042363232075653665,0.0,0,False,0.0,1.8125785411003608,-0.009802418829332638,0.0,0.15000000000000002,0.17898316841138565,0.1273154539687143,0.0,0.15000000000000002,0.15000000000000002,0.1937013776199,0.05,0.0
2018-03-01,-0.0004311295627019221,-0.0008241937850758405,0.0982660555934796,3,True,0.0003930642223739184,1.73510957803241,-0.05212311175727424,0.0,0.15000000000000002,0.14176799909490254,0.22558150956219392,0.0,0.15000000000000002,0.15000000000000002,0.13265049134290352,0.05,0.0
2018-04-01,0.0009055440288870584,0.0005055440288870584,0.10000000000000002,2,True,0.0004000000000000001,1.7442014336759808,-0.04715630162326956,0.0,0.15000000000000002,0.14176799909490254,0.22558150956219392,0.0,0.15000000000000002,0.05,0.13265049134290352,0.15000000000000002,0.0
2018-05-01,0.012876000023962792,0.012076000023962792,0.20000000000000004,4,True,0.0008000000000000001,1.7436865064574625,-0.047437602364006626,0.0,0.25,0.14176799909490254,0.22558150956219392,0.0,0.05,0.15000000000000002,0.13265049134290352,0.05,0.0
2018-06-01,-0.02455175501784266,-0.024682816236394716,0.032765304638014574,3,True,0.0001310612185520583,1.7659067417299403,-0.03529886038900032,0.0,0.25,0.17453330373291712,0.20554048985903178,0.0,0.05,0.15000000000000002,0.11992620640805109,0.05,0.0
2018-07-01,0.009308049372598607,0.007644063388556038,0.41599649601064237,6,True,0.0016639859840425692,1.7376449471453832,-0.05073805929962083,0.0,0.15000000000000002,0.09734131253733792,0.0,0.3159964960106424,0.05,0.15000000000000002,0.08666219145201974,0.15000000000000002,0.0
2018-08-01,0.011826396418940711,0.010562410434898141,0.3159964960106424,4,True,0.0012639859840425697,1.7486875878709416,-0.04470555042442104,0.0,0.15000000000000002,0.15718124894930038,0.0,0.0,0.05,0.15000000000000002,0.19329382074795157,0.15000000000000002,0.14952493030274805
2018-09-01,0.00745035593386037,0.00745035593386037,0.0,0,False,0.0,1.779369257649049,-0.027944392487443626,0.0,0.15000000000000002,0.15718124894930038,0.0,0.0,0.05,0.15000000000000002,0.19329382074795157,0.15000000000000002,0.14952493030274805
2018-10-01,-0.04439665805372322,-0.04616383060303359,0.4417931373275925,7,True,0.0017671725493103698,1.7894583121587035,-0.022432820356784844,0.0,0.2,0.06178978496266422,0.0,0.34179313732759253,0.05,0.2,0.09641707770974332,0.05,0.0
2018-11-01,0.0018152661446487665,0.0005681070047981096,0.31178978496266424,7,True,0.001247159139850657,1.707879685849107,-0.06699859039947209,0.0,0.05,0.0,0.0,0.4024637996334575,0.25,0.1,0.09753620036654247,0.1,0.0
2018-12-01,-0.024513037948305585,-0.024911388299363825,0.09958758776456049,3,True,0.00039835035105824194,1.695977115727555,-0.07350087202580113,0.0,0.05,0.0,0.0,0.3133766583772497,0.25,0.1,0.0870357538581898,0.1,0.0995875877645605
2019-01-01,0.01758870785789901,0.01558870785789901,0.5,4,True,0.002,1.6561247111644821,-0.09527193115917998,0.5,0.05,0.0,0.0,0.0,0.25,0.1,0.0,0.1,0.0
2019-02-01,-0.0019283916552890858,-0.003928391655289086,0.5,4,True,0.002,1.6785195306810792,-0.08303781516736974,0.0,0.05,0.0,0.0,0.20597009572671965,0.25,0.1,0.0,0.30516948415808176,0.08886042011519854
2019-03-01,0.020523212702424964,0.018902534765792636,0.4051694841580818,7,True,0.0016206779366323273,1.6725675939354185,-0.08628931199092593,0.0,0.05,0.0,0.0,0.2826697181081937,0.1,0.30000000000000004,0.10318422613669295,0.05,0.11414605575511334
2019-04-01,0.007378887352610636,0.0066734388846111225,0.17636211699987822,7,True,0.0007054484679995129,1.705689928629207,-0.06819483776383717,0.0,0.1,0.0,0.0,0.25630760110831546,0.05,0.2,0.10997771565309819,0.15000000000000002,0.1337146832385863
2019-05-01,-0.002657216955892509,-0.003682447360325771,0.2563076011083155,4,True,0.001025230404433262,1.7165143936495981,-0.06228151658209624,0.0,0.1,0.0,0.0,0.0,0.05,0.2,0.17737791257302638,0.3275677333009855,0.14505435412598813
2019-06-01,0.02278226247632246,0.020866121846905,0.4790351573543654,8,True,0.0019161406294174615,1.708479371761483,-0.06667098664248605,0.0,0.05,0.0,0.0,0.2790351573543654,0.15000000000000002,0.05,0.0,0.3780871192374418,0.09287772340819272
2019-07-01,0.01986393248379717,0.017947791854379707,0.47903515735436547,6,True,0.001916140629417462,1.740712275539483,-0.04906240161769215,0.0,0.05,0.0,0.16299650142934277,0.0,0.15000000000000002,0.25,0.0,0.257305369288499,0.1296981292821582
2019-08-01,0.06010235983050472,0.05938021269372281,0.18053678419547747,6,True,0.0007221471367819098,1.7740076463047838,-0.03087339912847209,0.0,0.05,0.0,0.1412009167809257,0.0,0.2,0.1,0.0,0.3485641697414386,0.16023491347763566
2019-09-01,-0.020887563401368686,-0.020887563401368686,0.0,0,False,0.0,1.868786550694567,-0.003114620192591566,0.0,0.05,0.0,0.1412009167809257,0.0,0.2,0.1,0.0,0.3485641697414386,0.16023491347763566
2019-10-01,0.012586379516928843,0.012403084516394368,0.045823750133618904,3,True,0.0001832950005344756,1.8294167687114222,-0.02720062169639037,0.0,0.05,0.0,0.1538704731966753,0.0,0.2,0.1,0.0,0.3027404196078197,0.19338910719550498
2019-11-01,-0.0175837432075183,-0.0179837432075183,0.1,2,True,0.0004,1.851701525456076,-0.015350616887417345,0.0,0.05,0.0,0.1538704731966753,0.0,0.2,0.2,0.0,0.2027404196078197,0.19338910719550498
2019-12-01,0.02631495176005162,0.02571495176005162,0.15000000000000002,3,True,0.0006000000000000001,1.832986350490465,-0.025302482904373758,0.0,0.05,0.0,0.1538704731966753,0.0,0.05,0.30000000000000004,0.0,0.2527404196078197,0.19338910719550498
2020-01-01,-0.011049925042231292,-0.013303913323901562,0.5634970704175675,9,True,0.0022539882816702697,1.848545663739417,-0.017028758450610915,0.0,0.15000000000000002,0.1755744242294145,0.0,0.0,0.15000000000000002,0.15000000000000002,0.18792264618815296,0.05,0.13650292958243257
2020-02-01,0.0014073540700850406,-0.00024095534516234765,0.41207735381184707,7,True,0.0016483094152473883,1.8247354732147945,-0.029689918518558844,0.0,0.05,0.0,0.18115325065147744,0.0,0.15000000000000002,0.15000000000000002,0.18927566457303552,0.27957108477548703,0.0
2020-03-01,-0.049346123070771186,-0.050103225729063325,0.18927566457303552,4,True,0.0007571026582921421,1.797140723537186,-0.04436353242105384,0.0,0.05,0.0,0.18900850515722575,0.0,0.15000000000000002,0.15000000000000002,0.0,0.32639264101532306,0.1345988538274512
2020-04-01,0.0549998251598708,0.054461429744560995,0.13459885382745124,3,True,0.0005383954153098049,1.7062461875416963,-0.0926970503049468,0.0,0.05,0.0,0.29924323750442877,0.0,0.15000000000000002,0.15000000000000002,0.0,0.3507567624955713,0.0
2020-05-01,0.017044009417694322,0.017044009417694322,0.0,0,False,0.0,1.8000894295361856,-0.042795546704683884,0.0,0.05,0.0,0.29924323750442877,0.0,0.15000000000000002,0.15000000000000002,0.0,0.3507567624955713,0.0
2020-06-01,0.017023870048041366,0.016609547588015326,0.10358061500651036,3,True,0.00041432246002604147,1.830011641525016,-0.026884295797813818,0.0,0.05,0.0,0.2371656047799432,0.0,0.15000000000000002,0.15000000000000002,0.10358061500651035,0.3092537802135465,0.0
2020-07-01,0.07171826692333984,0.07155867238951011,0.03989863345743215,3,True,0.00015959453382972862,1.8608684900528947,-0.010476048329156162,0.0,0.05,0.0,0.19726697132251103,0.0,0.15000000000000002,0.15000000000000002,0.11449559818087267,0.3382374304966163,0.0
2020-08-01,0.007724299175744029,0.007124299175744029,0.15000000000000002,3,True,0.0006000000000000001,1.9928052952367477,0.0,0.0,0.05,0.0,0.19726697132251103,0.0,0.30000000000000004,0.1,0.11449559818087267,0.23823743049661628,0.0
2020-09-01,-0.02940092001091091,-0.030226796020975034,0.20646900251603045,6,True,0.0008258760100641219,2.005335872842574,-0.021167430666526044,0.0,0.1,0.0,0.14079796880648057,0.0,0.15000000000000002,0.2,0.14466456171597525,0.26453746947754414,0.0
2020-10-01,-0.015820386374335065,-0.015820386374335065,0.0,0,False,0.0,1.9463771532501184,-0.04994600874157429,0.0,0.1,0.0,0.14079796880648057,0.0,0.15000000000000002,0.2,0.14466456171597525,0.26453746947754414,0.0
2020-11-01,0.031172544343701196,0.031172544343701196,0.0,0,False,0.0,1.8954885537287702,-0.07478544800650677,0.0,0.1,0.0,0.14079796880648057,0.0,0.15000000000000002,0.2,0.14466456171597525,0.26453746947754414,0.0
2020-12-01,0.02606341093317128,0.025663410933171277,0.1,3,True,0.0004,1.9537939244209694,-0.046325778694508934,0.0,0.15000000000000002,0.0,0.14079796880648057,0.0,0.05,0.2,0.14466456171597525,0.31453746947754413,0.0
2021-01-01,-0.007302891014545483,-0.007702891014545483,0.1,3,True,0.0004,1.97755627316799,-0.03472704294533291,0.0,0.15000000000000002,0.0,0.14079796880648057,0.0,0.15000000000000002,0.15000000000000002,0.14466456171597525,0.26453746947754414,0.0
2021-02-01,0.015049509538245038,0.013791359660334861,0.31453746947754413,7,True,0.0012581498779101765,1.9598602452919944,-0.043364722382196796,0.0,0.2,0.16531068830285714,0.14713466836657854,0.0,0.05,0.2,0.18755464333056426,0.05,0.0
2021-03-01,0.018440373628806152,0.018440373628806152,0.0,0,False,0.0,1.9893551807471435,-0.028967830647065984,0.0,0.2,0.16531068830285714,0.14713466836657854,0.0,0.05,0.2,0.18755464333056426,0.05,0.0
2021-04-01,0.04672755220443876,0.04602243717510026,0.1762787573346251,4,True,0.0007051150293385005,2.024611042564864,-0.011758949943113106,0.0,0.2,0.17940862792367138,0.0,0.0,0.05,0.2,0.1584105543625177,0.05,0.16218081771381088
2021-05-01,0.02279011499884388,0.02279011499884388,0.0,0,False,0.0,2.107986446713729,-0.005627052966294621,0.0,0.2,0.17940862792367138,0.0,0.0,0.05,0.2,0.1584105543625177,0.05,0.16218081771381088
2021-06-01,0.003829063077832209,0.003429063077832209,0.1,2,True,0.0004,2.155165289170239,0.0,0.0,0.2,0.17940862792367138,0.0,0.0,0.15000000000000002,0.1,0.1584105543625177,0.05,0.16218081771381088
2021-07-01,0.01833455755719663,0.017813567833810585,0.13024743084651128,6,True,0.0005209897233860451,2.1622904346931175,-0.011866529265568304,0.0,0.2,0.16043186516683922,0.0,0.0,0.05,0.15000000000000002,0.18865798520902896,0.1,0.15091014962413177
2021-08-01,0.016984201956944146,0.016984201956944146,0.0,0,False,0.0,2.2052441974032955,-0.0033117403257570954,0.0,0.2,0.16043186516683922,0.0,0.0,0.05,0.15000000000000002,0.18865798520902896,0.1,0.15091014962413177
2021-09-01,-0.016775208366971252,-0.016775208366971252,0.0,0,False,0.0,2.2426985102163717,0.0,0.0,0.2,0.16043186516683922,0.0,0.0,0.05,0.15000000000000002,0.18865798520902896,0.1,0.15091014962413177
2021-10-01,0.04967597468285081,0.04927597468285081,0.10000000000000003,3,True,0.0004000000000000002,2.204194744693035,-0.022581686784597377,0.0,0.30000000000000004,0.16043186516683922,0.0,0.0,0.05,0.1,0.18865798520902896,0.05,0.15091014962413177
2021-11-01,-0.04280480720051547,-0.04320480720051547,0.10000000000000002,2,True,0.0004000000000000001,2.3127647909196676,0.0,0.0,0.2,0.16043186516683922,0.0,0.0,0.05,0.2,0.18865798520902896,0.05,0.15091014962413177
2021-12-01,0.038955114538248764,0.03815511453824876,0.2,4,True,0.0008,2.211996326072255,-0.05303684475616255,0.0,0.05,0.16043186516683922,0.0,0.0,0.1,0.15000000000000002,0.18865798520902896,0.2,0.15091014962413177
2022-01-01,-0.026595349789712244,-0.027195349789712244,0.15000000000000002,3,True,0.0006000000000000001,2.2456137767896243,-0.03864509969431551,0.0,0.15000000000000002,0.16043186516683922,0.0,0.0,0.1,0.2,0.18865798520902896,0.05,0.15091014962413177
2022-02-01,0.010407157248301782,0.009688408631800668,0.1796871541252786,5,True,0.0007187486165011144,2.1830091949761004,-0.06544633422987367,0.0,0.30000000000000004,0.19011901929211786,0.0,0.0,0.1,0.05,0.16275153150204524,0.05,0.14712944920583695
2022-03-01,0.033081551546063764,0.032190561788444164,0.22274743940490033,4,True,0.0008909897576196013,2.2037628337841983,-0.0565616308255944,0.0,0.30000000000000004,0.0,0.22274743940490027,0.0,0.1,0.05,0.13749247934056158,0.05,0.1397600812545381
2022-04-01,-0.040364716808292664,-0.040883099991589705,0.1295957958242595,5,True,0.000518383183297038,2.2754865418197885,-0.02585646731939084,0.0,0.2,0.0,0.19315164358064082,0.0,0.1,0.15000000000000002,0.14729364127987624,0.05,0.1595547151394829
2022-05-01,-0.004023689373213281,-0.004023689373213281,0.0,0,False,0.0,2.194752954434346,-0.06041879083844692,0.0,0.2,0.0,0.19315164358064082,0.0,0.1,0.15000000000000002,0.14729364127987624,0.05,0.1595547151394829
2022-06-01,-0.027245672469130826,-0.029245672469130825,0.5,4,True,0.002,2.181550106394171,-0.06607097501749093,0.5,0.2,0.0,0.0,0.0,0.1,0.15000000000000002,0.0,0.05,0.0
2022-07-01,-0.01386799203566908,-0.01626799203566908,0.6,5,True,0.0024000000000000002,2.117019237184229,-0.09369685974315922,0.0,0.2,0.0,0.5,0.0,0.15000000000000002,0.05,0.0,0.1,0.0
2022-08-01,-0.023522643973338198,-0.026322643973338198,0.7,6,True,0.0028,2.081814982056062,-0.10876792117361533,0.5,0.1,0.0,0.0,0.0,0.05,0.2,0.0,0.15000000000000002,0.0
2022-09-01,-0.018592752242312043,-0.019192752242312042,0.15000000000000002,4,True,0.0006000000000000001,2.0316254823011466,-0.13025421682782967,0.5,0.2,0.0,0.0,0.0,0.1,0.15000000000000002,0.0,0.05,0.0
2022-10-01,0.0016317726462448281,0.0012317726462448282,0.1,2,True,0.0004,1.9715943510349137,-0.15595374842590892,0.5,0.2,0.0,0.0,0.0,0.2,0.05,0.0,0.05,0.0
2022-11-01,0.021966728007090167,0.021566728007090166,0.1,2,True,0.0004,1.973232011500459,-0.15525266040718488,0.5,0.2,0.0,0.0,0.0,0.1,0.15000000000000002,0.0,0.05,0.0
2022-12-01,-0.0027662220464219484,-0.005366222046421948,0.65,5,True,0.0026,2.011334360989754,-0.138940914917691,0.0,0.05,0.0,0.5,0.0,0.2,0.15000000000000002,0.0,0.1,0.0
2023-01-01,0.06299120209111239,0.06299120209111239,0.0,0,False,0.0,1.99381096744707,-0.14644273933040353,0.0,0.05,0.0,0.5,0.0,0.2,0.15000000000000002,0.0,0.1,0.0
2023-02-01,-0.05537872610710731,-0.05537872610710731,0.0,0,False,0.0,2.1194035170290033,-0.09267614142722924,0.0,0.05,0.0,0.5,0.0,0.2,0.15000000000000002,0.0,0.1,0.0
2023-03-01,0.021136499670507278,0.01873649967050728,0.6,5,True,0.0024000000000000002,1.9972287693886566,-0.1449795666874587,0.5,0.15000000000000002,0.0,0.0,0.0,0.15000000000000002,0.15000000000000002,0.0,0.05,0.0
2023-04-01,-0.005087075191246143,-0.007487075191246143,0.6,5,True,0.0024000000000000002,2.0306019403530846,-0.13069239861919923,0.0,0.05,0.0,0.5,0.0,0.2,0.15000000000000002,0.0,0.1,0.0
2023-05-01,-0.0014880975057803346,-0.0028503183010752586,0.3405551988237309,3,True,0.0013622207952949238,2.0126780107696094,-0.13836569387411268,0.0,0.05,0.17290410208086623,0.15944480117626908,0.0,0.2,0.15000000000000002,0.16765109674286469,0.1,0.0
2023-06-01,0.008629332499858772,0.008629332499858772,0.0,0,False,0.0,2.009682949641844,-0.13964788973595343,0.0,0.05,0.17290410208086623,0.15944480117626908,0.0,0.2,0.15000000000000002,0.16765109674286469,0.1,0.0
2023-07-01,0.02193106189790312,0.021131061897903123,0.2,3,True,0.0008,2.02712193829288,-0.13218219934460917,0.0,0.05,0.17290410208086623,0.15944480117626908,0.0,0.05,0.35000000000000003,0.16765109674286469,0.05,0.0
2023-08-01,-0.007074100430035875,-0.008025061837514185,0.2377403518695774,6,True,0.0009509614074783096,2.067953196326762,-0.11470219881992594,0.0,0.2,0.13516375021128887,0.17419993792986843,0.0,0.1,0.15000000000000002,0.19063631185884275,0.05,0.0
2023-09-01,-0.045077019395487444,-0.045077019395487444,0.0,0,False,0.0,2.053324287731334,-0.12096488437596331,0.0,0.2,0.13516375021128887,0.17419993792986843,0.0,0.1,0.15000000000000002,0.19063631185884275,0.05,0.0
2023-10-01,0.01718351165772853,0.017067293137235533,0.029054630123248895,3,True,0.00011621852049299556,1.9752113530013151,-0.15440529757440646,0.0,0.2,0.14398427233198194,0.19443404593242422,0.0,0.1,0.15000000000000002,0.1615816817355938,0.05,0.0
2023-11-01,0.051239793609115576,0.051239793609115576,0.0,0,False,0.0,2.008918919590356,-0.13997497360120692,0.0,0.2,0.14398427233198194,0.19443404593242422,0.0,0.1,0.15000000000000002,0.1615816817355938,0.05,0.0
2023-12-01,0.014703424137376627,0.014103424137376627,0.15000000000000002,3,True,0.0006000000000000001,2.11058839710137,-0.0964499242686081,0.0,0.05,0.14398427233198194,0.19443404593242422,0.0,0.15000000000000002,0.15000000000000002,0.1615816817355938,0.15000000000000002,0.0
2024-01-01,0.014845565327409395,0.014680848861721284,0.041179116422027554,3,True,0.0001647164656881102,2.1534006836778903,-0.07812183868281819,0.0,0.05,0.1620630867258337,0.15325492951039668,0.0,0.15000000000000002,0.15000000000000002,0.18468198376376962,0.15000000000000002,0.0
2024-02-01,0.01973899157959878,0.01973899157959878,0.0,0,False,0.0,2.1850091679235093,-0.06459013900461141,0.0,0.05,0.1620630867258337,0.15325492951039668,0.0,0.15000000000000002,0.15000000000000002,0.18468198376376962,0.15000000000000002,0.0
2024-03-01,0.036573332814795544,0.036173332814795546,0.1,2,True,0.0004,2.227247789872302,-0.046507641198295535,0.0,0.05,0.1620630867258337,0.15325492951039668,0.0,0.15000000000000002,0.25,0.18468198376376962,0.05,0.0
2024-04-01,-0.016547609446292424,-0.016547609446292424,0.0,0,False,0.0,2.308705664552319,-0.01163524782347658,0.0,0.05,0.1620630867258337,0.15325492951039668,0.0,0.15000000000000002,0.25,0.18468198376376962,0.05,0.0
2024-05-01,0.03945381832638387,0.03945381832638387,0.0,0,False,0.0,2.270502104888864,-0.02870116701956249,0.0,0.05,0.1620630867258337,0.15325492951039668,0.0,0.15000000000000002,0.25,0.18468198376376962,0.05,0.0
2024-06-01,0.007682948424350199,0.007682948424350199,0.0,0,False,0.0,2.351760298484112,-0.017872782027764655,0.0,0.05,0.1620630867258337,0.15325492951039668,0.0,0.15000000000000002,0.25,0.18468198376376962,0.05,0.0
2024-07-01,0.006229673911982612,0.005707141739052214,0.1306330432325993,5,True,0.0005225321729303972,2.3685904397967716,-0.010844285171118018,0.0,0.15000000000000002,0.16639542914108374,0.12262188627779738,0.0,0.15000000000000002,0.15000000000000002,0.21098268458111888,0.05,0.0
2024-08-01,0.021195514057018874,0.02012606073414496,0.267363330718478,6,True,0.001069453322873912,2.380797108583601,-0.028136277893950568,0.0,0.05,0.0,0.1312537183003542,0.0,0.15000000000000002,0.15000000000000002,0.21001478300372464,0.15000000000000002,0.15873149869592115
2024-09-01,0.03712937283305061,0.03698057249404476,0.037200084751462345,3,True,0.0001488003390058494,2.448952577071493,-0.003607671125572809,0.0,0.05,0.0,0.1508695334222944,0.0,0.15000000000000002,0.15000000000000002,0.17281469825226228,0.15000000000000002,0.1763157683254433
2024-10-01,-0.008791033501991148,-0.008791033501991148,0.0,0,False,0.0,2.5395027152542333,-0.006048672974814484,0.0,0.05,0.0,0.1508695334222944,0.0,0.15000000000000002,0.15000000000000002,0.17281469825226228,0.15000000000000002,0.1763157683254433
2024-11-01,0.013045327159088516,0.012645327159088516,0.1,3,True,0.0004,2.516170990661314,-0.01857651469191035,0.0,0.1,0.0,0.1508695334222944,0.0,0.2,0.15000000000000002,0.17281469825226228,0.05,0.1763157683254433
2024-12-01,-0.027134324963649398,-0.027134324963649398,0.0,0,False,0.0,2.5631125189428263,-0.00026713966822733415,0.0,0.1,0.0,0.1508695334222944,0.0,0.2,0.15000000000000002,0.17281469825226228,0.05,0.1763157683254433
2025-01-01,0.02779814373449831,0.02662128203501657,0.2942154248704355,4,True,0.001176861699481742,2.438779712379436,-0.057506072631581806,0.0,0.1,0.0,0.08968503556110922,0.29421542487043556,0.2,0.15000000000000002,0.11609953956845528,0.05,0.0
2025-02-01,0.009090245173749522,0.007913383474267779,0.29421542487043556,4,True,0.0011768616994817422,2.5051869171711316,-0.03184225931872686,0.0,0.1,0.0,0.15974030060235447,0.0,0.2,0.15000000000000002,0.19676145812668314,0.05,0.14349824127096242
2025-03-01,0.017600590412915784,0.017000590412915784,0.15000000000000002,4,True,0.0006000000000000001,2.527260295266643,-0.02331175338335112,0.0,0.05,0.0,0.15974030060235447,0.0,0.25,0.05,0.19676145812668314,0.15000000000000002,0.14349824127096242
2025-04-01,0.0030836417235164055,0.002920936850380426,0.04067621828399487,3,True,0.00016270487313597949,2.5697803398245784,-0.006879402571235871,0.0,0.05,0.0,0.1982167997808818,0.0,0.25,0.05,0.15608523984268827,0.15000000000000002,0.14569796037642996
2025-05-01,0.030169103068895878,0.030046074865467804,0.030757050857018478,3,True,0.0001230282034280739,2.577387491332158,-0.0153398832282311,0.0,0.05,0.0,0.20392796552259873,0.0,0.25,0.05,0.12532818898566975,0.15000000000000002,0.17074384549173147
2025-06-01,0.010614418381113183,0.009274189751125537,0.3350571574969114,8,True,0.0013402286299876455,2.621292703288372,-0.00951672595907771,0.0,0.1,0.17534748275962292,0.18961465351741885,0.0,0.2,0.15000000000000002,0.13503786372295823,0.05,0.0
2025-07-01,0.0008964228946216515,0.0008964228946216515,0.0,0,False,0.0,2.645565779364038,-0.00312051494479737,0.0,0.1,0.17534748275962292,0.18961465351741885,0.0,0.2,0.15000000000000002,0.13503786372295823,0.05,0.0
2025-08-01,0.03553250103901916,0.03527265601572255,0.06496125582415145,3,True,0.00025984502329660583,2.6472492717619596,-0.01804836560625278,0.0,0.1,0.18477386391258618,0.12465339769326739,0.0,0.2,0.15000000000000002,0.1905727383941464,0.05,0.0
2025-09-01,0.05579163629199097,0.05566879190142357,0.030711097641851287,3,True,0.00012284439056740515,2.7290122089401234,-0.00030091895955119963,0.0,0.1,0.15406276627073492,0.14604648095640643,0.0,0.2,0.15000000000000002,0.19989075277285867,0.05,0.0
2025-10-01,0.023859815285098788,0.023859815285098788,0.0,0,False,0.0,2.8809143178935717,0.0,0.0,0.1,0.15406276627073492,0.14604648095640643,0.0,0.2,0.15000000000000002,0.19989075277285867,0.05,0.0
2025-11-01,0.015384080228990748,0.015172044881410237,0.05300883689512744,3,True,0.00021203534758050977,2.9436425101813004,-0.026581235876879994,0.0,0.1,0.20591462464835505,0.093037644061279,0.0,0.2,0.15000000000000002,0.201047731290366,0.05,0.0
2025-12-01,0.012517219813307832,0.012117219813307833,0.10000000000000002,3,True,0.0004000000000000001,2.987098666796819,-0.01221093169764953,0.0,0.05,0.20591462464835505,0.093037644061279,0.0,0.30000000000000004,0.1,0.201047731290366,0.05,0.0
2026-01-01,0.04598181350721915,0.04598181350721915,0.0,0,False,0.0,2.9018914335033394,-0.06076752630029214,0.0,0.05,0.20591462464835505,0.093037644061279,0.0,0.30000000000000004,0.1,0.201047731290366,0.05,0.0
2026-02-01,0.06428698694160152,0.06428698694160152,0.0,0,False,0.0,3.083848430535183,-0.049374037451649255,0.0,0.05,0.20591462464835505,0.093037644061279,0.0,0.30000000000000004,0.1,0.201047731290366,0.05,0.0
2026-03-01,-0.04067925905592432,-0.04119799898934513,0.12968498335520337,6,True,0.0005187399334208136,3.2736837641395997,0.0,0.0,0.15000000000000002,0.2027494728312172,0.06651781252321354,0.0,0.25,0.05,0.23073271464556933,0.05,0.0
2026-04-01,0.05106665582546155,0.050364184297845345,0.17561788190405037,5,True,0.0007024715276162015,3.1366786484893607,-0.04185044296306584,0.0,0.30000000000000004,0.1771315909271668,0.08289480187813311,0.0,0.1,0.05,0.23997360719470007,0.05,0.0
2026-05-01,0.012252364229691831,0.011739135222806323,0.128307251721377,6,True,0.000513229006885508,3.295166294136461,-0.00316314513082383,0.0,0.25,0.16130839803179103,0.1112020535995101,0.0,0.05,0.15000000000000002,0.2274895483686989,0.05,0.0
2026-06-01,-0.053974589604522526,-0.053974589604522526,0.0,0,False,0.0,3.3355398717696247,-0.008869696503941982,0.0,0.25,0.16130839803179103,0.1112020535995101,0.0,0.05,0.15000000000000002,0.2274895483686989,0.05,0.0
2026-07-01,0.0,-0.0006,0.15,3,True,0.0006,3.153612172795689,-0.06292812855101959,0.0,0.1,0.16130839803179103,0.1112020535995101,0.0,0.05,0.2,0.2274895483686989,0.15000000000000002,0.0
