date,gross_return,net_return,turnover,operations,signal_changed,trade_cost,equity,drawdown,w__CASH,w_efa.us,w_efv.us,w_gld.us,w_gsg.us,w_hyg.us,w_ief.us,w_ijh.us,w_ijr.us,w_lqd.us,w_mchi.us,w_mtum.us,w_qqq.us,w_spy.us,w_tlt.us,w_vea.us,w_vnq.us,w_vtv.us,w_vwo.us
2007-05-01,0.013460019626744599,0.011460019626744599,0.49999999999999994,4,True,0.0019999999999999996,0.998,0.0,0.5,0.16471199010176354,0.0,0.0,0.0,0.0,0.0,0.0,0.0,0.0,0.0,0.0,0.0,0.2055248293377554,0.0,0.0,0.12976318056048097,0.0,0.0
2007-06-01,-0.012934882649866091,-0.012934882649866091,0.0,0,False,0.0,1.011433099587491,0.0,0.5,0.16471199010176354,0.0,0.0,0.0,0.0,0.0,0.0,0.0,0.0,0.0,0.0,0.0,0.2055248293377554,0.0,0.0,0.12976318056048097,0.0,0.0
2007-07-01,-0.024910129662440217,-0.024910129662440217,0.0,0,False,0.0,0.9913887782914623,-0.020801165452981496,0.5,0.16471199010176354,0.0,0.0,0.0,0.0,0.0,0.0,0.0,0.0,0.0,0.0,0.0,0.2055248293377554,0.0,0.0,0.12976318056048097,0.0,0.0
2007-08-01,0.007385611347780999,0.0066582282632103055,0.1818457711426733,4,True,0.0007273830845706932,0.9659899990292139,-0.04588764574920989,0.5,0.1499729279884341,0.0,0.18184577114267336,0.0,0.0,0.0,0.0,0.0,0.0,0.0,0.0,0.0,0.16818130086889257,0.0,0.0,0.0,0.0,0.0
2007-09-01,0.03348364315104872,0.03336162516019284,0.030504497713971943,3,True,0.00012201799085588778,0.9676857775036991,-0.04421271827148765,0.5,0.1398351268396354,0.0,0.2123502688566453,0.0,0.0,0.0,0.0,0.0,0.0,0.0,0.0,0.0,0.14781460430371932,0.0,0.0,0.0,0.0,0.0
2007-10-01,0.00955712875270339,0.00955712875270339,0.0,0,False,0.0,0.9999653941019728,-0.012330006216659806,0.5,0.1398351268396354,0.0,0.2123502688566453,0.0,0.0,0.0,0.0,0.0,0.0,0.0,0.0,0.0,0.14781460430371932,0.0,0.0,0.0,0.0,0.0
2007-11-01,-0.005786429661662158,-0.005898948511506986,0.02812971246120695,3,True,0.00011251884984482778,1.009408601845703,-0.008388699040391079,0.5,0.14670914752834852,0.0,0.18422055639543833,0.0,0.0,0.0,0.0,0.0,0.0,0.0,0.0,0.0,0.16907029607621313,0.0,0.0,0.0,0.0,0.0
2007-12-01,0.004465046676331919,0.004465046676331919,0.0,0,False,0.0,1.0029308550604574,-0.016311622761379763,0.5,0.14670914752834852,0.0,0.18422055639543833,0.0,0.0,0.0,0.0,0.0,0.0,0.0,0.0,0.0,0.16907029607621313,0.0,0.0,0.0,0.0,0.0
2008-01-01,0.0015142481464024311,0.0005530951555884532,0.24028824770349447,4,True,0.0009611529908139779,1.0029801419255582,-0.016263281526183504,0.5,0.12792854447539173,0.0,0.13178320782111377,0.0,0.0,0.0,0.0,0.0,0.0,0.0,0.0,0.0,0.0,0.24028824770349447,0.0,0.0,0.0,0.0
2008-02-01,0.011071240937723593,0.010559526759822026,0.12792854447539173,3,True,0.0005117141779015669,1.0030199033398146,-0.016224282984190985,0.5,0.0,0.0,0.18500283744383197,0.0,0.0,0.0,0.0,0.0,0.0,0.0,0.0,0.0,0.0,0.314997162556168,0.0,0.0,0.0,0.0
2008-03-01,-0.022572464735491855,-0.022710640781041333,0.03454401138736919,2,True,0.00013817604554947676,1.0138821861670246,-0.005570406584345822,0.5,0.0,0.0,0.21954684883120118,0.0,0.0,0.0,0.0,0.0,0.0,0.0,0.0,0.0,0.0,0.2804531511687988,0.0,0.0,0.0,0.0
2008-04-01,-0.010682695002552357,-0.010682695002552357,0.0,0,False,0.0,0.9908594343147804,-0.03283494572502765,0.5,0.0,0.0,0.21954684883120118,0.0,0.0,0.0,0.0,0.0,0.0,0.0,0.0,0.0,0.0,0.2804531511687988,0.0,0.0,0.0,0.0
2008-05-01,0.000421976582163041,0.00028825726201108393,0.03342983003798926,2,True,0.00013371932015195705,0.9801433035632444,-0.043294822091945795,0.5,0.0,0.0,0.18611701879321194,0.0,0.0,0.0,0.0,0.0,0.0,0.0,0.0,0.0,0.0,0.3138829812067881,0.0,0.0,0.0,0.0
2008-06-01,0.015083058455182853,0.015083058455182853,0.0,0,False,0.0,0.9793723581223285,-0.04404733194691035,0.5,0.0,0.0,0.18611701879321194,0.0,0.0,0.0,0.0,0.0,0.0,0.0,0.0,0.0,0.0,0.3138829812067881,0.0,0.0,0.0,0.0
2008-07-01,-0.006049935906074879,-0.006180269895784506,0.03258349742740664,2,True,0.00013033398970962656,0.9940147178577912,-0.029755114344868994,0.5,0.0,0.0,0.15353352136580528,0.0,0.0,0.0,0.0,0.0,0.0,0.0,0.0,0.0,0.0,0.3464664786341947,0.0,0.0,0.0,0.0
2008-08-01,-0.007054312379383714,-0.007054312379383714,0.0,0,False,0.0,0.9880009925250564,-0.035625033716279564,0.5,0.0,0.0,0.15353352136580528,0.0,0.0,0.0,0.0,0.0,0.0,0.0,0.0,0.0,0.0,0.3464664786341947,0.0,0.0,0.0,0.0
2008-09-01,0.018306754384919695,0.018306754384919695,0.0,0,False,0.0,0.9832880876428656,-0.04022523910194964,0.5,0.0,0.0,0.15353352136580528,0.0,0.0,0.0,0.0,0.0,0.0,0.0,0.0,0.0,0.0,0.3464664786341947,0.0,0.0,0.0,0.0
2008-10-01,-0.03767288796318918,-0.03767288796318918,0.0,0,False,0.0,1.0012889011529609,-0.022654878289343983,0.5,0.0,0.0,0.15353352136580528,0.0,0.0,0.0,0.0,0.0,0.0,0.0,0.0,0.0,0.0,0.3464664786341947,0.0,0.0,0.0,0.0
2008-11-01,0.09000819543208138,0.08939406134661816,0.15353352136580528,2,True,0.0006141340854632211,0.964423582424661,-0.05863863819912085,0.5,0.0,0.0,0.0,0.0,0.0,0.0,0.0,0.0,0.0,0.0,0.0,0.0,0.0,0.5,0.0,0.0,0.0,0.0
2008-12-01,0.031784393397724764,0.031784393397724764,0.0,0,False,0.0,1.0505840127764903,0.0,0.5,0.0,0.0,0.0,0.0,0.0,0.0,0.0,0.0,0.0,0.0,0.0,0.0,0.0,0.5,0.0,0.0,0.0,0.0
2009-01-01,-0.024820272919679226,-0.025536537161896484,0.17906606055431484,2,True,0.0007162642422172594,1.080065196766957,-0.029119161493422863,0.5,0.0,0.0,0.17906606055431484,0.0,0.0,0.0,0.0,0.0,0.0,0.0,0.0,0.0,0.0,0.32093393944568516,0.0,0.0,0.0,0.0
2009-02-01,-0.010027599565980427,-0.010743863808197687,0.17906606055431484,2,True,0.0007162642422172594,1.053164017635371,-0.0533008862913984,0.5,0.0,0.0,0.0,0.0,0.0,0.0,0.0,0.0,0.0,0.0,0.0,0.0,0.0,0.5,0.0,0.0,0.0,0.0
2009-03-01,0.014953889140725374,0.014953889140725374,0.0,0,False,0.0,1.0348785815840473,-0.06973783800422906,0.5,0.0,0.0,0.0,0.0,0.0,0.0,0.0,0.0,0.0,0.0,0.0,0.0,0.0,0.5,0.0,0.0,0.0,0.0
2009-04-01,-0.03411929636442326,-0.03501054834388513,0.22281299486546796,2,True,0.0008912519794618719,1.04941791104884,-0.05666829699470888,0.5,0.0,0.0,0.222812994865468,0.0,0.0,0.0,0.0,0.0,0.0,0.0,0.0,0.0,0.0,0.27718700513453204,0.0,0.0,0.0,0.0
2009-05-01,0.00532573426542364,0.00532573426542364,0.0,0,False,0.0,1.0136125103316305,-0.08885411093950268,0.5,0.0,0.0,0.222812994865468,0.0,0.0,0.0,0.0,0.0,0.0,0.0,0.0,0.0,0.0,0.27718700513453204,0.0,0.0,0.0,0.0
2009-06-01,0.0013339163745817034,0.0013339163745817034,0.0,0,False,0.0,1.0190107412097658,-0.08400159005733321,0.5,0.0,0.0,0.222812994865468,0.0,0.0,0.0,0.0,0.0,0.0,0.0,0.0,0.0,0.0,0.27718700513453204,0.0,0.0,0.0,0.0
2009-07-01,-0.005428017183010836,-0.006319269162472708,0.22281299486546796,2,True,0.0008912519794618719,1.0194606095265086,-0.08359719916511277,0.5,0.0,0.0,0.0,0.0,0.0,0.0,0.0,0.0,0.0,0.0,0.0,0.0,0.0,0.5,0.0,0.0,0.0,0.0
2009-08-01,0.006975073707591555,0.0058294772060629545,0.2863991253821502,2,True,0.0011455965015286008,1.0234366208345893,-0.08002312492935726,0.5,0.0,0.0,0.2863991253821502,0.0,0.0,0.0,0.0,0.0,0.0,0.0,0.0,0.0,0.0,0.2136008746178498,0.0,0.0,0.0,0.0
2009-09-01,0.020261261362864172,0.020261261362864172,0.0,0,False,0.0,1.0293945433944254,-0.07466749189167965,0.5,0.0,0.0,0.2863991253821502,0.0,0.0,0.0,0.0,0.0,0.0,0.0,0.0,0.0,0.0,0.2136008746178498,0.0,0.0,0.0,0.0
2009-10-01,0.0077750099238605395,0.0077750099238605395,0.0,0,False,0.0,1.050251375283646,-0.05591908809734236,0.5,0.0,0.0,0.2863991253821502,0.0,0.0,0.0,0.0,0.0,0.0,0.0,0.0,0.0,0.0,0.2136008746178498,0.0,0.0,0.0,0.0
2009-11-01,0.03220847540149762,0.030942912224598444,0.3163907942247945,4,True,0.001265563176899178,1.0556998921942322,-0.05102136462416529,0.5,0.12636794976454815,0.0,0.1836092057752055,0.0,0.19002284446024637,0.0,0.0,0.0,0.0,0.0,0.0,0.0,0.0,0.0,0.0,0.0,0.0,0.0
2009-12-01,-0.011906689913580832,-0.012666781291421817,0.19002284446024634,4,True,0.0007600913778409853,1.0874960638539573,-0.02243948466478929,0.5,0.16186864789328823,0.0,0.23869131524535644,0.0,0.0,0.0,0.0,0.0,0.0,0.0,0.0,0.0,0.0,0.0,0.0,0.09944003686135533,0.0,0.0
2010-01-01,-0.01732091072472359,-0.01750527483678091,0.04609102801433014,3,True,0.00018436411205732055,1.0650267794484078,-0.04263733730331809,0.5,0.18096066280891746,0.0,0.19260028723102632,0.0,0.0,0.0,0.0,0.0,0.0,0.0,0.0,0.0,0.0,0.0,0.0,0.12643904996005625,0.0,0.0
2010-02-01,0.010073661463161984,0.009195729352290623,0.21948302771783995,4,True,0.0008779321108713597,1.0454679375822697,-0.060218965568033855,0.5,0.15768376764426104,0.0,0.0,0.0,0.0,0.0,0.0,0.0,0.0,0.0,0.0,0.0,0.21948302771783992,0.0,0.0,0.12283320463789903,0.0,0.0
2010-03-01,0.03433589357712617,0.03433589357712617,0.0,0,False,0.0,1.055999627656064,-0.05075192957766583,0.5,0.15768376764426104,0.0,0.0,0.0,0.0,0.0,0.0,0.0,0.0,0.0,0.0,0.0,0.21948302771783992,0.0,0.0,0.12283320463789903,0.0,0.0
2010-04-01,0.011259804260394517,0.011259804260394517,0.0,0,False,0.0,1.0922583184887473,-0.018158648853352277,0.5,0.15768376764426104,0.0,0.0,0.0,0.0,0.0,0.0,0.0,0.0,0.0,0.0,0.0,0.21948302771783992,0.0,0.0,0.12283320463789903,0.0,0.0
2010-05-01,-0.028855380463744505,-0.02952864780575347,0.1683168355022414,4,True,0.0006732673420089656,1.0954964500854614,-0.015247861681223163,0.5,0.0,0.0,0.16831683550224144,0.0,0.0,0.0,0.0,0.0,0.0,0.0,0.0,0.0,0.21476631086613343,0.0,0.0,0.11691685363162514,0.0,0.0
2010-06-01,-0.017591864217083288,-0.017812824494310573,0.055240069306820995,3,True,0.00022096027722728396,1.0629342857080466,-0.044518299751967416,0.5,0.0,0.0,0.22355690480906243,0.0,0.0,0.0,0.0,0.0,0.0,0.0,0.0,0.0,0.17221876301289193,0.0,0.0,0.10422433217804564,0.0,0.0
2010-07-01,0.028113236114257274,0.028113236114257274,0.0,0,False,0.0,1.044235290082188,-0.06132700408463876,0.5,0.0,0.0,0.22355690480906243,0.0,0.0,0.0,0.0,0.0,0.0,0.0,0.0,0.0,0.17221876301289193,0.0,0.0,0.10422433217804564,0.0,0.0
2010-08-01,0.003920323559787002,0.003920323559787002,0.0,0,False,0.0,1.0651425340579324,-0.04253328438809356,0.5,0.0,0.0,0.22355690480906243,0.0,0.0,0.0,0.0,0.0,0.0,0.0,0.0,0.0,0.17221876301289193,0.0,0.0,0.10422433217804564,0.0,0.0
2010-09-01,0.010698348267639357,0.009945922106127653,0.18810654037792582,4,True,0.0007524261615117033,1.0685136544119078,-0.03950295236205337,0.5,0.0,0.0,0.20766912744402857,0.0,0.0,0.0,0.0,0.0,0.0,0.0,0.0,0.0,0.0,0.1862821626407294,0.0,0.10604870991524208,0.0,0.0
2010-10-01,0.01619367762590537,0.015445051922917577,0.1871564257469482,4,True,0.0007486257029877929,1.07913651104149,-0.02995396589092525,0.5,0.0,0.0,0.24805670801562438,0.0,0.0,0.0,0.0,0.0,0.0,0.0,0.0,0.0,0.14676884517535238,0.0,0.0,0.10517444680902323,0.0,0.0
2010-11-01,0.00594175441986188,0.005743906619653217,0.049461950052165936,3,True,0.00019784780020866375,1.0963947376031484,-0.014440382520703343,0.5,0.0,0.0,0.19859475796345846,0.0,0.0,0.0,0.0,0.0,0.0,0.0,0.0,0.0,0.1694210381681547,0.0,0.0,0.13198420386838686,0.0,0.0
2010-12-01,0.01984664914743583,0.01968575987102842,0.040222319101852394,3,True,0.00016088927640740957,1.1027317996107024,-0.013176786858061673,0.5,0.0,0.0,0.15837243886160604,0.0,0.0,0.0,0.0,0.0,0.0,0.0,0.0,0.0,0.2038318381686066,0.0,0.0,0.13779572296978734,0.0,0.0
2011-01-01,-0.000219619447434251,-0.000219619447434251,0.0,0,False,0.0,1.1125079382471317,-0.005748985250986327,0.5,0.0,0.0,0.15837243886160604,0.0,0.0,0.0,0.0,0.0,0.0,0.0,0.0,0.0,0.2038318381686066,0.0,0.0,0.13779572296978734,0.0,0.0
2011-02-01,0.013330526352987005,0.013330526352987005,0.0,0,False,0.0,1.112263609868468,-0.005967342109456153,0.5,0.0,0.0,0.15837243886160604,0.0,0.0,0.0,0.0,0.0,0.0,0.0,0.0,0.0,0.2038318381686066,0.0,0.0,0.13779572296978734,0.0,0.0
2011-03-01,0.00554567937803025,0.00554567937803025,0.0,0,False,0.0,1.127090669231288,-0.004797916236697564,0.5,0.0,0.0,0.15837243886160604,0.0,0.0,0.0,0.0,0.0,0.0,0.0,0.0,0.0,0.2038318381686066,0.0,0.0,0.13779572296978734,0.0,0.0
2011-04-01,0.026751267773537105,0.026640085353723832,0.02779560495331801,3,True,0.00011118241981327204,1.133215145100982,0.0,0.5,0.0,0.0,0.1756253919931176,0.0,0.0,0.0,0.0,0.0,0.0,0.0,0.0,0.0,0.1760362332152886,0.0,0.0,0.1483383747915938,0.0,0.0
2011-05-01,-0.0101089865984839,-0.010813131531345055,0.1760362332152886,4,True,0.0007041449328611544,1.1663611541046028,0.0,0.5,0.13101497528766243,0.0,0.20859563538324288,0.0,0.0,0.0,0.0,0.0,0.0,0.0,0.0,0.0,0.0,0.0,0.0,0.1603893893290947,0.0,0.0
2011-06-01,-0.001882339407005822,-0.001882339407005822,0.0,0,False,0.0,1.1537574399144923,-0.010806013339655696,0.5,0.13101497528766243,0.0,0.20859563538324288,0.0,0.0,0.0,0.0,0.0,0.0,0.0,0.0,0.0,0.0,0.0,0.0,0.1603893893290947,0.0,0.0
2011-07-01,-0.016774900022553375,-0.017609282564086347,0.20859563538324288,4,True,0.0008343825415329714,1.1506248138353983,-0.013491824735268332,0.5,0.1350282677231904,0.0,0.0,0.0,0.0,0.0,0.0,0.0,0.0,0.0,0.0,0.0,0.20428652605693054,0.0,0.0,0.1606852062198791,0.0,0.0
2011-08-01,0.00920417125592543,0.008377319006173835,0.20671306243789894,4,True,0.0008268522497515958,1.1303877604886923,-0.03084241402357646,0.5,0.0,0.0,0.20671306243789894,0.0,0.0,0.0,0.0,0.0,0.0,0.0,0.0,0.0,0.16248072816855785,0.0,0.0,0.13080620939354323,0.0,0.0
2011-09-01,-0.051732316004036764,-0.051732316004036764,0.0,0,False,0.0,1.1407920430218321,-0.02192212162827023,0.5,0.0,0.0,0.20671306243789894,0.0,0.0,0.0,0.0,0.0,0.0,0.0,0.0,0.0,0.16248072816855785,0.0,0.0,0.13080620939354323,0.0,0.0
2011-10-01,0.0017218606707772015,0.0005487129205287973,0.29328693756210106,4,True,0.0011731477502484042,1.089295496377468,-0.06607358060231094,0.5,0.0,0.0,0.24678575964949073,0.0,0.0,0.0,0.0,0.0,0.0,0.0,0.0,0.0,0.0,0.25321424035050927,0.0,0.0,0.0,0.0
2011-11-01,-0.002419002230813228,-0.002936699969392481,0.1294244346448132,3,True,0.0005176977385792529,1.0893267724076279,-0.06604676555445899,0.5,0.0,0.0,0.18531349542625822,0.0,0.0,0.0,0.0,0.0,0.0,0.0,0.0,0.0,0.0,0.18526206992892857,0.0,0.1294244346448132,0.0,0.0
2011-12-01,-0.00189134609619797,-0.00189134609619797,0.0,0,False,0.0,1.0866916885150892,-0.06830600051205804,0.5,0.0,0.0,0.18531349542625822,0.0,0.0,0.0,0.0,0.0,0.0,0.0,0.0,0.0,0.0,0.18526206992892857,0.0,0.1294244346448132,0.0,0.0
2012-01-01,0.024740638412023258,0.024740638412023258,0.0,0,False,0.0,1.081719824176696,-0.07256871478447391,0.5,0.0,0.0,0.18531349542625822,0.0,0.0,0.0,0.0,0.0,0.0,0.0,0.0,0.0,0.0,0.18526206992892857,0.0,0.1294244346448132,0.0,0.0
2012-02-01,-0.009725986335975115,-0.009725986335975115,0.0,0,False,0.0,1.1084822632097693,-0.04962347270495837,0.5,0.0,0.0,0.18531349542625822,0.0,0.0,0.0,0.0,0.0,0.0,0.0,0.0,0.0,0.0,0.18526206992892857,0.0,0.1294244346448132,0.0,0.0
2012-03-01,0.0019817508099692956,0.0017557770324259094,0.05649344438584655,3,True,0.00022597377754338623,1.0974531281818927,-0.0590794932429054,0.5,0.0,0.0,0.13383901399343007,0.0,0.0,0.0,0.0,0.0,0.0,0.0,0.0,0.0,0.0,0.18024310697591014,0.0,0.18591787903065973,0.0,0.0
2012-04-01,0.01136255002701016,0.01136255002701016,0.0,0,False,0.0,1.096306214292558,-0.06006281979257533,0.5,0.0,0.0,0.13383901399343007,0.0,0.0,0.0,0.0,0.0,0.0,0.0,0.0,0.0,0.0,0.18024310697591014,0.0,0.18591787903065973,0.0,0.0
2012-05-01,0.004223221199143418,0.004223221199143418,0.0,0,False,0.0,1.108763048497379,-0.04938273656022185,0.5,0.0,0.0,0.13383901399343007,0.0,0.0,0.0,0.0,0.0,0.0,0.0,0.0,0.0,0.0,0.18024310697591014,0.0,0.18591787903065973,0.0,0.0
2012-06-01,0.00745501900366322,0.007332607887926491,0.03060277893418241,3,True,0.00012241111573672964,1.1133093019903986,-0.04548492714071173,0.5,0.0,0.0,0.1644417929276125,0.0,0.0,0.0,0.0,0.0,0.0,0.0,0.0,0.0,0.0,0.1732623040766836,0.0,0.16229590299570387,0.0,0.0
2012-07-01,0.007232531834583116,0.006254018463296066,0.24462834282176252,4,True,0.00097851337128705,1.1177303308348965,-0.04169448124928288,0.5,0.0,0.0,0.0,0.0,0.24462834282176255,0.0,0.0,0.0,0.0,0.0,0.0,0.0,0.0,0.14452448938083756,0.0,0.11084716779739985,0.0,0.0
2012-08-01,0.004318061644435471,0.003339548273148421,0.24462834282176257,4,True,0.0009785133712870502,1.123612180197191,-0.03665157550641296,0.5,0.0,0.0,0.0,0.0,0.0,0.0,0.0,0.0,0.0,0.0,0.0,0.0,0.1651826294332145,0.18452180354330178,0.0,0.15029556702348373,0.0,0.0
2012-09-01,-0.0039722803651267135,-0.0039722803651267135,0.0,0,False,0.0,1.1276176673415312,-0.033217401511296374,0.5,0.0,0.0,0.0,0.0,0.0,0.0,0.0,0.0,0.0,0.0,0.0,0.0,0.1651826294332145,0.18452180354330178,0.0,0.15029556702348373,0.0,0.0
2012-10-01,0.002671216486063531,0.0017387214929946958,0.23312374826720883,4,True,0.0009324949930688354,1.1220911328374685,-0.037955671887169196,0.5,0.0,0.0,0.0,0.0,0.23312374826720877,0.0,0.0,0.0,0.0,0.0,0.0,0.0,0.12378413179801624,0.0,0.0,0.14309211993477491,0.0,0.0
2012-11-01,0.0008105091612282928,0.0008105091612282928,0.0,0,False,0.0,1.1250884811703696,-0.03538584321759031,0.5,0.0,0.0,0.0,0.0,0.23312374826720877,0.0,0.0,0.0,0.0,0.0,0.0,0.0,0.12378413179801624,0.0,0.0,0.14309211993477491,0.0,0.0
2012-12-01,0.015922330169889767,0.015922330169889767,0.0,0,False,0.0,1.1247592835627889,-0.03566808650597686,0.5,0.0,0.0,0.0,0.0,0.23312374826720877,0.0,0.0,0.0,0.0,0.0,0.0,0.0,0.12378413179801624,0.0,0.0,0.14309211993477491,0.0,0.0
2013-01-01,0.015889270871019014,0.01495677587795018,0.23312374826720883,4,True,0.0009324949930688354,1.1303095860224792,-0.030909438260398714,0.5,0.14950469386375806,0.0,0.0,0.0,0.0,0.0,0.0,0.0,0.0,0.0,0.0,0.0,0.15509543387898686,0.0,0.0,0.19539987225725514,0.0,0.0
2013-02-01,-0.0005935151570142859,-0.0005935151570142859,0.0,0,False,0.0,1.1471986257542337,-0.016429326613745077,0.5,0.14950469386375806,0.0,0.0,0.0,0.0,0.0,0.0,0.0,0.0,0.0,0.0,0.0,0.15509543387898686,0.0,0.0,0.19539987225725514,0.0,0.0
2013-03-01,0.008917656979954638,0.007822212485140364,0.27386112370356824,4,True,0.001095444494814273,1.1452617994287002,-0.018089898314643582,0.5,0.0,0.0,0.0,0.0,0.2738611237035682,0.0,0.0,0.0,0.0,0.0,0.0,0.0,0.10080205626898049,0.0,0.0,0.1253368200274513,0.0,0.0
2013-04-01,0.013157728887847917,0.013157728887847917,0.0,0,False,0.0,1.1554748513082507,-0.00933356084266146,0.5,0.0,0.0,0.0,0.0,0.2738611237035682,0.0,0.0,0.0,0.0,0.0,0.0,0.0,0.10080205626898049,0.0,0.0,0.1253368200274513,0.0,0.0
2013-05-01,-0.0024568830335238703,-0.005552327528338143,0.7738611237035682,9,True,0.003095444494814273,1.1670545065134197,-0.005621846719500612,0.0,0.14374733824855207,0.0,0.0,0.0,0.0,0.0,0.125,0.0,0.0,0.0,0.0,0.0,0.1750781026751565,0.0,0.125,0.30617455907629143,0.125,0.0
2013-06-01,-0.013216914894079553,-0.014216914894079554,0.25,4,True,0.001,1.1589622999115174,-0.05258376650031127,0.0,0.14374733824855207,0.0,0.0,0.0,0.0,0.0,0.125,0.125,0.0,0.0,0.0,0.0,0.3000781026751565,0.0,0.0,0.1811745590762914,0.125,0.0
2013-07-01,0.053729278925856404,0.05357070907922564,0.039642461657689906,3,True,0.00015856984663075965,1.1423195832656987,-0.06618867834342124,0.0,0.16072119942805302,0.0,0.0,0.0,0.0,0.0,0.125,0.125,0.0,0.0,0.0,0.0,0.32274670315334547,0.0,0.0,0.1415320974186015,0.125,0.0
2013-08-01,-0.041642990671237126,-0.041642990671237126,0.0,0,False,0.0,1.2036955907774496,-0.016015669378012243,0.0,0.16072119942805302,0.0,0.0,0.0,0.0,0.0,0.125,0.125,0.0,0.0,0.0,0.0,0.32274670315334547,0.0,0.0,0.1415320974186015,0.125,0.0
2013-09-01,0.04502414754921438,0.043731241929850055,0.32322640484108245,6,True,0.0012929056193643298,1.149538750581616,-0.06028722985974544,0.0,0.13150337405156817,0.0,0.0,0.0,0.19822640484108248,0.0,0.125,0.125,0.0,0.0,0.0,0.125,0.17027022110734938,0.0,0.0,0.0,0.125,0.0
2013-10-01,0.028383907037139777,0.02659100141777545,0.44822640484108245,8,True,0.0017929056193643298,1.1975915656389329,-0.02100552323810967,0.0,0.15592801999287434,0.125,0.0,0.0,0.0,0.0,0.125,0.125,0.0,0.0,0.0,0.0,0.22580925752581366,0.0,0.125,0.11826272248131199,0.0,0.0
2013-11-01,0.011672175339424181,0.010672175339424182,0.25,4,True,0.001,1.2303523094131843,-0.012426275690413657,0.0,0.15592801999287434,0.0,0.0,0.0,0.0,0.0,0.125,0.125,0.0,0.0,0.0,0.125,0.35080925752581366,0.0,0.0,0.11826272248131199,0.0,0.0
2013-12-01,0.014079566809860883,0.01263565674654484,0.3609775158290106,6,True,0.0014439100633160424,1.2505656654416168,-0.0006232700967963023,0.0,0.12395068870182373,0.0,0.0,0.0,0.23597751582901064,0.0,0.125,0.125,0.0,0.0,0.0,0.125,0.1400717954691657,0.0,0.0,0.0,0.125,0.0
2014-01-01,-0.03572010658686861,-0.03632742382127747,0.1518293086022137,5,True,0.0006073172344088548,1.2489191756795264,-0.018906232295625602,0.0,0.11533775697346711,0.0,0.0,0.0,0.2628068244312243,0.0,0.0,0.125,0.0,0.0,0.0,0.125,0.24685541859530857,0.0,0.0,0.0,0.125,0.0
2014-02-01,0.05480762945054652,0.05412171461117414,0.1714787098430941,5,True,0.0006859148393723764,1.2256702735342095,-0.03716950620871029,0.0,0.08858939169231131,0.0,0.0,0.0,0.3092855342743184,0.0,0.125,0.125,0.0,0.0,0.0,0.125,0.2271250740333703,0.0,0.0,0.0,0.0,0.0
2014-03-01,0.012609782033562767,0.012609782033562767,0.0,0,False,0.0,1.2998148254437307,0.0,0.0,0.08858939169231131,0.0,0.0,0.0,0.3092855342743184,0.0,0.125,0.125,0.0,0.0,0.0,0.125,0.2271250740333703,0.0,0.0,0.0,0.0,0.0
2014-04-01,-0.00822245334631499,-0.00872245334631499,0.125,2,True,0.0005,1.3155471044730311,-0.0012912429534236436,0.0,0.08858939169231131,0.0,0.0,0.0,0.3092855342743184,0.0,0.125,0.125,0.0,0.0,0.0,0.125,0.10212507403337029,0.0,0.0,0.0,0.125,0.0
2014-05-01,0.01735133812314707,0.01685133812314707,0.125,2,True,0.0005,1.304077714741731,-0.010652003861746362,0.0,0.08858939169231131,0.0,0.0,0.0,0.3092855342743184,0.0,0.0,0.125,0.0,0.0,0.0,0.125,0.2271250740333703,0.0,0.0,0.0,0.125,0.0
2014-06-01,0.021840833661788843,0.019603691524691567,0.5592855342743184,8,True,0.0022371421370972738,1.3277862049303168,0.0,0.0,0.1657181683101366,0.125,0.0,0.0,0.0,0.0,0.0,0.0,0.0,0.0,0.0,0.125,0.290281049209102,0.0,0.0,0.29400078248076134,0.0,0.0
2014-07-01,-0.024127954185055728,-0.024627954185055728,0.125,2,True,0.0005,1.353073963655763,0.0,0.0,0.1657181683101366,0.125,0.0,0.0,0.0,0.0,0.125,0.0,0.0,0.0,0.0,0.125,0.16528104920910205,0.0,0.0,0.29400078248076134,0.0,0.0
2014-08-01,0.035293192040957086,0.033130002925661504,0.5407972788238959,10,True,0.0021631891152955837,1.3175707236143293,-0.030102248879900206,0.0,0.0,0.0,0.0,0.0,0.0,0.0,0.0,0.0,0.0,0.125,0.125,0.125,0.18512471910082123,0.14595360893217674,0.0,0.16892167196700206,0.0,0.125
2014-09-01,-0.04477739336196084,-0.04527739336196084,0.125,2,True,0.0005,1.3651442152460571,0.0,0.0,0.0,0.0,0.0,0.0,0.0,0.0,0.0,0.0,0.0,0.125,0.0,0.125,0.18512471910082123,0.14595360893217674,0.0,0.29392167196700203,0.0,0.125
2014-10-01,0.046058578474782466,0.044558578474782465,0.375,6,True,0.0015,1.301409560505193,-0.055144051375884406,0.0,0.0,0.0,0.0,0.0,0.0,0.0,0.0,0.0,0.0,0.0,0.125,0.125,0.31012471910082123,0.14595360893217674,0.0,0.16892167196700206,0.125,0.0
2014-11-01,0.01975743292269842,0.01910890965655137,0.1621308165367629,5,True,0.0006485232661470516,1.3582584963091042,-0.013870299593682356,0.0,0.0,0.0,0.0,0.0,0.0,0.0,0.0,0.0,0.0,0.0,0.125,0.125,0.28334978083834894,0.18308442546893963,0.0,0.2835657936927115,0.0,0.0
2014-12-01,0.018730776862149166,0.018730776862149166,0.0,0,False,0.0,1.3841959316287702,-0.006078930302228391,0.0,0.0,0.0,0.0,0.0,0.0,0.0,0.0,0.0,0.0,0.0,0.125,0.125,0.28334978083834894,0.18308442546893963,0.0,0.2835657936927115,0.0,0.0
2015-01-01,0.027573501036805753,0.027073501036805753,0.125,2,True,0.0005,1.3730272775044474,-0.032726155369458665,0.0,0.0,0.0,0.0,0.0,0.0,0.0,0.0,0.0,0.0,0.125,0.125,0.125,0.1583497808383489,0.18308442546893963,0.0,0.2835657936927115,0.0,0.0
2015-02-01,0.0071095305600578935,0.0071095305600578935,0.0,0,False,0.0,1.4045439939906108,-0.019054345401957495,0.0,0.0,0.0,0.0,0.0,0.0,0.0,0.0,0.0,0.0,0.125,0.125,0.125,0.1583497808383489,0.18308442546893963,0.0,0.2835657936927115,0.0,0.0
2015-03-01,0.002366825416752122,0.002263432035917977,0.025848345208536183,3,True,0.00010339338083414473,1.4116197644598443,-0.014112566202142629,0.0,0.0,0.0,0.0,0.0,0.0,0.0,0.0,0.0,0.0,0.125,0.125,0.125,0.17943561032903377,0.15723608026040345,0.0,0.2883283094105628,0.0,0.0
2015-04-01,0.002638342777627138,0.002138342777627138,0.125,2,True,0.0005,1.414107117151817,-0.013716429101455652,0.0,0.0,0.0,0.0,0.0,0.0,0.0,0.125,0.0,0.0,0.125,0.0,0.125,0.17943561032903377,0.15723608026040345,0.0,0.2883283094105628,0.0,0.0
2015-05-01,-0.0021883759825175736,-0.0028526740220504755,0.16607450988322553,5,True,0.0006642980395329021,1.4168961494364418,-0.01998775239637418,0.0,0.0,0.0,0.0,0.0,0.0,0.0,0.125,0.0,0.0,0.125,0.125,0.125,0.22051012021225933,0.15103380305509567,0.0,0.12845607673264509,0.0,0.0
2015-06-01,-0.027395684797631513,-0.027395684797631513,0.0,0,False,0.0,1.413795447933294,-0.022132387661602748,0.0,0.0,0.0,0.0,0.0,0.0,0.0,0.125,0.0,0.0,0.125,0.125,0.125,0.22051012021225933,0.15103380305509567,0.0,0.12845607673264509,0.0,0.0
2015-07-01,0.010153097889724669,0.009653097889724668,0.125,2,True,0.0005,1.374376021696651,-0.04939727967276608,0.0,0.0,0.0,0.0,0.0,0.0,0.0,0.0,0.125,0.0,0.125,0.125,0.125,0.22051012021225933,0.15103380305509567,0.0,0.12845607673264509,0.0,0.0
2015-08-01,-0.07546233732826796,-0.07610986835311205,0.16188275621102421,5,True,0.0006475310248440968,1.3900493030674361,-0.03855667733954882,0.0,0.0,0.0,0.0,0.0,0.0,0.0,0.0,0.125,0.0,0.0,0.125,0.125,0.331567161870745,0.12809400518558572,0.0,0.16533883294366924,0.0,0.0
2015-09-01,0.014340495498078254,0.010852871518820598,0.8719059948144143,8,True,0.003487623979257657,1.2798415293901462,-0.11478313051173838,0.0,0.0,0.0,0.0,0.0,0.0,0.5,0.0,0.0,0.0,0.0,0.0,0.0,0.0,0.5,0.0,0.0,0.0,0.0
2015-10-01,0.05624607729070088,0.05304216130063311,0.8009789975169407,8,True,0.003203915990067763,1.2940357830700784,-0.1049655144094862,0.0,0.0,0.0,0.0,0.0,0.0,0.0,0.0,0.0,0.125,0.0,0.125,0.125,0.14273587740384072,0.1990210024830593,0.0,0.28324312011309993,0.0,0.0
2015-11-01,0.00047711173846670023,-2.288826153329978e-05,0.125,2,True,0.0005,1.3552273266459491,-0.06264169118646712,0.0,0.0,0.0,0.0,0.0,0.0,0.0,0.0,0.0,0.0,0.0,0.125,0.125,0.26773587740384075,0.1990210024830593,0.0,0.28324312011309993,0.0,0.0
2015-12-01,-0.029090169988628088,-0.02959016998862809,0.125,2,True,0.0005,1.354518386558752,-0.06313203761626496,0.0,0.0,0.0,0.0,0.0,0.0,0.0,0.0,0.125,0.0,0.0,0.125,0.125,0.14273587740384072,0.1990210024830593,0.0,0.28324312011309993,0.0,0.0
2016-01-01,0.022418792809987265,0.018418792809987265,1.0,9,True,0.004,1.3310436549764462,-0.07936860122681444,0.5,0.0,0.0,0.0,0.0,0.0,0.0,0.0,0.0,0.0,0.0,0.0,0.0,0.0,0.5,0.0,0.0,0.0,0.0
2016-02-01,0.004657401693068053,0.002657401693068053,0.5,2,True,0.002,1.3527296296893958,-0.06436925153674278,0.5,0.0,0.0,0.0,0.0,0.0,0.5,0.0,0.0,0.0,0.0,0.0,0.0,0.0,0.0,0.0,0.0,0.0,0.0
2016-03-01,0.013216662531485183,0.009216662531485183,1.0,5,True,0.004,1.3535937156171467,-0.06377159673154431,0.0,0.0,0.0,0.21828358047641963,0.0,0.0,0.0,0.0,0.0,0.0,0.0,0.0,0.0,0.0,0.7817164195235804,0.0,0.0,0.0,0.0
2016-04-01,-0.0032932456270967636,-0.0064331264877278355,0.784970215157768,9,True,0.003139880860631072,1.367177411519043,-0.0543762798222025,0.0,0.0,0.0,0.125,0.0,0.0,0.0,0.0,0.0,0.0,0.0,0.125,0.125,0.14845282123165549,0.21502978484223198,0.0,0.26151739392611256,0.0,0.0
2016-05-01,-0.006697737384178186,-0.008291548669104809,0.3984528212316555,8,True,0.001593811284926622,1.355569942177034,-0.06240471727922925,0.0,0.0,0.0,0.25436404633422915,0.0,0.0,0.0,0.0,0.125,0.125,0.0,0.0,0.0,0.0,0.21634621356241246,0.0,0.2792897401033584,0.0,0.0
2016-06-01,0.06881161397123164,0.06831161397123164,0.125,2,True,0.0005,1.3436724663212425,-0.07063374102164088,0.0,0.0,0.0,0.25436404633422915,0.0,0.0,0.0,0.125,0.0,0.125,0.0,0.0,0.0,0.0,0.21634621356241246,0.0,0.2792897401033584,0.0,0.0
2016-07-01,0.016864050175154698,0.016364050175154698,0.125,2,True,0.0005,1.4354146710088243,-0.007179207496548545,0.0,0.0,0.0,0.25436404633422915,0.0,0.0,0.0,0.0,0.0,0.125,0.0,0.125,0.0,0.0,0.21634621356241246,0.0,0.2792897401033584,0.0,0.0
2016-08-01,-0.017959844452003954,-0.0191052835209549,0.28635976723773693,7,True,0.0011454390689509476,1.4579496684637867,-0.002833744098386326,0.0,0.0,0.0,0.2590110360200409,0.0,0.0,0.0,0.125,0.125,0.0,0.0,0.0,0.0,0.0,0.17998644632467553,0.0,0.31100251765528353,0.0,0.0
2016-09-01,-0.006790480384568816,-0.008461293479584355,0.4177032737538847,8,True,0.001670813095015539,1.4293729072891812,-0.022378850875838685,0.0,0.0,0.0,0.0,0.0,0.0,0.0,0.0,0.125,0.0,0.125,0.0,0.0,0.16770327375388477,0.15031786373650363,0.0,0.3069788625096116,0.0,0.125
2016-10-01,-0.030436287788281034,-0.03174972930189112,0.328360378402522,6,True,0.001313441513610088,1.4275878443893082,-0.023599746580894587,0.0,0.0,0.0,0.16769886678031315,0.0,0.0,0.0,0.0,0.125,0.0,0.125,0.0,0.125,0.20336478537609362,0.0,0.0,0.1289363478435932,0.0,0.125
2016-11-01,-0.036255514906925745,-0.03826833722217328,0.5032055788118834,7,True,0.002012822315247534,1.3795370231244282,-0.056464157863476694,0.0,0.0,0.0,0.1217944211881166,0.0,0.24650891947695783,0.0,0.0,0.0,0.125,0.125,0.0,0.125,0.0,0.13169665933492555,0.0,0.0,0.0,0.125
2016-12-01,0.026446712282910838,0.02379045052467374,0.6640654395592744,12,True,0.0026562617582370977,1.3259896417028239,-0.09308794742253523,0.0,0.0,0.0,0.1320025409419666,0.0,0.21414013925260902,0.0,0.125,0.125,0.0,0.0,0.0,0.0,0.2788573198054244,0.0,0.0,0.0,0.125,0.0
2017-01-01,0.00254296502458958,0.0020149548608217136,0.13200254094196656,4,True,0.0005280101637678662,1.3525612037992578,-0.07491429872787425,0.0,0.0,0.0,0.0,0.0,0.21928674535226655,0.0,0.125,0.125,0.0,0.0,0.0,0.0,0.31132556943272877,0.0,0.0,0.09438768521500465,0.125,0.0
2017-02-01,0.030304432892797946,0.029238723878599524,0.2664272535496055,6,True,0.001065709014198422,1.353840398310563,-0.07403939225544975,0.0,0.1414272535496055,0.0,0.0,0.125,0.19228019498805843,0.0,0.125,0.125,0.0,0.0,0.0,0.0,0.1662925514623361,0.0,0.0,0.0,0.125,0.0
2017-03-01,-0.011092729443010329,-0.011864631457652784,0.1929755036606136,5,True,0.0007719020146424544,1.3937910625716805,-0.04671509213470759,0.0,0.11015836273398176,0.0,0.0,0.0,0.260255698648672,0.0,0.125,0.125,0.0,0.0,0.0,0.125,0.12958593861734619,0.0,0.0,0.0,0.125,0.0
2017-04-01,0.018938949786822326,0.01773978961878681,0.29979004200887954,7,True,0.0011991601680355183,1.3835418603755114,-0.053725045085073475,0.0,0.13845856013781502,0.0,0.0,0.0,0.21046565663979247,0.0,0.125,0.0,0.0,0.125,0.0,0.125,0.15107578322239254,0.0,0.0,0.0,0.0,0.125
2017-05-01,0.02766669094777818,0.02666669094777818,0.25,4,True,0.001,1.4066461263370282,-0.03792285733981582,0.0,0.13845856013781502,0.0,0.0,0.0,0.21046565663979247,0.0,0.0,0.125,0.0,0.125,0.125,0.125,0.15107578322239254,0.0,0.0,0.0,0.0,0.0
2017-06-01,-0.0035805770951523514,-0.0040805770951523514,0.125,2,True,0.0005,1.444840588302291,-0.011799713682731694,0.0,0.13845856013781502,0.0,0.0,0.0,0.21046565663979247,0.0,0.0,0.0,0.0,0.125,0.125,0.125,0.15107578322239254,0.0,0.0,0.0,0.0,0.125
2017-07-01,0.03591413680330655,0.03517581977918144,0.1845792560312778,5,True,0.0007383170241251113,1.4394956943240096,-0.015455359712083228,0.0,0.10014792943472477,0.125,0.0,0.0,0.2700449126710703,0.0,0.0,0.0,0.0,0.125,0.125,0.125,0.12980715789420497,0.0,0.0,0.0,0.0,0.0
2017-08-01,0.007447425732076799,0.007447425732076799,0.0,0,False,0.0,1.4900929657458413,0.0,0.0,0.10014792943472477,0.125,0.0,0.0,0.2700449126710703,0.0,0.0,0.0,0.0,0.125,0.125,0.125,0.12980715789420497,0.0,0.0,0.0,0.0,0.0
2017-09-01,0.01167119196861229,0.011060550836605058,0.15266028300180814,5,True,0.0006106411320072326,1.500273633884269,0.0,0.0,0.12780821243653293,0.0,0.0,0.0,0.2429535179247841,0.0,0.0,0.0,0.0,0.125,0.125,0.125,0.129238269638683,0.0,0.0,0.0,0.0,0.125
2017-10-01,0.019314995541670297,0.018814995541670296,0.125,2,True,0.0005,1.5151405913306277,-0.002998352048825703,0.0,0.12780821243653293,0.0,0.0,0.0,0.2429535179247841,0.0,0.0,0.125,0.0,0.125,0.125,0.125,0.129238269638683,0.0,0.0,0.0,0.0,0.0
2017-11-01,0.0075630595109658465,0.007063059510965846,0.125,2,True,0.0005,1.5428615056734667,-0.0007335286948796371,0.0,0.12780821243653293,0.0,0.0,0.0,0.2429535179247841,0.0,0.0,0.0,0.0,0.125,0.125,0.125,0.129238269638683,0.0,0.125,0.0,0.0,0.0
2017-12-01,0.02549331080591928,0.024521496734220143,0.2429535179247841,4,True,0.0009718140716991364,1.5530195446774187,-0.010216572254981071,0.0,0.17533349545352106,0.0,0.0,0.0,0.0,0.0,0.0,0.0,0.0,0.125,0.125,0.125,0.19355950431943458,0.0,0.125,0.13110700022704433,0.0,0.0
2018-01-01,0.05128861812585952,0.05026419012495134,0.2561070002270443,6,True,0.0010244280009081771,1.5363381608698363,-0.026860287314897313,0.0,0.17898316841138565,0.0,0.1273154539687143,0.0,0.0,0.0,0.0,0.0,0.0,0.125,0.125,0.125,0.1937013776199,0.0,0.0,0.0,0.0,0.125
2018-02-01,-0.04402475185031797,-0.04402475185031797,0.0,0,False,0.0,1.6134802327778586,-0.02074084030826495,0.0,0.17898316841138565,0.0,0.1273154539687143,0.0,0.0,0.0,0.0,0.0,0.0,0.125,0.125,0.125,0.1937013776199,0.0,0.0,0.0,0.0,0.125
2018-03-01,-0.019170837639811783,-0.019563901862185703,0.0982660555934796,3,True,0.0003930642223739184,1.541840885118597,-0.0642204479071089,0.0,0.14176799909490254,0.0,0.22558150956219392,0.0,0.0,0.0,0.0,0.0,0.0,0.125,0.125,0.125,0.13265049134290352,0.0,0.0,0.0,0.0,0.125
2018-04-01,0.010394379412613902,0.010394379412613902,0.0,0,False,0.0,1.5344498836868687,-0.06870622077514943,0.0,0.14176799909490254,0.0,0.22558150956219392,0.0,0.0,0.0,0.0,0.0,0.0,0.125,0.125,0.125,0.13265049134290352,0.0,0.0,0.0,0.0,0.125
2018-05-01,0.021144137828720568,0.020644137828720568,0.125,2,True,0.0005,1.5496243381985675,-0.05949648688933462,0.0,0.14176799909490254,0.0,0.22558150956219392,0.125,0.0,0.0,0.0,0.0,0.0,0.125,0.125,0.125,0.13265049134290352,0.0,0.0,0.0,0.0,0.0
2018-06-01,-0.021870012446425245,-0.022501073664977302,0.15776530463801458,5,True,0.0006310612185520583,1.5813912239472194,-0.040216415641922465,0.0,0.17453330373291712,0.0,0.20554048985903178,0.125,0.0,0.0,0.0,0.125,0.0,0.125,0.0,0.125,0.11992620640805109,0.0,0.0,0.0,0.0,0.0
2018-07-01,0.014612239016176169,0.0128482530321336,0.44099649601064234,6,True,0.0017639859840425693,1.554076371808645,-0.05679444282126567,0.0,0.09734131253733792,0.0,0.0,0.125,0.3159964960106424,0.0,0.0,0.125,0.0,0.0,0.125,0.125,0.08666219145201974,0.0,0.0,0.0,0.0,0.0
2018-08-01,0.026210218279802095,0.024446232295759526,0.4409964960106424,6,True,0.0017639859840425697,1.5712269606479128,-0.04638534646311265,0.0,0.15718124894930038,0.0,0.0,0.0,0.0,0.0,0.0,0.125,0.0,0.0,0.125,0.125,0.31829382074795154,0.0,0.0,0.14952493030274805,0.0,0.0
2018-09-01,-0.0003086469972020402,-0.0003086469972020402,0.0,0,False,0.0,1.6192566296833601,-0.017235008960093667,0.0,0.15718124894930038,0.0,0.0,0.0,0.0,0.0,0.0,0.125,0.0,0.0,0.125,0.125,0.31829382074795154,0.0,0.0,0.14952493030274805,0.0,0.0
2018-10-01,-0.05612095244496152,-0.05798812499427189,0.4667931373275925,6,True,0.0018671725493103698,1.6157343526307384,-0.01937276187251291,0.0,0.06178978496266422,0.0,0.0,0.125,0.34179313732759253,0.0,0.0,0.0,0.0,0.0,0.125,0.125,0.22141707770974334,0.0,0.0,0.0,0.0,0.0
2018-11-01,0.009642823734511948,0.008895664594661292,0.18678978496266418,5,True,0.0007471591398506567,1.5239183409875954,-0.07509806211564873,0.0,0.0,0.0,0.0,0.0,0.4024637996334575,0.0,0.0,0.0,0.0,0.0,0.125,0.125,0.22253620036654248,0.0,0.0,0.0,0.125,0.0
2018-12-01,-0.07808035707644823,-0.07897870742750647,0.2245875877645605,5,True,0.000898350351058242,1.5226442508137967,-0.07587133745402552,0.0,0.0,0.0,0.0,0.0,0.3133766583772497,0.0,0.0,0.0,0.0,0.0,0.0,0.125,0.2120357538581898,0.0,0.0,0.2245875877645605,0.125,0.0
2019-01-01,-0.0037124209475368763,-0.007712420947536876,1.0,9,True,0.004,1.4088628646390655,-0.1449279409069223,0.5,0.0,0.0,0.0,0.0,0.0,0.0,0.0,0.0,0.0,0.0,0.0,0.0,0.0,0.5,0.0,0.0,0.0,0.0
2019-02-01,-0.007823639444266468,-0.009823639444266468,0.5,4,True,0.002,1.3952220062529848,-0.1532068991793949,0.0,0.0,0.0,0.0,0.0,0.20597009572671965,0.0,0.0,0.0,0.0,0.0,0.0,0.0,0.0,0.7051694841580818,0.0,0.08886042011519854,0.0,0.0
2019-03-01,0.0219877687992212,0.019167090862588873,0.7051694841580818,9,True,0.002820677936632327,1.3804016101150351,-0.1622017466981407,0.0,0.0,0.0,0.125,0.0,0.2826697181081937,0.0,0.0,0.0,0.125,0.0,0.0,0.0,0.22818422613669295,0.0,0.0,0.23914605575511333,0.0,0.0
2019-04-01,0.011432861577489472,0.01032741310948996,0.2763621169998782,7,True,0.0011054484679995128,1.4091940462049566,-0.14472693901341815,0.0,0.0,0.0,0.0,0.0,0.25630760110831546,0.0,0.0,0.0,0.0,0.125,0.0,0.125,0.2349777156530982,0.0,0.0,0.25871468323858626,0.0,0.0
2019-05-01,-0.02272899179583447,-0.024254222200267735,0.3813076011083155,6,True,0.001525230404433262,1.4231312478952372,-0.1362681230090962,0.0,0.0,0.0,0.0,0.0,0.0,0.0,0.0,0.0,0.0,0.0,0.0,0.125,0.3023779125730264,0.17756773330098546,0.0,0.2700543541259881,0.125,0.0
2019-06-01,0.03064336546216685,0.028027224832749387,0.6540351573543655,10,True,0.0026161406294174616,1.3910702523369631,-0.15572669642788717,0.0,0.0,0.0,0.125,0.0,0.2790351573543654,0.0,0.0,0.0,0.125,0.0,0.125,0.0,0.0,0.12808711923744182,0.0,0.21787772340819272,0.0,0.0
2019-07-01,0.01782164163113835,0.015705501001720888,0.5290351573543655,8,True,0.0021161406294174616,1.426920604596573,-0.1339682731666635,0.0,0.0,0.0,0.16299650142934277,0.0,0.0,0.0,0.0,0.0,0.0,0.0,0.125,0.125,0.125,0.20730536928849902,0.0,0.2546981292821582,0.0,0.0
2019-08-01,0.053362987521428824,0.052240840384646915,0.28053678419547745,7,True,0.00112214713678191,1.4507209210993142,-0.11952330045153736,0.0,0.0,0.0,0.2662009167809257,0.0,0.0,0.0,0.0,0.0,0.125,0.0,0.125,0.0,0.0,0.1985641697414386,0.0,0.28523491347763563,0.0,0.0
2019-09-01,-0.019097381873943796,-0.019097381873943796,0.0,0,False,0.0,1.5188742247031162,-0.07815945510564681,0.0,0.0,0.0,0.2662009167809257,0.0,0.0,0.0,0.0,0.0,0.125,0.0,0.125,0.0,0.0,0.1985641697414386,0.0,0.28523491347763563,0.0,0.0
2019-10-01,0.015909492513211602,0.015226197512677127,0.1708237501336189,5,True,0.0006832950005344757,1.4888496844621326,-0.09638205582254333,0.0,0.0,0.0,0.2788704731966753,0.0,0.0,0.0,0.0,0.0,0.125,0.0,0.0,0.0,0.125,0.1527404196078197,0.0,0.31838910719550495,0.0,0.0
2019-11-01,-0.017843361085048665,-0.018343361085048665,0.125,2,True,0.0005,1.511780259106695,-0.08246494992839615,0.0,0.0,0.0,0.2788704731966753,0.0,0.0,0.0,0.0,0.0,0.125,0.0,0.0,0.125,0.0,0.1527404196078197,0.0,0.31838910719550495,0.0,0.0
2019-12-01,0.032944003479713616,0.031444003479713614,0.375,6,True,0.0015,1.49809873265086,-0.09076859061036158,0.0,0.0,0.0,0.1538704731966753,0.0,0.0,0.0,0.0,0.0,0.0,0.0,0.0,0.125,0.125,0.1527404196078197,0.125,0.19338910719550498,0.125,0.0
2020-01-01,-0.018403633181569845,-0.020857621463240113,0.6134970704175674,9,True,0.0024539882816702694,1.5365756733133686,-0.06741602897667676,0.0,0.1755744242294145,0.0,0.0,0.0,0.0,0.0,0.0,0.0,0.0,0.125,0.0,0.125,0.31292264618815296,0.0,0.0,0.13650292958243257,0.0,0.125
2020-02-01,-0.013019160612894744,-0.015267470028142133,0.5620773538118471,9,True,0.002248309415247388,1.493085662738545,-0.09381114082577868,0.0,0.0,0.0,0.30615325065147747,0.0,0.0,0.0,0.0,0.0,0.0,0.0,0.125,0.125,0.3142756645730355,0.129571084775487,0.0,0.0,0.0,0.0
2020-03-01,-0.07515766843234167,-0.07641477109063381,0.3142756645730355,6,True,0.0012571026582921421,1.4336269028996587,-0.12989806275595694,0.0,0.0,0.0,0.3140085051572258,0.0,0.0,0.0,0.0,0.0,0.125,0.0,0.125,0.125,0.0,0.17639264101532304,0.0,0.1345988538274512,0.0,0.0
2020-04-01,0.025424508265340363,0.022886112850030556,0.6345988538274512,8,True,0.002538395415309805,1.3208507077751424,-0.19834459208264732,0.0,0.0,0.0,0.29924323750442877,0.0,0.0,0.0,0.0,0.0,0.0,0.0,0.0,0.0,0.0,0.7007567624955713,0.0,0.0,0.0,0.0
2020-05-01,-0.015518808990293018,-0.015518808990293018,0.0,0,False,0.0,1.354432687512252,-0.1779628975380978,0.0,0.0,0.0,0.29924323750442877,0.0,0.0,0.0,0.0,0.0,0.0,0.0,0.0,0.0,0.0,0.7007567624955713,0.0,0.0,0.0,0.0
2020-06-01,0.03396964403564708,0.03155532157562104,0.6035806150065104,8,True,0.0024143224600260416,1.3301942151700852,-0.19267379735317458,0.0,0.0,0.0,0.3621656047799432,0.0,0.0,0.0,0.0,0.0,0.0,0.125,0.125,0.125,0.10358061500651035,0.15925378021354647,0.0,0.0,0.0,0.0
2020-07-01,0.08239294598907565,0.08223335145524592,0.03989863345743215,3,True,0.00015959453382972862,1.3751609359576644,-0.16538243529122587,0.0,0.0,0.0,0.32226697132251103,0.0,0.0,0.0,0.0,0.0,0.0,0.125,0.125,0.125,0.11449559818087267,0.1882374304966163,0.0,0.0,0.0,0.0
2020-08-01,0.03415879880950103,0.03415879880950103,0.0,0,False,0.0,1.479656710872117,-0.1019614880398988,0.0,0.0,0.0,0.32226697132251103,0.0,0.0,0.0,0.0,0.0,0.0,0.125,0.125,0.125,0.11449559818087267,0.1882374304966163,0.0,0.0,0.0,0.0
2020-09-01,-0.03124698679743492,-0.031472862807499044,0.05646900251603044,3,True,0.00022587601006412178,1.5298543712937975,-0.07149534549633918,0.0,0.0,0.0,0.26579796880648054,0.0,0.0,0.0,0.0,0.0,0.0,0.125,0.125,0.125,0.14466456171597525,0.21453746947754412,0.0,0.0,0.0,0.0
2020-10-01,-0.016409180929053618,-0.016909180929053618,0.125,2,True,0.0005,1.481310006436006,-0.10095806401788354,0.0,0.0,0.0,0.14079796880648057,0.0,0.0,0.0,0.0,0.0,0.0,0.125,0.125,0.125,0.26966456171597525,0.21453746947754412,0.0,0.0,0.0,0.0
2020-11-01,0.050151990404934566,0.049651990404934565,0.125,2,True,0.0005,1.4433937748803687,-0.12397031808679515,0.0,0.0,0.0,0.14079796880648057,0.0,0.0,0.0,0.0,0.0,0.0,0.125,0.125,0.125,0.14466456171597525,0.21453746947754412,0.0,0.0,0.0,0.125
2020-12-01,0.025523944776366075,0.025523944776366075,0.0,0,False,0.0,1.5150249542058971,-0.08049566804210351,0.0,0.0,0.0,0.14079796880648057,0.0,0.0,0.0,0.0,0.0,0.0,0.125,0.125,0.125,0.14466456171597525,0.21453746947754412,0.0,0.0,0.0,0.125
2021-01-01,0.026166085775119252,0.02516608577511925,0.25,4,True,0.001,1.5513941865316137,-0.05842232424625293,0.0,0.0,0.0,0.14079796880648057,0.0,0.0,0.0,0.125,0.125,0.0,0.125,0.0,0.125,0.14466456171597525,0.21453746947754412,0.0,0.0,0.0,0.0
2021-02-01,0.014451029839936354,0.013092879962026177,0.33953746947754415,6,True,0.0013581498779101763,1.5882361155024807,-0.03606208972182978,0.0,0.16531068830285714,0.0,0.14713466836657854,0.0,0.0,0.0,0.0,0.125,0.0,0.125,0.0,0.125,0.18755464333056426,0.0,0.0,0.0,0.0,0.125
2021-03-01,0.0033871946531552274,0.0028871946531552274,0.125,2,True,0.0005,1.6103821691189721,-0.027883157568746708,0.0,0.16531068830285714,0.0,0.14713466836657854,0.0,0.0,0.0,0.125,0.125,0.0,0.125,0.0,0.0,0.18755464333056426,0.0,0.0,0.0,0.0,0.125
2021-04-01,0.04178318149762409,0.040078066468285586,0.4262787573346251,8,True,0.0017051150293385005,1.6130816592989838,-0.02625359415188222,0.0,0.17940862792367138,0.0,0.0,0.125,0.0,0.0,0.125,0.125,0.0,0.0,0.0,0.0,0.1584105543625177,0.0,0.0,0.16218081771381088,0.125,0.0
2021-05-01,0.020445768691865353,0.020445768691865353,0.0,0,False,0.0,1.6703424179787358,-0.0074068848745001414,0.0,0.17940862792367138,0.0,0.0,0.125,0.0,0.0,0.125,0.125,0.0,0.0,0.0,0.0,0.1584105543625177,0.0,0.0,0.16218081771381088,0.125,0.0
2021-06-01,0.0057235339518252135,0.0057235339518252135,0.0,0,False,0.0,1.7044938526929396,0.0,0.0,0.17940862792367138,0.0,0.0,0.125,0.0,0.0,0.125,0.125,0.0,0.0,0.0,0.0,0.1584105543625177,0.0,0.0,0.16218081771381088,0.125,0.0
2021-07-01,0.008704314187867029,0.008083324464480984,0.15524743084651127,5,True,0.000620989723386045,1.7131850497563041,-0.006971492354290287,0.0,0.16043186516683922,0.0,0.0,0.125,0.0,0.0,0.125,0.125,0.0,0.0,0.0,0.0,0.18865798520902896,0.0,0.0,0.27591014962413174,0.0,0.0
2021-08-01,0.027378350233413846,0.026878350233413846,0.125,2,True,0.0005,1.7330920261967049,-0.0023890182189683085,0.0,0.16043186516683922,0.0,0.0,0.125,0.0,0.0,0.0,0.125,0.0,0.0,0.0,0.125,0.18865798520902896,0.0,0.0,0.27591014962413174,0.0,0.0
2021-09-01,-0.04137741237929082,-0.041877412379290824,0.125,2,True,0.0005,1.7787611305852857,0.0,0.0,0.16043186516683922,0.0,0.0,0.0,0.0,0.0,0.0,0.125,0.0,0.0,0.0,0.125,0.313657985209029,0.0,0.0,0.27591014962413174,0.0,0.0
2021-10-01,0.054331360061732115,0.053331360061732114,0.25,4,True,0.001,1.7034554371630442,-0.045975418772052024,0.0,0.16043186516683922,0.0,0.0,0.125,0.0,0.0,0.125,0.125,0.0,0.0,0.0,0.0,0.18865798520902896,0.0,0.0,0.27591014962413174,0.0,0.0
2021-11-01,-0.04830165297202696,-0.04880165297202696,0.125,2,True,0.0005,1.7951084846247296,0.0,0.0,0.16043186516683922,0.0,0.0,0.125,0.0,0.0,0.0,0.125,0.0,0.0,0.0,0.125,0.18865798520902896,0.0,0.0,0.27591014962413174,0.0,0.0
2021-12-01,0.07197496810974277,0.07147496810974277,0.125,2,True,0.0005,1.7075475766644679,-0.06032561686460158,0.0,0.16043186516683922,0.0,0.0,0.125,0.0,0.0,0.0,0.0,0.0,0.0,0.0,0.125,0.313657985209029,0.0,0.0,0.27591014962413174,0.0,0.0
2022-01-01,-0.03990021968095023,-0.03990021968095023,0.0,0,False,0.0,1.77415200015193,-0.03135586590528594,0.0,0.16043186516683922,0.0,0.0,0.125,0.0,0.0,0.0,0.0,0.0,0.0,0.0,0.125,0.313657985209029,0.0,0.0,0.27591014962413174,0.0,0.0
2022-02-01,-0.022611025442771958,-0.02322977405927307,0.1546871541252786,5,True,0.0006187486165011144,1.7023089921324819,-0.07058041278052463,0.0,0.19011901929211786,0.0,0.0,0.125,0.0,0.0,0.0,0.0,0.0,0.0,0.0,0.0,0.28775153150204524,0.0,0.0,0.2721294492058369,0.125,0.0
2022-03-01,0.03696384798298813,0.03557285822536853,0.3477474394049003,6,True,0.0013909897576196012,1.6615036863474546,-0.09285912401001517,0.0,0.0,0.0,0.34774743940490027,0.125,0.0,0.0,0.0,0.0,0.0,0.0,0.0,0.0,0.13749247934056158,0.0,0.0,0.2647600812545381,0.125,0.0
2022-04-01,-0.04460224107141578,-0.044720624254712814,0.02959579582425946,3,True,0.00011838318329703785,1.722715291366683,-0.05943906635130236,0.0,0.0,0.0,0.31815164358064085,0.125,0.0,0.0,0.0,0.0,0.0,0.0,0.0,0.0,0.14729364127987624,0.0,0.0,0.28455471513948294,0.125,0.0
2022-05-01,-0.0054008207002021295,-0.0054008207002021295,0.0,0,False,0.0,1.6619322537058798,-0.09262513658516791,0.0,0.0,0.0,0.31815164358064085,0.125,0.0,0.0,0.0,0.0,0.0,0.0,0.0,0.0,0.14729364127987624,0.0,0.0,0.28455471513948294,0.125,0.0
2022-06-01,0.003071896064255508,-0.0009281039357444919,1.0,9,True,0.004,1.6463446297653808,-0.10113560270822042,0.5,0.0,0.0,0.0,0.0,0.0,0.5,0.0,0.0,0.0,0.0,0.0,0.0,0.0,0.0,0.0,0.0,0.0,0.0
2022-07-01,0.0025318735561674077,0.0005318735561674077,0.5,2,True,0.002,1.6480992252952573,-0.1001776359344726,0.0,0.0,0.0,0.5,0.0,0.0,0.5,0.0,0.0,0.0,0.0,0.0,0.0,0.0,0.0,0.0,0.0,0.0,0.0
2022-08-01,-0.026703423929547554,-0.028703423929547556,0.5,2,True,0.002,1.6489674601334388,-0.09970360068667583,0.5,0.0,0.0,0.0,0.0,0.0,0.5,0.0,0.0,0.0,0.0,0.0,0.0,0.0,0.0,0.0,0.0,0.0,0.0
2022-09-01,-0.015106037001168915,-0.015106037001168915,0.0,0,False,0.0,1.604934382999467,-0.12374459709978436,0.5,0.0,0.0,0.0,0.0,0.0,0.5,0.0,0.0,0.0,0.0,0.0,0.0,0.0,0.0,0.0,0.0,0.0,0.0
2022-10-01,-0.013152481118441584,-0.013152481118441584,0.0,0,False,0.0,1.573064396582407,-0.14114483980385917,0.5,0.0,0.0,0.0,0.0,0.0,0.5,0.0,0.0,0.0,0.0,0.0,0.0,0.0,0.0,0.0,0.0,0.0,0.0
2022-11-01,0.02277311816541039,0.02277311816541039,0.0,0,False,0.0,1.5523746968082643,-0.15244091608181498,0.5,0.0,0.0,0.0,0.0,0.0,0.5,0.0,0.0,0.0,0.0,0.0,0.0,0.0,0.0,0.0,0.0,0.0,0.0
2022-12-01,-0.00030801839049837687,-0.002308018390498377,0.5,2,True,0.002,1.5845516549972407,-0.134873074205756,0.0,0.0,0.0,0.5,0.0,0.0,0.5,0.0,0.0,0.0,0.0,0.0,0.0,0.0,0.0,0.0,0.0,0.0,0.0
2023-01-01,0.04748407347491557,0.04748407347491557,0.0,0,False,0.0,1.5713268008274086,-0.14209352511118511,0.0,0.0,0.0,0.5,0.0,0.0,0.5,0.0,0.0,0.0,0.0,0.0,0.0,0.0,0.0,0.0,0.0,0.0,0.0
2023-02-01,-0.05464837404815681,-0.05464837404815681,0.0,0,False,0.0,1.645939798091001,-0.10135663102295889,0.0,0.0,0.0,0.5,0.0,0.0,0.5,0.0,0.0,0.0,0.0,0.0,0.0,0.0,0.0,0.0,0.0,0.0,0.0
2023-03-01,0.02420886075949369,0.022208860759493687,0.5,2,True,0.002,1.552879880615488,-0.1521650979267387,0.5,0.0,0.0,0.0,0.0,0.0,0.5,0.0,0.0,0.0,0.0,0.0,0.0,0.0,0.0,0.0,0.0,0.0,0.0
2023-04-01,-0.006927215917388707,-0.008927215917388707,0.5,2,True,0.002,1.588261953844702,-0.1328473406643097,0.0,0.0,0.0,0.5,0.0,0.0,0.5,0.0,0.0,0.0,0.0,0.0,0.0,0.0,0.0,0.0,0.0,0.0,0.0
2023-05-01,0.002393970085922946,-0.0009682507093719778,0.840555198823731,8,True,0.0033622207952949236,1.5688127116758297,-0.14346615705538135,0.0,0.17290410208086623,0.125,0.2844448011762691,0.0,0.0,0.0,0.0,0.0,0.0,0.0,0.0,0.125,0.16765109674286469,0.0,0.125,0.0,0.0,0.0
2023-06-01,0.019149786523039405,0.018649786523039405,0.125,2,True,0.0005,1.5717821181768088,-0.14184493283746213,0.0,0.17290410208086623,0.0,0.2844448011762691,0.0,0.0,0.0,0.0,0.0,0.0,0.0,0.0,0.125,0.2926510967428647,0.0,0.125,0.0,0.0,0.0
2023-07-01,0.023814310983497296,0.023314310983497295,0.125,2,True,0.0005,1.6003056026284572,-0.1262717993654343,0.0,0.17290410208086623,0.0,0.15944480117626908,0.0,0.0,0.0,0.125,0.0,0.0,0.0,0.0,0.125,0.2926510967428647,0.0,0.125,0.0,0.0,0.0
2023-08-01,-0.014000423574889799,-0.014651384982368109,0.1627403518695774,5,True,0.0006509614074783096,1.6365305578610176,-0.106493848890583,0.0,0.13516375021128887,0.125,0.17419993792986843,0.0,0.0,0.0,0.125,0.0,0.0,0.0,0.0,0.125,0.3156363118588428,0.0,0.0,0.0,0.0,0.0
2023-09-01,-0.04561814162431985,-0.04611814162431985,0.125,2,True,0.0005,1.6128116276392837,-0.11944381181614805,0.0,0.13516375021128887,0.0,0.17419993792986843,0.125,0.0,0.0,0.125,0.0,0.0,0.0,0.0,0.125,0.3156363118588428,0.0,0.0,0.0,0.0,0.0
2023-10-01,0.0054826942544357275,0.0048664757339427316,0.15405463012324888,5,True,0.0006162185204929956,1.5485683104321877,-0.15451911109270977,0.0,0.14398427233198194,0.125,0.19443404593242422,0.125,0.0,0.0,0.0,0.0,0.0,0.0,0.0,0.125,0.28658168173559384,0.0,0.0,0.0,0.0,0.0
2023-11-01,0.05668454363625779,0.05618454363625779,0.125,2,True,0.0005,1.5553210990664557,-0.150832251624747,0.0,0.14398427233198194,0.0,0.3194340459324242,0.125,0.0,0.0,0.0,0.0,0.0,0.0,0.0,0.125,0.28658168173559384,0.0,0.0,0.0,0.0,0.0
2023-12-01,0.01610261498802097,0.015602614988020968,0.125,2,True,0.0005,1.6426620238919933,-0.10314621655479839,0.0,0.14398427233198194,0.125,0.3194340459324242,0.0,0.0,0.0,0.0,0.0,0.0,0.0,0.0,0.125,0.28658168173559384,0.0,0.0,0.0,0.0,0.0
2024-01-01,0.016143125914436722,0.014978409448748613,0.29117911642202754,7,True,0.0011647164656881101,1.6808192445086183,-0.08231329585776315,0.0,0.1620630867258337,0.0,0.15325492951039668,0.0,0.0,0.0,0.125,0.125,0.0,0.0,0.0,0.125,0.30968198376376965,0.0,0.0,0.0,0.0,0.0
2024-02-01,0.048875389290750346,0.048375389290750345,0.125,2,True,0.0005,1.7051106585020126,-0.06905077062229703,0.0,0.1620630867258337,0.0,0.15325492951039668,0.0,0.0,0.0,0.125,0.0,0.0,0.0,0.125,0.125,0.30968198376376965,0.0,0.0,0.0,0.0,0.0
2024-03-01,0.027440051055702273,0.027440051055702273,0.0,0,False,0.0,1.788448605720106,-0.023550264626537754,0.0,0.1620630867258337,0.0,0.15325492951039668,0.0,0.0,0.0,0.125,0.0,0.0,0.0,0.125,0.125,0.30968198376376965,0.0,0.0,0.0,0.0,0.0
2024-04-01,-0.03486421777748926,-0.03486421777748926,0.0,0,False,0.0,1.8375237267715652,0.0,0.0,0.1620630867258337,0.0,0.15325492951039668,0.0,0.0,0.0,0.125,0.0,0.0,0.0,0.125,0.125,0.30968198376376965,0.0,0.0,0.0,0.0,0.0
2024-05-01,0.047724539378299374,0.047224539378299374,0.125,2,True,0.0005,1.7725731694404026,-0.03785800382776727,0.0,0.1620630867258337,0.0,0.27825492951039665,0.0,0.0,0.0,0.0,0.0,0.0,0.0,0.125,0.125,0.30968198376376965,0.0,0.0,0.0,0.0,0.0
2024-06-01,0.017495954492244174,0.017495954492244174,0.0,0,False,0.0,1.8505411516859538,-0.017138677799254154,0.0,0.1620630867258337,0.0,0.27825492951039665,0.0,0.0,0.0,0.0,0.0,0.0,0.0,0.125,0.125,0.30968198376376965,0.0,0.0,0.0,0.0,0.0
2024-07-01,-0.002053282319143657,-0.002175814492074054,0.0306330432325993,3,True,0.0001225321729303972,1.8826874174112886,-0.004296802042501158,0.0,0.16639542914108374,0.0,0.24762188627779738,0.0,0.0,0.0,0.0,0.0,0.0,0.0,0.125,0.125,0.3359826845811189,0.0,0.0,0.0,0.0,0.0
2024-08-01,0.021755803368965522,0.02108635004609161,0.16736333071847798,4,True,0.0006694533228739119,1.8775639451753285,-0.04128962294849037,0.0,0.0,0.0,0.2562537183003542,0.0,0.0,0.0,0.0,0.0,0.0,0.0,0.125,0.125,0.33501478300372467,0.0,0.0,0.15873149869592115,0.0,0.0
2024-09-01,0.04020576485269889,0.03955696451369304,0.16220008475146236,5,True,0.0006488003390058494,1.948868248195834,-0.004880649816126459,0.0,0.0,0.0,0.27586953342229437,0.0,0.0,0.0,0.0,0.0,0.0,0.0,0.125,0.0,0.29781469825226226,0.0,0.0,0.30131576832544327,0.0,0.0
2024-10-01,-0.01122984604076313,-0.011729846040763131,0.125,2,True,0.0005,2.0248957687403175,-0.00962290712465974,0.0,0.0,0.0,0.27586953342229437,0.0,0.0,0.0,0.0,0.0,0.0,0.125,0.125,0.0,0.17281469825226228,0.0,0.0,0.30131576832544327,0.0,0.0
2024-11-01,0.029241210530650413,0.02824121053065041,0.25,4,True,0.001,2.0001543445077616,-0.024270012914896055,0.0,0.0,0.0,0.27586953342229437,0.0,0.0,0.0,0.0,0.0,0.0,0.0,0.125,0.125,0.29781469825226226,0.0,0.0,0.1763157683254433,0.0,0.0
2024-12-01,-0.03923558558760902,-0.03973558558760902,0.125,2,True,0.0005,2.066926457945444,0.0,0.0,0.0,0.0,0.1508695334222944,0.0,0.0,0.0,0.0,0.125,0.0,0.0,0.125,0.125,0.29781469825226226,0.0,0.0,0.1763157683254433,0.0,0.0
2025-01-01,0.02827952602800396,0.026602664328522218,0.4192154248704355,6,True,0.001676861699481742,1.9447836684213813,-0.06229160941390299,0.0,0.0,0.0,0.21468503556110924,0.0,0.29421542487043556,0.0,0.0,0.0,0.0,0.0,0.125,0.125,0.24109953956845528,0.0,0.0,0.0,0.0,0.0
2025-02-01,0.013684044676409603,0.012007182976927861,0.41921542487043556,6,True,0.0016768616994817423,2.002718120720479,-0.03435759140100436,0.0,0.0,0.0,0.28474030060235445,0.0,0.0,0.0,0.0,0.0,0.0,0.125,0.125,0.125,0.19676145812668314,0.0,0.0,0.14349824127096242,0.0,0.0
2025-03-01,0.009347968188402658,0.008847968188402658,0.125,2,True,0.0005,2.0385940128480677,-0.024661568339432005,0.0,0.0,0.125,0.28474030060235445,0.0,0.0,0.0,0.0,0.0,0.0,0.125,0.125,0.0,0.19676145812668314,0.0,0.0,0.14349824127096242,0.0,0.0
2025-04-01,-0.006331253597817146,-0.006993958470953125,0.16567621828399487,5,True,0.0006627048731359795,2.05525896611185,-0.01668844113629364,0.0,0.0,0.125,0.3232167997808818,0.125,0.0,0.0,0.0,0.0,0.0,0.125,0.0,0.0,0.15608523984268827,0.0,0.0,0.14569796037642996,0.0,0.0
2025-05-01,0.049428663273274616,0.048805635069846545,0.15575705085701846,5,True,0.0006230282034280739,2.040974223157813,-0.02352278809388131,0.0,0.0,0.125,0.32892796552259873,0.0,0.0,0.0,0.0,0.0,0.0,0.125,0.125,0.0,0.12532818898566975,0.0,0.0,0.17074384549173147,0.0,0.0
2025-06-01,0.005674390964634214,0.004934162334646569,0.18505715749691137,4,True,0.0007402286299876455,2.114420554248354,-0.006142109129252726,0.0,0.17534748275962292,0.125,0.31461465351741885,0.0,0.0,0.0,0.0,0.0,0.0,0.125,0.125,0.0,0.13503786372295823,0.0,0.0,0.0,0.0,0.0
2025-07-01,0.0018527696969284388,0.0018527696969284388,0.0,0,False,0.0,2.124844567207438,-0.004569177140977709,0.0,0.17534748275962292,0.125,0.31461465351741885,0.0,0.0,0.0,0.0,0.0,0.0,0.125,0.125,0.0,0.13503786372295823,0.0,0.0,0.0,0.0,0.0
2025-08-01,0.04187544078597974,0.04111559576268314,0.18996125582415146,5,True,0.0007598450232966058,2.127163870868496,-0.026377082580632538,0.0,0.18477386391258618,0.0,0.2496533976932674,0.0,0.0,0.0,0.0,0.0,0.0,0.125,0.125,0.125,0.1905727383941464,0.0,0.0,0.0,0.0,0.0
2025-09-01,0.06477076172373501,0.0646479173331676,0.030711097641851287,3,True,0.00012284439056740515,2.2126125649487847,-0.0008025572563550298,0.0,0.15406276627073492,0.0,0.27104648095640643,0.0,0.0,0.0,0.0,0.0,0.0,0.125,0.125,0.125,0.19989075277285867,0.0,0.0,0.0,0.0,0.0
2025-10-01,0.014514488580330562,0.014514488580330562,0.0,0,False,0.0,2.355635753988763,0.0,0.0,0.15406276627073492,0.0,0.27104648095640643,0.0,0.0,0.0,0.0,0.0,0.0,0.125,0.125,0.125,0.19989075277285867,0.0,0.0,0.0,0.0,0.0
2025-11-01,0.0066481854201183655,0.005936150072537855,0.17800883689512745,5,True,0.0007120353475805098,2.3870122637213735,-0.021405757318003982,0.0,0.20591462464835505,0.0,0.218037644061279,0.0,0.0,0.0,0.0,0.0,0.0,0.125,0.0,0.125,0.326047731290366,0.0,0.0,0.0,0.0,0.0
2025-12-01,0.012577672089731623,0.012077672089731623,0.125,2,True,0.0005,2.399970041927558,-0.016093506793260715,0.0,0.20591462464835505,0.125,0.218037644061279,0.0,0.0,0.0,0.0,0.0,0.0,0.125,0.0,0.125,0.201047731290366,0.0,0.0,0.0,0.0,0.0
2026-01-01,0.0403954676701557,0.0398954676701557,0.125,2,True,0.0005,2.320262050921325,-0.05527021171686808,0.0,0.20591462464835505,0.125,0.218037644061279,0.0,0.0,0.0,0.0,0.0,0.0,0.125,0.0,0.0,0.201047731290366,0.0,0.125,0.0,0.0,0.0
2026-02-01,0.042836497393624204,0.0423364973936242,0.125,2,True,0.0005,2.4298479347090627,-0.034005462516628615,0.0,0.20591462464835505,0.125,0.218037644061279,0.0,0.0,0.0,0.0,0.0,0.0,0.0,0.0,0.0,0.201047731290366,0.0,0.125,0.0,0.0,0.125
2026-03-01,-0.028685323806963557,-0.02930406374038437,0.15468498335520334,5,True,0.0006187399334208134,2.5513951150242793,0.0,0.0,0.2027494728312172,0.125,0.19151781252321354,0.125,0.0,0.0,0.0,0.0,0.0,0.0,0.0,0.0,0.23073271464556933,0.0,0.125,0.0,0.0,0.0
2026-04-01,0.041369818730983575,0.041267347203367374,0.025617881904050357,3,True,0.00010247152761620142,2.476420365450409,-0.02938578549922355,0.0,0.1771315909271668,0.125,0.2078948018781331,0.125,0.0,0.0,0.0,0.0,0.0,0.0,0.0,0.0,0.23997360719470007,0.0,0.125,0.0,0.0,0.0
2026-05-01,0.018655202956642677,0.01754197394975717,0.27830725172137694,7,True,0.0011132290068855079,2.5759985548196234,-0.003398951519938076,0.0,0.16130839803179103,0.0,0.2362020535995101,0.125,0.0,0.0,0.0,0.125,0.0,0.0,0.125,0.0,0.2274895483686989,0.0,0.0,0.0,0.0,0.0
2026-06-01,-0.023312067541295813,-0.023812067541295813,0.125,2,True,0.0005,2.6227423035104636,-0.005249113462786115,0.0,0.16130839803179103,0.0,0.1112020535995101,0.125,0.0,0.0,0.0,0.125,0.0,0.0,0.125,0.125,0.2274895483686989,0.0,0.0,0.0,0.0,0.0
2026-07-01,0.0,-0.0005,0.125,2,True,0.0005,2.5603199574087214,-0.030858054052099182,0.0,0.16130839803179103,0.0,0.1112020535995101,0.0,0.0,0.0,0.125,0.125,0.0,0.0,0.125,0.125,0.2274895483686989,0.0,0.0,0.0,0.0,0.0
