date,gross_return,net_return,turnover,operations,signal_changed,trade_cost,equity,drawdown,w__CASH,w_efv.us,w_gld.us,w_gsg.us,w_ief.us,w_ijh.us,w_ijr.us,w_lqd.us,w_mchi.us,w_mtum.us,w_qqq.us,w_rsp.us,w_spy.us,w_tlt.us,w_vea.us,w_vnq.us,w_vtv.us,w_vwo.us,w_xle.us,w_xlf.us,w_xli.us,w_xlp.us,w_xlv.us
2005-12-01,0.008716416854843534,0.006716416854843534,0.5,3,True,0.002,0.998,0.0,0.5,0.0,0.0,0.0,0.0,0.0,0.0,0.0,0.0,0.0,0.0,0.25,0.0,0.0,0.0,0.0,0.0,0.0,0.25,0.0,0.0,0.0,0.0
2006-01-01,0.014988913650251373,0.013988913650251372,0.25,2,True,0.001,0.9907743825495998,-0.018054364936839207,0.5,0.0,0.0,0.0,0.0,0.0,0.0,0.0,0.0,0.0,0.0,0.0,0.0,0.0,0.0,0.0,0.0,0.0,0.25,0.25,0.0,0.0,0.0
2006-02-01,-0.011391888408369355,-0.012391888408369356,0.25,2,True,0.001,1.0036147698130977,-0.00968021051744583,0.5,0.0,0.0,0.0,0.0,0.0,0.0,0.0,0.0,0.0,0.0,0.25,0.0,0.0,0.0,0.0,0.0,0.0,0.25,0.0,0.0,0.0,0.0
2006-03-01,0.008834650978820302,0.008834650978820302,0.0,0,False,0.0,0.9921817023503956,-0.020961823047830896,0.5,0.0,0.0,0.0,0.0,0.0,0.0,0.0,0.0,0.0,0.0,0.25,0.0,0.0,0.0,0.0,0.0,0.0,0.25,0.0,0.0,0.0,0.0
2006-04-01,0.01651152840411607,0.01651152840411607,0.0,0,False,0.0,0.9997668262409549,-0.013477180015029955,0.5,0.0,0.0,0.0,0.0,0.0,0.0,0.0,0.0,0.0,0.0,0.25,0.0,0.0,0.0,0.0,0.0,0.0,0.25,0.0,0.0,0.0,0.0
2006-05-01,-0.012620756955529389,-0.01362075695552939,0.25,2,True,0.001,1.0152582300853357,-0.009876164949530697,0.5,0.0,0.0,0.0,0.0,0.0,0.0,0.0,0.0,0.0,0.0,0.0,0.0,0.0,0.0,0.0,0.0,0.0,0.25,0.0,0.25,0.0,0.0
2006-06-01,-0.005187377574325691,-0.006187377574325691,0.25,2,True,0.001,1.0014424578136112,-0.026944889138725392,0.5,0.0,0.0,0.0,0.0,0.0,0.0,0.0,0.0,0.0,0.0,0.0,0.0,0.0,0.0,0.0,0.0,0.0,0.0,0.25,0.25,0.0,0.0
2006-07-01,-0.014489583376188692,-0.014489583376188692,0.0,0,False,0.0,0.9925172126870943,-0.03561713517571474,0.5,0.0,0.0,0.0,0.0,0.0,0.0,0.0,0.0,0.0,0.0,0.0,0.0,0.0,0.0,0.0,0.0,0.0,0.0,0.25,0.25,0.0,0.0
2006-08-01,-0.0053356409619447764,-0.0063356409619447765,0.25,2,True,0.001,0.9771579157297806,-0.05054105046105184,0.5,0.0,0.0,0.0,0.0,0.0,0.0,0.0,0.0,0.0,0.0,0.0,0.0,0.0,0.0,0.0,0.0,0.0,0.25,0.25,0.0,0.0,0.0
2006-09-01,-0.02057511908565518,-0.02157511908565518,0.25,2,True,0.001,0.9709722077763959,-0.05655141550137299,0.5,0.0,0.0,0.0,0.0,0.0,0.0,0.0,0.0,0.0,0.0,0.0,0.0,0.0,0.0,0.0,0.0,0.0,0.25,0.0,0.0,0.25,0.0
2006-10-01,0.009000875905158967,0.008000875905158966,0.25,2,True,0.001,0.9552169122094054,-0.07186010423827838,0.5,0.0,0.0,0.0,0.0,0.0,0.0,0.0,0.0,0.0,0.0,0.0,0.0,0.0,0.0,0.0,0.0,0.0,0.0,0.25,0.0,0.25,0.0
2006-11-01,0.0008358815682472098,0.0008358815682472098,0.0,0,False,0.0,0.9628508863976126,-0.06444252618168611,0.5,0.0,0.0,0.0,0.0,0.0,0.0,0.0,0.0,0.0,0.0,0.0,0.0,0.0,0.0,0.0,0.0,0.0,0.0,0.25,0.0,0.25,0.0
2006-12-01,-0.006799278681387216,-0.007799278681387216,0.25,2,True,0.001,0.9626920599908163,-0.06459685042235219,0.5,0.0,0.0,0.0,0.0,0.0,0.0,0.0,0.0,0.0,0.0,0.0,0.0,0.0,0.0,0.0,0.0,0.0,0.25,0.25,0.0,0.0,0.0
2007-01-01,0.007032380811053729,0.006032380811053729,0.25,2,True,0.001,0.9630369579624483,-0.06426172908671912,0.5,0.0,0.0,0.0,0.0,0.0,0.0,0.0,0.0,0.0,0.0,0.0,0.0,0.0,0.0,0.0,0.0,0.0,0.0,0.25,0.0,0.25,0.0
2007-02-01,-0.013673741441398185,-0.013673741441398185,0.0,0,False,0.0,0.9688395911853729,-0.05862357996495393,0.5,0.0,0.0,0.0,0.0,0.0,0.0,0.0,0.0,0.0,0.0,0.0,0.0,0.0,0.0,0.0,0.0,0.0,0.0,0.25,0.0,0.25,0.0
2007-03-01,-0.00019620835326200625,-0.00019620835326200625,0.0,0,False,0.0,0.9555919291173142,-0.07149571773154217,0.5,0.0,0.0,0.0,0.0,0.0,0.0,0.0,0.0,0.0,0.0,0.0,0.0,0.0,0.0,0.0,0.0,0.0,0.0,0.25,0.0,0.25,0.0
2007-04-01,0.02777220598449487,0.025772205984494867,0.5,4,True,0.002,0.9569585567504904,-0.0701678291516934,0.5,0.0,0.0,0.0,0.0,0.0,0.0,0.0,0.0,0.0,0.0,0.25,0.0,0.0,0.0,0.0,0.0,0.0,0.0,0.0,0.0,0.0,0.25
2007-05-01,0.02093380253776267,0.019933802537762668,0.25,2,True,0.001,0.9805867677572823,-0.047209394244845604,0.5,0.0,0.0,0.0,0.0,0.0,0.0,0.0,0.0,0.0,0.0,0.25,0.0,0.0,0.0,0.0,0.0,0.0,0.0,0.0,0.25,0.0,0.0
2007-06-01,-0.003451909757769711,-0.003451909757769711,0.0,0,False,0.0,1.0011141775246561,-0.02726386384413193,0.5,0.0,0.0,0.0,0.0,0.0,0.0,0.0,0.0,0.0,0.0,0.25,0.0,0.0,0.0,0.0,0.0,0.0,0.0,0.0,0.25,0.0,0.0
2007-07-01,-0.0025158291358868823,-0.0035158291358868823,0.25,2,True,0.001,0.9931965799027181,-0.03495702561459457,0.5,0.0,0.0,0.0,0.0,0.0,0.0,0.0,0.0,0.0,0.0,0.0,0.0,0.0,0.0,0.0,0.0,0.0,0.25,0.0,0.25,0.0,0.0
2007-08-01,0.007666371674590666,0.007666371674590666,0.0,0,False,0.0,0.9897071691423266,-0.038347523938089156,0.5,0.0,0.0,0.0,0.0,0.0,0.0,0.0,0.0,0.0,0.0,0.0,0.0,0.0,0.0,0.0,0.0,0.0,0.25,0.0,0.25,0.0,0.0
2007-09-01,0.030266490739400576,0.030266490739400576,0.0,0,False,0.0,0.9915853558284159,-0.036522577192730665,0.5,0.0,0.0,0.0,0.0,0.0,0.0,0.0,0.0,0.0,0.0,0.0,0.0,0.0,0.0,0.0,0.0,0.0,0.25,0.0,0.25,0.0,0.0
2007-10-01,-0.015942431326424228,-0.015942431326424228,0.0,0,False,0.0,1.021597164817922,-0.007361496697712688,0.5,0.0,0.0,0.0,0.0,0.0,0.0,0.0,0.0,0.0,0.0,0.0,0.0,0.0,0.0,0.0,0.0,0.0,0.25,0.0,0.25,0.0,0.0
2007-11-01,-0.0077448147808049095,-0.0077448147808049095,0.0,0,False,0.0,1.0053104221745426,-0.023186567868573982,0.5,0.0,0.0,0.0,0.0,0.0,0.0,0.0,0.0,0.0,0.0,0.0,0.0,0.0,0.0,0.0,0.0,0.0,0.25,0.0,0.25,0.0,0.0
2007-12-01,0.016353919017197294,0.016353919017197294,0.0,0,False,0.0,0.9990967520679424,-0.029224102434098342,0.5,0.0,0.0,0.0,0.0,0.0,0.0,0.0,0.0,0.0,0.0,0.0,0.0,0.0,0.0,0.0,0.0,0.0,0.25,0.0,0.25,0.0,0.0
2008-01-01,-0.029893566133993493,-0.029893566133993493,0.0,0,False,0.0,1.0154604257393651,-0.013324280957378365,0.5,0.0,0.0,0.0,0.0,0.0,0.0,0.0,0.0,0.0,0.0,0.0,0.0,0.0,0.0,0.0,0.0,0.0,0.25,0.0,0.25,0.0,0.0
2008-02-01,0.012694127198820349,0.012694127198820349,0.0,0,False,0.0,0.9851046923460723,-0.042819536817384485,0.5,0.0,0.0,0.0,0.0,0.0,0.0,0.0,0.0,0.0,0.0,0.0,0.0,0.0,0.0,0.0,0.0,0.0,0.25,0.0,0.25,0.0,0.0
2008-03-01,-0.005033317776394902,-0.006033317776394902,0.25,2,True,0.001,0.9908956377133041,-0.037192744241997144,0.75,0.0,0.0,0.0,0.0,0.0,0.0,0.0,0.0,0.0,0.0,0.0,0.0,0.0,0.0,0.0,0.0,0.0,0.25,0.0,0.0,0.0,0.0
2008-04-01,0.014555538062567791,0.01355553806256779,0.25,2,True,0.001,0.9839373147034234,-0.043953823438270034,0.5,0.0,0.0,0.0,0.0,0.0,0.0,0.0,0.0,0.0,0.0,0.0,0.0,0.0,0.0,0.0,0.0,0.0,0.25,0.0,0.0,0.25,0.0
2008-05-01,0.021296103016406998,0.021296103016406998,0.0,0,False,0.0,0.99825905173877,-0.03003805692575312,0.5,0.0,0.0,0.0,0.0,0.0,0.0,0.0,0.0,0.0,0.0,0.0,0.0,0.0,0.0,0.0,0.0,0.0,0.25,0.0,0.0,0.25,0.0
2008-06-01,-0.00668010533745933,-0.00668010533745933,0.0,0,False,0.0,1.0201413739752576,-0.011956206373621825,0.5,0.0,0.0,0.0,0.0,0.0,0.0,0.0,0.0,0.0,0.0,0.0,0.0,0.0,0.0,0.0,0.0,0.0,0.25,0.0,0.0,0.25,0.0
2008-07-01,0.0,-0.002,0.5,3,True,0.002,1.0113000686937266,-0.020519330107082734,1.0,0.0,0.0,0.0,0.0,0.0,0.0,0.0,0.0,0.0,0.0,0.0,0.0,0.0,0.0,0.0,0.0,0.0,0.0,0.0,0.0,0.0,0.0
2008-08-01,0.0,0.0,0.0,0,False,0.0,1.0113000686937266,-0.020519330107082734,1.0,0.0,0.0,0.0,0.0,0.0,0.0,0.0,0.0,0.0,0.0,0.0,0.0,0.0,0.0,0.0,0.0,0.0,0.0,0.0,0.0,0.0,0.0
2008-09-01,0.0,0.0,0.0,0,False,0.0,1.0113000686937266,-0.020519330107082734,1.0,0.0,0.0,0.0,0.0,0.0,0.0,0.0,0.0,0.0,0.0,0.0,0.0,0.0,0.0,0.0,0.0,0.0,0.0,0.0,0.0,0.0,0.0
2008-10-01,0.0,0.0,0.0,0,False,0.0,1.0113000686937266,-0.020519330107082734,1.0,0.0,0.0,0.0,0.0,0.0,0.0,0.0,0.0,0.0,0.0,0.0,0.0,0.0,0.0,0.0,0.0,0.0,0.0,0.0,0.0,0.0,0.0
2008-11-01,0.0,0.0,0.0,0,False,0.0,1.0113000686937266,-0.020519330107082734,1.0,0.0,0.0,0.0,0.0,0.0,0.0,0.0,0.0,0.0,0.0,0.0,0.0,0.0,0.0,0.0,0.0,0.0,0.0,0.0,0.0,0.0,0.0
2008-12-01,0.0,0.0,0.0,0,False,0.0,1.0113000686937266,-0.020519330107082734,1.0,0.0,0.0,0.0,0.0,0.0,0.0,0.0,0.0,0.0,0.0,0.0,0.0,0.0,0.0,0.0,0.0,0.0,0.0,0.0,0.0,0.0,0.0
2009-01-01,0.0,0.0,0.0,0,False,0.0,1.0113000686937266,-0.020519330107082734,1.0,0.0,0.0,0.0,0.0,0.0,0.0,0.0,0.0,0.0,0.0,0.0,0.0,0.0,0.0,0.0,0.0,0.0,0.0,0.0,0.0,0.0,0.0
2009-02-01,0.0,0.0,0.0,0,False,0.0,1.0113000686937266,-0.020519330107082734,1.0,0.0,0.0,0.0,0.0,0.0,0.0,0.0,0.0,0.0,0.0,0.0,0.0,0.0,0.0,0.0,0.0,0.0,0.0,0.0,0.0,0.0,0.0
2009-03-01,0.0,0.0,0.0,0,False,0.0,1.0113000686937266,-0.020519330107082734,1.0,0.0,0.0,0.0,0.0,0.0,0.0,0.0,0.0,0.0,0.0,0.0,0.0,0.0,0.0,0.0,0.0,0.0,0.0,0.0,0.0,0.0,0.0
2009-04-01,0.0,0.0,0.0,0,False,0.0,1.0113000686937266,-0.020519330107082734,1.0,0.0,0.0,0.0,0.0,0.0,0.0,0.0,0.0,0.0,0.0,0.0,0.0,0.0,0.0,0.0,0.0,0.0,0.0,0.0,0.0,0.0,0.0
2009-05-01,0.0,0.0,0.0,0,False,0.0,1.0113000686937266,-0.020519330107082734,1.0,0.0,0.0,0.0,0.0,0.0,0.0,0.0,0.0,0.0,0.0,0.0,0.0,0.0,0.0,0.0,0.0,0.0,0.0,0.0,0.0,0.0,0.0
2009-06-01,0.0,0.0,0.0,0,False,0.0,1.0113000686937266,-0.020519330107082734,1.0,0.0,0.0,0.0,0.0,0.0,0.0,0.0,0.0,0.0,0.0,0.0,0.0,0.0,0.0,0.0,0.0,0.0,0.0,0.0,0.0,0.0,0.0
2009-07-01,0.0,0.0,0.0,0,False,0.0,1.0113000686937266,-0.020519330107082734,1.0,0.0,0.0,0.0,0.0,0.0,0.0,0.0,0.0,0.0,0.0,0.0,0.0,0.0,0.0,0.0,0.0,0.0,0.0,0.0,0.0,0.0,0.0
2009-08-01,0.0,0.0,0.0,0,False,0.0,1.0113000686937266,-0.020519330107082734,1.0,0.0,0.0,0.0,0.0,0.0,0.0,0.0,0.0,0.0,0.0,0.0,0.0,0.0,0.0,0.0,0.0,0.0,0.0,0.0,0.0,0.0,0.0
2009-09-01,0.0,0.0,0.0,0,False,0.0,1.0113000686937266,-0.020519330107082734,1.0,0.0,0.0,0.0,0.0,0.0,0.0,0.0,0.0,0.0,0.0,0.0,0.0,0.0,0.0,0.0,0.0,0.0,0.0,0.0,0.0,0.0,0.0
2009-10-01,0.0,0.0,0.0,0,False,0.0,1.0113000686937266,-0.020519330107082734,1.0,0.0,0.0,0.0,0.0,0.0,0.0,0.0,0.0,0.0,0.0,0.0,0.0,0.0,0.0,0.0,0.0,0.0,0.0,0.0,0.0,0.0,0.0
2009-11-01,0.0,0.0,0.0,0,False,0.0,1.0113000686937266,-0.020519330107082734,1.0,0.0,0.0,0.0,0.0,0.0,0.0,0.0,0.0,0.0,0.0,0.0,0.0,0.0,0.0,0.0,0.0,0.0,0.0,0.0,0.0,0.0,0.0
2009-12-01,0.0,0.0,0.0,0,False,0.0,1.0113000686937266,-0.020519330107082734,1.0,0.0,0.0,0.0,0.0,0.0,0.0,0.0,0.0,0.0,0.0,0.0,0.0,0.0,0.0,0.0,0.0,0.0,0.0,0.0,0.0,0.0,0.0
2010-01-01,0.0,0.0,0.0,0,False,0.0,1.0113000686937266,-0.020519330107082734,1.0,0.0,0.0,0.0,0.0,0.0,0.0,0.0,0.0,0.0,0.0,0.0,0.0,0.0,0.0,0.0,0.0,0.0,0.0,0.0,0.0,0.0,0.0
2010-02-01,0.0,0.0,0.0,0,False,0.0,1.0113000686937266,-0.020519330107082734,1.0,0.0,0.0,0.0,0.0,0.0,0.0,0.0,0.0,0.0,0.0,0.0,0.0,0.0,0.0,0.0,0.0,0.0,0.0,0.0,0.0,0.0,0.0
2010-03-01,0.03409367384700229,0.03209367384700229,0.5,3,True,0.002,1.0092774685563393,-0.022478291446868415,0.5,0.0,0.0,0.0,0.0,0.0,0.0,0.0,0.0,0.0,0.0,0.25,0.0,0.0,0.0,0.0,0.0,0.0,0.0,0.0,0.25,0.0,0.0
2010-04-01,0.022448298145765877,0.022448298145765877,0.0,0,False,0.0,1.0436874453904272,0.0,0.5,0.0,0.0,0.0,0.0,0.0,0.0,0.0,0.0,0.0,0.0,0.25,0.0,0.0,0.0,0.0,0.0,0.0,0.0,0.0,0.25,0.0,0.0
2010-05-01,-0.059530616645208256,-0.059530616645208256,0.0,0,False,0.0,1.0578030133642793,-0.012034946425197757,0.5,0.0,0.0,0.0,0.0,0.0,0.0,0.0,0.0,0.0,0.0,0.25,0.0,0.0,0.0,0.0,0.0,0.0,0.0,0.0,0.25,0.0,0.0
2010-06-01,-0.02503422648794268,-0.02503422648794268,0.0,0,False,0.0,0.9948313476895444,-0.07084911528842186,0.5,0.0,0.0,0.0,0.0,0.0,0.0,0.0,0.0,0.0,0.0,0.25,0.0,0.0,0.0,0.0,0.0,0.0,0.0,0.0,0.25,0.0,0.0
2010-07-01,0.05741314782218093,0.05741314782218093,0.0,0,False,0.0,0.9699265144141789,-0.09410968897776395,0.5,0.0,0.0,0.0,0.0,0.0,0.0,0.0,0.0,0.0,0.0,0.25,0.0,0.0,0.0,0.0,0.0,0.0,0.0,0.0,0.25,0.0,0.0
2010-08-01,-0.02263845793284855,-0.02263845793284855,0.0,0,False,0.0,1.0144127469473276,-0.0525605134198589,0.5,0.0,0.0,0.0,0.0,0.0,0.0,0.0,0.0,0.0,0.0,0.25,0.0,0.0,0.0,0.0,0.0,0.0,0.0,0.0,0.25,0.0,0.0
2010-09-01,0.03362888042460055,0.03362888042460055,0.0,0,False,0.0,0.9914480066490152,-0.07400908238072312,0.5,0.0,0.0,0.0,0.0,0.0,0.0,0.0,0.0,0.0,0.0,0.25,0.0,0.0,0.0,0.0,0.0,0.0,0.0,0.0,0.25,0.0,0.0
2010-10-01,0.014705772814764928,0.014705772814764928,0.0,0,False,0.0,1.0247892931118234,-0.04286904453783835,0.5,0.0,0.0,0.0,0.0,0.0,0.0,0.0,0.0,0.0,0.0,0.25,0.0,0.0,0.0,0.0,0.0,0.0,0.0,0.0,0.25,0.0,0.0
2010-11-01,0.018000124189877287,0.018000124189877287,0.0,0,False,0.0,1.0398596116393295,-0.02879369415283284,0.5,0.0,0.0,0.0,0.0,0.0,0.0,0.0,0.0,0.0,0.0,0.25,0.0,0.0,0.0,0.0,0.0,0.0,0.0,0.0,0.25,0.0,0.0
2010-12-01,0.026545344223089073,0.026545344223089073,0.0,0,False,0.0,1.0585772137888747,-0.011311860033592191,0.5,0.0,0.0,0.0,0.0,0.0,0.0,0.0,0.0,0.0,0.0,0.25,0.0,0.0,0.0,0.0,0.0,0.0,0.0,0.0,0.25,0.0,0.0
2011-01-01,0.03186578689066777,0.030865786890667768,0.25,2,True,0.001,1.0692650941481203,-0.01220220652752979,0.5,0.0,0.0,0.0,0.0,0.0,0.0,0.0,0.0,0.0,0.0,0.0,0.0,0.0,0.0,0.0,0.0,0.0,0.25,0.0,0.25,0.0,0.0
2011-02-01,0.0056906011088442565,0.0056906011088442565,0.0,0,False,0.0,1.1022347297001063,0.0,0.5,0.0,0.0,0.0,0.0,0.0,0.0,0.0,0.0,0.0,0.0,0.0,0.0,0.0,0.0,0.0,0.0,0.0,0.25,0.0,0.25,0.0,0.0
2011-03-01,0.023544287098860417,0.023544287098860417,0.0,0,False,0.0,1.1085071078751443,-0.012133547797577027,0.5,0.0,0.0,0.0,0.0,0.0,0.0,0.0,0.0,0.0,0.0,0.0,0.0,0.0,0.0,0.0,0.0,0.0,0.25,0.0,0.25,0.0,0.0
2011-04-01,0.0025405669673825293,0.0025405669673825293,0.0,0,False,0.0,1.134606117474084,0.0,0.5,0.0,0.0,0.0,0.0,0.0,0.0,0.0,0.0,0.0,0.0,0.0,0.0,0.0,0.0,0.0,0.0,0.0,0.25,0.0,0.25,0.0,0.0
2011-05-01,-0.027537740197221328,-0.027537740197221328,0.0,0,False,0.0,1.141707218144143,0.0,0.5,0.0,0.0,0.0,0.0,0.0,0.0,0.0,0.0,0.0,0.0,0.0,0.0,0.0,0.0,0.0,0.0,0.0,0.25,0.0,0.25,0.0,0.0
2011-06-01,0.015223442870105186,0.015223442870105186,0.0,0,False,0.0,1.1102671813895968,-0.02753774019722177,0.5,0.0,0.0,0.0,0.0,0.0,0.0,0.0,0.0,0.0,0.0,0.0,0.0,0.0,0.0,0.0,0.0,0.0,0.25,0.0,0.25,0.0,0.0
2011-07-01,-0.021840870971056775,-0.021840870971056775,0.0,0,False,0.0,1.127169270396034,-0.012733516541780676,0.5,0.0,0.0,0.0,0.0,0.0,0.0,0.0,0.0,0.0,0.0,0.0,0.0,0.0,0.0,0.0,0.0,0.0,0.25,0.0,0.25,0.0,0.0
2011-08-01,-0.04429463256226093,-0.045294632562260934,0.25,2,True,0.001,1.1014483608869752,-0.03526198014461979,0.5,0.0,0.0,0.0,0.0,0.0,0.0,0.0,0.0,0.0,0.0,0.25,0.0,0.0,0.0,0.0,0.0,0.0,0.25,0.0,0.0,0.0,0.0
2011-09-01,-0.028178367649644903,-0.030178367649644905,0.5,4,True,0.002,1.0505547902342718,-0.07983870686045103,0.5,0.0,0.0,0.0,0.0,0.0,0.0,0.0,0.0,0.0,0.0,0.0,0.0,0.0,0.0,0.0,0.0,0.0,0.0,0.0,0.0,0.25,0.25
2011-10-01,0.010876458504708086,0.009876458504708086,0.25,2,True,0.001,1.0326596945737576,-0.09551268647284483,0.75,0.0,0.0,0.0,0.0,0.0,0.0,0.0,0.0,0.0,0.0,0.0,0.0,0.0,0.0,0.0,0.0,0.0,0.0,0.0,0.0,0.25,0.0
2011-11-01,0.018726401090352784,0.017726401090352784,0.25,2,True,0.001,1.0418046360328659,-0.0875028032788212,0.5,0.0,0.0,0.0,0.0,0.0,0.0,0.0,0.0,0.0,0.0,0.0,0.0,0.0,0.0,0.0,0.0,0.0,0.0,0.0,0.0,0.25,0.25
2011-12-01,0.017441592009009188,0.017441592009009188,0.0,0,False,0.0,1.0613138875050065,-0.07041501477919765,0.5,0.0,0.0,0.0,0.0,0.0,0.0,0.0,0.0,0.0,0.0,0.0,0.0,0.0,0.0,0.0,0.0,0.0,0.0,0.0,0.0,0.25,0.25
2012-01-01,0.005667812163615338,0.005667812163615338,0.0,0,False,0.0,1.0752791480391881,-0.0581831042576173,0.5,0.0,0.0,0.0,0.0,0.0,0.0,0.0,0.0,0.0,0.0,0.0,0.0,0.0,0.0,0.0,0.0,0.0,0.0,0.0,0.0,0.25,0.25
2012-02-01,0.008643751904504948,0.008643751904504948,0.0,0,False,0.0,1.0813736282737263,-0.052845063000030446,0.5,0.0,0.0,0.0,0.0,0.0,0.0,0.0,0.0,0.0,0.0,0.0,0.0,0.0,0.0,0.0,0.0,0.0,0.0,0.0,0.0,0.25,0.25
2012-03-01,0.020890715515683556,0.020890715515683556,0.0,0,False,0.0,1.090720753632599,-0.04465809070947557,0.5,0.0,0.0,0.0,0.0,0.0,0.0,0.0,0.0,0.0,0.0,0.0,0.0,0.0,0.0,0.0,0.0,0.0,0.0,0.0,0.0,0.25,0.25
2012-04-01,-0.0011496779898278464,-0.0011496779898278464,0.0,0,False,0.0,1.1103529975016015,-0.02746257546966202,0.5,0.0,0.0,0.0,0.0,0.0,0.0,0.0,0.0,0.0,0.0,0.0,0.0,0.0,0.0,0.0,0.0,0.0,0.0,0.0,0.0,0.25,0.25
2012-05-01,-0.022335173924935448,-0.022335173924935448,0.0,0,False,0.0,1.1090764490994343,-0.028580680340928755,0.5,0.0,0.0,0.0,0.0,0.0,0.0,0.0,0.0,0.0,0.0,0.0,0.0,0.0,0.0,0.0,0.0,0.0,0.0,0.0,0.0,0.25,0.25
2012-06-01,0.03539042650886137,0.03539042650886137,0.0,0,False,0.0,1.0843050337127487,-0.050277499799556424,0.5,0.0,0.0,0.0,0.0,0.0,0.0,0.0,0.0,0.0,0.0,0.0,0.0,0.0,0.0,0.0,0.0,0.0,0.0,0.0,0.0,0.25,0.25
2012-07-01,-0.0010030798837149524,-0.0030030798837149524,0.5,4,True,0.002,1.12008741802766,-0.018936378585418856,0.5,0.0,0.0,0.0,0.0,0.0,0.0,0.0,0.0,0.0,0.0,0.0,0.0,0.0,0.0,0.0,0.0,0.0,0.0,0.25,0.25,0.0,0.0
2012-08-01,0.004821357140115612,0.002821357140115612,0.5,4,True,0.002,1.114492501202675,-0.023836861595484926,0.5,0.0,0.0,0.0,0.0,0.0,0.0,0.0,0.0,0.0,0.0,0.0,0.0,0.0,0.0,0.0,0.0,0.0,0.0,0.0,0.0,0.25,0.25
2012-09-01,0.019751550864189893,0.018751550864189892,0.25,2,True,0.001,1.117628340968453,-0.021090238191565747,0.5,0.0,0.0,0.0,0.0,0.0,0.0,0.0,0.0,0.0,0.0,0.0,0.0,0.0,0.0,0.0,0.0,0.0,0.0,0.25,0.0,0.0,0.25
2012-10-01,0.00707654738602459,0.00707654738602459,0.0,0,False,0.0,1.138563530758359,-0.0033395164753616813,0.5,0.0,0.0,0.0,0.0,0.0,0.0,0.0,0.0,0.0,0.0,0.0,0.0,0.0,0.0,0.0,0.0,0.0,0.0,0.25,0.0,0.0,0.25
2012-11-01,-0.007551856110573962,-0.007551856110573962,0.0,0,False,0.0,1.1466206295357697,-0.009504790458703893,0.5,0.0,0.0,0.0,0.0,0.0,0.0,0.0,0.0,0.0,0.0,0.0,0.0,0.0,0.0,0.0,0.0,0.0,0.0,0.25,0.0,0.0,0.25
2012-12-01,0.006771727255711901,0.005771727255711901,0.25,2,True,0.001,1.1397461482169335,-0.015443233077816032,0.5,0.0,0.0,0.0,0.0,0.0,0.0,0.0,0.0,0.0,0.0,0.0,0.0,0.0,0.0,0.0,0.0,0.0,0.0,0.0,0.0,0.25,0.25
2013-01-01,0.025446306240987593,0.025446306240987593,0.0,0,False,0.0,1.1223995313168333,-0.03042791109486309,0.5,0.0,0.0,0.0,0.0,0.0,0.0,0.0,0.0,0.0,0.0,0.0,0.0,0.0,0.0,0.0,0.0,0.0,0.0,0.0,0.0,0.25,0.25
2013-02-01,0.0035067021742082316,0.0025067021742082316,0.25,2,True,0.001,1.149809493061947,-0.006750126915071042,0.5,0.0,0.0,0.0,0.0,0.0,0.0,0.0,0.0,0.0,0.0,0.0,0.0,0.0,0.0,0.0,0.0,0.0,0.0,0.25,0.0,0.0,0.25
2013-03-01,0.021870896951301733,0.021870896951301733,0.0,0,False,0.0,1.1538415325111924,-0.003518512912644267,0.5,0.0,0.0,0.0,0.0,0.0,0.0,0.0,0.0,0.0,0.0,0.0,0.0,0.0,0.0,0.0,0.0,0.0,0.0,0.25,0.0,0.0,0.25
2013-04-01,0.009223230753917733,0.009223230753917733,0.0,0,False,0.0,1.1790770817668768,-0.0009021728432644371,0.5,0.0,0.0,0.0,0.0,0.0,0.0,0.0,0.0,0.0,0.0,0.0,0.0,0.0,0.0,0.0,0.0,0.0,0.0,0.25,0.0,0.0,0.25
2013-05-01,0.029121537302518347,0.027121537302518345,0.5,5,True,0.002,1.1875720778051309,-0.00880235486598624,0.0,0.0,0.0,0.0,0.0,0.125,0.0,0.0,0.0,0.0,0.0,0.0,0.0,0.0,0.125,0.125,0.125,0.0,0.0,0.25,0.0,0.0,0.25
2013-06-01,-0.008506312138425079,-0.00950631213842508,0.25,4,True,0.001,1.2176633649733988,-0.032221116968377816,0.0,0.0,0.0,0.0,0.0,0.125,0.125,0.0,0.0,0.0,0.0,0.0,0.125,0.0,0.0,0.0,0.125,0.0,0.0,0.25,0.0,0.0,0.25
2013-07-01,0.06770342463416568,0.06770342463416568,0.0,0,False,0.0,1.2060982347710982,-0.041412892882193075,0.0,0.0,0.0,0.0,0.0,0.125,0.125,0.0,0.0,0.0,0.0,0.0,0.125,0.0,0.0,0.0,0.125,0.0,0.0,0.25,0.0,0.0,0.25
2013-08-01,-0.04508688419398002,-0.04508688419398002,0.0,0,False,0.0,1.2877552157103238,0.0,0.0,0.0,0.0,0.0,0.0,0.125,0.125,0.0,0.0,0.0,0.0,0.0,0.125,0.0,0.0,0.0,0.125,0.0,0.0,0.25,0.0,0.0,0.25
2013-09-01,0.043645746751793696,0.043145746751793695,0.125,2,True,0.0005,1.2244578403131074,-0.049153266571940524,0.0,0.0,0.0,0.0,0.0,0.125,0.125,0.0,0.0,0.0,0.125,0.0,0.0,0.0,0.0,0.0,0.125,0.0,0.0,0.25,0.0,0.0,0.25
2013-10-01,0.02780482134823531,0.026804821348235308,0.25,4,True,0.001,1.275984005744091,-0.01052796784769594,0.0,0.125,0.0,0.0,0.0,0.125,0.125,0.0,0.0,0.0,0.0,0.0,0.0,0.0,0.125,0.0,0.0,0.0,0.0,0.25,0.0,0.0,0.25
2013-11-01,0.029551020589957844,0.027551020589957842,0.5,6,True,0.002,1.3088395880408767,-0.012710112234869952,0.0,0.0,0.0,0.0,0.0,0.125,0.125,0.0,0.0,0.0,0.125,0.0,0.125,0.0,0.0,0.0,0.0,0.0,0.0,0.0,0.25,0.0,0.25
2013-12-01,0.01708778018301646,0.01658778018301646,0.125,2,True,0.0005,1.351834863766253,-0.000609747953708828,0.0,0.0,0.0,0.0,0.0,0.125,0.125,0.0,0.0,0.0,0.125,0.0,0.0,0.0,0.0,0.0,0.125,0.0,0.0,0.0,0.25,0.0,0.25
2014-01-01,-0.03861100657306166,-0.03911100657306166,0.125,2,True,0.0005,1.3375277617914423,-0.03408890729174374,0.0,0.0,0.0,0.0,0.0,0.0,0.125,0.0,0.0,0.0,0.125,0.0,0.125,0.0,0.0,0.0,0.125,0.0,0.0,0.0,0.25,0.0,0.25
2014-02-01,0.06995705277726896,0.06945705277726896,0.125,2,True,0.0005,1.316908531067503,-0.04897932246539849,0.0,0.0,0.0,0.0,0.0,0.125,0.125,0.0,0.0,0.0,0.125,0.0,0.125,0.0,0.0,0.0,0.0,0.0,0.0,0.0,0.25,0.0,0.25
2014-03-01,0.013796221323724933,0.013796221323724933,0.0,0,False,0.0,1.4176892583874412,0.0,0.0,0.0,0.0,0.0,0.0,0.125,0.125,0.0,0.0,0.0,0.125,0.0,0.125,0.0,0.0,0.0,0.0,0.0,0.0,0.0,0.25,0.0,0.25
2014-04-01,-0.011451913210901069,-0.011951913210901069,0.125,2,True,0.0005,1.43652938915784,-0.0035720330221469254,0.0,0.0,0.0,0.0,0.0,0.125,0.125,0.0,0.0,0.0,0.125,0.0,0.0,0.0,0.0,0.0,0.125,0.0,0.0,0.0,0.25,0.0,0.25
2014-05-01,0.023953211023386517,0.023453211023386517,0.125,2,True,0.0005,1.4193683400786612,-0.016514468251835557,0.0,0.0,0.0,0.0,0.0,0.0,0.125,0.0,0.0,0.0,0.125,0.0,0.125,0.0,0.0,0.0,0.125,0.0,0.0,0.0,0.25,0.0,0.25
2014-06-01,0.022371488112410548,0.021371488112410547,0.25,4,True,0.001,1.4514866876955137,0.0,0.0,0.125,0.0,0.0,0.0,0.0,0.0,0.0,0.0,0.0,0.125,0.0,0.125,0.0,0.0,0.125,0.0,0.0,0.0,0.0,0.25,0.0,0.25
2014-07-01,-0.02572558412441142,-0.027225584124411423,0.375,4,True,0.0015,1.4802509343003367,0.0,0.0,0.125,0.0,0.0,0.0,0.125,0.0,0.0,0.0,0.0,0.125,0.0,0.0,0.0,0.0,0.125,0.0,0.0,0.25,0.0,0.0,0.0,0.25
2014-08-01,0.0348617920689753,0.0333617920689753,0.375,6,True,0.0015,1.4400073584432078,-0.031513233802732854,0.0,0.0,0.0,0.0,0.0,0.0,0.0,0.0,0.125,0.125,0.125,0.0,0.0,0.0,0.0,0.0,0.0,0.125,0.25,0.0,0.0,0.0,0.25
2014-09-01,-0.05454996374410982,-0.05504996374410982,0.125,2,True,0.0005,1.4924428775650131,-0.0006105436876202575,0.0,0.0,0.0,0.0,0.0,0.0,0.0,0.0,0.125,0.0,0.125,0.0,0.0,0.0,0.0,0.125,0.0,0.125,0.25,0.0,0.0,0.0,0.25
2014-10-01,0.04712485084985668,0.04462485084985668,0.625,8,True,0.0025,1.406798845973292,-0.0652378139576908,0.0,0.0,0.0,0.0,0.0,0.0,0.0,0.0,0.0,0.125,0.125,0.0,0.125,0.0,0.0,0.0,0.125,0.0,0.0,0.0,0.0,0.25,0.25
2014-11-01,0.029848572455090178,0.029348572455090177,0.125,2,True,0.0005,1.4703546026720298,-0.023007527632581626,0.0,0.0,0.0,0.0,0.0,0.0,0.0,0.0,0.0,0.125,0.125,0.0,0.125,0.0,0.0,0.125,0.0,0.0,0.0,0.0,0.0,0.25,0.25
2014-12-01,-0.00041528055174538947,-0.00041528055174538947,0.0,0,False,0.0,1.513485467270279,-0.005725912816110457,0.0,0.0,0.0,0.0,0.0,0.0,0.0,0.0,0.0,0.125,0.125,0.0,0.125,0.0,0.0,0.125,0.0,0.0,0.0,0.0,0.0,0.25,0.25
2015-01-01,0.012403504666027382,0.011903504666027381,0.125,2,True,0.0005,1.4777852510607008,-0.03710566557084716,0.0,0.0,0.0,0.0,0.0,0.0,0.0,0.0,0.125,0.125,0.125,0.0,0.0,0.0,0.0,0.125,0.0,0.0,0.0,0.0,0.0,0.25,0.25
2015-02-01,0.036880842590875776,0.036880842590875776,0.0,0,False,0.0,1.4839556703589982,-0.034424832736306255,0.0,0.0,0.0,0.0,0.0,0.0,0.0,0.0,0.125,0.125,0.125,0.0,0.0,0.0,0.0,0.125,0.0,0.0,0.0,0.0,0.0,0.25,0.25
2015-03-01,-0.009741411623895496,-0.009741411623895496,0.0,0,False,0.0,1.529627577204573,-0.004707193609660876,0.0,0.0,0.0,0.0,0.0,0.0,0.0,0.0,0.125,0.125,0.125,0.0,0.0,0.0,0.0,0.125,0.0,0.0,0.0,0.0,0.0,0.25,0.25
2015-04-01,0.019067373546176672,0.01856737354617667,0.125,2,True,0.0005,1.5139694819210896,-0.017827425733691782,0.0,0.0,0.0,0.0,0.0,0.125,0.0,0.0,0.125,0.0,0.125,0.0,0.0,0.0,0.0,0.125,0.0,0.0,0.0,0.0,0.0,0.25,0.25
2015-05-01,0.008549921306200067,0.008049921306200067,0.125,2,True,0.0005,1.542065485118605,-0.015942544390101232,0.0,0.0,0.0,0.0,0.0,0.125,0.0,0.0,0.125,0.125,0.125,0.0,0.0,0.0,0.0,0.0,0.0,0.0,0.0,0.0,0.0,0.25,0.25
2015-06-01,-0.012941018031157117,-0.012941018031157117,0.0,0,False,0.0,1.5552500236653768,-0.00812445798125594,0.0,0.0,0.0,0.0,0.0,0.125,0.0,0.0,0.125,0.125,0.125,0.0,0.0,0.0,0.0,0.0,0.0,0.0,0.0,0.0,0.0,0.25,0.25
2015-07-01,0.0067725542956066365,0.006272554295606636,0.125,2,True,0.0005,1.534355943313633,-0.021449857086556334,0.0,0.0,0.0,0.0,0.0,0.0,0.125,0.0,0.125,0.125,0.125,0.0,0.0,0.0,0.0,0.0,0.0,0.0,0.0,0.0,0.0,0.25,0.25
2015-08-01,-0.08801246513024046,-0.08851246513024046,0.125,2,True,0.0005,1.5490175381602722,-0.012099285079429034,0.0,0.0,0.0,0.0,0.0,0.0,0.125,0.0,0.0,0.125,0.125,0.0,0.125,0.0,0.0,0.0,0.0,0.0,0.0,0.0,0.0,0.25,0.25
2015-09-01,0.006170614326763912,0.0021706143267639123,1.0,8,True,0.004,1.406330430378747,-0.10309934951687416,0.5,0.0,0.0,0.0,0.5,0.0,0.0,0.0,0.0,0.0,0.0,0.0,0.0,0.0,0.0,0.0,0.0,0.0,0.0,0.0,0.0,0.0,0.0
2015-10-01,0.03337148307329063,0.03137148307329063,0.5,5,True,0.002,1.4121783363744447,-0.09936979167029258,0.5,0.0,0.0,0.0,0.0,0.0,0.0,0.125,0.0,0.125,0.125,0.0,0.0,0.0,0.0,0.125,0.0,0.0,0.0,0.0,0.0,0.0,0.0
2015-11-01,0.0028900872477764517,0.0003900872477764516,0.625,5,True,0.0025,1.4529419481161874,-0.07337240933578382,0.0,0.0,0.0,0.0,0.0,0.0,0.0,0.0,0.0,0.125,0.125,0.0,0.125,0.0,0.0,0.125,0.0,0.0,0.0,0.25,0.0,0.0,0.25
2015-12-01,-0.0379368236575139,-0.0384368236575139,0.125,2,True,0.0005,1.4527714753072074,-0.07348112999627798,0.0,0.0,0.0,0.0,0.0,0.0,0.125,0.0,0.0,0.125,0.125,0.0,0.0,0.0,0.0,0.125,0.0,0.0,0.0,0.25,0.0,0.0,0.25
2016-01-01,0.02784276720863621,0.02384276720863621,1.0,9,True,0.004,1.424483791751246,-0.09152187009117141,0.25,0.0,0.0,0.0,0.0,0.0,0.0,0.0,0.0,0.0,0.0,0.0,0.0,0.5,0.0,0.0,0.0,0.0,0.0,0.0,0.0,0.25,0.0
2016-02-01,0.00699599529668582,0.00499599529668582,0.5,2,True,0.002,1.4553722033462055,-0.07182249087454684,0.25,0.0,0.0,0.0,0.5,0.0,0.0,0.0,0.0,0.0,0.0,0.0,0.0,0.0,0.0,0.0,0.0,0.0,0.0,0.0,0.0,0.25,0.0
2016-03-01,0.009449449920730046,0.006449449920730046,0.75,4,True,0.003,1.461157318494436,-0.06813297849005673,0.5,0.0,0.0,0.0,0.0,0.0,0.0,0.0,0.0,0.0,0.0,0.0,0.0,0.5,0.0,0.0,0.0,0.0,0.0,0.0,0.0,0.0,0.0
2016-04-01,0.000990469534546512,-0.003009530465453488,1.0,8,True,0.004,1.4690645935962496,-0.06309003834656879,0.0,0.0,0.125,0.0,0.0,0.0,0.0,0.0,0.0,0.125,0.125,0.0,0.0,0.0,0.0,0.125,0.0,0.0,0.0,0.0,0.25,0.25,0.0
2016-05-01,-0.005744011576197888,-0.006744011576197888,0.25,4,True,0.001,1.4585252000689297,-0.06981163713029492,0.0,0.0,0.125,0.0,0.0,0.0,0.125,0.125,0.0,0.0,0.0,0.0,0.0,0.0,0.0,0.125,0.0,0.0,0.0,0.0,0.25,0.25,0.0
2016-06-01,0.03881156591036333,0.03831156591036333,0.125,2,True,0.0005,1.4479729183876118,-0.07654145545720581,0.0,0.0,0.125,0.0,0.0,0.125,0.0,0.125,0.0,0.0,0.0,0.0,0.0,0.0,0.0,0.125,0.0,0.0,0.0,0.0,0.25,0.25,0.0
2016-07-01,0.017443200432856715,0.016943200432856714,0.125,2,True,0.0005,1.503418929238661,-0.04118023299854956,0.0,0.0,0.125,0.0,0.0,0.0,0.0,0.125,0.0,0.125,0.0,0.0,0.0,0.0,0.0,0.125,0.0,0.0,0.0,0.0,0.25,0.25,0.0
2016-08-01,-0.005218440235831678,-0.006218440235831678,0.25,4,True,0.001,1.5281137235889661,-0.025430892276134376,0.0,0.0,0.125,0.0,0.0,0.125,0.125,0.0,0.0,0.0,0.0,0.0,0.0,0.0,0.0,0.125,0.0,0.0,0.0,0.0,0.25,0.25,0.0
2016-09-01,-0.0022750573311887956,-0.0032750573311887956,0.25,4,True,0.001,1.5186192140954142,-0.03148610629755866,0.0,0.0,0.0,0.0,0.0,0.0,0.125,0.0,0.125,0.0,0.0,0.0,0.0,0.0,0.0,0.125,0.0,0.125,0.0,0.0,0.25,0.25,0.0
2016-10-01,-0.028838924953811254,-0.030338924953811255,0.375,4,True,0.0015,1.5190726768651217,-0.031196906089460352,0.0,0.0,0.0,0.0,0.0,0.0,0.125,0.0,0.125,0.0,0.125,0.0,0.0,0.0,0.0,0.0,0.0,0.125,0.25,0.0,0.25,0.0,0.0
2016-11-01,0.03575803601490815,0.03525803601490815,0.125,2,True,0.0005,1.4723148318779384,-0.06101716787025635,0.0,0.0,0.0,0.0,0.0,0.0,0.0,0.125,0.125,0.0,0.125,0.0,0.0,0.0,0.0,0.0,0.0,0.125,0.25,0.0,0.25,0.0,0.0
2016-12-01,0.031373451886576254,0.028373451886576254,0.75,10,True,0.003,1.520387032905529,-0.03035866298375567,0.0,0.0,0.0,0.0,0.0,0.125,0.125,0.0,0.0,0.0,0.0,0.0,0.125,0.0,0.0,0.0,0.125,0.0,0.25,0.25,0.0,0.0,0.0
2017-01-01,-0.013999399073543958,-0.013999399073543958,0.0,0,False,0.0,1.539876251665525,-0.02466716107449185,0.0,0.0,0.0,0.0,0.0,0.125,0.125,0.0,0.0,0.0,0.0,0.0,0.125,0.0,0.0,0.0,0.125,0.0,0.25,0.25,0.0,0.0,0.0
2017-02-01,0.050816489831303394,0.04931648983130339,0.375,4,True,0.0015,1.516041431130345,-0.03976375286406808,0.0,0.0,0.0,0.125,0.0,0.125,0.125,0.0,0.0,0.0,0.0,0.0,0.0,0.0,0.0,0.0,0.125,0.0,0.0,0.25,0.25,0.0,0.0
2017-03-01,-0.031170675986506455,-0.031670675986506455,0.125,2,True,0.0005,1.592284794431665,0.0,0.0,0.0,0.0,0.0,0.0,0.125,0.125,0.0,0.0,0.0,0.125,0.0,0.0,0.0,0.0,0.0,0.125,0.0,0.0,0.25,0.25,0.0,0.0
2017-04-01,0.015410249254240754,0.014410249254240753,0.25,4,True,0.001,1.549440625958129,-0.02690735264405275,0.0,0.0,0.0,0.0,0.0,0.125,0.0,0.0,0.125,0.0,0.125,0.0,0.0,0.0,0.0,0.0,0.0,0.125,0.0,0.25,0.25,0.0,0.0
2017-05-01,0.022110498374403237,0.021110498374403236,0.25,4,True,0.001,1.5701728297422655,-0.013886940807779191,0.0,0.0,0.0,0.0,0.0,0.0,0.125,0.0,0.125,0.125,0.125,0.0,0.0,0.0,0.0,0.0,0.0,0.0,0.0,0.25,0.25,0.0,0.0
2017-06-01,0.01767953406550246,0.01717953406550246,0.125,2,True,0.0005,1.6040876884750428,0.0,0.0,0.0,0.0,0.0,0.0,0.0,0.0,0.0,0.125,0.125,0.125,0.0,0.0,0.0,0.0,0.0,0.0,0.125,0.0,0.25,0.25,0.0,0.0
2017-07-01,0.027564262596741607,0.027064262596741606,0.125,2,True,0.0005,1.6236248362510182,-0.006861191045300918,0.0,0.125,0.0,0.0,0.0,0.0,0.0,0.0,0.125,0.125,0.125,0.0,0.0,0.0,0.0,0.0,0.0,0.0,0.0,0.25,0.25,0.0,0.0
2017-08-01,0.003981973154049662,0.003981973154049662,0.0,0,False,0.0,1.6675446681672346,0.0,0.0,0.125,0.0,0.0,0.0,0.0,0.0,0.0,0.125,0.125,0.125,0.0,0.0,0.0,0.0,0.0,0.0,0.0,0.0,0.25,0.25,0.0,0.0
2017-09-01,0.006463832189768162,0.003963832189768162,0.625,6,True,0.0025,1.669999324303383,-0.0053589496741836,0.0,0.0,0.0,0.0,0.0,0.0,0.0,0.0,0.125,0.125,0.125,0.0,0.0,0.0,0.0,0.0,0.0,0.125,0.0,0.0,0.0,0.25,0.25
2017-10-01,0.010372774802823184,0.008872774802823185,0.375,4,True,0.0015,1.674931200928855,-0.012135969584458728,0.0,0.0,0.0,0.0,0.0,0.0,0.125,0.0,0.125,0.125,0.125,0.0,0.0,0.0,0.0,0.0,0.0,0.0,0.0,0.0,0.25,0.0,0.25
2017-11-01,0.018053269744509215,0.017553269744509215,0.125,2,True,0.0005,1.688921544544804,-0.009779842836228902,0.0,0.0,0.0,0.0,0.0,0.0,0.0,0.0,0.125,0.125,0.125,0.0,0.0,0.0,0.125,0.0,0.0,0.0,0.0,0.0,0.25,0.0,0.25
2017-12-01,0.0298622256733011,0.0298622256733011,0.0,0,False,0.0,1.7194121007657845,-0.0069965914952409,0.0,0.0,0.0,0.0,0.0,0.0,0.0,0.0,0.125,0.125,0.125,0.0,0.0,0.0,0.125,0.0,0.0,0.0,0.0,0.0,0.25,0.0,0.25
2018-01-01,0.0611376325558633,0.059637632555863296,0.375,4,True,0.0015,1.7078522641512206,-0.025620857531736596,0.0,0.0,0.0,0.0,0.0,0.0,0.0,0.0,0.125,0.125,0.125,0.0,0.0,0.0,0.0,0.0,0.0,0.125,0.0,0.25,0.25,0.0,0.0
2018-02-01,-0.04685319480118684,-0.04685319480118684,0.0,0,False,0.0,1.809547908874093,-0.01894270863978753,0.0,0.0,0.0,0.0,0.0,0.0,0.0,0.0,0.125,0.125,0.125,0.0,0.0,0.0,0.0,0.0,0.0,0.125,0.0,0.25,0.25,0.0,0.0
2018-03-01,-0.03700403147141751,-0.03700403147141751,0.0,0,False,0.0,1.7247648081975346,-0.06490837702301233,0.0,0.0,0.0,0.0,0.0,0.0,0.0,0.0,0.125,0.125,0.125,0.0,0.0,0.0,0.0,0.0,0.0,0.125,0.0,0.25,0.25,0.0,0.0
2018-04-01,0.01083482940950646,0.01083482940950646,0.0,0,False,0.0,1.7001365090910336,-0.07826075763351881,0.0,0.0,0.0,0.0,0.0,0.0,0.0,0.0,0.125,0.125,0.125,0.0,0.0,0.0,0.0,0.0,0.0,0.125,0.0,0.25,0.25,0.0,0.0
2018-05-01,0.030499736280493295,0.028999736280493293,0.375,4,True,0.0015,1.7159793623426989,-0.06967145937715669,0.0,0.0,0.0,0.125,0.0,0.0,0.0,0.0,0.125,0.125,0.125,0.0,0.0,0.0,0.0,0.0,0.0,0.0,0.25,0.25,0.0,0.0,0.0
2018-06-01,-0.0074190969536785945,-0.009919096953678595,0.625,5,True,0.0025,1.763895489656028,-0.04369344252335883,0.5,0.0,0.0,0.125,0.0,0.0,0.125,0.0,0.125,0.0,0.125,0.0,0.0,0.0,0.0,0.0,0.0,0.0,0.0,0.0,0.0,0.0,0.0
2018-07-01,0.003285823278425276,0.002785823278425276,0.125,2,True,0.0005,1.7531093252647951,-0.04954122647532555,0.5,0.0,0.0,0.125,0.0,0.0,0.125,0.0,0.0,0.125,0.125,0.0,0.0,0.0,0.0,0.0,0.0,0.0,0.0,0.0,0.0,0.0,0.0
2018-08-01,0.02311589208733028,0.02261589208733028,0.125,2,True,0.0005,1.7571113026801126,-0.04737153032972918,0.5,0.0,0.0,0.0,0.0,0.0,0.125,0.0,0.0,0.125,0.125,0.0,0.125,0.0,0.0,0.0,0.0,0.0,0.0,0.0,0.0,0.0,0.0
2018-09-01,0.01905136059727594,0.01705136059727594,0.5,3,True,0.002,1.7993167790349252,-0.02448957726832457,0.0,0.0,0.0,0.0,0.0,0.0,0.125,0.0,0.0,0.125,0.125,0.0,0.125,0.0,0.0,0.0,0.0,0.0,0.25,0.0,0.0,0.0,0.25
2018-10-01,-0.0842364963347121,-0.0847364963347121,0.125,2,True,0.0005,1.8290140548877087,-0.008389020402142067,0.0,0.0,0.0,0.125,0.0,0.0,0.0,0.0,0.0,0.125,0.125,0.0,0.125,0.0,0.0,0.0,0.0,0.0,0.25,0.0,0.0,0.0,0.25
2018-11-01,0.023797204316019727,0.022297204316019725,0.375,4,True,0.0015,1.672431902678288,-0.09328097676792158,0.25,0.0,0.0,0.0,0.0,0.0,0.0,0.0,0.0,0.125,0.125,0.0,0.125,0.0,0.0,0.0,0.125,0.0,0.0,0.0,0.0,0.0,0.25
2018-12-01,-0.09958812682051056,-0.10108812682051056,0.375,4,True,0.0015,1.7036870042262557,-0.0763358353237713,0.0,0.0,0.0,0.0,0.0,0.0,0.0,0.0,0.0,0.0,0.125,0.0,0.125,0.0,0.0,0.125,0.125,0.0,0.0,0.0,0.0,0.25,0.25
2019-01-01,0.02614335671731377,0.02414335671731377,0.5,5,True,0.002,1.543046141007364,-0.16342824629472508,0.0,0.0,0.0,0.0,0.0,0.0,0.0,0.0,0.0,0.0,0.0,0.0,0.0,0.5,0.0,0.0,0.0,0.0,0.0,0.0,0.0,0.25,0.25
2019-02-01,0.0023906062398682537,0.0023906062398682537,0.0,0,False,0.0,1.5802197736095878,-0.1432743376129434,0.0,0.0,0.0,0.0,0.0,0.0,0.0,0.0,0.0,0.0,0.0,0.0,0.0,0.5,0.0,0.0,0.0,0.0,0.0,0.0,0.0,0.25,0.25
2019-03-01,0.018877453024658902,0.0168774530246589,0.5,5,True,0.002,1.5808294619470205,-0.1429437914107885,0.0,0.0,0.125,0.0,0.0,0.0,0.0,0.125,0.0,0.0,0.0,0.0,0.125,0.0,0.0,0.125,0.0,0.0,0.0,0.0,0.0,0.25,0.25
2019-04-01,0.004655028473543599,0.0036550284735435987,0.25,4,True,0.001,1.6090608243590665,-0.12763798834056017,0.0,0.0,0.0,0.0,0.0,0.0,0.0,0.0,0.125,0.0,0.125,0.0,0.125,0.0,0.0,0.125,0.0,0.0,0.0,0.0,0.0,0.25,0.25
2019-05-01,-0.03286852897395927,-0.03336852897395927,0.125,2,True,0.0005,1.6157427727879659,-0.12401532977787899,0.0,0.0,0.0,0.0,0.0,0.0,0.0,0.0,0.0,0.0,0.125,0.0,0.125,0.0,0.0,0.125,0.125,0.0,0.0,0.0,0.0,0.25,0.25
2019-06-01,0.03232394240614825,0.02982394240614825,0.625,8,True,0.0025,1.559000908487072,-0.15477827306596237,0.25,0.0,0.125,0.0,0.0,0.0,0.0,0.125,0.0,0.125,0.0,0.0,0.0,0.0,0.0,0.125,0.0,0.0,0.0,0.0,0.0,0.25,0.0
2019-07-01,0.0037766418403684665,0.0017766418403684665,0.5,6,True,0.002,1.6021597381956723,-0.1313794537450962,0.0,0.0,0.0,0.0,0.0,0.0,0.0,0.0,0.0,0.125,0.125,0.25,0.125,0.0,0.0,0.125,0.0,0.0,0.0,0.0,0.0,0.25,0.0
2019-08-01,0.019491300242712895,0.018491300242712894,0.25,4,True,0.001,1.606602311176198,-0.12897088606165952,0.0,0.0,0.125,0.0,0.0,0.0,0.0,0.125,0.0,0.125,0.0,0.25,0.0,0.0,0.0,0.125,0.0,0.0,0.0,0.0,0.0,0.25,0.0
2019-09-01,-0.0002193822214482527,-0.0002193822214482527,0.0,0,False,0.0,1.6339884334569617,-0.11412333501652439,0.0,0.0,0.125,0.0,0.0,0.0,0.0,0.125,0.0,0.125,0.0,0.25,0.0,0.0,0.0,0.125,0.0,0.0,0.0,0.0,0.0,0.25,0.0
2019-10-01,0.021012580681228993,0.020512580681228992,0.125,2,True,0.0005,1.6328131504618868,-0.11476052176691409,0.0,0.0,0.125,0.0,0.0,0.0,0.0,0.125,0.0,0.0,0.0,0.25,0.125,0.0,0.0,0.125,0.0,0.0,0.0,0.0,0.0,0.25,0.0
2019-11-01,0.0021336051068747974,0.0016336051068747974,0.125,2,True,0.0005,1.6662892071390776,-0.09661127613042797,0.0,0.0,0.125,0.0,0.0,0.0,0.0,0.125,0.0,0.0,0.125,0.25,0.0,0.0,0.0,0.125,0.0,0.0,0.0,0.0,0.0,0.25,0.0
2019-12-01,0.03920003470722666,0.03670003470722666,0.625,8,True,0.0025,1.6788165141481795,-0.08981952122738468,0.0,0.0,0.0,0.0,0.0,0.0,0.0,0.0,0.0,0.0,0.125,0.0,0.125,0.0,0.125,0.0,0.125,0.0,0.0,0.25,0.0,0.25,0.0
2020-01-01,-0.01997009349321431,-0.020970093493214312,0.25,4,True,0.001,1.7265069570066194,-0.06396386055931147,0.0,0.0,0.0,0.0,0.0,0.0,0.0,0.0,0.125,0.0,0.125,0.0,0.125,0.0,0.0,0.0,0.0,0.125,0.0,0.25,0.0,0.25,0.0
2020-02-01,-0.028965377133560954,-0.030965377133560956,0.5,6,True,0.002,1.6783106801509395,-0.09009376217385334,0.0,0.0,0.125,0.0,0.0,0.0,0.0,0.0,0.0,0.125,0.125,0.0,0.125,0.0,0.0,0.0,0.0,0.0,0.0,0.0,0.0,0.25,0.25
2020-03-01,-0.11216594332984467,-0.11266594332984467,0.125,2,True,0.0005,1.5589964246547723,-0.1547807040026341,0.0,0.0,0.125,0.0,0.0,0.0,0.0,0.125,0.0,0.125,0.125,0.0,0.0,0.0,0.0,0.0,0.0,0.0,0.0,0.0,0.0,0.25,0.25
2020-04-01,0.0033826171262367755,-0.0006173828737632246,1.0,8,True,0.004,1.377904302755595,-0.2529608879733486,0.5,0.0,0.0,0.0,0.0,0.0,0.0,0.0,0.0,0.0,0.0,0.0,0.0,0.5,0.0,0.0,0.0,0.0,0.0,0.0,0.0,0.0,0.0
2020-05-01,-0.016257744733581103,-0.016257744733581103,0.0,0,False,0.0,1.3825652254484118,-0.25043394067903835,0.5,0.0,0.0,0.0,0.0,0.0,0.0,0.0,0.0,0.0,0.0,0.0,0.0,0.5,0.0,0.0,0.0,0.0,0.0,0.0,0.0,0.0,0.0
2020-06-01,0.026217980781651717,0.024217980781651716,0.5,5,True,0.002,1.3573676572696745,-0.26409495394377,0.5,0.0,0.125,0.0,0.0,0.0,0.0,0.0,0.125,0.125,0.125,0.0,0.0,0.0,0.0,0.0,0.0,0.0,0.0,0.0,0.0,0.0,0.0
2020-07-01,0.0454072563321484,0.0454072563321484,0.0,0,False,0.0,1.392955096421606,-0.2448010095891474,0.5,0.0,0.125,0.0,0.0,0.0,0.0,0.0,0.125,0.125,0.125,0.0,0.0,0.0,0.0,0.0,0.0,0.0,0.0,0.0,0.0,0.0,0.0
2020-08-01,0.03303180448845135,0.03303180448845135,0.0,0,False,0.0,1.447400479163224,-0.21528311760208407,0.5,0.0,0.125,0.0,0.0,0.0,0.0,0.0,0.125,0.125,0.125,0.0,0.0,0.0,0.0,0.0,0.0,0.0,0.0,0.0,0.0,0.0,0.0
2020-09-01,-0.02014712010083912,-0.02014712010083912,0.0,0,False,0.0,1.4952107288074343,-0.1893625029639291,0.5,0.0,0.125,0.0,0.0,0.0,0.0,0.0,0.125,0.125,0.125,0.0,0.0,0.0,0.0,0.0,0.0,0.0,0.0,0.0,0.0,0.0,0.0
2020-10-01,-0.01537956360455936,-0.01787956360455936,0.625,5,True,0.0025,1.461423822331393,-0.20768027769002084,0.0,0.0,0.0,0.0,0.0,0.0,0.0,0.0,0.125,0.125,0.125,0.0,0.125,0.0,0.0,0.0,0.0,0.0,0.0,0.0,0.0,0.25,0.25
2020-11-01,0.07594703018933896,0.07544703018933896,0.125,2,True,0.0005,1.4201263206974089,-0.23006996679097924,0.0,0.0,0.0,0.0,0.0,0.0,0.0,0.0,0.125,0.125,0.125,0.0,0.0,0.0,0.0,0.0,0.0,0.125,0.0,0.0,0.0,0.25,0.25
2020-12-01,0.014759430126085216,0.012759430126085216,0.5,4,True,0.002,1.5241622734856675,-0.173666248742954,0.0,0.0,0.0,0.0,0.0,0.0,0.0,0.0,0.125,0.125,0.125,0.25,0.0,0.0,0.0,0.0,0.0,0.125,0.0,0.0,0.25,0.0,0.0
2021-01-01,0.03953722241103402,0.03853722241103402,0.25,4,True,0.001,1.5644120526092764,-0.15184458870775563,0.0,0.0,0.0,0.0,0.0,0.125,0.125,0.0,0.125,0.0,0.125,0.25,0.0,0.0,0.0,0.0,0.0,0.0,0.0,0.0,0.25,0.0,0.0
2021-02-01,0.05258996864378665,0.05208996864378665,0.125,2,True,0.0005,1.6238259761682574,-0.11963297240845361,0.0,0.0,0.0,0.0,0.0,0.0,0.125,0.0,0.125,0.0,0.125,0.25,0.0,0.0,0.0,0.0,0.0,0.125,0.0,0.0,0.25,0.0,0.0
2021-03-01,0.020175499477532596,0.018675499477532595,0.375,4,True,0.0015,1.7066590989379058,-0.07472449628534183,0.0,0.0,0.0,0.0,0.0,0.125,0.125,0.0,0.125,0.0,0.0,0.0,0.0,0.0,0.0,0.0,0.0,0.125,0.0,0.25,0.25,0.0,0.0
2021-04-01,0.045498776643091654,0.04449877664309165,0.25,4,True,0.001,1.7393507068981566,-0.0570005442427296,0.0,0.0,0.0,0.125,0.0,0.125,0.125,0.0,0.0,0.0,0.0,0.0,0.0,0.0,0.0,0.0,0.125,0.0,0.0,0.25,0.25,0.0,0.0
2021-05-01,0.02881321463559841,0.02881321463559841,0.0,0,False,0.0,1.8042223986163801,-0.021829966082887453,0.0,0.0,0.0,0.125,0.0,0.125,0.125,0.0,0.0,0.0,0.0,0.0,0.0,0.0,0.0,0.0,0.125,0.0,0.0,0.25,0.25,0.0,0.0
2021-06-01,-0.0005822890813826087,-0.0015822890813826087,0.25,2,True,0.001,1.8543516379922302,0.0,0.0,0.0,0.0,0.125,0.0,0.125,0.125,0.0,0.0,0.0,0.0,0.0,0.0,0.0,0.0,0.0,0.125,0.0,0.25,0.25,0.0,0.0,0.0
2021-07-01,-0.03121418826853274,-0.03171418826853274,0.125,2,True,0.0005,1.8523452333457426,-0.012864074335300568,0.0,0.0,0.0,0.125,0.0,0.125,0.125,0.0,0.0,0.0,0.0,0.0,0.0,0.0,0.0,0.125,0.0,0.0,0.25,0.25,0.0,0.0,0.0
2021-08-01,0.016704793292369013,0.016204793292369013,0.125,2,True,0.0005,1.8030585070737437,-0.03912953354109605,0.0,0.0,0.0,0.125,0.0,0.0,0.125,0.0,0.0,0.0,0.125,0.0,0.0,0.0,0.0,0.125,0.0,0.0,0.25,0.25,0.0,0.0,0.0
2021-09-01,0.017007831947547486,0.016507831947547486,0.125,2,True,0.0005,1.8313455067962863,-0.024055068396737433,0.0,0.0,0.0,0.0,0.0,0.0,0.125,0.0,0.0,0.0,0.125,0.0,0.125,0.0,0.0,0.125,0.0,0.0,0.25,0.25,0.0,0.0,0.0
2021-10-01,0.06292751261663851,0.06192751261663851,0.25,4,True,0.001,1.8606302306903604,-0.00844890464895831,0.0,0.0,0.0,0.125,0.0,0.125,0.125,0.0,0.0,0.0,0.0,0.0,0.0,0.0,0.0,0.125,0.0,0.0,0.25,0.25,0.0,0.0,0.0
2021-11-01,-0.06446569491976656,-0.06496569491976656,0.125,2,True,0.0005,1.9767262054755232,-0.00140533399544307,0.0,0.0,0.0,0.125,0.0,0.0,0.125,0.0,0.0,0.0,0.125,0.0,0.0,0.0,0.0,0.125,0.0,0.0,0.25,0.25,0.0,0.0,0.0
2021-12-01,0.07037333996311626,0.06987333996311626,0.125,2,True,0.0005,1.848370529384943,-0.07262028550194533,0.0,0.0,0.0,0.125,0.0,0.0,0.0,0.0,0.0,0.0,0.125,0.0,0.125,0.0,0.0,0.125,0.0,0.0,0.25,0.25,0.0,0.0,0.0
2022-01-01,0.021559696971150163,0.020559696971150163,0.25,2,True,0.001,1.9115010329654436,-0.04094592830145227,0.0,0.0,0.0,0.125,0.0,0.0,0.0,0.0,0.0,0.0,0.125,0.0,0.125,0.0,0.0,0.125,0.0,0.0,0.25,0.0,0.0,0.0,0.25
2022-02-01,0.009831101494359548,0.009331101494359548,0.125,2,True,0.0005,1.9497843237284325,-0.02173811975148554,0.0,0.0,0.0,0.125,0.0,0.0,0.0,0.0,0.0,0.0,0.0,0.0,0.125,0.0,0.0,0.125,0.125,0.0,0.25,0.0,0.0,0.0,0.25
2022-03-01,0.06007001429203736,0.05957001429203736,0.125,2,True,0.0005,1.9679683748814638,-0.012614667554740278,0.0,0.0,0.125,0.125,0.0,0.0,0.0,0.0,0.0,0.0,0.0,0.0,0.0,0.0,0.0,0.125,0.125,0.0,0.25,0.0,0.0,0.0,0.25
2022-04-01,-0.030573496357075097,-0.030573496357075097,0.0,0,False,0.0,2.0861842632868717,-0.009552632673344386,0.0,0.0,0.125,0.125,0.0,0.0,0.0,0.0,0.0,0.0,0.0,0.0,0.0,0.0,0.0,0.125,0.125,0.0,0.25,0.0,0.0,0.0,0.25
2022-05-01,0.03289494638870839,0.03189494638870839,0.25,2,True,0.001,2.023540122717521,-0.05683515031472164,0.0,0.0,0.125,0.125,0.0,0.0,0.0,0.0,0.0,0.0,0.0,0.0,0.0,0.0,0.0,0.125,0.125,0.0,0.25,0.0,0.0,0.25,0.0
2022-06-01,-0.038963958993382175,-0.04096395899338218,0.5,5,True,0.002,2.083838233678738,-0.028730415388750763,0.0,0.0,0.0,0.0,0.5,0.0,0.0,0.0,0.0,0.0,0.0,0.0,0.0,0.0,0.0,0.0,0.0,0.0,0.25,0.0,0.0,0.25,0.0
2022-07-01,0.034352408358705344,0.034352408358705344,0.0,0,False,0.0,2.002643646192838,-0.06657492365506279,0.0,0.0,0.0,0.0,0.5,0.0,0.0,0.0,0.0,0.0,0.0,0.0,0.0,0.0,0.0,0.0,0.0,0.0,0.25,0.0,0.0,0.25,0.0
2022-08-01,-0.02740164861959063,-0.02740164861959063,0.0,0,False,0.0,2.07143927852382,-0.03450952426020637,0.0,0.0,0.0,0.0,0.5,0.0,0.0,0.0,0.0,0.0,0.0,0.0,0.0,0.0,0.0,0.0,0.0,0.0,0.25,0.0,0.0,0.25,0.0
2022-09-01,-0.037869579101265205,-0.037869579101265205,0.0,0,False,0.0,2.0146784272768916,-0.06096555502198964,0.0,0.0,0.0,0.0,0.5,0.0,0.0,0.0,0.0,0.0,0.0,0.0,0.0,0.0,0.0,0.0,0.0,0.0,0.25,0.0,0.0,0.25,0.0
2022-10-01,-0.013152481118441584,-0.015152481118441584,0.5,3,True,0.002,1.8944873822587693,-0.11698617336080297,0.5,0.0,0.0,0.0,0.5,0.0,0.0,0.0,0.0,0.0,0.0,0.0,0.0,0.0,0.0,0.0,0.0,0.0,0.0,0.0,0.0,0.0,0.0
2022-11-01,0.02277311816541039,0.02277311816541039,0.0,0,False,0.0,1.8658310323890155,-0.13034279605091215,0.5,0.0,0.0,0.0,0.5,0.0,0.0,0.0,0.0,0.0,0.0,0.0,0.0,0.0,0.0,0.0,0.0,0.0,0.0,0.0,0.0,0.0,0.0
2022-12-01,-0.03235880282084366,-0.034358802820843665,0.5,3,True,0.002,1.9045051793203682,-0.11231691380241493,0.0,0.0,0.0,0.0,0.5,0.0,0.0,0.0,0.0,0.0,0.0,0.0,0.0,0.0,0.0,0.0,0.0,0.0,0.25,0.0,0.0,0.0,0.25
2023-01-01,0.027607956687210056,0.026607956687210055,0.25,2,True,0.001,1.853211463235417,-0.13622473232201626,0.25,0.0,0.0,0.0,0.5,0.0,0.0,0.0,0.0,0.0,0.0,0.0,0.0,0.0,0.0,0.0,0.0,0.0,0.25,0.0,0.0,0.0,0.0
2023-02-01,-0.03559097625314958,-0.03659097625314958,0.25,2,True,0.001,1.9005679997294174,-0.11415201919785234,0.0,0.0,0.0,0.0,0.5,0.0,0.0,0.0,0.0,0.0,0.0,0.0,0.0,0.0,0.0,0.0,0.0,0.0,0.25,0.0,0.25,0.0,0.0
2023-03-01,0.0003780188553778041,-0.0006219811446221959,0.25,2,True,0.001,1.8310920042543684,-0.1465345334328355,0.0,0.0,0.0,0.0,0.5,0.0,0.0,0.0,0.0,0.0,0.0,0.0,0.0,0.0,0.0,0.0,0.0,0.0,0.0,0.25,0.25,0.0,0.0
2023-04-01,-0.014363568553495576,-0.015363568553495577,0.25,2,True,0.001,1.8275922410159313,-0.14816576062307363,0.0,0.0,0.0,0.0,0.5,0.0,0.0,0.0,0.0,0.0,0.0,0.0,0.0,0.0,0.0,0.0,0.0,0.0,0.25,0.0,0.25,0.0,0.0
2023-05-01,-0.021544502988591674,-0.023544502988591676,0.5,5,True,0.002,1.7959410727735285,-0.1629182574985094,0.0,0.125,0.125,0.0,0.0,0.0,0.0,0.0,0.0,0.0,0.125,0.0,0.0,0.0,0.125,0.0,0.0,0.0,0.25,0.0,0.25,0.0,0.0
2023-06-01,0.05086661639659866,0.05036661639659866,0.125,2,True,0.0005,1.756369790756344,-0.18136229121772696,0.0,0.0,0.125,0.0,0.0,0.0,0.0,0.0,0.0,0.0,0.125,0.0,0.125,0.0,0.125,0.0,0.0,0.0,0.25,0.0,0.25,0.0,0.0
2023-07-01,0.029600465470436543,0.028100465470436542,0.375,4,True,0.0015,1.8430988521507263,-0.14093818435913674,0.0,0.0,0.0,0.0,0.0,0.125,0.0,0.0,0.0,0.0,0.125,0.25,0.125,0.0,0.125,0.0,0.0,0.0,0.0,0.0,0.25,0.0,0.0
2023-08-01,-0.018117347933810285,-0.018617347933810285,0.125,2,True,0.0005,1.8938615484518275,-0.11727787227095832,0.0,0.125,0.0,0.0,0.0,0.125,0.0,0.0,0.0,0.0,0.125,0.25,0.125,0.0,0.0,0.0,0.0,0.0,0.0,0.0,0.25,0.0,0.0
2023-09-01,-0.055958993444580635,-0.056458993444580635,0.125,2,True,0.0005,1.858620024940141,-0.1337038209598047,0.0,0.0,0.0,0.125,0.0,0.125,0.0,0.0,0.0,0.0,0.125,0.25,0.125,0.0,0.0,0.0,0.0,0.0,0.0,0.0,0.25,0.0,0.0
2023-10-01,-0.00788043377496056,-0.01038043377496056,0.625,5,True,0.0025,1.7676122868438433,-0.17612220380190968,0.5,0.125,0.0,0.125,0.0,0.0,0.0,0.0,0.0,0.0,0.125,0.0,0.125,0.0,0.0,0.0,0.0,0.0,0.0,0.0,0.0,0.0,0.0
2023-11-01,0.02174709891669424,0.02124709891669424,0.125,2,True,0.0005,1.7484238791751503,-0.18506585232726636,0.5,0.0,0.125,0.125,0.0,0.0,0.0,0.0,0.0,0.0,0.125,0.0,0.125,0.0,0.0,0.0,0.0,0.0,0.0,0.0,0.0,0.0,0.0
2023-12-01,0.00934836834264341,0.008848368342643409,0.125,2,True,0.0005,1.7855538027107702,-0.16775972710783205,0.5,0.125,0.125,0.0,0.0,0.0,0.0,0.0,0.0,0.0,0.125,0.0,0.125,0.0,0.0,0.0,0.0,0.0,0.0,0.0,0.0,0.0,0.0
2024-01-01,0.0072282437199252675,0.0062282437199252675,0.25,4,True,0.001,1.8095273659353157,-0.15658573460763225,0.5,0.0,0.0,0.0,0.0,0.125,0.125,0.0,0.0,0.0,0.125,0.0,0.125,0.0,0.0,0.0,0.0,0.0,0.0,0.0,0.0,0.0,0.0
2024-02-01,0.03313746432457759,0.03263746432457759,0.125,2,True,0.0005,1.8198740714515742,-0.1517631719890693,0.5,0.0,0.0,0.0,0.0,0.125,0.0,0.0,0.0,0.125,0.125,0.0,0.125,0.0,0.0,0.0,0.0,0.0,0.0,0.0,0.0,0.0,0.0
2024-03-01,0.025549847232092082,0.02354984723209208,0.5,3,True,0.002,1.8764197234023863,-0.12540744485333977,0.0,0.0,0.0,0.0,0.0,0.125,0.0,0.0,0.0,0.125,0.125,0.0,0.125,0.0,0.0,0.0,0.0,0.0,0.0,0.25,0.25,0.0,0.0
2024-04-01,-0.043848086833846486,-0.04484808683384649,0.25,2,True,0.001,1.9224375987179227,-0.10395867694033867,0.0,0.0,0.0,0.0,0.0,0.125,0.0,0.0,0.0,0.125,0.125,0.0,0.125,0.0,0.0,0.0,0.0,0.0,0.25,0.25,0.0,0.0,0.0
2024-05-01,0.02894180302160429,0.02844180302160429,0.125,2,True,0.0005,1.8372233167627101,-0.14367675049323292,0.0,0.0,0.125,0.0,0.0,0.0,0.0,0.0,0.0,0.125,0.125,0.0,0.125,0.0,0.0,0.0,0.0,0.0,0.25,0.25,0.0,0.0,0.0
2024-06-01,0.013721736608864707,0.012721736608864706,0.25,2,True,0.001,1.9023728605861228,-0.11331077997580463,0.0,0.0,0.125,0.0,0.0,0.0,0.0,0.0,0.0,0.125,0.125,0.0,0.125,0.0,0.0,0.0,0.0,0.0,0.0,0.25,0.25,0.0,0.0
2024-07-01,0.015428599652861155,0.015428599652861155,0.0,0,False,0.0,1.9265482431910268,-0.10204272018066829,0.0,0.0,0.125,0.0,0.0,0.0,0.0,0.0,0.0,0.125,0.125,0.0,0.125,0.0,0.0,0.0,0.0,0.0,0.0,0.25,0.25,0.0,0.0
2024-08-01,0.028399934265134402,0.028399934265134402,0.0,0,False,0.0,1.9562721847471445,-0.08818849680496343,0.0,0.0,0.125,0.0,0.0,0.0,0.0,0.0,0.0,0.125,0.125,0.0,0.125,0.0,0.0,0.0,0.0,0.0,0.0,0.25,0.25,0.0,0.0
2024-09-01,0.03304814934952441,0.03254814934952441,0.125,2,True,0.0005,2.0486760682267153,-0.045119375568412834,0.0,0.0,0.125,0.0,0.0,0.0,0.0,0.0,0.0,0.125,0.0,0.0,0.125,0.0,0.0,0.125,0.0,0.0,0.0,0.25,0.25,0.0,0.0
2024-10-01,-0.003924465185277878,-0.004424465185277879,0.125,2,True,0.0005,2.114265168972625,-0.014548529133734167,0.0,0.0,0.125,0.0,0.0,0.0,0.0,0.0,0.125,0.125,0.0,0.0,0.0,0.0,0.0,0.125,0.0,0.0,0.0,0.25,0.25,0.0,0.0
2024-11-01,0.05737048101724482,0.05637048101724482,0.25,4,True,0.001,2.103861841115621,-0.027988316710010563,0.0,0.0,0.125,0.0,0.0,0.0,0.0,0.0,0.0,0.125,0.125,0.0,0.125,0.0,0.0,0.0,0.0,0.0,0.0,0.25,0.25,0.0,0.0
2024-12-01,-0.05343323349808343,-0.05393323349808343,0.125,2,True,0.0005,2.2354833692129503,0.0,0.0,0.0,0.0,0.0,0.0,0.0,0.125,0.0,0.0,0.125,0.125,0.0,0.125,0.0,0.0,0.0,0.0,0.0,0.0,0.25,0.25,0.0,0.0
2025-01-01,0.04542973403775319,0.04492973403775319,0.125,2,True,0.0005,2.079150915202157,-0.06993228228122916,0.0,0.0,0.125,0.0,0.0,0.0,0.0,0.0,0.0,0.125,0.125,0.0,0.125,0.0,0.0,0.0,0.0,0.0,0.0,0.25,0.25,0.0,0.0
2025-02-01,0.005406985096240477,0.0049069850962404765,0.125,2,True,0.0005,2.182745251560818,-0.023591371055781907,0.0,0.0,0.125,0.0,0.0,0.0,0.0,0.0,0.125,0.125,0.125,0.0,0.0,0.0,0.0,0.0,0.0,0.0,0.0,0.25,0.25,0.0,0.0
2025-03-01,-0.004705621847822097,-0.005205621847822098,0.125,2,True,0.0005,2.217515407102524,-0.021769795759883026,0.0,0.125,0.125,0.0,0.0,0.0,0.0,0.0,0.125,0.125,0.0,0.0,0.0,0.0,0.0,0.0,0.0,0.0,0.0,0.25,0.25,0.0,0.0
2025-04-01,-0.013566444690339949,-0.01406644469033995,0.125,2,True,0.0005,2.2048740893069803,-0.02734636079721764,0.0,0.125,0.125,0.125,0.0,0.0,0.0,0.0,0.125,0.0,0.0,0.0,0.0,0.0,0.0,0.0,0.0,0.0,0.0,0.25,0.25,0.0,0.0
2025-05-01,0.06158129463922846,0.061081294639228456,0.125,2,True,0.0005,2.17387430603177,-0.04102154169002237,0.0,0.125,0.125,0.0,0.0,0.0,0.0,0.0,0.125,0.125,0.0,0.0,0.0,0.0,0.0,0.0,0.0,0.0,0.0,0.25,0.25,0.0,0.0
2025-06-01,0.021164974914805887,0.021164974914805887,0.0,0,False,0.0,2.2931876436657346,-0.00793870928567253,0.0,0.125,0.125,0.0,0.0,0.0,0.0,0.0,0.125,0.125,0.0,0.0,0.0,0.0,0.0,0.0,0.0,0.0,0.0,0.25,0.25,0.0,0.0
2025-07-01,0.0007730283856038217,0.0007730283856038217,0.0,0,False,0.0,2.3417229026188626,0.0,0.0,0.125,0.125,0.0,0.0,0.0,0.0,0.0,0.125,0.125,0.0,0.0,0.0,0.0,0.0,0.0,0.0,0.0,0.0,0.25,0.25,0.0,0.0
2025-08-01,0.03460016544168246,0.034100165441682456,0.125,2,True,0.0005,2.342361354333358,-0.028309899539141425,0.0,0.0,0.125,0.0,0.0,0.0,0.0,0.0,0.125,0.125,0.125,0.0,0.0,0.0,0.0,0.0,0.0,0.0,0.0,0.25,0.25,0.0,0.0
2025-09-01,0.04071077100399478,0.04071077100399478,0.0,0,False,0.0,2.4288498181225076,-0.0013533539562460284,0.0,0.0,0.125,0.0,0.0,0.0,0.0,0.0,0.125,0.125,0.125,0.0,0.0,0.0,0.0,0.0,0.0,0.0,0.0,0.25,0.25,0.0,0.0
2025-10-01,-0.000637601274438071,-0.000637601274438071,0.0,0,False,0.0,2.5277301668711867,-0.0015102550637221546,0.0,0.0,0.125,0.0,0.0,0.0,0.0,0.0,0.125,0.125,0.125,0.0,0.0,0.0,0.0,0.0,0.0,0.0,0.0,0.25,0.25,0.0,0.0
2025-11-01,0.0018471280544707092,-0.0006528719455292909,0.625,5,True,0.0025,2.530231647432493,-0.010583912575654497,0.5,0.0,0.125,0.0,0.0,0.0,0.0,0.0,0.125,0.0,0.125,0.0,0.125,0.0,0.0,0.0,0.0,0.0,0.0,0.0,0.0,0.0,0.0
2025-12-01,0.004640880439257103,0.0041408804392571025,0.125,2,True,0.0005,2.527303761996534,-0.011728826305356876,0.5,0.125,0.125,0.0,0.0,0.0,0.0,0.0,0.125,0.0,0.125,0.0,0.0,0.0,0.0,0.0,0.0,0.0,0.0,0.0,0.0,0.0,0.0
2026-01-01,0.020802352538915034,0.020302352538915033,0.125,2,True,0.0005,2.439257919295494,-0.04615807442880049,0.5,0.125,0.125,0.0,0.0,0.0,0.0,0.0,0.125,0.0,0.0,0.0,0.0,0.0,0.125,0.0,0.0,0.0,0.0,0.0,0.0,0.0,0.0
2026-02-01,0.07977659490132469,0.07727659490132469,0.625,5,True,0.0025,2.5024289093600927,-0.021455832682729215,0.0,0.125,0.125,0.0,0.0,0.0,0.0,0.0,0.0,0.0,0.0,0.0,0.0,0.0,0.125,0.0,0.0,0.125,0.25,0.0,0.25,0.0,0.0
2026-03-01,-0.013690507018475628,-0.014190507018475629,0.125,2,True,0.0005,2.6871733834170155,0.0,0.0,0.125,0.125,0.125,0.0,0.0,0.0,0.0,0.0,0.0,0.0,0.0,0.0,0.0,0.125,0.0,0.0,0.0,0.25,0.0,0.25,0.0,0.0
2026-04-01,0.02637735785572709,0.02637735785572709,0.0,0,False,0.0,2.6490594250428092,-0.014183661764965994,0.0,0.125,0.125,0.125,0.0,0.0,0.0,0.0,0.0,0.0,0.0,0.0,0.0,0.0,0.125,0.0,0.0,0.0,0.25,0.0,0.25,0.0,0.0
2026-05-01,-0.0012642849769225334,-0.0022642849769225334,0.25,4,True,0.001,2.716215678864772,-0.009191685819607942,0.0,0.0,0.125,0.125,0.0,0.0,0.125,0.0,0.0,0.125,0.0,0.0,0.0,0.0,0.0,0.0,0.0,0.0,0.25,0.0,0.25,0.0,0.0
2026-06-01,-0.009988491506539729,-0.01048849150653973,0.125,2,True,0.0005,2.711425217383808,-0.010939127711293017,0.0,0.0,0.0,0.125,0.0,0.0,0.125,0.0,0.0,0.125,0.125,0.0,0.0,0.0,0.0,0.0,0.0,0.0,0.25,0.0,0.25,0.0,0.0
2026-07-01,0.0,-0.0005,0.125,2,True,0.0005,2.6829999985445387,-0.026318839500058977,0.0,0.0,0.0,0.0,0.0,0.125,0.125,0.0,0.0,0.125,0.125,0.0,0.0,0.0,0.0,0.0,0.0,0.0,0.25,0.0,0.25,0.0,0.0
