date,gross_return,net_return,turnover,operations,signal_changed,trade_cost,equity,drawdown,w__CASH,w_dbc.us,w_gld.us,w_hyg.us,w_iau.us,w_ief.us,w_ivv.us,w_lqd.us,w_qqq.us,w_rsp.us,w_shy.us,w_spy.us,w_tlt.us,w_vnq.us,w_vt.us,w_vwo.us,w_xle.us,w_xlk.us,w_xlp.us,w_xlv.us
2007-05-01,-0.007054555541525422,-0.009054555541525422,0.5,5,True,0.002,,,0.5,0.0,0.0,0.0,0.0,0.08333333333333333,0.0,0.0,0.0,0.0,0.0,0.0,0.0,0.0,0.0,0.0,0.1388888888888889,0.0,0.1388888888888889,0.1388888888888889
2007-06-01,0.00805477043881255,0.006721437105479216,0.33333333333333337,6,True,0.0013333333333333335,1.0004408277000274,0.0,0.5,0.0,0.0,0.0,0.0,0.0,0.0,0.0,0.0,0.0,0.25,0.0,0.0,0.0,0.0,0.08333333333333333,0.0,0.0,0.08333333333333333,0.08333333333333333
2007-07-01,-0.011840520244935983,-0.012618298022713761,0.19444444444444442,6,True,0.0007777777777777776,0.9900510584700432,-0.012912457869485139,0.5,0.0,0.0,0.0,0.0,0.0,0.0,0.0,0.05555555555555556,0.0,0.3333333333333333,0.0,0.0,0.0,0.0,0.05555555555555556,0.05555555555555556,0.0,0.0,0.0
2007-08-01,0.020259054914732406,0.020036832692510186,0.05555555555555556,2,True,0.00022222222222222223,0.987820411916766,-0.015136427436306166,0.5,0.05555555555555556,0.0,0.0,0.0,0.0,0.0,0.0,0.0,0.0,0.3333333333333333,0.0,0.0,0.0,0.0,0.05555555555555556,0.05555555555555556,0.0,0.0,0.0
2007-09-01,0.01770530287672105,0.016149747321165493,0.3888888888888889,6,True,0.0015555555555555555,0.9942123022921447,-0.008763669883831704,0.5,0.0,0.0,0.0,0.0,0.16666666666666666,0.0,0.0,0.11111111111111112,0.0,0.0,0.0,0.0,0.0,0.0,0.11111111111111112,0.11111111111111112,0.0,0.0,0.0
2007-10-01,0.011744617735560249,0.011300173291115804,0.11111111111111112,2,True,0.00044444444444444447,1.0197765339929705,0.0,0.5,0.11111111111111112,0.0,0.0,0.0,0.16666666666666666,0.0,0.0,0.0,0.0,0.0,0.0,0.0,0.0,0.0,0.11111111111111112,0.11111111111111112,0.0,0.0,0.0
2007-11-01,0.00401302209295752,0.0036796887596241864,0.08333333333333334,4,True,0.0003333333333333334,1.0326128892926651,-0.009228277293199527,0.5,0.1388888888888889,0.0,0.0,0.0,0.08333333333333333,0.0,0.0,0.0,0.0,0.0,0.0,0.0,0.0,0.0,0.1388888888888889,0.1388888888888889,0.0,0.0,0.0
2007-12-01,0.011824164771676422,0.0106019425494542,0.3055555555555556,5,True,0.0012222222222222224,1.0293279325086804,-0.013950112495508815,0.5,0.05555555555555556,0.0,0.0,0.0,0.3333333333333333,0.0,0.0,0.0,0.0,0.0,0.0,0.05555555555555556,0.0,0.0,0.05555555555555556,0.0,0.0,0.0,0.0
2008-01-01,0.008989232485892638,0.008544788041448193,0.11111111111111112,4,True,0.00044444444444444447,1.0304827211247223,-0.016329525421301727,0.5,0.05555555555555556,0.05555555555555556,0.0,0.0,0.3333333333333333,0.0,0.0,0.0,0.0,0.0,0.0,0.0,0.0,0.0,0.0,0.05555555555555556,0.0,0.0,0.0
2008-02-01,0.024696822934231144,0.024030156267564478,0.16666666666666669,4,True,0.0006666666666666668,1.0427726125256638,-0.004597932975297314,0.5,0.0,0.0,0.0,0.0,0.5,0.0,0.0,0.0,0.0,0.0,0.0,0.0,0.0,0.0,0.0,0.0,0.0,0.0,0.0
2008-03-01,-0.016378623201848685,-0.016378623201848685,0.0,0,False,0.0,1.0632627537858619,0.0,0.5,0.0,0.0,0.0,0.0,0.5,0.0,0.0,0.0,0.0,0.0,0.0,0.0,0.0,0.0,0.0,0.0,0.0,0.0,0.0
2008-04-01,-0.0023298967054756203,-0.0023298967054756203,0.0,0,False,0.0,1.0629867321711328,-0.010363429059389806,0.5,0.0,0.0,0.0,0.0,0.5,0.0,0.0,0.0,0.0,0.0,0.0,0.0,0.0,0.0,0.0,0.0,0.0,0.0,0.0
2008-05-01,-0.010647019038603392,-0.010980352371936725,0.08333333333333331,4,True,0.00033333333333333327,1.0535386283065136,-0.019159577522480098,0.5,0.027777777777777773,0.027777777777777773,0.0,0.0,0.4166666666666667,0.0,0.0,0.0,0.0,0.0,0.0,0.0,0.0,0.0,0.0,0.027777777777777773,0.0,0.0,0.0
2008-06-01,0.0024135605893083056,0.0004135605893083056,0.5,5,True,0.002,1.0429587561567946,-0.029009397918500213,0.5,0.0,0.0,0.0,0.0,0.0,0.0,0.0,0.0,0.0,0.5,0.0,0.0,0.0,0.0,0.0,0.0,0.0,0.0,0.0
2008-07-01,-0.04569918067612512,-0.049699180676125124,1.0,5,True,0.004,1.0419765726696744,-0.029923806978190748,0.0,0.4,0.0,0.0,0.1,0.5,0.0,0.0,0.0,0.0,0.0,0.0,0.0,0.0,0.0,0.0,0.0,0.0,0.0,0.0
2008-08-01,-0.001253482673913564,-0.003253482673913564,0.5,3,True,0.002,1.0111942042526578,-0.05858207391951542,0.5,0.0,0.0,0.0,0.0,0.5,0.0,0.0,0.0,0.0,0.0,0.0,0.0,0.0,0.0,0.0,0.0,0.0,0.0,0.0
2008-09-01,-0.005003923766865148,-0.005003923766865148,0.0,0,False,0.0,0.9896733427567052,-0.0786179134365732,0.5,0.0,0.0,0.0,0.0,0.5,0.0,0.0,0.0,0.0,0.0,0.0,0.0,0.0,0.0,0.0,0.0,0.0,0.0,0.0
2008-10-01,0.006163142811944633,0.004163142811944633,0.5,2,True,0.002,0.9895860448318686,-0.07869918746979554,0.5,0.0,0.0,0.0,0.0,0.0,0.0,0.0,0.0,0.0,0.5,0.0,0.0,0.0,0.0,0.0,0.0,0.0,0.0,0.0
2008-11-01,-0.0001922165784464247,-0.0001922165784464247,0.0,0,False,0.0,0.9833791551060057,-0.08447777800023748,0.5,0.0,0.0,0.0,0.0,0.0,0.0,0.0,0.0,0.0,0.5,0.0,0.0,0.0,0.0,0.0,0.0,0.0,0.0,0.0
2008-12-01,-0.007322535961388377,-0.009322535961388377,0.5,2,True,0.002,0.9866586540188144,-0.08142457708977402,0.5,0.0,0.0,0.0,0.0,0.5,0.0,0.0,0.0,0.0,0.0,0.0,0.0,0.0,0.0,0.0,0.0,0.0,0.0,0.0
2009-01-01,-0.012478615898019962,-0.012478615898019962,0.0,0,False,0.0,0.9814191153049985,-0.08630256753793386,0.5,0.0,0.0,0.0,0.0,0.5,0.0,0.0,0.0,0.0,0.0,0.0,0.0,0.0,0.0,0.0,0.0,0.0,0.0,0.0
2009-02-01,0.009233823513482453,0.009233823513482453,0.0,0,False,0.0,0.9627765891728861,-0.10365868787009636,0.5,0.0,0.0,0.0,0.0,0.5,0.0,0.0,0.0,0.0,0.0,0.0,0.0,0.0,0.0,0.0,0.0,0.0,0.0,0.0
2009-03-01,-0.007115005411212683,-0.007115005411212683,0.0,0,False,0.0,0.9582760061672596,-0.10784871338793578,0.5,0.0,0.0,0.0,0.0,0.5,0.0,0.0,0.0,0.0,0.0,0.0,0.0,0.0,0.0,0.0,0.0,0.0,0.0,0.0
2009-04-01,-0.011287193347465085,-0.011287193347465085,0.0,0,False,0.0,0.9730568576063217,-0.0940877973849118,0.5,0.0,0.0,0.0,0.0,0.5,0.0,0.0,0.0,0.0,0.0,0.0,0.0,0.0,0.0,0.0,0.0,0.0,0.0,0.0
2009-05-01,-0.030162882813015768,-0.03216288281301577,0.5,2,True,0.002,0.9559229825388891,-0.11003936936175651,0.0,0.0,0.0,0.0,0.0,0.5,0.0,0.0,0.0,0.0,0.0,0.0,0.0,0.0,0.5,0.0,0.0,0.0,0.0,0.0
2009-06-01,0.056110168522770607,0.054110168522770605,0.5,5,True,0.002,0.9649604613290547,-0.10162551126817487,0.0,0.0,0.05555555555555556,0.0,0.0,0.0,0.0,0.05555555555555556,0.0,0.0,0.3333333333333333,0.0,0.0,0.0,0.5,0.05555555555555556,0.0,0.0,0.0,0.0
2009-07-01,0.02983553772328762,0.029168871056620953,0.16666666666666669,4,True,0.0006666666666666668,0.9543744486553524,-0.11148104846847362,0.0,0.0,0.0,0.0,0.0,0.0,0.0,0.0,0.0,0.0,0.5,0.0,0.0,0.0,0.5,0.0,0.0,0.0,0.0,0.0
2009-08-01,0.046017059826464285,0.045350393159797615,0.16666666666666669,4,True,0.0006666666666666668,0.9971018981561846,-0.07170195684926217,0.0,0.0,0.05555555555555556,0.0,0.0,0.0,0.0,0.05555555555555556,0.0,0.0,0.3333333333333333,0.0,0.0,0.0,0.5,0.05555555555555556,0.0,0.0,0.0,0.0
2009-09-01,0.025820439252123604,0.022931550363234715,0.7222222222222222,7,True,0.0028888888888888888,1.0002806649229856,-0.06874253718040924,0.0,0.0,0.11111111111111112,0.0,0.5,0.0,0.0,0.11111111111111112,0.0,0.0,0.16666666666666666,0.0,0.0,0.11111111111111112,0.0,0.0,0.0,0.0,0.0,0.0
2009-10-01,0.060723272650395885,0.059945494872618105,0.19444444444444445,5,True,0.0007777777777777777,1.0340475553268664,-0.03730569171539533,0.0,0.0,0.1388888888888889,0.1388888888888889,0.5,0.0,0.0,0.1388888888888889,0.0,0.0,0.08333333333333333,0.0,0.0,0.0,0.0,0.0,0.0,0.0,0.0,0.0
2009-11-01,-0.028730941057712248,-0.030019829946601136,0.3222222222222222,6,True,0.001288888888888889,1.0667323553357084,-0.012728509886507422,0.0,0.0,0.1388888888888889,0.0,0.4,0.08333333333333333,0.0,0.1388888888888889,0.0,0.0,0.0,0.0,0.0,0.0,0.0,0.1388888888888889,0.0,0.1,0.0,0.0
2009-12-01,0.018420625354450243,0.017865069798894687,0.1388888888888889,2,True,0.0005555555555555556,1.1672345638097137,0.0,0.0,0.1388888888888889,0.1388888888888889,0.0,0.4,0.08333333333333333,0.0,0.0,0.0,0.0,0.0,0.0,0.0,0.0,0.0,0.1388888888888889,0.0,0.1,0.0,0.0
2010-01-01,-0.008022848297751933,-0.008911737186640822,0.2222222222222222,4,True,0.0008888888888888889,1.100033856664726,-0.06571672547717822,0.0,0.1388888888888889,0.1388888888888889,0.0,0.4,0.0,0.0,0.0,0.1388888888888889,0.0,0.08333333333333333,0.0,0.0,0.0,0.0,0.0,0.0,0.1,0.0,0.0
2010-02-01,0.04498368515513952,0.042161462932917296,0.7055555555555556,9,True,0.0028222222222222225,1.0816914932199715,-0.08129530360713855,0.0,0.0,0.11111111111111112,0.0,0.0,0.0,0.1,0.0,0.0,0.0,0.16666666666666666,0.0,0.0,0.11111111111111112,0.0,0.11111111111111112,0.0,0.4,0.0,0.0
2010-03-01,0.025001240781470695,0.024223463003692918,0.19444444444444445,5,True,0.0007777777777777777,1.1022631743120659,-0.06382331630718852,0.0,0.0,0.1388888888888889,0.0,0.0,0.0,0.1,0.0,0.0,0.0,0.08333333333333333,0.0,0.0,0.1388888888888889,0.0,0.0,0.0,0.4,0.0,0.1388888888888889
2010-04-01,-0.012802618042719666,-0.014402618042719667,0.4,3,True,0.0016,1.1465382813318348,-0.02621948101097571,0.0,0.0,0.1388888888888889,0.0,0.4,0.0,0.0,0.0,0.0,0.0,0.08333333333333333,0.0,0.0,0.1388888888888889,0.0,0.0,0.0,0.1,0.0,0.1388888888888889
2010-05-01,0.04491240186493431,0.04435684630937876,0.1388888888888889,2,True,0.0005555555555555556,1.1898497337369796,-0.003322442340845666,0.0,0.0,0.1388888888888889,0.0,0.4,0.0,0.0,0.0,0.1388888888888889,0.0,0.08333333333333333,0.0,0.0,0.1388888888888889,0.0,0.0,0.0,0.1,0.0,0.0
2010-06-01,-0.011784188078279686,-0.01311752141161302,0.33333333333333337,6,True,0.0013333333333333335,1.1848874510929022,-0.033665396971063855,0.0,0.0,0.08333333333333333,0.0,0.4,0.25,0.0,0.0,0.0,0.0,0.0,0.0,0.08333333333333333,0.08333333333333333,0.0,0.0,0.0,0.1,0.0,0.0
2010-07-01,0.023625383862365224,0.022625383862365223,0.24999999999999997,4,True,0.0009999999999999998,1.1792712726446466,-0.038245669609050625,0.0,0.0,0.0,0.0,0.4,0.5,0.0,0.0,0.0,0.0,0.0,0.0,0.0,0.0,0.0,0.0,0.0,0.1,0.0,0.0
2010-08-01,0.03507867619418394,0.03374534286085061,0.33333333333333337,4,True,0.0013333333333333335,1.1885329212769042,-0.0306923348630449,0.0,0.0,0.11111111111111112,0.0,0.4,0.16666666666666666,0.0,0.0,0.0,0.0,0.0,0.0,0.11111111111111112,0.11111111111111112,0.0,0.0,0.0,0.1,0.0,0.0
2010-09-01,0.03576568229006853,0.0344323489567352,0.33333333333333337,4,True,0.0013333333333333335,1.230410039319172,0.0,0.0,0.0,0.0,0.0,0.4,0.5,0.0,0.0,0.0,0.0,0.0,0.0,0.0,0.0,0.0,0.0,0.0,0.1,0.0,0.0
2010-10-01,0.001724638977175519,-0.0002753610228244806,0.49999999999999994,4,True,0.0019999999999999996,1.2812568101148298,-0.00011877740599497422,0.0,0.0,0.16666666666666666,0.0,0.4,0.0,0.0,0.16666666666666666,0.0,0.0,0.0,0.0,0.16666666666666666,0.0,0.0,0.0,0.0,0.1,0.0,0.0
2010-11-01,-0.0008912281363412516,-0.0008912281363412516,0.0,0,False,0.0,1.2985055517495085,-0.010579971288537271,0.0,0.0,0.16666666666666666,0.0,0.4,0.0,0.0,0.16666666666666666,0.0,0.0,0.0,0.0,0.16666666666666666,0.0,0.0,0.0,0.0,0.1,0.0,0.0
2010-12-01,-0.00933861339151309,-0.010227502280401979,0.22222222222222218,5,True,0.0008888888888888887,1.3063137726552854,-0.021281126547675444,0.0,0.0,0.1388888888888889,0.0,0.4,0.08333333333333333,0.0,0.1388888888888889,0.0,0.0,0.0,0.0,0.0,0.1388888888888889,0.0,0.0,0.0,0.1,0.0,0.0
2011-01-01,0.03590575467318892,0.03341686578430003,0.6222222222222222,7,True,0.002488888888888889,1.2801884793733862,-0.0408547681525544,0.0,0.0,0.1388888888888889,0.0,0.0,0.0,0.1,0.0,0.0,0.0,0.08333333333333333,0.0,0.0,0.1388888888888889,0.0,0.0,0.1388888888888889,0.4,0.0,0.0
2011-02-01,0.010145498976540802,0.008545498976540802,0.4,3,True,0.0016,1.2721135540250488,-0.046904678982226056,0.0,0.0,0.1388888888888889,0.0,0.4,0.0,0.0,0.0,0.0,0.0,0.08333333333333333,0.0,0.0,0.1388888888888889,0.0,0.0,0.1388888888888889,0.1,0.0,0.0
2011-03-01,0.03876604458265606,0.03876604458265606,0.0,0,False,0.0,1.30356024730235,-0.02334412801628083,0.0,0.0,0.1388888888888889,0.0,0.4,0.0,0.0,0.0,0.0,0.0,0.08333333333333333,0.0,0.0,0.1388888888888889,0.0,0.0,0.1388888888888889,0.1,0.0,0.0
2011-04-01,0.0005680172052623372,0.0005680172052623372,0.0,0,False,0.0,1.3103387762983136,-0.01826550571169605,0.0,0.0,0.1388888888888889,0.0,0.4,0.0,0.0,0.0,0.0,0.0,0.08333333333333333,0.0,0.0,0.1388888888888889,0.0,0.0,0.1388888888888889,0.1,0.0,0.0
2011-05-01,0.0038253665881627,0.0025364776992738113,0.3222222222222222,7,True,0.001288888888888889,1.3922841700665964,0.0,0.0,0.1,0.16666666666666666,0.0,0.4,0.0,0.0,0.16666666666666666,0.0,0.0,0.0,0.0,0.0,0.0,0.0,0.0,0.16666666666666666,0.0,0.0,0.0
2011-06-01,0.030240095606604275,0.029173428939937608,0.26666666666666666,4,True,0.0010666666666666667,1.3653280225634068,-0.019361096019572144,0.0,0.0,0.16666666666666666,0.0,0.4,0.0,0.0,0.16666666666666666,0.0,0.0,0.0,0.0,0.16666666666666666,0.0,0.0,0.0,0.0,0.1,0.0,0.0
2011-07-01,0.06654891934452557,0.06566003045563669,0.22222222222222218,5,True,0.0008888888888888887,1.3243771303361112,-0.04877383596714824,0.0,0.0,0.1388888888888889,0.0,0.4,0.08333333333333333,0.0,0.1388888888888889,0.0,0.0,0.0,0.0,0.0,0.0,0.0,0.0,0.1388888888888889,0.1,0.0,0.0
2011-08-01,-0.009157562688090804,-0.010046451576979693,0.22222222222222218,5,True,0.0008888888888888887,1.3963745014657782,-0.005817816045399771,0.0,0.0,0.16666666666666666,0.0,0.4,0.0,0.0,0.16666666666666666,0.0,0.0,0.0,0.0,0.16666666666666666,0.0,0.0,0.0,0.0,0.1,0.0,0.0
2011-09-01,-0.05232324554337871,-0.05332324554337871,0.24999999999999997,4,True,0.0009999999999999998,1.456087293244985,-0.01699732930150366,0.0,0.0,0.08333333333333333,0.0,0.4,0.25,0.0,0.08333333333333333,0.0,0.0,0.0,0.0,0.08333333333333333,0.0,0.0,0.0,0.0,0.1,0.0,0.0
2011-10-01,0.023384591863587222,0.02238459186358722,0.24999999999999997,4,True,0.0009999999999999998,1.3927601591728676,-0.06431651128851212,0.0,0.0,0.0,0.0,0.4,0.5,0.0,0.0,0.0,0.0,0.0,0.0,0.0,0.0,0.0,0.0,0.0,0.1,0.0,0.0
2011-11-01,0.016839601285016874,0.013906267951683541,0.7333333333333334,7,True,0.002933333333333334,1.435444136972358,-0.035640580981006975,0.0,0.0,0.11111111111111112,0.0,0.0,0.16666666666666666,0.1,0.11111111111111112,0.0,0.0,0.0,0.0,0.11111111111111112,0.0,0.0,0.0,0.0,0.4,0.0,0.0
2011-12-01,0.027032303577070555,0.026143414688181665,0.22222222222222224,5,True,0.0008888888888888889,1.4448250812973988,-0.029338279284873425,0.0,0.0,0.05555555555555556,0.0,0.0,0.3333333333333333,0.1,0.0,0.0,0.0,0.0,0.0,0.05555555555555556,0.0,0.0,0.0,0.0,0.4,0.05555555555555556,0.0
2012-01-01,0.032248538916833124,0.030092983361277567,0.5388888888888889,8,True,0.0021555555555555555,1.4122738882155872,-0.05120680682991674,0.0,0.0,0.0,0.0,0.4,0.25,0.0,0.08333333333333333,0.0,0.0,0.0,0.0,0.08333333333333333,0.0,0.0,0.0,0.0,0.1,0.08333333333333333,0.0
2012-02-01,-0.03472801284697554,-0.03506134618030887,0.08333333333333333,2,True,0.0003333333333333333,1.4838171524587926,-0.003142643994697658,0.0,0.0,0.08333333333333333,0.0,0.4,0.25,0.0,0.08333333333333333,0.0,0.0,0.0,0.0,0.08333333333333333,0.0,0.0,0.0,0.0,0.1,0.0,0.0
2012-03-01,0.013864684345454816,0.012531351012121482,0.3333333333333333,5,True,0.0013333333333333333,1.4770849899661629,-0.022271160575385474,0.0,0.0,0.0,0.0,0.4,0.0,0.0,0.16666666666666666,0.0,0.0,0.0,0.0,0.16666666666666666,0.0,0.0,0.0,0.0,0.1,0.16666666666666666,0.0
2012-04-01,-0.016495316133702732,-0.0187619828003694,0.5666666666666667,5,True,0.002266666666666667,1.4534170908810295,-0.03793768461518121,0.0,0.0,0.0,0.0,0.0,0.0,0.1,0.0,0.0,0.0,0.0,0.0,0.16666666666666666,0.0,0.0,0.0,0.0,0.4,0.16666666666666666,0.16666666666666666
2012-05-01,0.02122303419831751,0.019667478642761953,0.3888888888888889,5,True,0.0015555555555555555,1.4690900971891174,-0.02756323062506083,0.0,0.0,0.0,0.0,0.0,0.3333333333333333,0.1,0.05555555555555556,0.0,0.0,0.0,0.0,0.05555555555555556,0.0,0.0,0.0,0.0,0.4,0.05555555555555556,0.0
2012-06-01,0.00821293390474298,0.007546267238076314,0.16666666666666669,4,True,0.0006666666666666668,1.4183340940830267,-0.0611602195240456,0.0,0.0,0.0,0.0,0.0,0.5,0.1,0.0,0.0,0.0,0.0,0.0,0.0,0.0,0.0,0.0,0.0,0.4,0.0,0.0
2012-07-01,0.02295851260498719,0.02195851260498719,0.24999999999999997,4,True,0.0009999999999999998,1.4544146474956123,-0.03727737063347947,0.0,0.0,0.0,0.0,0.0,0.25,0.1,0.08333333333333333,0.0,0.0,0.0,0.0,0.08333333333333333,0.0,0.0,0.0,0.0,0.4,0.08333333333333333,0.0
2012-08-01,0.018297830681262842,0.017964497347929508,0.0833333333333333,4,True,0.0003333333333333332,1.474288142590757,-0.024122481492583336,0.0,0.0,0.0,0.0,0.0,0.3333333333333333,0.1,0.05555555555555556,0.0,0.0,0.0,0.0,0.05555555555555556,0.0,0.0,0.0,0.0,0.4,0.05555555555555556,0.0
2012-09-01,-0.025752550274863156,-0.026752550274863156,0.25000000000000006,4,True,0.0010000000000000002,1.5071082774867213,-0.002397805783621254,0.0,0.0,0.0,0.0,0.0,0.08333333333333333,0.1,0.1388888888888889,0.0,0.0,0.0,0.0,0.1388888888888889,0.0,0.0,0.0,0.0,0.4,0.1388888888888889,0.0
2012-10-01,-0.017045103689950332,-0.017378437023283667,0.0833333333333333,4,True,0.0003333333333333332,1.5190945655076558,-0.004891872682848963,0.0,0.0,0.0,0.0,0.0,0.0,0.1,0.16666666666666666,0.0,0.0,0.0,0.0,0.16666666666666666,0.0,0.0,0.0,0.0,0.4,0.16666666666666666,0.0
2012-11-01,0.018032743831930834,0.0176994104985975,0.0833333333333333,4,True,0.0003333333333333332,1.4834138698148762,-0.0282651050532442,0.0,0.0,0.0,0.0,0.0,0.08333333333333333,0.1,0.1388888888888889,0.0,0.0,0.0,0.0,0.1388888888888889,0.0,0.0,0.0,0.0,0.4,0.1388888888888889,0.0
2012-12-01,0.015489523980806719,0.01460063509191783,0.2222222222222222,5,True,0.0008888888888888889,1.486876536302377,-0.02599682785566937,0.0,0.0,0.0,0.16666666666666666,0.0,0.0,0.1,0.16666666666666666,0.0,0.0,0.0,0.0,0.0,0.0,0.0,0.0,0.0,0.4,0.16666666666666666,0.0
2013-01-01,0.00921214451379702,0.008323255624908132,0.2222222222222222,5,True,0.0008888888888888889,1.4609629735790202,-0.04297193754223305,0.0,0.0,0.0,0.0,0.0,0.08333333333333333,0.1,0.1388888888888889,0.0,0.0,0.0,0.0,0.0,0.1388888888888889,0.0,0.0,0.0,0.4,0.1388888888888889,0.0
2013-02-01,0.02477342397818285,0.02366231286707174,0.2777777777777778,6,True,0.0011111111111111111,1.5021225589561034,-0.01600966747970267,0.0,0.0,0.0,0.0,0.0,0.0,0.1,0.0,0.0,0.0,0.16666666666666666,0.0,0.0,0.11111111111111112,0.0,0.0,0.0,0.4,0.11111111111111112,0.11111111111111112
2013-03-01,0.008219803129723608,0.006886469796390274,0.33333333333333337,6,True,0.0013333333333333335,1.5124523573232405,-0.009242961481218281,0.0,0.0,0.0,0.0,0.0,0.25,0.1,0.08333333333333333,0.0,0.0,0.0,0.0,0.0,0.08333333333333333,0.0,0.0,0.0,0.4,0.08333333333333333,0.0
2013-04-01,0.04005085317522965,0.039717519841896316,0.08333333333333333,2,True,0.0003333333333333333,1.5462819950609883,-0.0020587950868612426,0.0,0.0,0.0,0.0,0.0,0.25,0.1,0.08333333333333333,0.0,0.0,0.0,0.0,0.0,0.0,0.0,0.0,0.0,0.4,0.08333333333333333,0.08333333333333333
2013-05-01,-0.04461880030264109,-0.04528546696930776,0.16666666666666669,5,True,0.0006666666666666668,1.5752458049161817,-0.004219315573958715,0.0,0.0,0.0,0.0,0.0,0.16666666666666666,0.1,0.11111111111111112,0.0,0.0,0.0,0.0,0.11111111111111112,0.0,0.0,0.0,0.0,0.4,0.11111111111111112,0.0
2013-06-01,0.03675822544823873,0.03475822544823873,0.5,8,True,0.002,1.584001172604824,-0.02128919671815921,0.0,0.0,0.0,0.0,0.0,0.0,0.1,0.0,0.08333333333333333,0.08333333333333333,0.25,0.0,0.0,0.0,0.0,0.0,0.0,0.4,0.0,0.08333333333333333
2013-07-01,-0.0013223598104317165,-0.0021001375882094943,0.19444444444444448,5,True,0.0007777777777777778,1.5508203112937269,-0.041790739260557874,0.0,0.0,0.0,0.0,0.0,0.0,0.1,0.0,0.0,0.027777777777777773,0.4166666666666667,0.0,0.0,0.0,0.0,0.0,0.0,0.4,0.027777777777777773,0.027777777777777773
2013-08-01,0.01791559715403007,0.017804486042918958,0.027777777777777773,2,True,0.00011111111111111109,1.607771281906888,-0.006602299276749268,0.0,0.0,0.0,0.0,0.0,0.0,0.1,0.0,0.027777777777777773,0.0,0.4166666666666667,0.0,0.0,0.0,0.0,0.0,0.0,0.4,0.027777777777777773,0.027777777777777773
2013-09-01,0.015533805363307885,0.015200472029974552,0.08333333333333331,4,True,0.00033333333333333327,1.5833917765126366,-0.02166572582004156,0.0,0.0,0.0,0.0,0.0,0.0,0.1,0.0,0.0,0.0,0.5,0.0,0.0,0.0,0.0,0.0,0.0,0.4,0.0,0.0
2013-10-01,0.010196630067667304,0.009196630067667305,0.24999999999999997,4,True,0.0009999999999999998,1.6183462190607505,-0.005726232246308083,0.0,0.0,0.0,0.08333333333333333,0.0,0.0,0.1,0.0,0.08333333333333333,0.0,0.25,0.0,0.0,0.0,0.0,0.0,0.08333333333333333,0.4,0.0,0.0
2013-11-01,0.02175615268002556,0.021422819346692226,0.08333333333333333,2,True,0.0003333333333333333,1.651337850498355,-0.004416624008934722,0.0,0.0,0.0,0.0,0.0,0.0,0.1,0.0,0.08333333333333333,0.0,0.25,0.0,0.0,0.0,0.0,0.0,0.08333333333333333,0.4,0.0,0.08333333333333333
2013-12-01,0.01860117335316894,0.01860117335316894,0.0,0,False,0.0,1.6845517895032762,0.0,0.0,0.0,0.0,0.0,0.0,0.0,0.1,0.0,0.08333333333333333,0.0,0.25,0.0,0.0,0.0,0.0,0.0,0.08333333333333333,0.4,0.0,0.08333333333333333
2014-01-01,0.006481053036900308,0.006481053036900308,0.0,0,False,0.0,1.6719904186016883,-0.02596426093320192,0.0,0.0,0.0,0.0,0.0,0.0,0.1,0.0,0.08333333333333333,0.0,0.25,0.0,0.0,0.0,0.0,0.0,0.08333333333333333,0.4,0.0,0.08333333333333333
2014-02-01,0.010815199888030555,0.00948186655469722,0.3333333333333333,4,True,0.0013333333333333333,1.6406899387050669,-0.04419868723736009,0.0,0.0,0.0,0.0,0.0,0.25,0.1,0.0,0.08333333333333333,0.08333333333333333,0.0,0.0,0.0,0.0,0.0,0.0,0.0,0.4,0.0,0.08333333333333333
2014-03-01,-0.005025062110878718,-0.006358395444212052,0.33333333333333337,6,True,0.0013333333333333335,1.7010861725832864,-0.009014221077786266,0.0,0.0,0.0,0.0,0.0,0.0,0.1,0.0,0.11111111111111112,0.0,0.16666666666666666,0.0,0.0,0.11111111111111112,0.0,0.0,0.0,0.4,0.0,0.11111111111111112
2014-04-01,0.012574963491888618,0.012574963491888618,0.0,0,False,0.0,1.711829362335741,-0.0027556620250266395,0.0,0.0,0.0,0.0,0.0,0.0,0.1,0.0,0.11111111111111112,0.0,0.16666666666666666,0.0,0.0,0.11111111111111112,0.0,0.0,0.0,0.4,0.0,0.11111111111111112
2014-05-01,0.04814073715000538,0.0473629593722276,0.19444444444444445,5,True,0.0007777777777777777,1.708671544837405,-0.004595282077037632,0.0,0.0,0.0,0.0,0.0,0.0,0.1,0.0,0.1388888888888889,0.0,0.08333333333333333,0.0,0.0,0.0,0.0,0.0,0.1388888888888889,0.4,0.0,0.1388888888888889
2014-06-01,0.023971731211740663,0.02252728676729622,0.36111111111111105,6,True,0.0014444444444444444,1.7604435087111694,0.0,0.0,0.0,0.0,0.0,0.0,0.08333333333333333,0.1,0.0,0.0,0.0,0.0,0.0,0.1388888888888889,0.1388888888888889,0.0,0.0,0.0,0.4,0.0,0.1388888888888889
2014-07-01,0.008012042601313144,0.007123153712424255,0.22222222222222224,5,True,0.0008888888888888889,1.8150292467093805,0.0,0.0,0.0,0.16666666666666666,0.0,0.0,0.0,0.1,0.0,0.0,0.0,0.0,0.0,0.16666666666666666,0.16666666666666666,0.0,0.0,0.0,0.4,0.0,0.0
2014-08-01,-0.002157759847850788,-0.003713315403406343,0.3888888888888889,6,True,0.0015555555555555555,1.808545879916482,-0.019519167509257196,0.0,0.0,0.0,0.0,0.0,0.16666666666666666,0.1,0.0,0.11111111111111112,0.0,0.0,0.0,0.11111111111111112,0.0,0.0,0.11111111111111112,0.0,0.4,0.0,0.0
2014-09-01,-0.012453034065542736,-0.012897478509987181,0.11111111111111112,2,True,0.00044444444444444447,1.866621697542147,0.0,0.0,0.0,0.0,0.0,0.0,0.16666666666666666,0.1,0.0,0.0,0.0,0.0,0.0,0.11111111111111112,0.11111111111111112,0.0,0.11111111111111112,0.0,0.4,0.0,0.0
2014-10-01,0.0598065267859218,0.0588065267859218,0.25,6,True,0.001,1.8238820110991234,-0.02289681219247619,0.0,0.0,0.0,0.0,0.0,0.25,0.1,0.0,0.08333333333333333,0.0,0.0,0.0,0.08333333333333333,0.0,0.0,0.0,0.0,0.4,0.0,0.08333333333333333
2014-11-01,0.024040778741969377,0.023707445408636042,0.08333333333333333,2,True,0.0003333333333333333,1.8955196581195684,0.0,0.0,0.0,0.0,0.0,0.0,0.25,0.1,0.0,0.0,0.0,0.0,0.0,0.08333333333333333,0.08333333333333333,0.0,0.0,0.0,0.4,0.0,0.08333333333333333
2014-12-01,0.00011529220643497623,-0.0002180411268983571,0.08333333333333333,2,True,0.0003333333333333333,1.9484650987509242,-0.006636453852976176,0.0,0.0,0.0,0.0,0.0,0.25,0.1,0.0,0.0,0.0,0.0,0.0,0.08333333333333333,0.0,0.0,0.0,0.0,0.4,0.08333333333333333,0.08333333333333333
2015-01-01,0.015890570534335104,0.015335014978779548,0.13888888888888887,5,True,0.0005555555555555554,1.8981655967135018,-0.03764473793757184,0.0,0.0,0.0,0.0,0.0,0.3333333333333333,0.1,0.0,0.0,0.0,0.0,0.0,0.05555555555555556,0.05555555555555556,0.0,0.0,0.0,0.4,0.05555555555555556,0.0
2015-02-01,0.006678406850064933,0.0063450735167316,0.0833333333333333,4,True,0.0003333333333333332,1.9061089417306325,-0.03361752351073344,0.0,0.0,0.0,0.0,0.0,0.25,0.1,0.0,0.0,0.0,0.0,0.0,0.08333333333333333,0.08333333333333333,0.0,0.0,0.0,0.4,0.08333333333333333,0.0
2015-03-01,-0.006581619471342495,-0.006581619471342495,0.0,0,False,0.0,1.954321350527547,-0.009174205507947675,0.0,0.0,0.0,0.0,0.0,0.25,0.1,0.0,0.0,0.0,0.0,0.0,0.08333333333333333,0.08333333333333333,0.0,0.0,0.0,0.4,0.08333333333333333,0.0
2015-04-01,0.009213822714360515,0.008880489381027182,0.08333333333333333,2,True,0.0003333333333333333,1.93309250096067,-0.019937067886018345,0.0,0.0,0.0,0.0,0.0,0.25,0.1,0.0,0.0,0.0,0.0,0.0,0.08333333333333333,0.08333333333333333,0.0,0.0,0.0,0.4,0.0,0.08333333333333333
2015-05-01,-0.0010544082405819612,-0.001721074907248628,0.16666666666666669,5,True,0.0006666666666666668,1.9634106687102966,-0.004565991558188154,0.0,0.0,0.0,0.0,0.0,0.16666666666666666,0.1,0.0,0.11111111111111112,0.0,0.0,0.0,0.11111111111111112,0.0,0.0,0.0,0.0,0.4,0.0,0.11111111111111112
2015-06-01,0.008930364177272266,0.0082636975106056,0.16666666666666669,5,True,0.0006666666666666668,1.9713994086138924,-0.002280160293590461,0.0,0.0,0.0,0.0,0.0,0.25,0.1,0.0,0.08333333333333333,0.0,0.0,0.0,0.0,0.0,0.0,0.0,0.0,0.4,0.08333333333333333,0.08333333333333333
2015-07-01,-0.01308430016656286,-0.01408430016656286,0.24999999999999997,4,True,0.0009999999999999998,1.9157116139194605,-0.030463600622000264,0.0,0.0,0.0,0.0,0.0,0.5,0.1,0.0,0.0,0.0,0.0,0.0,0.0,0.0,0.0,0.0,0.0,0.4,0.0,0.0
2015-08-01,-0.014690657288902913,-0.015023990622236246,0.08333333333333331,4,True,0.00033333333333333327,1.966881328666291,-0.004566748177002311,0.0,0.0,0.0,0.0,0.0,0.4166666666666667,0.1,0.0,0.027777777777777773,0.0,0.0,0.0,0.0,0.0,0.0,0.0,0.0,0.4,0.027777777777777773,0.027777777777777773
2015-09-01,0.030523136255227467,0.030189802921894132,0.08333333333333331,4,True,0.00033333333333333327,1.8816172918665404,-0.05133905980524622,0.0,0.0,0.0,0.0,0.0,0.5,0.1,0.0,0.0,0.0,0.0,0.0,0.0,0.0,0.0,0.0,0.0,0.4,0.0,0.0
2015-10-01,0.013960064484665347,0.013960064484665347,0.0,0,False,0.0,1.8975866553368976,-0.04328773532519059,0.0,0.0,0.0,0.0,0.0,0.5,0.1,0.0,0.0,0.0,0.0,0.0,0.0,0.0,0.0,0.0,0.0,0.4,0.0,0.0
2015-11-01,-0.008956369897887624,-0.009956369897887623,0.24999999999999997,4,True,0.0009999999999999998,2.00166519129848,-0.009512207497243352,0.0,0.0,0.0,0.0,0.0,0.25,0.1,0.0,0.0,0.0,0.0,0.0,0.08333333333333333,0.08333333333333333,0.0,0.0,0.0,0.4,0.08333333333333333,0.0
2015-12-01,-0.03562398872484898,-0.03640176650262676,0.19444444444444448,5,True,0.0007777777777777778,2.018485042553241,-0.0011892085202038771,0.0,0.0,0.0,0.0,0.0,0.4166666666666667,0.1,0.027777777777777773,0.0,0.0,0.0,0.0,0.0,0.027777777777777773,0.0,0.0,0.0,0.4,0.027777777777777773,0.0
2016-01-01,0.03561191817822027,0.03527858484488694,0.08333333333333331,4,True,0.00033333333333333327,1.9683060579434506,-0.026019370883141102,0.0,0.0,0.0,0.0,0.0,0.5,0.1,0.0,0.0,0.0,0.0,0.0,0.0,0.0,0.0,0.0,0.0,0.4,0.0,0.0
2016-02-01,0.027500626827260004,0.027500626827260004,0.0,0,False,0.0,1.9520921528524464,-0.03404252836784516,0.0,0.0,0.0,0.0,0.0,0.5,0.1,0.0,0.0,0.0,0.0,0.0,0.0,0.0,0.0,0.0,0.0,0.4,0.0,0.0
2016-03-01,0.006047092400998877,0.004047092400998877,0.5,3,True,0.002,1.9823788298230813,-0.019055714416492897,0.5,0.0,0.0,0.0,0.0,0.5,0.0,0.0,0.0,0.0,0.0,0.0,0.0,0.0,0.0,0.0,0.0,0.0,0.0,0.0
2016-04-01,-0.019980304753993115,-0.02331363808732645,0.8333333333333334,7,True,0.0033333333333333335,2.0247682075181967,0.0,0.0,0.0,0.11111111111111112,0.0,0.0,0.16666666666666666,0.1,0.0,0.0,0.0,0.0,0.0,0.11111111111111112,0.11111111111111112,0.0,0.0,0.0,0.4,0.0,0.0
2016-05-01,0.021608546327065766,0.02127521299373243,0.08333333333333336,4,True,0.00033333333333333343,1.975900362164217,-0.027947880582863682,0.0,0.0,0.08333333333333333,0.0,0.0,0.25,0.1,0.0,0.0,0.0,0.0,0.0,0.08333333333333333,0.08333333333333333,0.0,0.0,0.0,0.4,0.0,0.0
2016-06-01,0.04549015631213099,0.04449015631213099,0.25,5,True,0.001,2.008422538083321,-0.011948465513373252,0.0,0.0,0.0,0.0,0.0,0.08333333333333333,0.1,0.0,0.0,0.0,0.0,0.0,0.1388888888888889,0.1388888888888889,0.0,0.0,0.0,0.4,0.1388888888888889,0.0
2016-07-01,0.014473270438943845,0.013695492661166066,0.19444444444444445,5,True,0.0007777777777777777,2.0601232448462463,0.0,0.0,0.0,0.11111111111111112,0.0,0.0,0.16666666666666666,0.1,0.0,0.0,0.0,0.0,0.0,0.11111111111111112,0.0,0.0,0.0,0.0,0.4,0.11111111111111112,0.0
2016-08-01,-0.010717512784771246,-0.011495290562549025,0.19444444444444445,5,True,0.0007777777777777777,2.132565374617623,-0.00040087758815554597,0.0,0.0,0.1388888888888889,0.0,0.0,0.08333333333333333,0.1,0.0,0.0,0.0,0.0,0.0,0.1388888888888889,0.1388888888888889,0.0,0.0,0.0,0.4,0.0,0.0
2016-09-01,-0.007876287958478589,-0.008765176847367478,0.2222222222222222,5,True,0.0008888888888888889,2.1343377019022336,-0.005663259907889406,0.0,0.0,0.16666666666666666,0.0,0.0,0.0,0.1,0.0,0.0,0.0,0.0,0.0,0.16666666666666666,0.0,0.0,0.0,0.0,0.4,0.16666666666666666,0.0
2016-10-01,-0.014078175473856692,-0.014744842140523358,0.16666666666666666,2,True,0.0006666666666666666,2.1406001761638684,-0.008671404150121353,0.0,0.0,0.16666666666666666,0.0,0.0,0.0,0.1,0.0,0.16666666666666666,0.0,0.0,0.0,0.16666666666666666,0.0,0.0,0.0,0.0,0.4,0.0,0.0
2016-11-01,0.024180186931585863,0.022624631376030307,0.3888888888888889,6,True,0.0015555555555555555,2.0846926528437235,-0.03456261317063336,0.0,0.0,0.0,0.11111111111111112,0.0,0.0,0.1,0.0,0.11111111111111112,0.0,0.16666666666666666,0.0,0.0,0.0,0.0,0.0,0.0,0.4,0.11111111111111112,0.0
2016-12-01,0.0073828673311687075,0.006049533997835374,0.33333333333333337,4,True,0.0013333333333333335,2.0329206041376544,-0.05853865172260353,0.0,0.0,0.0,0.0,0.0,0.0,0.1,0.0,0.0,0.0,0.5,0.0,0.0,0.0,0.0,0.0,0.0,0.4,0.0,0.0
2017-01-01,0.027358103659882546,0.02669143699321588,0.16666666666666669,4,True,0.0006666666666666668,2.072776755800027,-0.04008095779946941,0.0,0.05555555555555556,0.0,0.0,0.0,0.0,0.1,0.0,0.05555555555555556,0.0,0.3333333333333333,0.0,0.0,0.0,0.0,0.0,0.05555555555555556,0.4,0.0,0.0
2017-02-01,0.0016056357130474009,0.0009389690463807341,0.16666666666666669,4,True,0.0006666666666666668,2.110418228763924,-0.022648898812212548,0.0,0.11111111111111112,0.0,0.0,0.0,0.0,0.1,0.0,0.11111111111111112,0.0,0.16666666666666666,0.0,0.0,0.0,0.0,0.0,0.11111111111111112,0.4,0.0,0.0
2017-03-01,0.0019091211834534783,0.0011313434056757004,0.19444444444444445,5,True,0.0007777777777777777,2.172359638591194,0.0,0.0,0.1388888888888889,0.0,0.0,0.0,0.0,0.1,0.0,0.1388888888888889,0.0,0.08333333333333333,0.1388888888888889,0.0,0.0,0.0,0.0,0.0,0.4,0.0,0.0
2017-04-01,0.030498332839657045,0.02994277728410149,0.1388888888888889,2,True,0.0005555555555555556,2.1608208533245623,-0.0053116367389860475,0.0,0.0,0.0,0.0,0.0,0.0,0.1,0.0,0.1388888888888889,0.1388888888888889,0.08333333333333333,0.1388888888888889,0.0,0.0,0.0,0.0,0.0,0.4,0.0,0.0
2017-05-01,0.005416088761956015,0.004416088761956015,0.25,5,True,0.001,2.203357857498551,0.0,0.0,0.0,0.0,0.08333333333333333,0.0,0.0,0.1,0.0,0.08333333333333333,0.08333333333333333,0.25,0.0,0.0,0.0,0.0,0.0,0.0,0.4,0.0,0.0
2017-06-01,0.02665693895770034,0.025990272291033675,0.16666666666666669,5,True,0.0006666666666666668,2.250644812766511,0.0,0.0,0.0,0.0,0.11111111111111112,0.0,0.0,0.1,0.0,0.11111111111111112,0.0,0.16666666666666666,0.0,0.0,0.0,0.0,0.11111111111111112,0.0,0.4,0.0,0.0
2017-07-01,-0.00724736813814114,-0.007914034804807806,0.16666666666666669,5,True,0.0006666666666666668,2.2176385047884413,-0.020721120238316626,0.0,0.0,0.0,0.08333333333333333,0.0,0.0,0.1,0.0,0.0,0.08333333333333333,0.25,0.0,0.0,0.0,0.0,0.08333333333333333,0.0,0.4,0.0,0.0
2017-08-01,0.027368987296754993,0.026702320630088327,0.16666666666666669,5,True,0.0006666666666666668,2.2937778614881696,-0.0014903269301250743,0.0,0.11111111111111112,0.0,0.11111111111111112,0.0,0.0,0.1,0.0,0.0,0.0,0.16666666666666666,0.0,0.0,0.0,0.0,0.11111111111111112,0.0,0.4,0.0,0.0
2017-09-01,0.02023313798024396,0.019899804646910626,0.08333333333333334,4,True,0.0003333333333333334,2.32267328650664,0.0,0.0,0.1388888888888889,0.0,0.1388888888888889,0.0,0.0,0.1,0.0,0.0,0.0,0.08333333333333333,0.0,0.0,0.0,0.0,0.1388888888888889,0.0,0.4,0.0,0.0
2017-10-01,0.017177881800619497,0.01662232624506394,0.1388888888888889,2,True,0.0005555555555555556,2.33052457470826,-0.002957137633750384,0.0,0.1388888888888889,0.0,0.1388888888888889,0.0,0.0,0.1,0.0,0.0,0.1388888888888889,0.08333333333333333,0.0,0.0,0.0,0.0,0.0,0.0,0.4,0.0,0.0
2017-11-01,0.02266018469859985,0.02154907358748874,0.2777777777777778,4,True,0.0011111111111111111,2.412830126292085,0.0,0.0,0.0,0.0,0.0,0.0,0.0,0.1,0.0,0.0,0.1388888888888889,0.08333333333333333,0.1388888888888889,0.0,0.0,0.0,0.1388888888888889,0.0,0.4,0.0,0.0
2017-12-01,0.06525412921401925,0.06436524032513037,0.2222222222222222,5,True,0.0008888888888888889,2.4311468434333454,-0.009174969394850852,0.0,0.0,0.0,0.0,0.0,0.0,0.1,0.0,0.16666666666666666,0.16666666666666666,0.0,0.0,0.0,0.0,0.0,0.16666666666666666,0.0,0.4,0.0,0.0
2018-01-01,-0.03742583160011698,-0.038092498266783646,0.16666666666666666,2,True,0.0006666666666666666,2.3977664056592163,-0.035160585677109446,0.0,0.0,0.0,0.0,0.0,0.0,0.1,0.0,0.16666666666666666,0.0,0.0,0.0,0.0,0.0,0.0,0.16666666666666666,0.16666666666666666,0.4,0.0,0.0
2018-02-01,0.008166639301789196,0.008166639301789196,0.0,0,False,0.0,2.542094075804922,-0.016197590776693804,0.0,0.0,0.0,0.0,0.0,0.0,0.1,0.0,0.16666666666666666,0.0,0.0,0.0,0.0,0.0,0.0,0.16666666666666666,0.16666666666666666,0.4,0.0,0.0
2018-03-01,-0.01247778291681236,-0.014255560694590138,0.4444444444444444,6,True,0.0017777777777777779,2.4409321740194616,-0.05534772437929647,0.0,0.05555555555555556,0.0,0.05555555555555556,0.0,0.0,0.1,0.0,0.05555555555555556,0.0,0.3333333333333333,0.0,0.0,0.0,0.0,0.0,0.0,0.4,0.0,0.0
2018-04-01,0.025839412382822228,0.025506079049488893,0.08333333333333331,4,True,0.00033333333333333327,2.419362233279155,-0.06369539328309115,0.0,0.08333333333333333,0.0,0.08333333333333333,0.0,0.0,0.1,0.0,0.08333333333333333,0.0,0.25,0.0,0.0,0.0,0.0,0.0,0.0,0.4,0.0,0.0
2018-05-01,0.014442687177911652,0.013887131622356096,0.13888888888888887,5,True,0.0005555555555555554,2.435190021107915,-0.0575699646662613,0.0,0.05555555555555556,0.0,0.0,0.0,0.0,0.1,0.0,0.05555555555555556,0.0,0.3333333333333333,0.0,0.0,0.0,0.0,0.0,0.05555555555555556,0.4,0.0,0.0
2018-06-01,0.004891416475580182,0.004224749808913515,0.16666666666666669,4,True,0.0006666666666666668,2.527266846487815,-0.021935798525617334,0.0,0.11111111111111112,0.0,0.0,0.0,0.0,0.1,0.0,0.11111111111111112,0.0,0.16666666666666666,0.0,0.0,0.0,0.0,0.0,0.11111111111111112,0.4,0.0,0.0
2018-07-01,0.006481610184304173,0.005370499073193062,0.2777777777777778,5,True,0.0011111111111111111,2.503583491644774,-0.031101368665147455,0.0,0.0,0.0,0.0,0.0,0.0,0.1,0.0,0.027777777777777773,0.0,0.4166666666666667,0.0,0.0,0.027777777777777773,0.0,0.0,0.027777777777777773,0.4,0.0,0.0
2018-08-01,0.014539585534771448,0.014539585534771448,0.0,0,False,0.0,2.5326614143010366,-0.019848075312743907,0.0,0.0,0.0,0.0,0.0,0.0,0.1,0.0,0.027777777777777773,0.0,0.4166666666666667,0.0,0.0,0.027777777777777773,0.0,0.0,0.027777777777777773,0.4,0.0,0.0
2018-09-01,-0.04080028295655208,-0.04146694962321875,0.16666666666666669,4,True,0.0006666666666666668,2.606126621237447,-0.0012185976921659236,0.0,0.0,0.0,0.0,0.0,0.0,0.1,0.0,0.08333333333333333,0.0,0.25,0.0,0.0,0.08333333333333333,0.0,0.0,0.08333333333333333,0.4,0.0,0.0
2018-10-01,-0.04762982744795322,-0.048185383003508775,0.13888888888888887,5,True,0.0005555555555555554,2.6157505373800936,0.0,0.0,0.0,0.0,0.0,0.0,0.0,0.1,0.0,0.05555555555555556,0.0,0.3333333333333333,0.0,0.0,0.0,0.0,0.0,0.05555555555555556,0.4,0.0,0.05555555555555556
2018-11-01,-0.022259348048633235,-0.0229260147152999,0.16666666666666669,4,True,0.0006666666666666668,2.471739621460324,-0.055901646551368755,0.0,0.0,0.0,0.0,0.0,0.0,0.1,0.0,0.0,0.0,0.5,0.0,0.0,0.0,0.0,0.0,0.0,0.4,0.0,0.0
2018-12-01,0.02959506194913211,0.02959506194913211,0.0,0,False,0.0,2.435851174640772,-0.06960949152662133,0.0,0.0,0.0,0.0,0.0,0.0,0.1,0.0,0.0,0.0,0.5,0.0,0.0,0.0,0.0,0.0,0.0,0.4,0.0,0.0
2019-01-01,0.04547565551540032,0.04347565551540032,0.5,2,True,0.002,2.3392287656606783,-0.10651510101410155,0.0,0.0,0.0,0.0,0.0,0.5,0.1,0.0,0.0,0.0,0.0,0.0,0.0,0.0,0.0,0.0,0.0,0.4,0.0,0.0
2019-02-01,0.024137531118413193,0.023137531118413192,0.24999999999999997,4,True,0.0009999999999999998,2.4319294676480645,-0.07110741512762586,0.0,0.0,0.08333333333333333,0.0,0.0,0.25,0.1,0.0,0.0,0.0,0.0,0.0,0.08333333333333333,0.08333333333333333,0.0,0.0,0.0,0.4,0.0,0.0
2019-03-01,0.02981493826987462,0.02981493826987462,0.0,0,False,0.0,2.4960592466583895,-0.046612594457598244,0.0,0.0,0.08333333333333333,0.0,0.0,0.25,0.1,0.0,0.0,0.0,0.0,0.0,0.08333333333333333,0.08333333333333333,0.0,0.0,0.0,0.4,0.0,0.0
2019-04-01,-0.011905097516865422,-0.012905097516865423,0.25,5,True,0.001,2.5886311462637375,-0.011254105547918503,0.0,0.0,0.0,0.0,0.0,0.08333333333333333,0.1,0.0,0.0,0.0,0.0,0.0,0.1388888888888889,0.1388888888888889,0.0,0.0,0.0,0.4,0.1388888888888889,0.0
2019-05-01,0.05185170391848222,0.05118503725181555,0.1666666666666667,4,True,0.0006666666666666669,2.6495579062603385,0.0,0.0,0.0,0.0,0.0,0.0,0.25,0.1,0.0,0.0,0.0,0.0,0.0,0.08333333333333333,0.08333333333333333,0.0,0.0,0.0,0.4,0.08333333333333333,0.0
2019-06-01,0.015118713381980856,0.014118713381980856,0.24999999999999997,4,True,0.0009999999999999998,2.5637710390532846,-0.03263480354142312,0.0,0.0,0.0,0.0,0.0,0.5,0.1,0.0,0.0,0.0,0.0,0.0,0.0,0.0,0.0,0.0,0.0,0.4,0.0,0.0
2019-07-01,0.016740827582611525,0.015074160915944858,0.41666666666666663,4,True,0.0016666666666666663,2.7240191351144434,0.0,0.0,0.0,0.1388888888888889,0.0,0.0,0.08333333333333333,0.1,0.0,0.0,0.0,0.0,0.0,0.1388888888888889,0.1388888888888889,0.0,0.0,0.0,0.4,0.0,0.0
2019-08-01,0.005671955642596436,0.005005288975929769,0.1666666666666667,4,True,0.0006666666666666669,2.7468649110981556,-0.009327697938096957,0.0,0.0,0.08333333333333333,0.0,0.0,0.25,0.1,0.0,0.0,0.0,0.0,0.0,0.08333333333333333,0.08333333333333333,0.0,0.0,0.0,0.4,0.0,0.0
2019-09-01,0.007939446837761842,0.007383891282206286,0.13888888888888887,5,True,0.0005555555555555554,2.8192956076433977,-6.23132452912678e-05,0.0,0.0,0.05555555555555556,0.0,0.0,0.3333333333333333,0.1,0.05555555555555556,0.0,0.0,0.0,0.0,0.05555555555555556,0.0,0.0,0.0,0.0,0.4,0.0,0.0
2019-10-01,0.024887547813255015,0.024265325591032793,0.15555555555555556,4,True,0.0006222222222222223,2.816930538536366,-0.012233721201562853,0.0,0.0,0.05555555555555556,0.0,0.1,0.3333333333333333,0.0,0.0,0.0,0.0,0.0,0.0,0.05555555555555556,0.05555555555555556,0.0,0.0,0.0,0.4,0.0,0.0
2019-11-01,0.0198555193548631,0.01856663046597421,0.32222222222222224,7,True,0.001288888888888889,2.8841628756532094,0.0,0.0,0.0,0.11111111111111112,0.0,0.0,0.16666666666666666,0.1,0.11111111111111112,0.0,0.0,0.0,0.0,0.11111111111111112,0.0,0.0,0.0,0.0,0.4,0.0,0.0
2019-12-01,0.042496690885608215,0.042496690885608215,0.0,0,False,0.0,2.9177412406659524,-0.0012335010418819126,0.0,0.0,0.11111111111111112,0.0,0.0,0.16666666666666666,0.1,0.11111111111111112,0.0,0.0,0.0,0.0,0.11111111111111112,0.0,0.0,0.0,0.0,0.4,0.0,0.0
2020-01-01,0.04284450921697669,0.04173339810586558,0.27777777777777773,5,True,0.001111111111111111,2.870988956975857,-0.03899904814686206,0.0,0.0,0.16666666666666666,0.0,0.0,0.0,0.1,0.0,0.0,0.0,0.0,0.0,0.16666666666666666,0.16666666666666666,0.0,0.0,0.0,0.4,0.0,0.0
2020-02-01,-0.16962836939895592,-0.17062836939895593,0.24999999999999997,4,True,0.0009999999999999998,2.9620898688032873,-0.012654216977698196,0.0,0.0,0.08333333333333333,0.0,0.0,0.25,0.1,0.0,0.0,0.0,0.0,0.0,0.08333333333333333,0.08333333333333333,0.0,0.0,0.0,0.4,0.0,0.0
2020-03-01,0.1367239409955626,0.1357239409955626,0.24999999999999997,4,True,0.0009999999999999998,2.8903273482040515,-0.06738961134913413,0.0,0.0,0.0,0.0,0.0,0.5,0.1,0.0,0.0,0.0,0.0,0.0,0.0,0.0,0.0,0.0,0.0,0.4,0.0,0.0
2020-04-01,0.04514593110210921,0.04474593110210921,0.1,2,True,0.0004,2.7109478570424126,-0.1252692757657614,0.0,0.0,0.0,0.0,0.1,0.5,0.0,0.0,0.0,0.0,0.0,0.0,0.0,0.0,0.0,0.0,0.0,0.4,0.0,0.0
2020-05-01,0.029745408778538155,0.029745408778538155,0.0,0,False,0.0,2.925775932238084,-0.05595155823254028,0.0,0.0,0.0,0.0,0.1,0.5,0.0,0.0,0.0,0.0,0.0,0.0,0.0,0.0,0.0,0.0,0.0,0.4,0.0,0.0
2020-06-01,0.02741274739092643,0.02741274739092643,0.0,0,False,0.0,3.0550081887620677,-0.014252701852846772,0.0,0.0,0.0,0.0,0.1,0.5,0.0,0.0,0.0,0.0,0.0,0.0,0.0,0.0,0.0,0.0,0.0,0.4,0.0,0.0
2020-07-01,0.04615476480364651,0.04482143147031318,0.33333333333333337,4,True,0.0013333333333333335,3.1474144824129544,-0.0012681006881360979,0.0,0.0,0.11111111111111112,0.0,0.1,0.16666666666666666,0.0,0.0,0.11111111111111112,0.0,0.0,0.0,0.11111111111111112,0.0,0.0,0.0,0.0,0.4,0.0,0.0
2020-08-01,-0.02502682549373012,-0.02502682549373012,0.0,0,False,0.0,3.2988238978175843,0.0,0.0,0.0,0.11111111111111112,0.0,0.1,0.16666666666666666,0.0,0.0,0.11111111111111112,0.0,0.0,0.0,0.11111111111111112,0.0,0.0,0.0,0.0,0.4,0.0,0.0
2020-09-01,0.03277625344099393,0.032442920107660596,0.08333333333333334,4,True,0.0003333333333333334,3.50151073437944,0.0,0.0,0.0,0.1388888888888889,0.0,0.1,0.08333333333333333,0.0,0.0,0.1388888888888889,0.0,0.0,0.0,0.1388888888888889,0.0,0.0,0.0,0.0,0.4,0.0,0.0
2020-10-01,0.002869499372070058,0.002869499372070058,0.0,0,False,0.0,3.376040535672752,-0.03915814288488906,0.0,0.0,0.1388888888888889,0.0,0.1,0.08333333333333333,0.0,0.0,0.1388888888888889,0.0,0.0,0.0,0.1388888888888889,0.0,0.0,0.0,0.0,0.4,0.0,0.0
2020-11-01,0.0378819052260754,0.0364819052260754,0.35,7,True,0.0014,3.248839157417552,-0.07536043584283558,0.0,0.08333333333333333,0.08333333333333333,0.0,0.0,0.25,0.1,0.0,0.08333333333333333,0.0,0.0,0.0,0.0,0.0,0.0,0.0,0.0,0.4,0.0,0.0
2020-12-01,0.03801003024893893,0.03634336358227227,0.41666666666666663,6,True,0.0016666666666666663,3.458695948997389,-0.015633904949862165,0.0,0.0,0.0,0.0,0.0,0.0,0.1,0.0,0.16666666666666666,0.0,0.0,0.0,0.16666666666666666,0.0,0.0,0.16666666666666666,0.0,0.4,0.0,0.0
2021-01-01,0.002971326936762969,0.0016379936034296358,0.3333333333333333,4,True,0.0013333333333333333,3.444741075389735,-0.03540360493972561,0.0,0.16666666666666666,0.16666666666666666,0.0,0.0,0.0,0.1,0.0,0.0,0.0,0.0,0.0,0.16666666666666666,0.0,0.0,0.0,0.0,0.4,0.0,0.0
2021-02-01,-0.0026466737940019627,-0.004091118238446407,0.36111111111111105,6,True,0.0014444444444444444,3.51193419401771,-0.016588187878497362,0.0,0.1388888888888889,0.0,0.0,0.0,0.0,0.1,0.0,0.1388888888888889,0.0,0.08333333333333333,0.0,0.0,0.0,0.0,0.0,0.0,0.4,0.0,0.1388888888888889
2021-03-01,0.03492126179503911,0.03392126179503911,0.25,5,True,0.001,3.5276655868977,-0.01751530587643446,0.0,0.08333333333333333,0.0,0.0,0.0,0.0,0.1,0.0,0.08333333333333333,0.0,0.25,0.0,0.0,0.0,0.0,0.0,0.08333333333333333,0.4,0.0,0.0
2021-04-01,0.003259647005819698,0.0029263136724863646,0.08333333333333333,2,True,0.0003333333333333333,3.5468753710158447,-0.012165218571222325,0.0,0.08333333333333333,0.0,0.0,0.0,0.0,0.1,0.0,0.0,0.0,0.25,0.0,0.0,0.0,0.0,0.08333333333333333,0.08333333333333333,0.4,0.0,0.0
2021-05-01,0.032252563696234283,0.031585897029567614,0.16666666666666669,5,True,0.0006666666666666668,3.6457848970876214,-0.008450392921525496,0.0,0.11111111111111112,0.0,0.0,0.0,0.0,0.1,0.0,0.0,0.0,0.16666666666666666,0.0,0.0,0.11111111111111112,0.0,0.0,0.11111111111111112,0.4,0.0,0.0
2021-06-01,0.013329763912460081,0.012551986134682303,0.19444444444444445,5,True,0.0007777777777777777,3.683043442510461,0.0,0.0,0.1388888888888889,0.1388888888888889,0.0,0.0,0.0,0.1,0.0,0.0,0.0,0.08333333333333333,0.0,0.0,0.0,0.0,0.0,0.1388888888888889,0.4,0.0,0.0
2021-07-01,0.01302735360360301,0.012249575825825232,0.19444444444444445,5,True,0.0007777777777777777,3.8313731421238195,0.0,0.0,0.11111111111111112,0.0,0.0,0.0,0.0,0.1,0.0,0.0,0.0,0.16666666666666666,0.0,0.0,0.11111111111111112,0.0,0.0,0.11111111111111112,0.4,0.0,0.0
2021-08-01,-0.006905374028214617,-0.008016485139325728,0.2777777777777778,6,True,0.0011111111111111111,3.8596893755700625,-0.003945598313559562,0.0,0.1388888888888889,0.0,0.0,0.0,0.08333333333333333,0.1,0.0,0.0,0.0,0.0,0.0,0.0,0.1388888888888889,0.0,0.0,0.0,0.4,0.1388888888888889,0.0
2021-09-01,0.031126547343360723,0.031126547343360723,0.0,0,False,0.0,3.9086424339564303,0.0,0.0,0.1388888888888889,0.0,0.0,0.0,0.08333333333333333,0.1,0.0,0.0,0.0,0.0,0.0,0.0,0.1388888888888889,0.0,0.0,0.0,0.4,0.1388888888888889,0.0
2021-10-01,0.020673495533167663,0.01916238442205655,0.37777777777777777,8,True,0.001511111111111111,3.783336003136003,-0.036500133303212334,0.0,0.21111111111111114,0.0,0.0,0.0,0.0,0.0,0.0,0.0,0.0,0.16666666666666666,0.0,0.0,0.11111111111111112,0.0,0.0,0.11111111111111112,0.4,0.0,0.0
2021-11-01,-0.0282781544943223,-0.028611487827655636,0.08333333333333334,4,True,0.0003333333333333334,3.953448130870628,-0.0006028569563857333,0.0,0.2388888888888889,0.0,0.0,0.0,0.0,0.0,0.0,0.0,0.0,0.08333333333333333,0.0,0.0,0.1388888888888889,0.0,0.0,0.1388888888888889,0.4,0.0,0.0
2021-12-01,0.018732305129622123,0.017732305129622122,0.25,5,True,0.001,3.9237718513746866,-0.03185203579645224,0.0,0.18333333333333335,0.0,0.0,0.0,0.0,0.0,0.0,0.08333333333333333,0.0,0.25,0.0,0.0,0.0,0.0,0.0,0.08333333333333333,0.4,0.0,0.0
2022-01-01,-0.019520410982745002,-0.020253744316078334,0.18333333333333335,6,True,0.0007333333333333334,3.916374303228724,-0.03511458239788279,0.0,0.11111111111111112,0.0,0.0,0.0,0.0,0.1,0.0,0.11111111111111112,0.0,0.16666666666666666,0.0,0.0,0.0,0.0,0.0,0.11111111111111112,0.4,0.0,0.0
2022-02-01,0.019057485243805385,0.01732415191047205,0.43333333333333335,6,True,0.0017333333333333335,3.918572038065579,-0.034573121819385766,0.0,0.1,0.0,0.0,0.0,0.0,0.0,0.0,0.0,0.0,0.5,0.0,0.0,0.0,0.0,0.0,0.0,0.4,0.0,0.0
2022-03-01,-0.00837926780122892,-0.008712601134562252,0.08333333333333331,4,True,0.00033333333333333327,3.795567206618596,-0.06487808221603464,0.0,0.12777777777777777,0.027777777777777773,0.0,0.0,0.0,0.0,0.0,0.0,0.0,0.4166666666666667,0.0,0.0,0.0,0.0,0.0,0.027777777777777773,0.4,0.0,0.0
2022-04-01,-0.050326886994953364,-0.050660220328286695,0.08333333333333337,4,True,0.0003333333333333335,3.855693774307018,-0.050064572607109836,0.0,0.15555555555555556,0.05555555555555556,0.0,0.0,0.0,0.0,0.0,0.0,0.0,0.3333333333333333,0.0,0.0,0.0,0.0,0.0,0.05555555555555556,0.4,0.0,0.0
2022-05-01,-0.012573048280777687,-0.013239714947444354,0.16666666666666669,4,True,0.0006666666666666668,3.690923272259693,-0.09065942957606044,0.0,0.1,0.0,0.0,0.0,0.0,0.0,0.0,0.0,0.0,0.5,0.0,0.0,0.0,0.0,0.0,0.0,0.4,0.0,0.0
2022-06-01,0.02134993924944869,0.02134993924944869,0.0,0,False,0.0,3.7007077753186692,-0.08824880086973219,0.0,0.1,0.0,0.0,0.0,0.0,0.0,0.0,0.0,0.0,0.5,0.0,0.0,0.0,0.0,0.0,0.0,0.4,0.0,0.0
2022-07-01,0.0003361828834885783,-0.0016638171165114218,0.5,3,True,0.002,3.521355206622769,-0.13243627243022305,0.5,0.0,0.0,0.0,0.0,0.0,0.0,0.0,0.0,0.0,0.5,0.0,0.0,0.0,0.0,0.0,0.0,0.0,0.0,0.0
2022-08-01,-0.0048953733922057485,-0.0048953733922057485,0.0,0,False,0.0,3.6220884604598003,-0.1076184076988479,0.5,0.0,0.0,0.0,0.0,0.0,0.0,0.0,0.0,0.0,0.5,0.0,0.0,0.0,0.0,0.0,0.0,0.0,0.0,0.0
2022-09-01,-0.003586661496704169,-0.003586661496704169,0.0,0,False,0.0,3.6057969029746033,-0.11163219316223782,0.5,0.0,0.0,0.0,0.0,0.0,0.0,0.0,0.0,0.0,0.5,0.0,0.0,0.0,0.0,0.0,0.0,0.0,0.0,0.0
2022-10-01,0.002636203866432263,0.002636203866432263,0.0,0,False,0.0,3.5881008545977684,-0.11599200601616055,0.5,0.0,0.0,0.0,0.0,0.0,0.0,0.0,0.0,0.0,0.5,0.0,0.0,0.0,0.0,0.0,0.0,0.0,0.0,0.0
2022-11-01,0.0037878787878788955,0.0037878787878788955,0.0,0,False,0.0,3.585334921348882,-0.11667345483878999,0.5,0.0,0.0,0.0,0.0,0.0,0.0,0.0,0.0,0.0,0.5,0.0,0.0,0.0,0.0,0.0,0.0,0.0,0.0,0.0
2022-12-01,0.0026026604973974354,0.0026026604973974354,0.0,0,False,0.0,3.5971973837176026,-0.11375087490382407,0.5,0.0,0.0,0.0,0.0,0.0,0.0,0.0,0.0,0.0,0.5,0.0,0.0,0.0,0.0,0.0,0.0,0.0,0.0,0.0
2023-01-01,-0.005182051397718157,-0.007182051397718157,0.5,2,True,0.002,3.6010385299248955,-0.11280452359127491,0.0,0.0,0.0,0.0,0.0,0.0,0.0,0.0,0.0,0.0,0.5,0.0,0.0,0.0,0.5,0.0,0.0,0.0,0.0,0.0
2023-02-01,-0.007568573867373887,-0.00790190720070722,0.08333333333333331,4,True,0.00033333333333333327,3.659107595893711,-0.09849792503125132,0.0,0.0,0.027777777777777773,0.0,0.0,0.0,0.0,0.0,0.0,0.0,0.4166666666666667,0.0,0.0,0.0,0.5,0.027777777777777773,0.027777777777777773,0.0,0.0,0.0
2023-03-01,0.00639999999999985,0.004066666666666517,0.5833333333333333,6,True,0.002333333333333333,3.5673987102989986,-0.12109243707825545,0.0,0.0,0.0,0.0,0.5,0.0,0.0,0.0,0.0,0.0,0.5,0.0,0.0,0.0,0.0,0.0,0.0,0.0,0.0,0.0
2023-04-01,-0.004818004470197531,-0.005884671136864198,0.26666666666666666,6,True,0.0010666666666666667,3.541102372114021,-0.12757112151607863,0.0,0.0,0.05555555555555556,0.0,0.4,0.0,0.0,0.0,0.0,0.0,0.3333333333333333,0.0,0.0,0.0,0.0,0.0,0.05555555555555556,0.1,0.05555555555555556,0.0
2023-05-01,-0.00205470478481062,-0.0033880381181439537,0.33333333333333337,5,True,0.0013333333333333335,3.564376922814482,-0.12183692124987788,0.0,0.0,0.08333333333333333,0.0,0.4,0.25,0.0,0.0,0.0,0.0,0.0,0.0,0.0,0.0,0.0,0.0,0.08333333333333333,0.1,0.08333333333333333,0.0
2023-06-01,0.014339772541692454,0.010739772541692453,0.9,8,True,0.0036,3.5607303883843557,-0.12273532564741263,0.0,0.0,0.0,0.0,0.0,0.0,0.1,0.0,0.0,0.0,0.5,0.0,0.0,0.0,0.0,0.0,0.0,0.4,0.0,0.0
2023-07-01,-0.02195564728797556,-0.02328898062130889,0.33333333333333337,4,True,0.0013333333333333335,3.5448644589435347,-0.12664424822959064,0.0,0.0,0.0,0.0,0.0,0.0,0.1,0.0,0.11111111111111112,0.0,0.16666666666666666,0.0,0.0,0.0,0.0,0.0,0.11111111111111112,0.4,0.0,0.11111111111111112
2023-08-01,0.0037076561738950773,0.0028187672850061886,0.22222222222222224,5,True,0.0008888888888888889,3.6069190470840127,-0.11135572814541739,0.0,0.0,0.05555555555555556,0.0,0.0,0.0,0.1,0.0,0.05555555555555556,0.0,0.3333333333333333,0.0,0.0,0.0,0.0,0.0,0.05555555555555556,0.4,0.0,0.0
2023-09-01,-0.019034850268291097,-0.019923739157179987,0.22222222222222224,5,True,0.0008888888888888889,3.5901844840571457,-0.11547865782076927,0.0,0.0,0.0,0.0,0.0,0.0,0.1,0.0,0.11111111111111112,0.0,0.16666666666666666,0.0,0.0,0.0,0.0,0.0,0.11111111111111112,0.4,0.0,0.11111111111111112
2023-10-01,0.06632538077395066,0.06521426966283955,0.27777777777777785,5,True,0.0011111111111111113,3.448212250573894,-0.15045665716047962,0.0,0.0,0.0,0.0,0.0,0.0,0.1,0.0,0.027777777777777773,0.0,0.4166666666666667,0.027777777777777773,0.0,0.0,0.0,0.0,0.027777777777777773,0.4,0.0,0.0
2023-11-01,0.019402708189564865,0.01906937485623153,0.08333333333333331,4,True,0.00033333333333333327,3.4552340654365636,-0.14872667778631554,0.0,0.0,0.0,0.0,0.0,0.0,0.1,0.0,0.0,0.0,0.5,0.0,0.0,0.0,0.0,0.0,0.0,0.4,0.0,0.0
2023-12-01,0.030981032247355007,0.03031436558068834,0.16666666666666669,4,True,0.0006666666666666668,3.6740276446362845,-0.09482204107660641,0.0,0.0,0.05555555555555556,0.0,0.0,0.0,0.1,0.0,0.05555555555555556,0.0,0.3333333333333333,0.05555555555555556,0.0,0.0,0.0,0.0,0.0,0.4,0.0,0.0
2024-01-01,0.000850992622744767,-3.789626614412198e-05,0.22222222222222224,5,True,0.0008888888888888889,3.7612274553429295,-0.07333843934345696,0.0,0.0,0.11111111111111112,0.0,0.0,0.0,0.1,0.0,0.11111111111111112,0.0,0.16666666666666666,0.0,0.0,0.11111111111111112,0.0,0.0,0.0,0.4,0.0,0.0
2024-02-01,0.034682072285135104,0.03423762784069066,0.11111111111111112,2,True,0.00044444444444444447,3.8325496057210215,-0.05576665035609896,0.0,0.0,0.11111111111111112,0.0,0.0,0.0,0.1,0.0,0.11111111111111112,0.0,0.16666666666666666,0.0,0.0,0.0,0.0,0.0,0.0,0.4,0.0,0.11111111111111112
2024-03-01,-0.025712508806200733,-0.02615695325064518,0.11111111111111112,2,True,0.00044444444444444447,3.95782225083261,-0.024902963911989984,0.0,0.0,0.11111111111111112,0.0,0.0,0.0,0.1,0.0,0.11111111111111112,0.0,0.16666666666666666,0.0,0.0,0.0,0.0,0.0,0.11111111111111112,0.4,0.0,0.0
2024-04-01,0.06221187022404637,0.06221187022404637,0.0,0,False,0.0,3.9960598504183977,-0.015482285655057715,0.0,0.0,0.11111111111111112,0.0,0.0,0.0,0.1,0.0,0.11111111111111112,0.0,0.16666666666666666,0.0,0.0,0.0,0.0,0.0,0.11111111111111112,0.4,0.0,0.0
2024-05-01,0.02969942010056765,0.02969942010056765,0.0,0,False,0.0,3.855276279770033,-0.05016743161890902,0.0,0.0,0.11111111111111112,0.0,0.0,0.0,0.1,0.0,0.11111111111111112,0.0,0.16666666666666666,0.0,0.0,0.0,0.0,0.0,0.11111111111111112,0.4,0.0,0.0
2024-06-01,-0.001842789287638019,-0.0026205670654157968,0.19444444444444445,5,True,0.0007777777777777777,4.0322436001596405,-0.01941378427156837,0.0,0.1388888888888889,0.1388888888888889,0.0,0.0,0.0,0.1,0.0,0.0,0.0,0.08333333333333333,0.0,0.0,0.0,0.0,0.0,0.1388888888888889,0.4,0.0,0.0
2024-07-01,2.986500609463219e-05,2.986500609463219e-05,0.0,0,False,0.0,4.222641145995655,-0.003937345061066133,0.0,0.1388888888888889,0.1388888888888889,0.0,0.0,0.0,0.1,0.0,0.0,0.0,0.08333333333333333,0.0,0.0,0.0,0.0,0.0,0.1388888888888889,0.4,0.0,0.0
2024-08-01,0.004498569232822706,0.003943013677267151,0.1388888888888889,2,True,0.0005555555555555556,4.099387053417369,-0.04912445559096801,0.0,0.0,0.1388888888888889,0.0,0.0,0.0,0.1,0.0,0.1388888888888889,0.0,0.08333333333333333,0.0,0.0,0.0,0.0,0.0,0.1388888888888889,0.4,0.0,0.0
2024-09-01,0.03320340301296794,0.03320340301296794,0.0,0,False,0.0,4.190319600280668,-0.028032147429663867,0.0,0.0,0.1388888888888889,0.0,0.0,0.0,0.1,0.0,0.1388888888888889,0.0,0.08333333333333333,0.0,0.0,0.0,0.0,0.0,0.1388888888888889,0.4,0.0,0.0
2024-10-01,-0.0022380372877148355,-0.002793592843270391,0.1388888888888889,2,True,0.0005555555555555556,4.248199279660014,-0.014606635048690864,0.0,0.1388888888888889,0.1388888888888889,0.0,0.0,0.0,0.1,0.0,0.1388888888888889,0.0,0.08333333333333333,0.0,0.0,0.0,0.0,0.0,0.0,0.4,0.0,0.0
2024-11-01,0.0043959099844881385,0.002240354428932583,0.538888888888889,5,True,0.0021555555555555555,4.301594054278077,-0.02187772323900783,0.0,0.0,0.1388888888888889,0.0,0.4,0.0,0.0,0.0,0.1388888888888889,0.0,0.08333333333333333,0.0,0.0,0.0,0.0,0.0,0.0,0.1,0.1388888888888889,0.0
2024-12-01,0.030324804945854513,0.027835916056965625,0.6222222222222222,8,True,0.0024888888888888886,4.409813729807698,-0.0077810262608427605,0.0,0.0,0.16666666666666666,0.0,0.0,0.0,0.1,0.0,0.16666666666666666,0.0,0.0,0.0,0.0,0.0,0.0,0.0,0.16666666666666666,0.4,0.0,0.0
2025-01-01,0.01229996140453593,0.01029996140453593,0.49999999999999994,4,True,0.0019999999999999996,4.258969429175639,-0.05224202515191212,0.0,0.0,0.0,0.0,0.0,0.0,0.1,0.0,0.0,0.0,0.5,0.0,0.0,0.0,0.0,0.0,0.0,0.4,0.0,0.0
2025-02-01,-0.008865157206297391,-0.012131823872964059,0.8166666666666667,7,True,0.003266666666666667,4.3695566976715545,-0.02763279341719216,0.0,0.1388888888888889,0.1388888888888889,0.0,0.4,0.0,0.0,0.0,0.1388888888888889,0.0,0.08333333333333333,0.0,0.0,0.0,0.0,0.0,0.0,0.1,0.0,0.0
2025-03-01,0.03685590889712137,0.03685590889712137,0.0,0,False,0.0,4.280850435198929,-0.047372796034133025,0.0,0.1388888888888889,0.1388888888888889,0.0,0.4,0.0,0.0,0.0,0.1388888888888889,0.0,0.08333333333333333,0.0,0.0,0.0,0.0,0.0,0.0,0.1,0.0,0.0
2025-04-01,8.110605036397081e-05,-0.0017633383940804737,0.46111111111111114,7,True,0.0018444444444444446,4.4540154651796,-0.008837995336877236,0.0,0.027777777777777773,0.027777777777777773,0.0,0.4,0.0,0.1,0.0,0.0,0.0,0.4166666666666667,0.0,0.0,0.0,0.0,0.0,0.027777777777777773,0.0,0.0,0.0
2025-05-01,0.012235883951962706,0.012124772840851596,0.027777777777777773,2,True,0.00011111111111111109,4.490671829229928,-0.014710784026817914,0.0,0.027777777777777773,0.027777777777777773,0.0,0.4,0.0,0.1,0.0,0.0,0.0,0.4166666666666667,0.0,0.0,0.0,0.0,0.0,0.0,0.0,0.027777777777777773,0.0
2025-06-01,0.023656910057720276,0.022768021168831386,0.22222222222222224,6,True,0.0008888888888888889,4.557761900976281,-0.00929006404846111,0.0,0.0,0.08333333333333333,0.0,0.4,0.0,0.1,0.0,0.08333333333333333,0.0,0.25,0.0,0.0,0.0,0.0,0.08333333333333333,0.0,0.0,0.0,0.0
2025-07-01,-0.0017979889994269756,-0.0037313223327603093,0.4833333333333334,6,True,0.0019333333333333336,4.6429851360613394,-0.0018005102978724263,0.0,0.0,0.11111111111111112,0.0,0.0,0.0,0.1,0.0,0.11111111111111112,0.0,0.16666666666666666,0.0,0.0,0.0,0.0,0.11111111111111112,0.0,0.4,0.0,0.0
2025-08-01,0.08481823428786744,0.08321823428786744,0.4,3,True,0.0016,4.6436383760753115,-0.016362351620479387,0.0,0.0,0.11111111111111112,0.0,0.4,0.0,0.0,0.0,0.11111111111111112,0.0,0.16666666666666666,0.0,0.0,0.0,0.0,0.11111111111111112,0.0,0.1,0.0,0.0
2025-09-01,0.08851924806160387,0.08818591472827053,0.08333333333333336,4,True,0.00033333333333333343,4.781919656434545,-0.0021124291920425753,0.0,0.0,0.08333333333333333,0.0,0.4,0.0,0.0,0.0,0.08333333333333333,0.0,0.25,0.0,0.0,0.0,0.0,0.08333333333333333,0.0,0.1,0.0,0.0
2025-10-01,-0.044350701422638306,-0.04468403475597164,0.08333333333333336,4,True,0.00033333333333333343,5.177828907379824,0.0,0.0,0.0,0.11111111111111112,0.0,0.4,0.0,0.0,0.0,0.11111111111111112,0.0,0.16666666666666666,0.0,0.0,0.0,0.0,0.11111111111111112,0.0,0.1,0.0,0.0
2025-11-01,0.05814218652966532,0.05814218652966532,0.0,0,False,0.0,5.338010725371521,-0.036151286544453765,0.0,0.0,0.11111111111111112,0.0,0.4,0.0,0.0,0.0,0.11111111111111112,0.0,0.16666666666666666,0.0,0.0,0.0,0.0,0.11111111111111112,0.0,0.1,0.0,0.0
2025-12-01,0.04708134456261305,0.04641467789594638,0.16666666666666663,4,True,0.0006666666666666665,5.449077083174423,-0.016096780927275622,0.0,0.0,0.16666666666666666,0.0,0.4,0.0,0.0,0.0,0.16666666666666666,0.0,0.0,0.0,0.0,0.0,0.0,0.16666666666666666,0.0,0.1,0.0,0.0
2026-01-01,0.049912352820242895,0.049912352820242895,0.0,0,False,0.0,5.274834815467527,-0.07023346068304093,0.0,0.0,0.16666666666666666,0.0,0.4,0.0,0.0,0.0,0.16666666666666666,0.0,0.0,0.0,0.0,0.0,0.0,0.16666666666666666,0.0,0.1,0.0,0.0
2026-02-01,-0.09226577262198885,-0.09293243928865551,0.16666666666666666,2,True,0.0006666666666666666,5.747256708662714,-0.05880325083662574,0.0,0.0,0.16666666666666666,0.0,0.4,0.0,0.0,0.0,0.0,0.0,0.0,0.0,0.0,0.0,0.0,0.16666666666666666,0.0,0.1,0.16666666666666666,0.0
2026-03-01,0.0742199993895339,0.0742199993895339,0.0,0,False,0.0,6.020503373806317,-0.014055141261973936,0.0,0.0,0.16666666666666666,0.0,0.4,0.0,0.0,0.0,0.0,0.0,0.0,0.0,0.0,0.0,0.0,0.16666666666666666,0.0,0.1,0.16666666666666666,0.0
2026-04-01,-0.0036989658678935897,-0.005476743645671368,0.4444444444444444,6,True,0.0017777777777777779,5.530662280074197,-0.09427373395723182,0.0,0.05555555555555556,0.05555555555555556,0.0,0.4,0.0,0.0,0.0,0.0,0.0,0.3333333333333333,0.0,0.0,0.0,0.0,0.0,0.05555555555555556,0.1,0.0,0.0
2026-05-01,-0.060619319748365166,-0.06344154197058739,0.7055555555555556,7,True,0.0028222222222222225,5.677346840656011,-0.07025200697156098,0.0,0.538888888888889,0.0,0.0,0.0,0.0,0.0,0.0,0.1388888888888889,0.0,0.08333333333333333,0.0,0.0,0.0,0.0,0.0,0.1388888888888889,0.1,0.0,0.0
2026-06-01,-0.029781719457124715,-0.03171505279045805,0.4833333333333334,7,True,0.0019333333333333333,5.677977809316864,-0.07014867669025937,0.0,0.11111111111111112,0.0,0.0,0.0,0.0,0.1,0.0,0.11111111111111112,0.0,0.16666666666666666,0.0,0.0,0.0,0.0,0.0,0.11111111111111112,0.4,0.0,0.0
2026-07-01,0.0,-0.0011111111111111111,0.2777777777777778,6,True,0.0011111111111111111,5.26524242548863,-0.137740089640077,0.0,0.0,0.0,0.0,0.0,0.08333333333333333,0.1,0.0,0.1388888888888889,0.0,0.0,0.0,0.0,0.0,0.0,0.0,0.1388888888888889,0.4,0.0,0.1388888888888889
2026-08-01,0.0,-0.0023333333333333335,0.5833333333333334,5,True,0.0023333333333333335,5.19455042996271,-0.1493169305145381,0.5,0.0,0.0,0.0,0.0,0.0,0.0,0.0,0.1388888888888889,0.0,0.08333333333333333,0.0,0.0,0.0,0.0,0.0,0.1388888888888889,0.0,0.0,0.1388888888888889
