date,gross_return,net_return,turnover,operations,signal_changed,trade_cost,equity,drawdown,w__CASH,w_dbc.us,w_gld.us,w_hyg.us,w_ief.us,w_lqd.us,w_qqq.us,w_rsp.us,w_shy.us,w_spy.us,w_tlt.us,w_vnq.us,w_vwo.us,w_xle.us,w_xlp.us,w_xlv.us
2007-05-01,0.03033780091328774,0.02633780091328774,1.0,5,True,0.004,0.996,0.0,0.0,0.0,0.0,0.0,0.16666666666666666,0.0,0.0,0.0,0.0,0.0,0.0,0.0,0.0,0.2777777777777778,0.2777777777777778,0.2777777777777778
2007-06-01,-0.0002326285736625371,-0.002899295240329204,0.6666666666666667,6,True,0.002666666666666667,1.0234798725104088,-0.00034126072332030244,0.0,0.0,0.0,0.0,0.0,0.0,0.0,0.0,0.5,0.0,0.0,0.0,0.16666666666666666,0.0,0.16666666666666666,0.16666666666666666
2007-07-01,0.00042221591874972743,-0.0011333396368058278,0.38888888888888884,6,True,0.0015555555555555553,1.0188311037144389,-0.004881831064356357,0.0,0.0,0.0,0.0,0.0,0.0,0.11111111111111112,0.0,0.6666666666666666,0.0,0.0,0.0,0.11111111111111112,0.11111111111111112,0.0,0.0
2007-08-01,0.012338344629097824,0.011893900184653378,0.11111111111111112,2,True,0.00044444444444444447,1.017223452558553,-0.021832462177740153,0.0,0.11111111111111112,0.0,0.0,0.0,0.0,0.0,0.0,0.6666666666666666,0.0,0.0,0.0,0.11111111111111112,0.11111111111111112,0.0,0.0
2007-09-01,0.0541693908968458,0.051058279785734684,0.7777777777777778,6,True,0.003111111111111111,1.0284869532185528,-0.011001419420969771,0.0,0.0,0.0,0.0,0.3333333333333333,0.0,0.22222222222222224,0.0,0.0,0.0,0.0,0.0,0.22222222222222224,0.22222222222222224,0.0,0.0
2007-10-01,0.029613571716133075,0.028724682827244184,0.22222222222222224,2,True,0.0008888888888888889,1.0798656654396774,0.0,0.0,0.22222222222222224,0.0,0.0,0.3333333333333333,0.0,0.0,0.0,0.0,0.0,0.0,0.0,0.22222222222222224,0.22222222222222224,0.0,0.0
2007-11-01,-0.007071332439607152,-0.007737999106273819,0.16666666666666669,4,True,0.0006666666666666668,1.1111031152037871,-0.018440922147447525,0.0,0.2777777777777778,0.0,0.0,0.16666666666666666,0.0,0.0,0.0,0.0,0.0,0.0,0.0,0.2777777777777778,0.2777777777777778,0.0,0.0
2007-12-01,0.006421268175871989,0.003976823731427544,0.6111111111111112,5,True,0.002444444444444445,1.0990822664026896,-0.03668617371223959,0.0,0.11111111111111112,0.0,0.0,0.6666666666666666,0.0,0.0,0.0,0.0,0.0,0.11111111111111112,0.0,0.11111111111111112,0.0,0.0,0.0
2008-01-01,0.010741117589685075,0.009852228700796186,0.22222222222222224,4,True,0.0008888888888888889,1.0755166290119116,-0.05734077347948108,0.0,0.11111111111111112,0.11111111111111112,0.0,0.6666666666666666,0.0,0.0,0.0,0.0,0.0,0.0,0.0,0.0,0.11111111111111112,0.0,0.0
2008-02-01,0.0044530735790713205,0.003119740245737987,0.33333333333333337,4,True,0.0013333333333333335,1.0846544593504017,-0.04933172941024111,0.0,0.0,0.0,0.0,1.0,0.0,0.0,0.0,0.0,0.0,0.0,0.0,0.0,0.0,0.0,0.0
2008-03-01,0.004539205157403359,0.004539205157403359,0.0,0,False,0.0,1.09553592423694,-0.03979444007722721,0.0,0.0,0.0,0.0,1.0,0.0,0.0,0.0,0.0,0.0,0.0,0.0,0.0,0.0,0.0,0.0
2008-04-01,-0.017870074133313207,-0.017870074133313207,0.0,0,False,0.0,1.1005087865543572,-0.03543587004745807,0.0,0.0,0.0,0.0,1.0,0.0,0.0,0.0,0.0,0.0,0.0,0.0,0.0,0.0,0.0,0.0
2008-05-01,0.0012865217292656172,0.0006198550625989506,0.16666666666666663,4,True,0.0006666666666666665,1.0801220512122982,-0.053304254087674585,0.0,0.055555555555555546,0.055555555555555546,0.0,0.8333333333333334,0.0,0.0,0.0,0.0,0.0,0.0,0.0,0.0,0.055555555555555546,0.0,0.0
2008-06-01,-0.001219145563697288,-0.005219145563697288,1.0,5,True,0.004,1.0776774147111836,-0.05544690729368007,0.0,0.0,0.0,0.0,0.0,0.0,0.0,0.0,1.0,0.0,0.0,0.0,0.0,0.0,0.0,0.0
2008-07-01,0.007924513230582297,0.003924513230582297,1.0,2,True,0.004,1.067769882336471,-0.06413057294155933,0.0,0.0,0.0,0.0,1.0,0.0,0.0,0.0,0.0,0.0,0.0,0.0,0.0,0.0,0.0,0.0
2008-08-01,0.017915711425900982,0.017915711425900982,0.0,0,False,0.0,1.076231438896263,-0.05671426328473772,0.0,0.0,0.0,0.0,1.0,0.0,0.0,0.0,0.0,0.0,0.0,0.0,0.0,0.0,0.0,0.0
2008-09-01,-0.0023733020591126808,-0.0023733020591126808,0.0,0,False,0.0,1.0931102113597795,-0.04192050727401775,0.0,0.0,0.0,0.0,1.0,0.0,0.0,0.0,0.0,0.0,0.0,0.0,0.0,0.0,0.0,0.0
2008-10-01,0.007125965490804909,0.0031259654908049085,1.0,2,True,0.004,1.0861538669217448,-0.04801754202967046,0.0,0.0,0.0,0.0,0.0,0.0,0.0,0.0,1.0,0.0,0.0,0.0,0.0,0.0,0.0,0.0
2008-11-01,0.00867571766883568,0.00867571766883568,0.0,0,False,0.0,1.0960963972600928,-0.03930320167863899,0.0,0.0,0.0,0.0,0.0,0.0,0.0,0.0,1.0,0.0,0.0,0.0,0.0,0.0,0.0,0.0
2008-12-01,0.019853684775775093,0.015853684775775093,1.0,2,True,0.004,1.1011833968599873,-0.03484459362108405,0.0,0.0,0.0,0.0,1.0,0.0,0.0,0.0,0.0,0.0,0.0,0.0,0.0,0.0,0.0,0.0
2009-01-01,-0.018839730436378765,-0.018839730436378765,0.0,0,False,0.0,1.1271419075831766,-0.023441603707006875,0.0,0.0,0.0,0.0,1.0,0.0,0.0,0.0,0.0,0.0,0.0,0.0,0.0,0.0,0.0,0.0
2009-02-01,-0.00719855396456015,-0.00719855396456015,0.0,0,False,0.0,1.100069674555202,-0.046897049992875695,0.0,0.0,0.0,0.0,1.0,0.0,0.0,0.0,0.0,0.0,0.0,0.0,0.0,0.0,0.0,0.0
2009-03-01,0.02344021204239377,0.02344021204239377,0.0,0,False,0.0,1.0840825882366583,-0.060748299131602956,0.0,0.0,0.0,0.0,1.0,0.0,0.0,0.0,0.0,0.0,0.0,0.0,0.0,0.0,0.0,0.0
2009-04-01,-0.035095396381793376,-0.035095396381793376,0.0,0,False,0.0,1.1094937139763923,-0.038732040102068876,0.0,0.0,0.0,0.0,1.0,0.0,0.0,0.0,0.0,0.0,0.0,0.0,0.0,0.0,0.0,0.0
2009-05-01,-0.035559829505593,-0.035559829505593,0.0,0,False,0.0,1.0705555923012828,-0.07246812018380455,0.0,0.0,0.0,0.0,1.0,0.0,0.0,0.0,0.0,0.0,0.0,0.0,0.0,0.0,0.0,0.0
2009-06-01,-0.005108703066607305,-0.009108703066607306,1.0,5,True,0.004,1.028356870690939,-0.10902919170830638,0.0,0.0,0.11111111111111112,0.0,0.0,0.11111111111111112,0.0,0.0,0.6666666666666666,0.0,0.0,0.0,0.11111111111111112,0.0,0.0,0.0
2009-07-01,-0.0012721427114010808,-0.0026054760447344143,0.33333333333333337,4,True,0.0013333333333333335,1.0217391630576846,-0.11476278914620464,0.0,0.0,0.0,0.0,0.0,0.0,0.0,0.0,1.0,0.0,0.0,0.0,0.0,0.0,0.0,0.0
2009-08-01,-0.0006175842113396177,-0.0019509175446729512,0.33333333333333337,4,True,0.0013333333333333335,1.0230708445432342,-0.11360901717911509,0.0,0.0,0.11111111111111112,0.0,0.0,0.11111111111111112,0.0,0.0,0.6666666666666666,0.0,0.0,0.0,0.11111111111111112,0.0,0.0,0.0
2009-09-01,0.02727113053235887,0.025493352754581092,0.4444444444444445,5,True,0.0017777777777777779,1.0192605143305922,-0.11691029622549809,0.0,0.0,0.22222222222222224,0.0,0.0,0.22222222222222224,0.0,0.0,0.3333333333333333,0.0,0.0,0.22222222222222224,0.0,0.0,0.0,0.0
2009-10-01,0.024352686318676948,0.02279713076312139,0.3888888888888889,5,True,0.0015555555555555555,1.04542814568426,-0.0942385989550828,0.0,0.0,0.2777777777777778,0.2777777777777778,0.0,0.2777777777777778,0.0,0.0,0.16666666666666666,0.0,0.0,0.0,0.0,0.0,0.0,0.0
2009-11-01,0.06419761385199309,0.06241983607421531,0.4444444444444444,4,True,0.0017777777777777779,1.068603821066587,-0.07415913936609397,0.0,0.0,0.2777777777777778,0.0,0.16666666666666666,0.2777777777777778,0.0,0.0,0.0,0.0,0.0,0.0,0.2777777777777778,0.0,0.0,0.0
2009-12-01,-0.012184274754288552,-0.013295385865399663,0.2777777777777778,2,True,0.0011111111111111111,1.133922622136546,-0.017566776690631114,0.0,0.2777777777777778,0.2777777777777778,0.0,0.16666666666666666,0.0,0.0,0.0,0.0,0.0,0.0,0.0,0.2777777777777778,0.0,0.0,0.0
2010-01-01,-0.043600573414683125,-0.045378351192460906,0.4444444444444444,4,True,0.0017777777777777779,1.0943753955321338,-0.051830586713851545,0.0,0.2777777777777778,0.2777777777777778,0.0,0.0,0.0,0.2777777777777778,0.0,0.16666666666666666,0.0,0.0,0.0,0.0,0.0,0.0,0.0
2010-02-01,0.015155456743942846,0.0127110122994984,0.6111111111111112,6,True,0.002444444444444445,1.0422453180901072,-0.09699620825885502,0.0,0.0,0.22222222222222224,0.0,0.0,0.0,0.0,0.0,0.3333333333333333,0.0,0.0,0.22222222222222224,0.22222222222222224,0.0,0.0,0.0
2010-03-01,0.03270324642454853,0.03114769086899297,0.3888888888888889,5,True,0.0015555555555555555,1.0563951803353382,-0.08473673437273321,0.0,0.0,0.2777777777777778,0.0,0.0,0.0,0.0,0.0,0.16666666666666666,0.0,0.0,0.2777777777777778,0.0,0.0,0.0,0.2777777777777778
2010-04-01,0.03214567726834657,0.03214567726834657,0.0,0,False,0.0,1.09094273223955,-0.054804654253587826,0.0,0.0,0.2777777777777778,0.0,0.0,0.0,0.0,0.0,0.16666666666666666,0.0,0.0,0.2777777777777778,0.0,0.0,0.0,0.2777777777777778
2010-05-01,-0.043507972364186756,-0.04461908347529787,0.2777777777777778,2,True,0.0011111111111111111,1.1130987603236546,-0.03560861947884575,0.0,0.0,0.2777777777777778,0.0,0.0,0.0,0.2777777777777778,0.0,0.16666666666666666,0.0,0.0,0.2777777777777778,0.0,0.0,0.0,0.0
2010-06-01,0.01064828845162887,0.007981621784962204,0.6666666666666667,6,True,0.002666666666666667,1.0606511577914266,-0.08104934550783982,0.0,0.0,0.16666666666666666,0.0,0.5,0.0,0.0,0.0,0.0,0.0,0.16666666666666666,0.16666666666666666,0.0,0.0,0.0,0.0
2010-07-01,0.004745161388058028,0.0027451613880580283,0.49999999999999994,4,True,0.0019999999999999996,1.0698013867116112,-0.07312156567826256,0.0,0.0,0.0,0.0,1.0,0.0,0.0,0.0,0.0,0.0,0.0,0.0,0.0,0.0,0.0,0.0
2010-08-01,0.03482703526867851,0.032160368602011845,0.6666666666666667,4,True,0.002666666666666667,1.0808872221094492,-0.06351677184986704,0.0,0.0,0.22222222222222224,0.0,0.3333333333333333,0.0,0.0,0.0,0.0,0.0,0.22222222222222224,0.22222222222222224,0.0,0.0,0.0,0.0
2010-09-01,0.006242998381631448,0.0035763317149647813,0.6666666666666667,4,True,0.002666666666666667,1.112573773145065,-0.03606346960352724,0.0,0.0,0.0,0.0,1.0,0.0,0.0,0.0,0.0,0.0,0.0,0.0,0.0,0.0,0.0,0.0
2010-10-01,-0.007938198011527696,-0.011938198011527696,0.9999999999999999,4,True,0.003999999999999999,1.1150414911326134,-0.03392543294265016,0.0,0.0,0.3333333333333333,0.0,0.0,0.3333333333333333,0.0,0.0,0.0,0.0,0.3333333333333333,0.0,0.0,0.0,0.0,0.0
2010-11-01,-0.010467931720842963,-0.010467931720842963,0.0,0,False,0.0,1.106190070984934,-0.04159432414985209,0.0,0.0,0.3333333333333333,0.0,0.0,0.3333333333333333,0.0,0.0,0.0,0.0,0.3333333333333333,0.0,0.0,0.0,0.0,0.0
2010-12-01,0.013843043694799847,0.01206526591702207,0.44444444444444436,5,True,0.0017777777777777774,1.09266457454252,-0.0533128460378296,0.0,0.0,0.2777777777777778,0.0,0.16666666666666666,0.2777777777777778,0.0,0.0,0.0,0.0,0.0,0.2777777777777778,0.0,0.0,0.0,0.0
2011-01-01,0.013032015568236084,0.011254237790458307,0.4444444444444444,4,True,0.0017777777777777779,1.102847589029257,-0.044490258367463564,0.0,0.0,0.2777777777777778,0.0,0.0,0.0,0.0,0.0,0.16666666666666666,0.0,0.0,0.2777777777777778,0.0,0.2777777777777778,0.0,0.0
2011-02-01,0.03420451973147176,0.03420451973147176,0.0,0,False,0.0,1.1152337472393599,-0.0337588618001714,0.0,0.0,0.2777777777777778,0.0,0.0,0.0,0.0,0.0,0.16666666666666666,0.0,0.0,0.2777777777777778,0.0,0.2777777777777778,0.0,0.0
2011-03-01,0.014619433684075466,0.014619433684075466,0.0,0,False,0.0,1.153379781952012,-0.008614127913866731,0.0,0.0,0.2777777777777778,0.0,0.0,0.0,0.0,0.0,0.16666666666666666,0.0,0.0,0.2777777777777778,0.0,0.2777777777777778,0.0,0.0
2011-04-01,0.03770015715833398,0.03770015715833398,0.0,0,False,0.0,1.1702415411868128,0.0,0.0,0.0,0.2777777777777778,0.0,0.0,0.0,0.0,0.0,0.16666666666666666,0.0,0.0,0.2777777777777778,0.0,0.2777777777777778,0.0,0.0
2011-05-01,-0.01284246430635257,-0.014620242084130347,0.4444444444444444,5,True,0.0017777777777777779,1.2226938796196072,0.0,0.0,0.0,0.3333333333333333,0.0,0.0,0.3333333333333333,0.0,0.0,0.0,0.0,0.0,0.0,0.0,0.3333333333333333,0.0,0.0
2011-06-01,-0.027323409501372686,-0.02865674283470602,0.3333333333333333,2,True,0.0013333333333333333,1.2032392535343686,-0.01591128115509266,0.0,0.0,0.3333333333333333,0.0,0.0,0.3333333333333333,0.0,0.0,0.0,0.0,0.3333333333333333,0.0,0.0,0.0,0.0,0.0
2011-07-01,0.03999206029139873,0.038214282513620954,0.44444444444444436,5,True,0.0017777777777777774,1.1682820099624882,-0.04450162920096323,0.0,0.0,0.2777777777777778,0.0,0.16666666666666666,0.2777777777777778,0.0,0.0,0.0,0.0,0.0,0.0,0.0,0.2777777777777778,0.0,0.0
2011-08-01,0.07992031649869576,0.07814253872091798,0.44444444444444436,5,True,0.0017777777777777774,1.2128440074053009,-0.008055877581861104,0.0,0.0,0.3333333333333333,0.0,0.0,0.3333333333333333,0.0,0.0,0.0,0.0,0.3333333333333333,0.0,0.0,0.0,0.0,0.0
2011-09-01,0.020760785295680578,0.01876078529568058,0.49999999999999994,4,True,0.0019999999999999996,1.3071553345719975,-0.021242095910627312,0.0,0.0,0.16666666666666666,0.0,0.5,0.16666666666666666,0.0,0.0,0.0,0.0,0.16666666666666666,0.0,0.0,0.0,0.0,0.0
2011-10-01,-0.009306366021953227,-0.011306366021953227,0.49999999999999994,4,True,0.0019999999999999996,1.317459798121871,-0.021497763693042238,0.0,0.0,0.0,0.0,1.0,0.0,0.0,0.0,0.0,0.0,0.0,0.0,0.0,0.0,0.0,0.0
2011-11-01,-0.010166128280115712,-0.01283279494678238,0.6666666666666667,4,True,0.002666666666666667,1.2991150672527607,-0.035122741248686196,0.0,0.0,0.22222222222222224,0.0,0.3333333333333333,0.22222222222222224,0.0,0.0,0.0,0.0,0.22222222222222224,0.0,0.0,0.0,0.0,0.0
2011-12-01,0.0069301146452326705,0.005152336867454893,0.4444444444444445,5,True,0.0017777777777777779,1.283622037989632,-0.04662970624507712,0.0,0.0,0.11111111111111112,0.0,0.6666666666666666,0.0,0.0,0.0,0.0,0.0,0.11111111111111112,0.0,0.0,0.0,0.11111111111111112,0.0
2012-01-01,0.010166826224097775,0.009055715112986664,0.27777777777777773,5,True,0.001111111111111111,1.2646497279266593,-0.060720798702693424,0.0,0.0,0.0,0.0,0.5,0.16666666666666666,0.0,0.0,0.0,0.0,0.16666666666666666,0.0,0.0,0.0,0.16666666666666666,0.0
2012-02-01,-0.010040525718627496,-0.010707192385294162,0.16666666666666666,2,True,0.0006666666666666666,1.275237024331904,-0.05285741401061783,0.0,0.0,0.16666666666666666,0.0,0.5,0.16666666666666666,0.0,0.0,0.0,0.0,0.16666666666666666,0.0,0.0,0.0,0.0,0.0
2012-03-01,0.0024373987463915964,-0.00022926792027507014,0.6666666666666666,5,True,0.0026666666666666666,1.2590664862605758,-0.06486757757510608,0.0,0.0,0.0,0.0,0.0,0.3333333333333333,0.0,0.0,0.0,0.0,0.3333333333333333,0.0,0.0,0.0,0.3333333333333333,0.0
2012-04-01,0.011234003667216087,0.009900670333882753,0.3333333333333333,2,True,0.0013333333333333333,1.2551670647284914,-0.06776375148104807,0.0,0.0,0.0,0.0,0.0,0.0,0.0,0.0,0.0,0.0,0.3333333333333333,0.0,0.0,0.0,0.3333333333333333,0.3333333333333333
2012-05-01,0.038881630331745555,0.03577051922063444,0.7777777777777778,5,True,0.003111111111111111,1.26363169184168,-0.0614769133008114,0.0,0.0,0.0,0.0,0.6666666666666666,0.11111111111111112,0.0,0.0,0.0,0.0,0.11111111111111112,0.0,0.0,0.0,0.11111111111111112,0.0
2012-06-01,-0.007148644456206887,-0.008481977789540221,0.33333333333333337,4,True,0.0013333333333333335,1.3110134004898004,-0.026285624778516925,0.0,0.0,0.0,0.0,1.0,0.0,0.0,0.0,0.0,0.0,0.0,0.0,0.0,0.0,0.0,0.0
2012-07-01,0.014455860073018429,0.012455860073018429,0.49999999999999994,4,True,0.0019999999999999996,1.2956108548393572,-0.03772538588945473,0.0,0.0,0.0,0.0,0.5,0.16666666666666666,0.0,0.0,0.0,0.0,0.16666666666666666,0.0,0.0,0.0,0.16666666666666666,0.0
2012-08-01,0.0006971086300398986,3.0441963373232183e-05,0.1666666666666666,4,True,0.0006666666666666664,1.3108368697885215,-0.026416737459317052,0.0,0.0,0.0,0.0,0.6666666666666666,0.11111111111111112,0.0,0.0,0.0,0.0,0.11111111111111112,0.0,0.0,0.0,0.11111111111111112,0.0
2012-09-01,0.0047374614456957625,0.002737461445695762,0.5000000000000001,4,True,0.0020000000000000005,1.313225804926288,-0.024642430282711736,0.0,0.0,0.0,0.0,0.16666666666666666,0.2777777777777778,0.0,0.0,0.0,0.0,0.2777777777777778,0.0,0.0,0.0,0.2777777777777778,0.0
2012-10-01,-0.006865229991256456,-0.007531896657923122,0.1666666666666666,4,True,0.0006666666666666664,1.3159303950453762,-0.022633680198956396,0.0,0.0,0.0,0.0,0.0,0.3333333333333333,0.0,0.0,0.0,0.0,0.3333333333333333,0.0,0.0,0.0,0.3333333333333333,0.0
2012-11-01,0.011435215727106447,0.01076854906043978,0.1666666666666666,4,True,0.0006666666666666664,1.3060249660774175,-0.029990629086918408,0.0,0.0,0.0,0.0,0.16666666666666666,0.2777777777777778,0.0,0.0,0.0,0.0,0.2777777777777778,0.0,0.0,0.0,0.2777777777777778,0.0
2012-12-01,0.0102196440889812,0.008441866311203423,0.4444444444444444,5,True,0.0017777777777777779,1.3226118204022106,-0.017671259590220867,0.0,0.0,0.0,0.3333333333333333,0.0,0.3333333333333333,0.0,0.0,0.0,0.0,0.0,0.0,0.0,0.0,0.3333333333333333,0.0
2013-01-01,0.013841208245022146,0.012063430467244368,0.4444444444444444,5,True,0.0017777777777777779,1.3071926315274676,-0.029123381937698922,0.0,0.0,0.0,0.0,0.16666666666666666,0.2777777777777778,0.0,0.0,0.0,0.0,0.0,0.2777777777777778,0.0,0.0,0.2777777777777778,0.0
2013-02-01,0.012441731063571259,0.010219508841349036,0.5555555555555556,6,True,0.0022222222222222222,1.3199898496257882,-0.019618646730168665,0.0,0.0,0.0,0.0,0.0,0.0,0.0,0.0,0.3333333333333333,0.0,0.0,0.22222222222222224,0.0,0.0,0.22222222222222224,0.22222222222222224
2013-03-01,0.014492954240165501,0.011826287573498833,0.6666666666666667,6,True,0.002666666666666667,1.3328490408525657,-0.010067882911463877,0.0,0.0,0.0,0.0,0.5,0.16666666666666666,0.0,0.0,0.0,0.0,0.0,0.16666666666666666,0.0,0.0,0.16666666666666666,0.0
2013-04-01,0.021328853314397045,0.02066218664773038,0.16666666666666666,2,True,0.0006666666666666666,1.351264517036684,0.0,0.0,0.0,0.0,0.0,0.5,0.16666666666666666,0.0,0.0,0.0,0.0,0.0,0.0,0.0,0.0,0.16666666666666666,0.16666666666666666
2013-05-01,-0.036905265300823005,-0.03823859863415634,0.33333333333333337,5,True,0.0013333333333333335,1.378245325789896,-0.004219579621565939,0.0,0.0,0.0,0.0,0.3333333333333333,0.22222222222222224,0.0,0.0,0.0,0.0,0.22222222222222224,0.0,0.0,0.0,0.22222222222222224,0.0
2013-06-01,-0.005407293469419372,-0.009407293469419372,1.0,8,True,0.004,1.322612474434101,-0.04441424095892599,0.0,0.0,0.0,0.0,0.0,0.0,0.16666666666666666,0.16666666666666666,0.5,0.0,0.0,0.0,0.0,0.0,0.0,0.16666666666666666
2013-07-01,0.011919900164574174,0.010364344609018618,0.38888888888888895,5,True,0.0015555555555555557,1.3081607906127908,-0.05485556335739883,0.0,0.0,0.0,0.0,0.0,0.0,0.0,0.055555555555555546,0.8333333333333334,0.0,0.0,0.0,0.0,0.0,0.055555555555555546,0.055555555555555546
2013-08-01,-0.005014617679617478,-0.0052368399018397,0.055555555555555546,2,True,0.00022222222222222218,1.323459769094632,-0.04380207169017536,0.0,0.0,0.0,0.0,0.0,0.0,0.055555555555555546,0.0,0.8333333333333334,0.0,0.0,0.0,0.0,0.0,0.055555555555555546,0.055555555555555546
2013-09-01,0.0034253463069895407,0.002758679640322874,0.16666666666666663,4,True,0.0006666666666666665,1.3169290371280646,-0.04852051687649961,0.0,0.0,0.0,0.0,0.0,0.0,0.0,0.0,1.0,0.0,0.0,0.0,0.0,0.0,0.0,0.0
2013-10-01,0.016252415886895816,0.014252415886895816,0.49999999999999994,4,True,0.0019999999999999996,1.3179178971282126,-0.04780606683758615,0.0,0.0,0.0,0.16666666666666666,0.0,0.0,0.16666666666666666,0.0,0.5,0.0,0.0,0.0,0.0,0.16666666666666666,0.0,0.0
2013-11-01,0.0138566392860933,0.013189972619426634,0.16666666666666666,2,True,0.0006666666666666666,1.338444355399192,-0.03297572795416437,0.0,0.0,0.0,0.0,0.0,0.0,0.16666666666666666,0.0,0.5,0.0,0.0,0.0,0.0,0.16666666666666666,0.0,0.16666666666666666
2013-12-01,0.006651407662891591,0.006651407662891591,0.0,0,False,0.0,1.3579346042891915,-0.018894048974523403,0.0,0.0,0.0,0.0,0.0,0.0,0.16666666666666666,0.0,0.5,0.0,0.0,0.0,0.0,0.16666666666666666,0.0,0.16666666666666666
2014-01-01,-0.015283927065798765,-0.015283927065798765,0.0,0,False,0.0,1.3605464331122372,-0.017007006113065937,0.0,0.0,0.0,0.0,0.0,0.0,0.16666666666666666,0.0,0.5,0.0,0.0,0.0,0.0,0.16666666666666666,0.0,0.16666666666666666
2014-02-01,0.038114450428608795,0.03544778376194213,0.6666666666666666,4,True,0.0026666666666666666,1.3530382483236187,-0.022431659667254134,0.0,0.0,0.0,0.0,0.5,0.0,0.16666666666666666,0.16666666666666666,0.0,0.0,0.0,0.0,0.0,0.0,0.0,0.16666666666666666
2014-03-01,0.0016259945178812697,-0.0010406721487853973,0.6666666666666667,6,True,0.002666666666666667,1.402814217309053,-0.00010745586222860037,0.0,0.0,0.0,0.0,0.0,0.0,0.22222222222222224,0.0,0.3333333333333333,0.0,0.0,0.22222222222222224,0.0,0.0,0.0,0.22222222222222224
2014-04-01,0.0024444109321237755,0.0024444109321237755,0.0,0,False,0.0,1.4013482650412408,-0.008276868749221622,0.0,0.0,0.0,0.0,0.0,0.0,0.22222222222222224,0.0,0.3333333333333333,0.0,0.0,0.22222222222222224,0.0,0.0,0.0,0.22222222222222224
2014-05-01,0.024225698768981892,0.022670143213426336,0.3888888888888889,5,True,0.0015555555555555555,1.4025885324705933,-0.0073991412568414905,0.0,0.0,0.0,0.0,0.0,0.0,0.2777777777777778,0.0,0.16666666666666666,0.0,0.0,0.0,0.0,0.2777777777777778,0.0,0.2777777777777778
2014-06-01,0.012485083715502136,0.009596194826613247,0.7222222222222221,6,True,0.0028888888888888888,1.437050627768667,0.0,0.0,0.0,0.0,0.0,0.16666666666666666,0.0,0.0,0.0,0.0,0.0,0.2777777777777778,0.2777777777777778,0.0,0.0,0.0,0.2777777777777778
2014-07-01,-0.0024053002489209754,-0.004183078026698753,0.4444444444444445,5,True,0.0017777777777777779,1.4482098335288707,-0.0005063857329420385,0.0,0.0,0.3333333333333333,0.0,0.0,0.0,0.0,0.0,0.0,0.0,0.3333333333333333,0.3333333333333333,0.0,0.0,0.0,0.0
2014-08-01,0.027592126220587425,0.024481015109476315,0.7777777777777778,6,True,0.003111111111111111,1.4402317495320653,-0.016148147447326733,0.0,0.0,0.0,0.0,0.3333333333333333,0.0,0.22222222222222224,0.0,0.0,0.0,0.22222222222222224,0.0,0.22222222222222224,0.0,0.0,0.0
2014-09-01,-0.02798536000798947,-0.02887424889687836,0.22222222222222224,2,True,0.0008888888888888889,1.4870104456863233,0.0,0.0,0.0,0.0,0.0,0.3333333333333333,0.0,0.0,0.0,0.0,0.0,0.22222222222222224,0.22222222222222224,0.22222222222222224,0.0,0.0,0.0
2014-10-01,0.02392378088566364,0.021923780885663637,0.5,6,True,0.002,1.4412229043988218,-0.03579209025308294,0.0,0.0,0.0,0.0,0.5,0.0,0.16666666666666666,0.0,0.0,0.0,0.16666666666666666,0.0,0.0,0.0,0.0,0.16666666666666666
2014-11-01,0.01681868558758063,0.016152018920913964,0.16666666666666666,2,True,0.0006666666666666666,1.474884942951928,-0.013271490745507486,0.0,0.0,0.0,0.0,0.5,0.0,0.0,0.0,0.0,0.0,0.16666666666666666,0.16666666666666666,0.0,0.0,0.0,0.16666666666666666
2014-12-01,0.011068731171452888,0.010402064504786222,0.16666666666666666,2,True,0.0006666666666666666,1.4976916481889875,-0.003630892922579343,0.0,0.0,0.0,0.0,0.5,0.0,0.0,0.0,0.0,0.0,0.16666666666666666,0.0,0.0,0.0,0.16666666666666666,0.16666666666666666
2015-01-01,0.04048946342661367,0.03937835231550256,0.27777777777777773,5,True,0.001111111111111111,1.479476590194349,-0.023521693521128983,0.0,0.0,0.0,0.0,0.6666666666666666,0.0,0.0,0.0,0.0,0.0,0.11111111111111112,0.11111111111111112,0.0,0.0,0.11111111111111112,0.0
2015-02-01,-0.026758591106288532,-0.027425257772955198,0.1666666666666666,4,True,0.0006666666666666664,1.5379955024929843,0.0,0.0,0.0,0.0,0.0,0.5,0.0,0.0,0.0,0.0,0.0,0.16666666666666666,0.16666666666666666,0.0,0.0,0.16666666666666666,0.0
2015-03-01,0.01639600578231058,0.01639600578231058,0.0,0,False,0.0,1.5037731402901697,-0.02225127586351361,0.0,0.0,0.0,0.0,0.5,0.0,0.0,0.0,0.0,0.0,0.16666666666666666,0.16666666666666666,0.0,0.0,0.16666666666666666,0.0
2015-04-01,-0.0024488396167304423,-0.003115506283397109,0.16666666666666666,2,True,0.0006666666666666666,1.5274100607180543,-0.0068826220608394495,0.0,0.0,0.0,0.0,0.5,0.0,0.0,0.0,0.0,0.0,0.16666666666666666,0.16666666666666666,0.0,0.0,0.0,0.16666666666666666
2015-05-01,0.004574403843427567,0.0032410705100942333,0.33333333333333337,5,True,0.0013333333333333335,1.5216381188791082,-0.0106355210970136,0.0,0.0,0.0,0.0,0.3333333333333333,0.0,0.22222222222222224,0.0,0.0,0.0,0.22222222222222224,0.0,0.0,0.0,0.0,0.22222222222222224
2015-06-01,-0.015231123516930343,-0.016564456850263677,0.33333333333333337,5,True,0.0013333333333333335,1.5265605745302309,-0.007434955397605636,0.0,0.0,0.0,0.0,0.5,0.0,0.16666666666666666,0.0,0.0,0.0,0.0,0.0,0.0,0.0,0.16666666666666666,0.16666666666666666
2015-07-01,0.02520245213047767,0.023202452130477672,0.49999999999999994,4,True,0.0019999999999999996,1.5003027231797574,-0.02450773051815136,0.0,0.0,0.0,0.0,1.0,0.0,0.0,0.0,0.0,0.0,0.0,0.0,0.0,0.0,0.0,0.0
2015-08-01,-0.014171851632483742,-0.014838518299150408,0.16666666666666663,4,True,0.0006666666666666665,1.524828976733593,-0.008560835020680724,0.0,0.0,0.0,0.0,0.8333333333333334,0.0,0.055555555555555546,0.0,0.0,0.0,0.0,0.0,0.0,0.0,0.055555555555555546,0.055555555555555546
2015-09-01,-0.00435424354243541,-0.005020910209102076,0.16666666666666663,4,True,0.0006666666666666665,1.501215702372277,-0.023914114222759353,0.0,0.0,0.0,0.0,1.0,0.0,0.0,0.0,0.0,0.0,0.0,0.0,0.0,0.0,0.0,0.0
2015-10-01,0.009265436216737033,0.009265436216737033,0.0,0,False,0.0,1.49467904359442,-0.028164229887767123,0.0,0.0,0.0,0.0,1.0,0.0,0.0,0.0,0.0,0.0,0.0,0.0,0.0,0.0,0.0,0.0
2015-11-01,-0.0027772586532627632,-0.004777258653262763,0.49999999999999994,4,True,0.0019999999999999996,1.511297667605921,-0.017358851078425053,0.0,0.0,0.0,0.0,0.5,0.0,0.0,0.0,0.0,0.0,0.16666666666666666,0.16666666666666666,0.0,0.0,0.16666666666666666,0.0
2015-12-01,0.0018203614595414968,0.0002648059039859411,0.38888888888888895,5,True,0.0015555555555555557,1.501746512626762,-0.02356898300903043,0.0,0.0,0.0,0.0,0.8333333333333334,0.055555555555555546,0.0,0.0,0.0,0.0,0.0,0.055555555555555546,0.0,0.0,0.055555555555555546,0.0
2016-01-01,0.023278014392715374,0.022611347726048708,0.16666666666666663,4,True,0.0006666666666666665,1.494545315861042,-0.028251179253458547,0.0,0.0,0.0,0.0,1.0,0.0,0.0,0.0,0.0,0.0,0.0,0.0,0.0,0.0,0.0,0.0
2016-02-01,0.011194833153928885,0.011194833153928885,0.0,0,False,0.0,1.5283158063253983,-0.006293709020537386,0.0,0.0,0.0,0.0,1.0,0.0,0.0,0.0,0.0,0.0,0.0,0.0,0.0,0.0,0.0,0.0
2016-03-01,0.004612873465332568,0.004612873465332568,0.0,0,False,0.0,1.5454250467837236,-0.018356612908843717,0.0,0.0,0.0,0.0,1.0,0.0,0.0,0.0,0.0,0.0,0.0,0.0,0.0,0.0,0.0,0.0
2016-04-01,0.004412388511511465,0.0017457218448447978,0.6666666666666667,4,True,0.002666666666666667,1.5484137532494266,-0.01645820706630885,0.0,0.0,0.22222222222222224,0.0,0.3333333333333333,0.0,0.0,0.0,0.0,0.0,0.22222222222222224,0.22222222222222224,0.0,0.0,0.0,0.0
2016-05-01,-0.003253099084393399,-0.003919765751060066,0.1666666666666667,4,True,0.0006666666666666669,1.558805776647339,-0.009857265100027268,0.0,0.0,0.16666666666666666,0.0,0.5,0.0,0.0,0.0,0.0,0.0,0.16666666666666666,0.16666666666666666,0.0,0.0,0.0,0.0
2016-06-01,0.05680063637724443,0.05480063637724443,0.5,5,True,0.002,1.5495936057770092,-0.01728702094383583,0.0,0.0,0.0,0.0,0.16666666666666666,0.0,0.0,0.0,0.0,0.0,0.2777777777777778,0.2777777777777778,0.0,0.0,0.2777777777777778,0.0
2016-07-01,0.0005361924412639919,-0.0010193631142915635,0.3888888888888889,5,True,0.0015555555555555555,1.6350641130310348,0.0,0.0,0.0,0.22222222222222224,0.0,0.3333333333333333,0.0,0.0,0.0,0.0,0.0,0.22222222222222224,0.0,0.0,0.0,0.22222222222222224,0.0
2016-08-01,-0.020505367765602647,-0.022060923321158204,0.3888888888888889,5,True,0.0015555555555555555,1.6333960252151252,-0.013162476945660972,0.0,0.0,0.2777777777777778,0.0,0.16666666666666666,0.0,0.0,0.0,0.0,0.0,0.2777777777777778,0.2777777777777778,0.0,0.0,0.0,0.0
2016-09-01,-0.01363706648173113,-0.015414844259508908,0.4444444444444444,5,True,0.0017777777777777779,1.5970583676529733,-0.03511634693717636,0.0,0.0,0.3333333333333333,0.0,0.0,0.0,0.0,0.0,0.0,0.0,0.3333333333333333,0.0,0.0,0.0,0.3333333333333333,0.0
2016-10-01,-0.02525818134820912,-0.02659151468154245,0.3333333333333333,2,True,0.0013333333333333333,1.584331738946702,-0.04280530574168606,0.0,0.0,0.3333333333333333,0.0,0.0,0.0,0.3333333333333333,0.0,0.0,0.0,0.3333333333333333,0.0,0.0,0.0,0.0,0.0
2016-11-01,-0.010680377000112238,-0.01379148811122335,0.7777777777777778,6,True,0.003111111111111111,1.5374571870555007,-0.07112517793955231,0.0,0.0,0.0,0.22222222222222224,0.0,0.0,0.22222222222222224,0.0,0.3333333333333333,0.0,0.0,0.0,0.0,0.0,0.22222222222222224,0.0
2016-12-01,0.0016589639364146258,-0.0010077027302520412,0.6666666666666667,4,True,0.002666666666666667,1.5169804671704128,-0.08349645546180318,0.0,0.0,0.0,0.0,0.0,0.0,0.0,0.0,1.0,0.0,0.0,0.0,0.0,0.0,0.0,0.0
2017-01-01,0.003623110143686893,0.0022897768103535593,0.33333333333333337,4,True,0.0013333333333333335,1.515637104513379,-0.0843080655407834,0.0,0.11111111111111112,0.0,0.0,0.0,0.0,0.11111111111111112,0.0,0.6666666666666666,0.0,0.0,0.0,0.0,0.11111111111111112,0.0,0.0
2017-02-01,0.010571823553506807,0.009238490220173473,0.33333333333333337,4,True,0.0013333333333333335,1.5170747864433853,-0.08343947124225093,0.0,0.22222222222222224,0.0,0.0,0.0,0.0,0.22222222222222224,0.0,0.3333333333333333,0.0,0.0,0.0,0.0,0.22222222222222224,0.0,0.0
2017-03-01,-0.013029105533992613,-0.014584661089548168,0.3888888888888889,5,True,0.0015555555555555555,1.5307281909067343,-0.07519058877047213,0.0,0.2777777777777778,0.0,0.0,0.0,0.0,0.2777777777777778,0.0,0.16666666666666666,0.2777777777777778,0.0,0.0,0.0,0.0,0.0,0.0
2017-04-01,0.02154969803614918,0.02043858692503807,0.2777777777777778,2,True,0.0011111111111111111,1.5171290131889925,-0.08340670944627981,0.0,0.0,0.0,0.0,0.0,0.0,0.2777777777777778,0.2777777777777778,0.16666666666666666,0.2777777777777778,0.0,0.0,0.0,0.0,0.0,0.0
2017-05-01,0.011039559945698347,0.009039559945698347,0.5,5,True,0.002,1.5450044587790037,-0.06656539524235938,0.0,0.0,0.0,0.16666666666666666,0.0,0.0,0.16666666666666666,0.16666666666666666,0.5,0.0,0.0,0.0,0.0,0.0,0.0,0.0
2017-06-01,-0.004228006815013896,-0.00556134014834723,0.33333333333333337,5,True,0.0013333333333333335,1.559977880613909,-0.057519007050457316,0.0,0.0,0.0,0.22222222222222224,0.0,0.0,0.22222222222222224,0.0,0.3333333333333333,0.0,0.0,0.0,0.22222222222222224,0.0,0.0,0.0
2017-07-01,0.01361419431168176,0.012280860978348426,0.33333333333333337,5,True,0.0013333333333333335,1.5525949757637096,-0.06197948535629694,0.0,0.0,0.0,0.16666666666666666,0.0,0.0,0.0,0.16666666666666666,0.5,0.0,0.0,0.0,0.16666666666666666,0.0,0.0,0.0
2017-08-01,0.010609456068867554,0.00927612273553422,0.33333333333333337,5,True,0.0013333333333333335,1.5695384837162156,-0.05174284392850825,0.0,0.22222222222222224,0.0,0.22222222222222224,0.0,0.0,0.0,0.0,0.3333333333333333,0.0,0.0,0.0,0.22222222222222224,0.0,0.0,0.0
2017-09-01,-0.004739677113867432,-0.005406343780534099,0.16666666666666669,4,True,0.0006666666666666668,1.5851329730187282,-0.04232122972165231,0.0,0.2777777777777778,0.0,0.2777777777777778,0.0,0.0,0.0,0.0,0.16666666666666666,0.0,0.0,0.0,0.2777777777777778,0.0,0.0,0.0
2017-10-01,0.01279979050356166,0.011688679392450548,0.2777777777777778,2,True,0.0011111111111111111,1.5819837168892128,-0.044223893907397005,0.0,0.2777777777777778,0.0,0.2777777777777778,0.0,0.0,0.0,0.2777777777777778,0.16666666666666666,0.0,0.0,0.0,0.0,0.0,0.0,0.0
2017-11-01,0.01036277773254016,0.008140555510317938,0.5555555555555556,4,True,0.0022222222222222222,1.5968959572522696,-0.03521446930007821,0.0,0.0,0.0,0.0,0.0,0.0,0.0,0.2777777777777778,0.16666666666666666,0.2777777777777778,0.0,0.0,0.2777777777777778,0.0,0.0,0.0
2017-12-01,0.03825119322748775,0.036473415449709966,0.4444444444444444,5,True,0.0017777777777777779,1.6105758898123876,-0.02694955953246736,0.0,0.0,0.0,0.0,0.0,0.0,0.3333333333333333,0.3333333333333333,0.0,0.0,0.0,0.0,0.3333333333333333,0.0,0.0,0.0
2018-01-01,0.05218961566989792,0.050856282336564584,0.3333333333333333,2,True,0.0013333333333333333,1.6312170053343837,-0.015016010687326609,0.0,0.0,0.0,0.0,0.0,0.0,0.3333333333333333,0.0,0.0,0.0,0.0,0.0,0.3333333333333333,0.3333333333333333,0.0,0.0
2018-02-01,-0.052969967236506446,-0.052969967236506446,0.0,0,False,0.0,1.7140611277917646,-0.021125942837053935,0.0,0.0,0.0,0.0,0.0,0.0,0.3333333333333333,0.0,0.0,0.0,0.0,0.0,0.3333333333333333,0.3333333333333333,0.0,0.0
2018-03-01,-0.005093766208419085,-0.008649321763974642,0.8888888888888888,6,True,0.0035555555555555557,1.617495748709892,-0.07627295181515736,0.0,0.11111111111111112,0.0,0.11111111111111112,0.0,0.0,0.11111111111111112,0.0,0.6666666666666666,0.0,0.0,0.0,0.0,0.0,0.0,0.0
2018-04-01,0.006112626858144676,0.00544596019147801,0.16666666666666663,4,True,0.0006666666666666665,1.6092566035228526,-0.0809782014390037,0.0,0.16666666666666666,0.0,0.16666666666666666,0.0,0.0,0.16666666666666666,0.0,0.5,0.0,0.0,0.0,0.0,0.0,0.0,0.0
2018-05-01,0.0170848118196724,0.01597370070856129,0.27777777777777773,5,True,0.001111111111111111,1.6162161997411233,-0.07700368263338131,0.0,0.11111111111111112,0.0,0.0,0.0,0.0,0.11111111111111112,0.0,0.6666666666666666,0.0,0.0,0.0,0.0,0.11111111111111112,0.0,0.0
2018-06-01,-0.014797160171909955,-0.016130493505243287,0.33333333333333337,4,True,0.0013333333333333335,1.641637177441108,-0.06248615162193427,0.0,0.22222222222222224,0.0,0.0,0.0,0.0,0.22222222222222224,0.0,0.3333333333333333,0.0,0.0,0.0,0.0,0.22222222222222224,0.0,0.0
2018-07-01,0.002965407728025053,0.000743185505802831,0.5555555555555556,5,True,0.0022222222222222222,1.6335592822748126,-0.06709931382867285,0.0,0.0,0.0,0.0,0.0,0.0,0.055555555555555546,0.0,0.8333333333333334,0.0,0.0,0.055555555555555546,0.0,0.055555555555555546,0.0,0.0
2018-08-01,0.005478283876012716,0.005478283876012716,0.0,0,False,0.0,1.634762555035558,-0.06641214318458855,0.0,0.0,0.0,0.0,0.0,0.0,0.055555555555555546,0.0,0.8333333333333334,0.0,0.0,0.055555555555555546,0.0,0.055555555555555546,0.0,0.0
2018-09-01,0.004112884760302563,0.0027795514269692294,0.33333333333333337,4,True,0.0013333333333333335,1.6452534036707838,-0.060420980209044184,0.0,0.0,0.0,0.0,0.0,0.0,0.16666666666666666,0.0,0.5,0.0,0.0,0.16666666666666666,0.0,0.16666666666666666,0.0,0.0
2018-10-01,-0.029627047569508357,-0.03073815868061947,0.27777777777777773,5,True,0.001111111111111111,1.6479843173022606,-0.05886139726135242,0.0,0.0,0.0,0.0,0.0,0.0,0.11111111111111112,0.0,0.6666666666666666,0.0,0.0,0.0,0.0,0.11111111111111112,0.0,0.11111111111111112
2018-11-01,0.003187886033074294,0.0018545526997409607,0.33333333333333337,4,True,0.0013333333333333335,1.597027194996357,-0.08796222934030506,0.0,0.0,0.0,0.0,0.0,0.0,0.0,0.0,1.0,0.0,0.0,0.0,0.0,0.0,0.0,0.0
2018-12-01,0.00794438927507457,0.00794438927507457,0.0,0,False,0.0,1.6018001393926402,-0.08523647389900291,0.0,0.0,0.0,0.0,0.0,0.0,0.0,0.0,1.0,0.0,0.0,0.0,0.0,0.0,0.0,0.0
2019-01-01,0.0014148273910581377,-0.0025851726089418624,1.0,2,True,0.004,1.6135710639522278,-0.07851427916896625,0.0,0.0,0.0,0.0,1.0,0.0,0.0,0.0,0.0,0.0,0.0,0.0,0.0,0.0,0.0,0.0
2019-02-01,-0.002349984029193471,-0.00434998402919347,0.49999999999999994,4,True,0.0019999999999999996,1.6061717913918887,-0.08273989039936902,0.0,0.0,0.16666666666666666,0.0,0.5,0.0,0.0,0.0,0.0,0.0,0.16666666666666666,0.16666666666666666,0.0,0.0,0.0,0.0
2019-03-01,0.0255047420935325,0.0255047420935325,0.0,0,False,0.0,1.6023973133339768,-0.08489543700754665,0.0,0.0,0.16666666666666666,0.0,0.5,0.0,0.0,0.0,0.0,0.0,0.16666666666666666,0.16666666666666666,0.0,0.0,0.0,0.0
2019-04-01,0.009835476573074696,0.007835476573074696,0.5,5,True,0.002,1.6399795114548454,-0.06343281927752975,0.0,0.0,0.0,0.0,0.16666666666666666,0.0,0.0,0.0,0.0,0.0,0.2777777777777778,0.2777777777777778,0.0,0.0,0.2777777777777778,0.0
2019-05-01,0.019926983480642126,0.018593650147308793,0.3333333333333334,4,True,0.0013333333333333337,1.6539013455313885,-0.055482273066140064,0.0,0.0,0.0,0.0,0.5,0.0,0.0,0.0,0.0,0.0,0.16666666666666666,0.16666666666666666,0.0,0.0,0.16666666666666666,0.0
2019-06-01,0.011146176055865098,0.009146176055865098,0.49999999999999994,4,True,0.0019999999999999996,1.6816640563073415,-0.03962741416148141,0.0,0.0,0.0,0.0,1.0,0.0,0.0,0.0,0.0,0.0,0.0,0.0,0.0,0.0,0.0,0.0
2019-07-01,0.01830193041193921,0.014968597078605877,0.8333333333333333,4,True,0.0033333333333333327,1.6913506723739193,-0.03409553608809757,0.0,0.0,0.2777777777777778,0.0,0.16666666666666666,0.0,0.0,0.0,0.0,0.0,0.2777777777777778,0.2777777777777778,0.0,0.0,0.0,0.0
2019-08-01,0.065109062049246,0.06377572871591267,0.3333333333333334,4,True,0.0013333333333333337,1.7200092471423176,-0.01772906297859378,0.0,0.0,0.16666666666666666,0.0,0.5,0.0,0.0,0.0,0.0,0.0,0.16666666666666666,0.16666666666666666,0.0,0.0,0.0,0.0
2019-09-01,-0.017268734098805152,-0.018379845209916264,0.27777777777777773,5,True,0.001111111111111111,1.8150199806655574,-0.0027905431955743687,0.0,0.0,0.11111111111111112,0.0,0.6666666666666666,0.11111111111111112,0.0,0.0,0.0,0.0,0.11111111111111112,0.0,0.0,0.0,0.0,0.0
2019-10-01,-0.004838335085816931,-0.005282779530261375,0.11111111111111112,2,True,0.00044444444444444447,1.7809031555784833,-0.02153503139701951,0.0,0.0,0.11111111111111112,0.0,0.6666666666666666,0.0,0.0,0.0,0.0,0.0,0.11111111111111112,0.11111111111111112,0.0,0.0,0.0,0.0
2019-11-01,-0.010179877065569961,-0.011957654843347739,0.4444444444444445,5,True,0.0017777777777777779,1.769135817713106,-0.028000249811014122,0.0,0.0,0.22222222222222224,0.0,0.3333333333333333,0.22222222222222224,0.0,0.0,0.0,0.0,0.22222222222222224,0.0,0.0,0.0,0.0,0.0
2019-12-01,0.009742166044662014,0.009742166044662014,0.0,0,False,0.0,1.7577829596437355,-0.034237744466242725,0.0,0.0,0.22222222222222224,0.0,0.3333333333333333,0.22222222222222224,0.0,0.0,0.0,0.0,0.22222222222222224,0.0,0.0,0.0,0.0,0.0
2020-01-01,0.04018587725708748,0.037963655034865255,0.5555555555555555,5,True,0.002222222222222222,1.744450162300861,-0.04156305864327792,0.0,0.0,0.3333333333333333,0.0,0.0,0.0,0.0,0.0,0.0,0.0,0.3333333333333333,0.3333333333333333,0.0,0.0,0.0,0.0
2020-02-01,0.02568060178345971,0.023680601783459713,0.49999999999999994,4,True,0.0019999999999999996,1.816260284310763,-0.0021090947611309696,0.0,0.0,0.16666666666666666,0.0,0.5,0.0,0.0,0.0,0.0,0.0,0.16666666666666666,0.16666666666666666,0.0,0.0,0.0,0.0
2020-03-01,0.03643254477657565,0.034432544776575646,0.49999999999999994,4,True,0.0019999999999999996,1.841496677401616,-0.01606969494491095,0.0,0.0,0.0,0.0,1.0,0.0,0.0,0.0,0.0,0.0,0.0,0.0,0.0,0.0,0.0,0.0
2020-04-01,-0.0004718372161605089,-0.0004718372161605089,0.0,0,False,0.0,1.904769913381851,-0.0015899187374869284,0.0,0.0,0.0,0.0,1.0,0.0,0.0,0.0,0.0,0.0,0.0,0.0,0.0,0.0,0.0,0.0
2020-05-01,0.0012391573729864103,0.0012391573729864103,0.0,0,False,0.0,1.9038711720484947,-0.006623681125439651,0.0,0.0,0.0,0.0,1.0,0.0,0.0,0.0,0.0,0.0,0.0,0.0,0.0,0.0,0.0,0.0
2020-06-01,0.0,0.0,0.0,0,False,0.0,1.9062303680485553,-0.005392731535755924,0.0,0.0,0.0,0.0,1.0,0.0,0.0,0.0,0.0,0.0,0.0,0.0,0.0,0.0,0.0,0.0
2020-07-01,0.056427609303072376,0.05376094263640571,0.6666666666666667,4,True,0.002666666666666667,1.901147087067092,-0.008045017584994207,0.0,0.0,0.22222222222222224,0.0,0.3333333333333333,0.0,0.22222222222222224,0.0,0.0,0.0,0.22222222222222224,0.0,0.0,0.0,0.0,0.0
2020-08-01,0.012618924759271144,0.012618924759271144,0.0,0,False,0.0,2.0035700427133385,0.0,0.0,0.0,0.22222222222222224,0.0,0.3333333333333333,0.0,0.22222222222222224,0.0,0.0,0.0,0.22222222222222224,0.0,0.0,0.0,0.0,0.0
2020-09-01,-0.023043128570154718,-0.023709795236821384,0.16666666666666669,4,True,0.0006666666666666668,2.0275003737040476,-0.0031973205921645986,0.0,0.0,0.2777777777777778,0.0,0.16666666666666666,0.0,0.2777777777777778,0.0,0.0,0.0,0.2777777777777778,0.0,0.0,0.0,0.0,0.0
2020-10-01,-0.022401151284201018,-0.022401151284201018,0.0,0,False,0.0,1.9807804219167482,-0.0261667728928342,0.0,0.0,0.2777777777777778,0.0,0.16666666666666666,0.0,0.2777777777777778,0.0,0.0,0.0,0.2777777777777778,0.0,0.0,0.0,0.0,0.0
2020-11-01,0.018256317354111727,0.016256317354111725,0.5,5,True,0.002,1.9300764709296805,-0.05109492326754295,0.0,0.16666666666666666,0.16666666666666666,0.0,0.5,0.0,0.16666666666666666,0.0,0.0,0.0,0.0,0.0,0.0,0.0,0.0,0.0
2020-12-01,0.02934441234028662,0.026011079006953285,0.8333333333333333,6,True,0.0033333333333333327,1.954843994600403,-0.03891818866493968,0.0,0.0,0.0,0.0,0.0,0.0,0.3333333333333333,0.0,0.0,0.0,0.3333333333333333,0.0,0.3333333333333333,0.0,0.0,0.0
2021-01-01,-0.015282342565991775,-0.017949009232658443,0.6666666666666666,4,True,0.0026666666666666666,1.9630390981602392,-0.03488913826750584,0.0,0.3333333333333333,0.3333333333333333,0.0,0.0,0.0,0.0,0.0,0.0,0.0,0.3333333333333333,0.0,0.0,0.0,0.0,0.0
2021-02-01,0.011391571394492874,0.008502682505603985,0.7222222222222221,6,True,0.0028888888888888888,1.9223150467412664,-0.05491075902637832,0.0,0.2777777777777778,0.0,0.0,0.0,0.0,0.2777777777777778,0.0,0.16666666666666666,0.0,0.0,0.0,0.0,0.0,0.0,0.2777777777777778
2021-03-01,-0.003081723888157547,-0.005081723888157547,0.5,5,True,0.002,1.9403248093672496,-0.04605641804873295,0.0,0.16666666666666666,0.0,0.0,0.0,0.0,0.16666666666666666,0.0,0.5,0.0,0.0,0.0,0.0,0.16666666666666666,0.0,0.0
2021-04-01,0.01551736222125625,0.014850695554589583,0.16666666666666666,2,True,0.0006666666666666666,1.933055700542069,-0.0496302113006718,0.0,0.16666666666666666,0.0,0.0,0.0,0.0,0.0,0.0,0.5,0.0,0.0,0.0,0.16666666666666666,0.16666666666666666,0.0,0.0
2021-05-01,0.03507255520481871,0.03373922187148538,0.33333333333333337,5,True,0.0013333333333333335,1.9631051831810833,-0.03485664814977252,0.0,0.22222222222222224,0.0,0.0,0.0,0.0,0.0,0.0,0.3333333333333333,0.0,0.0,0.22222222222222224,0.0,0.22222222222222224,0.0,0.0
2021-06-01,-0.009178695256768014,-0.010734250812323569,0.3888888888888889,5,True,0.0015555555555555555,2.0260904165466824,-0.003890513595006917,0.0,0.2777777777777778,0.2777777777777778,0.0,0.0,0.0,0.0,0.0,0.16666666666666666,0.0,0.0,0.0,0.0,0.2777777777777778,0.0,0.0
2021-07-01,-0.008507371930119093,-0.010062927485674647,0.3888888888888889,5,True,0.0015555555555555555,2.0043707823060184,-0.022480991557641494,0.0,0.22222222222222224,0.0,0.0,0.0,0.0,0.0,0.0,0.3333333333333333,0.0,0.0,0.22222222222222224,0.0,0.22222222222222224,0.0,0.0
2021-08-01,0.012583426954844146,0.010361204732621924,0.5555555555555556,6,True,0.0022222222222222222,1.990031149014099,-0.029474340413394362,0.0,0.2777777777777778,0.0,0.0,0.16666666666666666,0.0,0.0,0.0,0.0,0.0,0.0,0.2777777777777778,0.0,0.0,0.2777777777777778,0.0
2021-09-01,-0.021056336801963806,-0.021056336801963806,0.0,0,False,0.0,2.010594621591993,-0.019445664331143475,0.0,0.2777777777777778,0.0,0.0,0.16666666666666666,0.0,0.0,0.0,0.0,0.0,0.0,0.2777777777777778,0.0,0.0,0.2777777777777778,0.0
2021-10-01,0.04221031044006167,0.039988088217839446,0.5555555555555556,6,True,0.0022222222222222222,1.9638849554807187,-0.04222567434966684,0.0,0.22222222222222224,0.0,0.0,0.0,0.0,0.0,0.0,0.3333333333333333,0.0,0.0,0.22222222222222224,0.0,0.22222222222222224,0.0,0.0
2021-11-01,-0.027227041325224348,-0.027893707991891014,0.16666666666666669,4,True,0.0006666666666666668,2.0454166283540474,-0.009098717172058901,0.0,0.2777777777777778,0.0,0.0,0.0,0.0,0.0,0.0,0.16666666666666666,0.0,0.0,0.2777777777777778,0.0,0.2777777777777778,0.0,0.0
2021-12-01,0.0031896931563205246,0.0011896931563205246,0.5,5,True,0.002,1.985746533315978,-0.03800587129413524,0.0,0.16666666666666666,0.0,0.0,0.0,0.0,0.16666666666666666,0.0,0.5,0.0,0.0,0.0,0.0,0.16666666666666666,0.0,0.0
2022-01-01,0.0514883917129251,0.05082172504625843,0.1666666666666667,4,True,0.0006666666666666669,1.9872509743188966,-0.037277045440729184,0.0,0.22222222222222224,0.0,0.0,0.0,0.0,0.22222222222222224,0.0,0.3333333333333333,0.0,0.0,0.0,0.0,0.22222222222222224,0.0,0.0
2022-02-01,-0.0017773620205799867,-0.004444028687246654,0.6666666666666667,4,True,0.002666666666666667,2.0826098079402753,0.0,0.0,0.0,0.0,0.0,0.0,0.0,0.0,0.0,1.0,0.0,0.0,0.0,0.0,0.0,0.0,0.0
2022-03-01,-0.008353012186124248,-0.009019678852790914,0.16666666666666663,4,True,0.0006666666666666665,2.077522317526379,-0.0030024308152584167,0.0,0.055555555555555546,0.055555555555555546,0.0,0.0,0.0,0.0,0.0,0.8333333333333334,0.0,0.0,0.0,0.0,0.055555555555555546,0.0,0.0
2022-04-01,0.0009876709856563182,0.00032100431898965127,0.16666666666666674,4,True,0.000666666666666667,2.0587953024589427,-0.020056081870956977,0.0,0.11111111111111112,0.11111111111111112,0.0,0.0,0.0,0.0,0.0,0.6666666666666666,0.0,0.0,0.0,0.0,0.11111111111111112,0.0,0.0
2022-05-01,0.0038099978939709622,0.0024766645606376287,0.33333333333333337,4,True,0.0013333333333333335,2.0611957716320353,-0.018913508267831447,0.0,0.0,0.0,0.0,0.0,0.0,0.0,0.0,1.0,0.0,0.0,0.0,0.0,0.0,0.0,0.0
2022-06-01,-0.001335113484646433,-0.001335113484646433,0.0,0,False,0.0,2.06629019128344,-0.016488670039461306,0.0,0.0,0.0,0.0,0.0,0.0,0.0,0.0,1.0,0.0,0.0,0.0,0.0,0.0,0.0,0.0
2022-07-01,0.0013368983957222635,0.0013368983957222635,0.0,0,False,0.0,2.0635314593858656,-0.017801769278393942,0.0,0.0,0.0,0.0,0.0,0.0,0.0,0.0,1.0,0.0,0.0,0.0,0.0,0.0,0.0,0.0
2022-08-01,-0.008964333396910273,-0.008964333396910273,0.0,0,False,0.0,2.06629019128344,-0.016488670039461306,0.0,0.0,0.0,0.0,0.0,0.0,0.0,0.0,1.0,0.0,0.0,0.0,0.0,0.0,0.0,0.0
2022-09-01,-0.007698229407236523,-0.007698229407236523,0.0,0,False,0.0,2.04776727711401,-0.02530519350086624,0.0,0.0,0.0,0.0,0.0,0.0,0.0,0.0,1.0,0.0,0.0,0.0,0.0,0.0,0.0,0.0
2022-10-01,-0.003685027152831477,-0.003685027152831477,0.0,0,False,0.0,2.0276679447173955,-0.03487205938451765,0.0,0.0,0.0,0.0,0.0,0.0,0.0,0.0,1.0,0.0,0.0,0.0,0.0,0.0,0.0,0.0
2022-11-01,0.006618649016936207,0.006618649016936207,0.0,0,False,0.0,2.0201959332841852,-0.038428582051642346,0.0,0.0,0.0,0.0,0.0,0.0,0.0,0.0,1.0,0.0,0.0,0.0,0.0,0.0,0.0,0.0
2022-12-01,0.0019338619222586395,0.0019338619222586395,0.0,0,False,0.0,2.033566901112036,-0.03206427833152414,0.0,0.0,0.0,0.0,0.0,0.0,0.0,0.0,1.0,0.0,0.0,0.0,0.0,0.0,0.0,0.0
2023-01-01,0.0065624396834587095,0.0065624396834587095,0.0,0,False,0.0,2.0282708551197546,-0.03458508652166781,0.0,0.0,0.0,0.0,0.0,0.0,0.0,0.0,1.0,0.0,0.0,0.0,0.0,0.0,0.0,0.0
2023-02-01,-0.015703729662684057,-0.016370396329350723,0.16666666666666663,4,True,0.0006666666666666665,2.040220206094682,-0.028897442976200338,0.0,0.0,0.055555555555555546,0.0,0.0,0.0,0.0,0.0,0.8333333333333334,0.0,0.0,0.0,0.055555555555555546,0.055555555555555546,0.0,0.0
2023-03-01,0.019353590090962047,0.01868692342429538,0.16666666666666663,4,True,0.0006666666666666665,2.0068423520994743,-0.044784610089772636,0.0,0.0,0.0,0.0,0.0,0.0,0.0,0.0,1.0,0.0,0.0,0.0,0.0,0.0,0.0,0.0
2023-04-01,0.0032845220767443945,0.001951188743411061,0.33333333333333337,4,True,0.0013333333333333335,2.04140959989062,-0.028331316166411158,0.0,0.0,0.11111111111111112,0.0,0.0,0.0,0.0,0.0,0.6666666666666666,0.0,0.0,0.0,0.0,0.11111111111111112,0.11111111111111112,0.0
2023-05-01,-0.031396954651741374,-0.03406362131840804,0.6666666666666667,5,True,0.002666666666666667,2.039929478355421,-0.0290358233579604,0.0,0.0,0.16666666666666666,0.0,0.5,0.0,0.0,0.0,0.0,0.0,0.0,0.0,0.0,0.16666666666666666,0.16666666666666666,0.0
2023-06-01,-0.0072202166064982976,-0.011220216606498298,1.0,5,True,0.004,1.9679783774106225,-0.06328305701413406,0.0,0.0,0.0,0.0,0.0,0.0,0.0,0.0,1.0,0.0,0.0,0.0,0.0,0.0,0.0,0.0
2023-07-01,0.023559559192651548,0.02089289252598488,0.6666666666666667,4,True,0.002666666666666667,1.9548909285773766,-0.06951241156562682,0.0,0.0,0.0,0.0,0.0,0.0,0.22222222222222224,0.0,0.3333333333333333,0.0,0.0,0.0,0.0,0.22222222222222224,0.0,0.22222222222222224
2023-08-01,0.006046388611885754,0.004268610834107976,0.4444444444444445,5,True,0.0017777777777777779,1.9920636839984136,-0.05181894998086578,0.0,0.0,0.11111111111111112,0.0,0.0,0.0,0.11111111111111112,0.0,0.6666666666666666,0.0,0.0,0.0,0.0,0.11111111111111112,0.0,0.0
2023-09-01,-0.019020073209674176,-0.020797850987451953,0.4444444444444445,5,True,0.0017777777777777779,2.000545615660077,-0.04778172620446319,0.0,0.0,0.0,0.0,0.0,0.0,0.22222222222222224,0.0,0.3333333333333333,0.0,0.0,0.0,0.0,0.22222222222222224,0.0,0.22222222222222224
2023-10-01,-3.116650450672785e-05,-0.0022533887267289507,0.5555555555555557,5,True,0.0022222222222222227,1.9752700059886081,-0.05981239284964979,0.0,0.0,0.0,0.0,0.0,0.0,0.055555555555555546,0.0,0.8333333333333334,0.055555555555555546,0.0,0.0,0.0,0.055555555555555546,0.0,0.0
2023-11-01,0.012294306790239906,0.01162764012357324,0.16666666666666663,4,True,0.0006666666666666665,1.9695052122354728,-0.06255631526432892,0.0,0.0,0.0,0.0,0.0,0.0,0.0,0.0,1.0,0.0,0.0,0.0,0.0,0.0,0.0,0.0
2023-12-01,0.0144545329878684,0.013121199654535067,0.33333333333333337,4,True,0.0013333333333333335,1.991060621654953,-0.05229638687894134,0.0,0.0,0.11111111111111112,0.0,0.0,0.0,0.11111111111111112,0.0,0.6666666666666666,0.11111111111111112,0.0,0.0,0.0,0.0,0.0,0.0
2024-01-01,-0.0024067798787581474,-0.004184557656535925,0.4444444444444445,5,True,0.0017777777777777779,2.026883187665526,-0.035245587485767005,0.0,0.0,0.22222222222222224,0.0,0.0,0.0,0.22222222222222224,0.0,0.3333333333333333,0.0,0.0,0.22222222222222224,0.0,0.0,0.0,0.0
2024-02-01,0.020254010153536624,0.019365121264647733,0.22222222222222224,2,True,0.0008888888888888889,2.0166161081239227,-0.04013250467550633,0.0,0.0,0.22222222222222224,0.0,0.0,0.0,0.22222222222222224,0.0,0.3333333333333333,0.0,0.0,0.0,0.0,0.0,0.0,0.22222222222222224
2024-03-01,0.035741621309716566,0.034852732420827676,0.22222222222222224,2,True,0.0008888888888888889,2.0556318173236465,-0.021561835266995177,0.0,0.0,0.22222222222222224,0.0,0.0,0.0,0.22222222222222224,0.0,0.3333333333333333,0.0,0.0,0.0,0.0,0.22222222222222224,0.0,0.0
2024-04-01,-0.007764899773261559,-0.007764899773261559,0.0,0,False,0.0,2.1291034312906323,0.0,0.0,0.0,0.22222222222222224,0.0,0.0,0.0,0.22222222222222224,0.0,0.3333333333333333,0.0,0.0,0.0,0.0,0.22222222222222224,0.0,0.0
2024-05-01,0.01934666641667255,0.01934666641667255,0.0,0,False,0.0,2.1125711565397536,-0.030470354468800198,0.0,0.0,0.22222222222222224,0.0,0.0,0.0,0.22222222222222224,0.0,0.3333333333333333,0.0,0.0,0.0,0.0,0.22222222222222224,0.0,0.0
2024-06-01,-8.862223377495773e-05,-0.0016441777893305132,0.3888888888888889,5,True,0.0015555555555555555,2.1441592867074593,-0.020803144242942273,0.0,0.2777777777777778,0.2777777777777778,0.0,0.0,0.0,0.0,0.0,0.16666666666666666,0.0,0.0,0.0,0.0,0.2777777777777778,0.0,0.0
2024-07-01,0.0037313605952584467,0.0037313605952584467,0.0,0,False,0.0,2.140634203218423,-0.022412982975607565,0.0,0.2777777777777778,0.2777777777777778,0.0,0.0,0.0,0.0,0.0,0.16666666666666666,0.0,0.0,0.0,0.0,0.2777777777777778,0.0,0.0
2024-08-01,-0.0008355867102927744,-0.0019466978214038855,0.2777777777777778,2,True,0.0011111111111111111,2.146234323909471,-0.0198555141315111,0.0,0.0,0.2777777777777778,0.0,0.0,0.0,0.2777777777777778,0.0,0.16666666666666666,0.0,0.0,0.0,0.0,0.2777777777777778,0.0,0.0
2024-09-01,0.0356647086278488,0.0356647086278488,0.0,0,False,0.0,2.166822297968078,-0.010453377084336468,0.0,0.0,0.2777777777777778,0.0,0.0,0.0,0.2777777777777778,0.0,0.16666666666666666,0.0,0.0,0.0,0.0,0.2777777777777778,0.0,0.0
2024-10-01,0.003712703399365543,0.0026015922882544323,0.2777777777777778,2,True,0.0011111111111111111,2.241607937891354,0.0,0.0,0.2777777777777778,0.2777777777777778,0.0,0.0,0.0,0.2777777777777778,0.0,0.16666666666666666,0.0,0.0,0.0,0.0,0.0,0.0,0.0
2024-11-01,0.016103102039897944,0.014991990928786832,0.2777777777777778,2,True,0.0011111111111111111,2.247430440676517,-0.013006340962975593,0.0,0.0,0.2777777777777778,0.0,0.0,0.0,0.2777777777777778,0.0,0.16666666666666666,0.0,0.0,0.0,0.0,0.0,0.2777777777777778,0.0
2024-12-01,-0.02157970961700839,-0.02335748739478617,0.44444444444444436,5,True,0.0017777777777777774,2.2812163099313527,0.0,0.0,0.0,0.3333333333333333,0.0,0.0,0.0,0.3333333333333333,0.0,0.0,0.0,0.0,0.0,0.0,0.3333333333333333,0.0,0.0
2025-01-01,0.0037359900373599153,-0.0002640099626400839,0.9999999999999999,4,True,0.003999999999999999,2.172192998899397,-0.05109504311666935,0.0,0.0,0.0,0.0,0.0,0.0,0.0,0.0,1.0,0.0,0.0,0.0,0.0,0.0,0.0,0.0
2025-02-01,0.0015984740428539404,-0.0017348592904793932,0.8333333333333334,4,True,0.0033333333333333335,2.1715870571412994,-0.05135974387674569,0.0,0.2777777777777778,0.2777777777777778,0.0,0.0,0.0,0.2777777777777778,0.0,0.16666666666666666,0.0,0.0,0.0,0.0,0.0,0.0,0.0
2025-03-01,0.013810226013082728,0.013810226013082728,0.0,0,False,0.0,2.14929626298839,-0.061097297158281494,0.0,0.2777777777777778,0.2777777777777778,0.0,0.0,0.0,0.2777777777777778,0.0,0.16666666666666666,0.0,0.0,0.0,0.0,0.0,0.0,0.0
2025-04-01,-0.003338188562477293,-0.0062270774513661815,0.7222222222222223,5,True,0.002888888888888889,2.1726837032844584,-0.050880682871707106,0.0,0.055555555555555546,0.055555555555555546,0.0,0.0,0.0,0.0,0.0,0.8333333333333334,0.0,0.0,0.0,0.0,0.055555555555555546,0.0,0.0
2025-05-01,0.003833914127541994,0.0036116919053197716,0.055555555555555546,2,True,0.00022222222222222218,2.1649496685350735,-0.054259233448988975,0.0,0.055555555555555546,0.055555555555555546,0.0,0.0,0.0,0.0,0.0,0.8333333333333334,0.0,0.0,0.0,0.0,0.0,0.055555555555555546,0.0
2025-06-01,0.02168187938512025,0.019904101607342472,0.4444444444444445,6,True,0.0017777777777777779,2.1668599766328747,-0.05342473079471466,0.0,0.0,0.16666666666666666,0.0,0.0,0.0,0.16666666666666666,0.0,0.5,0.0,0.0,0.0,0.16666666666666666,0.0,0.0,0.0
2025-07-01,0.004654654477652651,0.003987987810985984,0.1666666666666667,4,True,0.0006666666666666669,2.2084325843681976,-0.035264073076638036,0.0,0.0,0.22222222222222224,0.0,0.0,0.0,0.22222222222222224,0.0,0.3333333333333333,0.0,0.0,0.0,0.22222222222222224,0.0,0.0,0.0
2025-08-01,0.02160504554657399,0.02160504554657399,0.0,0,False,0.0,2.2187120749856213,-0.030773560674631772,0.0,0.0,0.22222222222222224,0.0,0.0,0.0,0.22222222222222224,0.0,0.3333333333333333,0.0,0.0,0.0,0.22222222222222224,0.0,0.0,0.0
2025-09-01,0.0430032128716065,0.04233654620493983,0.1666666666666667,4,True,0.0006666666666666669,2.2667092931581654,-0.009806363807864149,0.0,0.0,0.16666666666666666,0.0,0.0,0.0,0.16666666666666666,0.0,0.5,0.0,0.0,0.0,0.16666666666666666,0.0,0.0,0.0
2025-10-01,0.02769400878868441,0.027027342122017742,0.1666666666666667,4,True,0.0006666666666666669,2.361033879391604,0.0,0.0,0.0,0.22222222222222224,0.0,0.0,0.0,0.22222222222222224,0.0,0.3333333333333333,0.0,0.0,0.0,0.22222222222222224,0.0,0.0,0.0
2025-11-01,0.004631396733313143,0.004631396733313143,0.0,0,False,0.0,2.41903496434215,-0.013713083625894629,0.0,0.0,0.22222222222222224,0.0,0.0,0.0,0.22222222222222224,0.0,0.3333333333333333,0.0,0.0,0.0,0.22222222222222224,0.0,0.0,0.0
2025-12-01,0.018822083787995693,0.01748875045466236,0.33333333333333326,4,True,0.001333333333333333,2.4269981570071453,-0.010466337359791411,0.0,0.0,0.3333333333333333,0.0,0.0,0.0,0.3333333333333333,0.0,0.0,0.0,0.0,0.0,0.3333333333333333,0.0,0.0,0.0
2026-01-01,0.05193469005203114,0.05193469005203114,0.0,0,False,0.0,2.4069801459243974,-0.03608622233467873,0.0,0.0,0.3333333333333333,0.0,0.0,0.0,0.3333333333333333,0.0,0.0,0.0,0.0,0.0,0.3333333333333333,0.0,0.0,0.0
2026-02-01,0.0771750122454374,0.07584167891210405,0.3333333333333333,2,True,0.0013333333333333333,2.5932851441348337,-0.02970226581119817,0.0,0.0,0.3333333333333333,0.0,0.0,0.0,0.0,0.0,0.0,0.0,0.0,0.0,0.3333333333333333,0.0,0.3333333333333333,0.0
2026-03-01,-0.07648247609006312,-0.07648247609006312,0.0,0,False,0.0,2.8048530543175625,0.0,0.0,0.0,0.3333333333333333,0.0,0.0,0.0,0.0,0.0,0.0,0.0,0.0,0.0,0.3333333333333333,0.0,0.3333333333333333,0.0
2026-04-01,0.0018671996794560088,-0.001688355876099547,0.8888888888888888,6,True,0.0035555555555555557,2.581120882062917,-0.0797660939528545,0.0,0.11111111111111112,0.11111111111111112,0.0,0.0,0.0,0.0,0.0,0.6666666666666666,0.0,0.0,0.0,0.0,0.11111111111111112,0.0,0.0
2026-05-01,0.015199821863313208,0.012755377418868763,0.6111111111111112,5,True,0.002444444444444445,2.5796191626239606,-0.0803014943499073,0.0,0.2777777777777778,0.0,0.0,0.0,0.0,0.2777777777777778,0.0,0.16666666666666666,0.0,0.0,0.0,0.0,0.2777777777777778,0.0,0.0
2026-06-01,-0.04118032889667078,-0.04184699556333745,0.16666666666666669,4,True,0.0006666666666666668,2.617083028428118,-0.06694469273547377,0.0,0.22222222222222224,0.0,0.0,0.0,0.0,0.22222222222222224,0.0,0.3333333333333333,0.0,0.0,0.0,0.0,0.22222222222222224,0.0,0.0
2026-07-01,0.0,-0.0022222222222222222,0.5555555555555556,6,True,0.0022222222222222222,2.5037344425929584,-0.1073562877959281,0.0,0.0,0.0,0.0,0.16666666666666666,0.0,0.2777777777777778,0.0,0.0,0.0,0.0,0.0,0.0,0.2777777777777778,0.0,0.2777777777777778
2026-08-01,0.0,-0.0006666666666666666,0.16666666666666666,2,True,0.0006666666666666666,2.5120814096655626,-0.10438038606027189,0.0,0.0,0.0,0.0,0.0,0.0,0.2777777777777778,0.0,0.16666666666666666,0.0,0.0,0.0,0.0,0.2777777777777778,0.0,0.2777777777777778
