date,gross_return,net_return,turnover,operations,signal_changed,trade_cost,equity,drawdown,w__CASH,w_dbc.us,w_gld.us,w_hyg.us,w_ief.us,w_lqd.us,w_shy.us,w_tlt.us
2007-05-01,-0.019225339782332096,-0.023225339782332096,1.0,5,True,0.004,0.996,0.0,0.0,0.0,0.22222222222222224,0.0,0.3333333333333333,0.22222222222222224,0.0,0.22222222222222224
2007-06-01,0.003354321630265167,-0.0006456783697348333,1.0,5,True,0.004,0.9729441553304903,-0.029961945260971623,0.0,0.0,0.0,0.0,0.0,0.0,1.0,0.0
2007-07-01,0.004721563551973951,0.004721563551973951,0.0,0,False,0.0,0.979028418085908,-0.023895855675612254,0.0,0.0,0.0,0.0,0.0,0.0,1.0,0.0
2007-08-01,0.009705211685654377,0.008371878352321043,0.33333333333333337,4,True,0.0013333333333333335,0.9823394283637811,-0.020594735100939676,0.0,0.11111111111111112,0.11111111111111112,0.0,0.0,0.0,0.6666666666666666,0.11111111111111112
2007-09-01,0.039179643692190146,0.03784631035885681,0.33333333333333337,4,True,0.0013333333333333335,0.9930823125439286,-0.00988393899275275,0.0,0.22222222222222224,0.22222222222222224,0.0,0.0,0.0,0.3333333333333333,0.22222222222222224
2007-10-01,0.03659940854448124,0.03659940854448124,0.0,0,False,0.0,1.030614935808141,-0.0015123388723108366,0.0,0.22222222222222224,0.22222222222222224,0.0,0.0,0.0,0.3333333333333333,0.22222222222222224
2007-11-01,0.01877269485305666,0.01877269485305666,0.0,0,False,0.0,1.0683348328958275,-0.003224649274243596,0.0,0.22222222222222224,0.22222222222222224,0.0,0.0,0.0,0.3333333333333333,0.22222222222222224
2007-12-01,0.03778867141030188,0.036455338076968546,0.3333333333333333,2,True,0.0013333333333333333,1.083104448260349,-0.02093693313457412,0.0,0.22222222222222224,0.22222222222222224,0.0,0.3333333333333333,0.0,0.0,0.22222222222222224
2008-01-01,0.019221488936213227,0.019221488936213227,0.0,0,False,0.0,1.0827473801687688,-0.02125970180326875,0.0,0.22222222222222224,0.22222222222222224,0.0,0.3333333333333333,0.0,0.0,0.22222222222222224
2008-02-01,0.05028171537148854,0.05028171537148854,0.0,0,False,0.0,1.1035593969573965,-0.009451877050079549,0.0,0.22222222222222224,0.22222222222222224,0.0,0.3333333333333333,0.0,0.0,0.22222222222222224
2008-03-01,-0.027934439476431424,-0.027934439476431424,0.0,0,False,0.0,1.155656490272464,0.0,0.0,0.22222222222222224,0.22222222222222224,0.0,0.3333333333333333,0.0,0.0,0.22222222222222224
2008-04-01,-0.0068300351717047614,-0.0068300351717047614,0.0,0,False,0.0,1.1233738739894028,-0.05242604127397166,0.0,0.22222222222222224,0.22222222222222224,0.0,0.3333333333333333,0.0,0.0,0.22222222222222224
2008-05-01,0.024053612786580313,0.024053612786580313,0.0,0,False,0.0,1.1157011909190808,-0.058898004739862064,0.0,0.22222222222222224,0.22222222222222224,0.0,0.3333333333333333,0.0,0.0,0.22222222222222224
2008-06-01,-0.001219145563697288,-0.005219145563697288,1.0,5,True,0.004,1.1364522553535017,-0.041394332339084294,0.0,0.0,0.0,0.0,0.0,0.0,1.0,0.0
2008-07-01,-0.01241544748613308,-0.016415447486133078,1.0,5,True,0.004,1.1260043816590835,-0.050207189096853955,0.0,0.11111111111111112,0.11111111111111112,0.0,0.6666666666666666,0.0,0.0,0.11111111111111112
2008-08-01,0.017915711425900982,0.01658237809256765,0.33333333333333337,4,True,0.0013333333333333335,1.1105418340115865,-0.06324995947417789,0.0,0.0,0.0,0.0,1.0,0.0,0.0,0.0
2008-09-01,-0.0023733020591126808,-0.0023733020591126808,0.0,0,False,0.0,1.1279587038873828,-0.0485587042127259,0.0,0.0,0.0,0.0,1.0,0.0,0.0,0.0
2008-10-01,0.007125965490804909,0.0031259654908049085,1.0,2,True,0.004,1.1207805903041617,-0.05461349475194599,0.0,0.0,0.0,0.0,0.0,0.0,1.0,0.0
2008-11-01,0.00867571766883568,0.00867571766883568,0.0,0,False,0.0,1.1310400897738937,-0.045959533010288656,0.0,0.0,0.0,0.0,0.0,0.0,1.0,0.0
2008-12-01,0.019853684775775093,0.015853684775775093,1.0,2,True,0.004,1.1362892635678477,-0.04153181708494502,0.0,0.0,0.0,0.0,1.0,0.0,0.0,0.0
2009-01-01,-0.021380880307337313,-0.022714213640670645,0.33333333333333337,4,True,0.0013333333333333335,1.1579345323251202,-0.02775799988590799,0.0,0.0,0.11111111111111112,0.0,0.6666666666666666,0.11111111111111112,0.0,0.11111111111111112
2009-02-01,-0.010007938351620024,-0.010007938351620024,0.0,0,False,0.0,1.1307648255109624,-0.050570628197862955,0.0,0.0,0.11111111111111112,0.0,0.6666666666666666,0.11111111111111112,0.0,0.11111111111111112
2009-03-01,0.02344021204239377,0.02210687870906044,0.33333333333333337,4,True,0.0013333333333333335,1.1152239111085693,-0.06361931901792572,0.0,0.0,0.0,0.0,1.0,0.0,0.0,0.0
2009-04-01,-0.035095396381793376,-0.035095396381793376,0.0,0,False,0.0,1.1398431760649552,-0.04294813016023413,0.0,0.0,0.0,0.0,1.0,0.0,0.0,0.0
2009-05-01,-0.005258216784612342,-0.006591550117945676,0.33333333333333337,4,True,0.0013333333333333335,1.0983734747505562,-0.07776752989701019,0.0,0.0,0.11111111111111112,0.11111111111111112,0.6666666666666666,0.11111111111111112,0.0,0.0
2009-06-01,-0.0006085913143328972,-0.003275257980999564,0.6666666666666666,5,True,0.0026666666666666666,1.0896843942727568,-0.08506318327555207,0.0,0.0,0.22222222222222224,0.22222222222222224,0.0,0.22222222222222224,0.3333333333333333,0.0
2009-07-01,0.0118344802662708,0.010501146932937466,0.33333333333333337,4,True,0.0013333333333333335,1.087569193519285,-0.08683917920087336,0.0,0.0,0.11111111111111112,0.11111111111111112,0.0,0.11111111111111112,0.6666666666666666,0.0
2009-08-01,0.0020551578825630645,0.0020551578825630645,0.0,0,False,0.0,1.1041792269138964,-0.07289281898902977,0.0,0.0,0.11111111111111112,0.11111111111111112,0.0,0.11111111111111112,0.6666666666666666,0.0
2009-09-01,0.02005472102871986,0.01872138769538653,0.33333333333333337,4,True,0.0013333333333333335,1.1049732249031097,-0.07222615073485028,0.0,0.0,0.22222222222222224,0.22222222222222224,0.0,0.22222222222222224,0.3333333333333333,0.0
2009-10-01,0.019623503242354054,0.019623503242354054,0.0,0,False,0.0,1.1271331546727466,-0.05361990501009606,0.0,0.0,0.22222222222222224,0.22222222222222224,0.0,0.22222222222222224,0.3333333333333333,0.0
2009-11-01,0.04379183566199841,0.041569613439776186,0.5555555555555556,4,True,0.0022222222222222222,1.1474663870584472,-0.03654741777391124,0.0,0.22222222222222224,0.22222222222222224,0.22222222222222224,0.3333333333333333,0.0,0.0,0.0
2009-12-01,-0.015094869103575739,-0.015094869103575739,0.0,0,False,0.0,1.1950544552937155,0.0,0.0,0.22222222222222224,0.22222222222222224,0.22222222222222224,0.3333333333333333,0.0,0.0,0.0
2010-01-01,-0.024268396131286004,-0.025601729464619336,0.3333333333333333,2,True,0.0013333333333333333,1.1608613631831592,-0.030059983697897086,0.0,0.22222222222222224,0.22222222222222224,0.22222222222222224,0.0,0.0,0.3333333333333333,0.0
2010-02-01,0.004505217264201155,0.0027274394864233767,0.4444444444444444,5,True,0.0017777777777777779,1.1291678829547094,-0.05654098798006202,0.0,0.0,0.11111111111111112,0.11111111111111112,0.0,0.11111111111111112,0.6666666666666666,0.0
2010-03-01,0.008707748797074527,0.00692997101929675,0.4444444444444444,5,True,0.0017777777777777779,1.132238576209232,-0.05397531703966363,0.0,0.22222222222222224,0.0,0.22222222222222224,0.0,0.22222222222222224,0.3333333333333333,0.0
2010-04-01,0.013321774114211317,0.013321774114211317,0.0,0,False,0.0,1.1420978253092195,-0.04573757174461268,0.0,0.22222222222222224,0.0,0.22222222222222224,0.0,0.22222222222222224,0.3333333333333333,0.0
2010-05-01,-0.0414553517734615,-0.0414553517734615,0.0,0,False,0.0,1.1595155342256938,-0.031184470568029976,0.0,0.22222222222222224,0.0,0.22222222222222224,0.0,0.22222222222222224,0.3333333333333333,0.0
2010-06-01,0.021827322561871997,0.018716211450760887,0.7777777777777778,6,True,0.003111111111111111,1.1079895734813199,-0.07423620162688693,0.0,0.0,0.22222222222222224,0.0,0.3333333333333333,0.22222222222222224,0.0,0.22222222222222224
2010-07-01,-0.003961865342511972,-0.003961865342511972,0.0,0,False,0.0,1.1321740192968872,-0.05402925658369351,0.0,0.0,0.22222222222222224,0.0,0.3333333333333333,0.22222222222222224,0.0,0.22222222222222224
2010-08-01,0.03546241466002721,0.03457352577113832,0.22222222222222224,2,True,0.0008888888888888889,1.135501309676453,-0.05124918982692894,0.0,0.0,0.22222222222222224,0.22222222222222224,0.3333333333333333,0.0,0.0,0.22222222222222224
2010-09-01,0.01753103432609741,0.01753103432609741,0.0,0,False,0.0,1.1747238000312328,-0.01847743590292339,0.0,0.0,0.22222222222222224,0.22222222222222224,0.3333333333333333,0.0,0.0,0.22222222222222224
2010-10-01,-0.004077588403666087,-0.00541092173699942,0.33333333333333326,4,True,0.001333333333333333,1.1937241660622062,-0.0035651789994992633,0.0,0.0,0.3333333333333333,0.3333333333333333,0.0,0.0,0.0,0.3333333333333333
2010-11-01,0.013017958710420958,0.011684625377087624,0.3333333333333333,2,True,0.0013333333333333333,1.187271508045168,-0.017058948835555032,0.0,0.3333333333333333,0.3333333333333333,0.3333333333333333,0.0,0.0,0.0,0.0
2010-12-01,0.01512338217508168,0.013790048841748347,0.33333333333333326,4,True,0.001333333333333333,1.2011237230356058,-0.02326576883638054,0.0,0.22222222222222224,0.22222222222222224,0.22222222222222224,0.3333333333333333,0.0,0.0,0.0
2011-01-01,0.0003390099678936858,-0.0009943233654396474,0.3333333333333333,2,True,0.0013333333333333333,1.2090914216315722,-0.016786566225506783,0.0,0.22222222222222224,0.22222222222222224,0.22222222222222224,0.0,0.0,0.3333333333333333,0.0
2011-02-01,0.030226423327688844,0.030226423327688844,0.0,0,False,0.0,1.2078886472546992,-0.01776464274146239,0.0,0.22222222222222224,0.22222222222222224,0.22222222222222224,0.0,0.0,0.3333333333333333,0.0
2011-03-01,0.0035417706375519367,0.0035417706375519367,0.0,0,False,0.0,1.2443988008393299,0.0,0.0,0.22222222222222224,0.22222222222222224,0.22222222222222224,0.0,0.0,0.3333333333333333,0.0
2011-04-01,0.0303780152193949,0.0303780152193949,0.0,0,False,0.0,1.2488061759735467,0.0,0.0,0.22222222222222224,0.22222222222222224,0.22222222222222224,0.0,0.0,0.3333333333333333,0.0
2011-05-01,-0.019609568060331206,-0.02094290139366454,0.33333333333333326,4,True,0.001333333333333333,1.2936101175541703,0.0,0.0,0.3333333333333333,0.3333333333333333,0.3333333333333333,0.0,0.0,0.0,0.0
2011-06-01,-0.018092358665218335,-0.018092358665218335,0.0,0,False,0.0,1.2665519912679115,-0.020916755302917367,0.0,0.3333333333333333,0.3333333333333333,0.3333333333333333,0.0,0.0,0.0,0.0
2011-07-01,0.04314741613833732,0.04181408280500399,0.33333333333333326,4,True,0.001333333333333333,1.2419788956025812,-0.03991250628837717,0.0,0.22222222222222224,0.22222222222222224,0.22222222222222224,0.3333333333333333,0.0,0.0,0.0
2011-08-01,0.02348129673676687,0.021259074514544646,0.5555555555555555,5,True,0.002222222222222222,1.2926880378998535,-0.001639426034994118,0.0,0.3333333333333333,0.0,0.3333333333333333,0.0,0.0,0.0,0.3333333333333333
2011-09-01,-0.03360844111586725,-0.03494177444920058,0.3333333333333333,2,True,0.0013333333333333333,1.321277973266775,0.0,0.0,0.3333333333333333,0.3333333333333333,0.0,0.0,0.0,0.0,0.3333333333333333
2011-10-01,-0.001972258284008796,-0.005083369395119907,0.7777777777777779,5,True,0.0031111111111111114,1.2584228537696867,-0.06716065957267225,0.0,0.0,0.11111111111111112,0.0,0.6666666666666666,0.11111111111111112,0.0,0.11111111111111112
2011-11-01,-0.01305558980016159,-0.014833367577939367,0.44444444444444453,5,True,0.0017777777777777783,1.249807709706844,-0.07354686376563857,0.0,0.0,0.0,0.22222222222222224,0.3333333333333333,0.22222222222222224,0.0,0.22222222222222224
2011-12-01,1.2322093056992174e-05,-0.0008765667958318968,0.22222222222222224,2,True,0.0008888888888888889,1.2323942967127923,-0.0864550183206041,0.0,0.0,0.22222222222222224,0.0,0.3333333333333333,0.22222222222222224,0.0,0.22222222222222224
2012-01-01,0.013284470577315285,0.011506692799537508,0.44444444444444453,5,True,0.0017777777777777783,1.2283407325515516,-0.08945983034163851,0.0,0.0,0.0,0.11111111111111112,0.6666666666666666,0.11111111111111112,0.0,0.11111111111111112
2012-02-01,-0.0009257905452678674,-0.002259123878601201,0.33333333333333337,4,True,0.0013333333333333335,1.240789268008511,-0.08023202303492094,0.0,0.0,0.0,0.22222222222222224,0.3333333333333333,0.22222222222222224,0.0,0.22222222222222224
2012-03-01,-0.01375849644373587,-0.015091829777069202,0.33333333333333326,4,True,0.001333333333333333,1.2379877029594724,-0.08230875748445898,0.0,0.0,0.0,0.3333333333333333,0.0,0.3333333333333333,0.0,0.3333333333333333
2012-04-01,0.01939727179747693,0.01939727179747693,0.0,0,False,0.0,1.2166794916749983,-0.09810403464487583,0.0,0.0,0.0,0.3333333333333333,0.0,0.3333333333333333,0.0,0.3333333333333333
2012-05-01,0.038084089237138415,0.03541742257047175,0.6666666666666667,4,True,0.002666666666666667,1.2369723417868597,-0.08306142090257662,0.0,0.0,0.0,0.11111111111111112,0.6666666666666666,0.11111111111111112,0.0,0.11111111111111112
2012-06-01,-0.00032391997034083176,-0.00032391997034083176,0.0,0,False,0.0,1.2840813068353427,-0.048140650231255244,0.0,0.0,0.0,0.11111111111111112,0.6666666666666666,0.11111111111111112,0.0,0.11111111111111112
2012-07-01,0.017668374013727638,0.016335040680394305,0.33333333333333337,4,True,0.0013333333333333335,1.2773322353485335,-0.05314357859940477,0.0,0.0,0.0,0.22222222222222224,0.3333333333333333,0.22222222222222224,0.0,0.22222222222222224
2012-08-01,0.0010094430538224578,-0.00032389027951087567,0.33333333333333337,4,True,0.0013333333333333335,1.29643652830617,-0.038982014393424635,0.0,0.0,0.0,0.11111111111111112,0.6666666666666666,0.11111111111111112,0.0,0.11111111111111112
2012-09-01,0.0010231957185517677,-0.0016434709481148993,0.6666666666666667,4,True,0.002666666666666667,1.3000282462532577,-0.03631955813659038,0.0,0.0,0.0,0.3333333333333333,0.0,0.3333333333333333,0.0,0.3333333333333333
2012-10-01,0.004838293024830484,0.004838293024830484,0.0,0,False,0.0,1.2978881404432498,-0.03790596836926552,0.0,0.0,0.0,0.3333333333333333,0.0,0.3333333333333333,0.0,0.3333333333333333
2012-11-01,0.011381759599028356,0.010048426265695024,0.33333333333333326,4,True,0.001333333333333333,1.302428813308727,-0.03454007409275939,0.0,0.0,0.0,0.22222222222222224,0.3333333333333333,0.22222222222222224,0.0,0.22222222222222224
2012-12-01,-0.005932911358813168,-0.007266244692146501,0.33333333333333326,4,True,0.001333333333333333,1.3160005543846762,-0.024479660809724635,0.0,0.0,0.0,0.3333333333333333,0.0,0.3333333333333333,0.0,0.3333333333333333
2013-01-01,-0.0015482750874455443,-0.003770497309667766,0.5555555555555555,5,True,0.002222222222222222,1.292216559816315,-0.042110178039617474,0.0,0.22222222222222224,0.0,0.22222222222222224,0.3333333333333333,0.22222222222222224,0.0,0.0
2013-02-01,-0.0019505580356039063,-0.004617224702270573,0.6666666666666667,5,True,0.002666666666666667,1.2839157768842073,-0.04826335370090029,0.0,0.11111111111111112,0.0,0.11111111111111112,0.0,0.11111111111111112,0.6666666666666666,0.0
2013-03-01,0.00402832835190603,2.8328351906029697e-05,1.0,5,True,0.004,1.276285778949973,-0.05391929217906111,0.0,0.0,0.0,0.0,1.0,0.0,0.0,0.0
2013-04-01,0.022579298725329218,0.021245965391995886,0.33333333333333337,4,True,0.0013333333333333335,1.2797185077022672,-0.05137469088263391,0.0,0.0,0.0,0.11111111111111112,0.6666666666666666,0.11111111111111112,0.0,0.11111111111111112
2013-05-01,-0.03609488791577078,-0.03609488791577078,0.0,0,False,0.0,1.3086136541720093,-0.029955396649665067,0.0,0.0,0.0,0.11111111111111112,0.6666666666666666,0.11111111111111112,0.0,0.11111111111111112
2013-06-01,0.0002934891590056221,-0.003706510840994378,1.0,5,True,0.004,1.2598544775931666,-0.06609943041648325,0.0,0.0,0.0,0.0,0.0,0.0,1.0,0.0
2013-07-01,0.002002651104088926,0.002002651104088926,0.0,0,False,0.0,1.2551833342993677,-0.0695620393608265,0.0,0.0,0.0,0.0,0.0,0.0,1.0,0.0
2013-08-01,0.0003911590500691453,0.0003911590500691453,0.0,0,False,0.0,1.257697028589637,-0.06769869675166573,0.0,0.0,0.0,0.0,0.0,0.0,1.0,0.0
2013-09-01,0.0034253463069895407,0.0034253463069895407,0.0,0,False,0.0,1.2592663025073656,-0.06653543080971414,0.0,0.0,0.0,0.0,0.0,0.0,1.0,0.0
2013-10-01,0.001785492084922291,0.001785492084922291,0.0,0,False,0.0,1.2635797256861754,-0.06333799139493279,0.0,0.0,0.0,0.0,0.0,0.0,1.0,0.0
2013-11-01,0.001950898246934063,0.001950898246934063,0.0,0,False,0.0,1.265835837285056,-0.0616655887923212,0.0,0.0,0.0,0.0,0.0,0.0,1.0,0.0
2013-12-01,0.000528901660738823,0.000528901660738823,0.0,0,False,0.0,1.269214852431853,-0.05916080413159308,0.0,0.0,0.0,0.0,0.0,0.0,1.0,0.0
2014-01-01,0.0030973751319101073,0.0030973751319101073,0.0,0,False,0.0,1.2692220989273817,-0.05915543247445165,0.0,0.0,0.0,0.0,0.0,0.0,1.0,0.0
2014-02-01,0.005306927874548623,0.00397359454121529,0.33333333333333337,4,True,0.0013333333333333335,1.2726771895337026,-0.05659425486021641,0.0,0.0,0.0,0.11111111111111112,0.0,0.11111111111111112,0.6666666666666666,0.11111111111111112
2014-03-01,-0.0019509396055989758,-0.003284272938932309,0.33333333333333337,4,True,0.0013333333333333335,1.2758398780175102,-0.05424982808000134,0.0,0.0,0.0,0.22222222222222224,0.0,0.22222222222222224,0.3333333333333333,0.22222222222222224
2014-04-01,0.009424725718237627,0.008091392384904294,0.33333333333333337,4,True,0.0013333333333333335,1.26995745309324,-0.05861033168181673,0.0,0.0,0.0,0.11111111111111112,0.0,0.11111111111111112,0.6666666666666666,0.11111111111111112
2014-05-01,0.0034433665080551507,0.0016655887302773728,0.4444444444444445,5,True,0.0017777777777777779,1.279647473400231,-0.05142734694435491,0.0,0.22222222222222224,0.0,0.22222222222222224,0.0,0.22222222222222224,0.3333333333333333,0.0
2014-06-01,0.0027254002692111484,0.0005031780469889262,0.5555555555555556,4,True,0.0022222222222222222,1.2870352619872762,-0.04595095257332804,0.0,0.0,0.0,0.22222222222222224,0.3333333333333333,0.22222222222222224,0.0,0.22222222222222224
2014-07-01,0.003112241043984258,0.001778907710650925,0.33333333333333326,4,True,0.001333333333333333,1.285958174918452,-0.046749371950292606,0.0,0.0,0.0,0.3333333333333333,0.0,0.3333333333333333,0.0,0.3333333333333333
2014-08-01,0.011689378499140387,0.009022711832473721,0.6666666666666667,4,True,0.002666666666666667,1.2865204923666633,-0.04633253921721814,0.0,0.0,0.0,0.11111111111111112,0.6666666666666666,0.11111111111111112,0.0,0.11111111111111112
2014-09-01,0.002606628510520354,0.002606628510520354,0.0,0,False,0.0,1.3099349380078877,-0.028975959937842855,0.0,0.0,0.0,0.11111111111111112,0.6666666666666666,0.11111111111111112,0.0,0.11111111111111112
2014-10-01,0.008573377578093153,0.008573377578093153,0.0,0,False,0.0,1.313349451764226,-0.026444860990616048,0.0,0.0,0.0,0.11111111111111112,0.6666666666666666,0.11111111111111112,0.0,0.11111111111111112
2014-11-01,0.009268854189710745,0.009268854189710745,0.0,0,False,0.0,1.3247651031372176,-0.01798270642513733,0.0,0.0,0.0,0.11111111111111112,0.6666666666666666,0.11111111111111112,0.0,0.11111111111111112
2014-12-01,0.013462051935771619,0.013462051935771619,0.0,0,False,0.0,1.337044157713814,-0.0088805313192174,0.0,0.0,0.0,0.11111111111111112,0.6666666666666666,0.11111111111111112,0.0,0.11111111111111112
2015-01-01,0.03967740362999418,0.03967740362999418,0.0,0,False,0.0,1.3376304390114,-0.010412280985272582,0.0,0.0,0.0,0.11111111111111112,0.6666666666666666,0.11111111111111112,0.0,0.11111111111111112
2015-02-01,-0.04391368314196825,-0.04569146091974603,0.44444444444444453,5,True,0.0017777777777777783,1.3915751059076717,0.0,0.0,0.0,0.22222222222222224,0.0,0.3333333333333333,0.22222222222222224,0.0,0.22222222222222224
2015-03-01,0.01892327321375921,0.01714549543598143,0.44444444444444453,5,True,0.0017777777777777783,1.3404762300048538,-0.03672017103919667,0.0,0.0,0.0,0.11111111111111112,0.6666666666666666,0.11111111111111112,0.0,0.11111111111111112
2015-04-01,0.010529026195497806,0.010529026195497806,0.0,0,False,0.0,1.363414263625444,-0.02023666718574957,0.0,0.0,0.0,0.11111111111111112,0.6666666666666666,0.11111111111111112,0.0,0.11111111111111112
2015-05-01,-0.0072396999437764654,-0.0072396999437764654,0.0,0,False,0.0,1.377769688122472,-0.009920713389159896,0.0,0.0,0.0,0.11111111111111112,0.6666666666666666,0.11111111111111112,0.0,0.11111111111111112
2015-06-01,-0.02468871518517498,-0.02468871518517498,0.0,0,False,0.0,1.3677950489888346,-0.017088590344770727,0.0,0.0,0.0,0.11111111111111112,0.6666666666666666,0.11111111111111112,0.0,0.11111111111111112
2015-07-01,0.02520245213047767,0.02386911879714434,0.33333333333333337,4,True,0.0013333333333333335,1.3322472453305334,-0.042633602976420715,0.0,0.0,0.0,0.0,1.0,0.0,0.0,0.0
2015-08-01,0.00029529012254525533,0.00029529012254525533,0.0,0,False,0.0,1.3540262058233354,-0.026983020840865457,0.0,0.0,0.0,0.0,1.0,0.0,0.0,0.0
2015-09-01,-0.00435424354243541,-0.00435424354243541,0.0,0,False,0.0,1.3544260363875824,-0.02669569853785103,0.0,0.0,0.0,0.0,1.0,0.0,0.0,0.0
2015-10-01,0.009265436216737033,0.009265436216737033,0.0,0,False,0.0,1.3485285355649352,-0.030933702507317307,0.0,0.0,0.0,0.0,1.0,0.0,0.0,0.0
2015-11-01,-0.0019957722926018514,-0.0046624389592685184,0.6666666666666667,4,True,0.002666666666666667,1.3635221817242076,-0.020159116144267575,0.0,0.0,0.0,0.22222222222222224,0.3333333333333333,0.22222222222222224,0.0,0.22222222222222224
2015-12-01,0.0030936947554509597,0.0004270280887842927,0.6666666666666667,4,True,0.002666666666666667,1.353552973929676,-0.027323090084451662,0.0,0.0,0.0,0.0,1.0,0.0,0.0,0.0
2016-01-01,0.023278014392715374,0.023278014392715374,0.0,0,False,0.0,1.3464897654062709,-0.03239878344330793,0.0,0.0,0.0,0.0,1.0,0.0,0.0,0.0
2016-02-01,0.011194833153928885,0.011194833153928885,0.0,0,False,0.0,1.3778333735450434,-0.00987494839789127,0.0,0.0,0.0,0.0,1.0,0.0,0.0,0.0
2016-03-01,0.008518785893892754,0.00718545256055942,0.33333333333333337,4,True,0.0013333333333333335,1.391400310958094,-0.01966547075829861,0.0,0.0,0.11111111111111112,0.0,0.6666666666666666,0.11111111111111112,0.0,0.11111111111111112
2016-04-01,0.012914455146900927,0.011581121813567593,0.33333333333333337,4,True,0.0013333333333333335,1.401382347830109,-0.012632458518232359,0.0,0.0,0.22222222222222224,0.0,0.3333333333333333,0.22222222222222224,0.0,0.22222222222222224
2016-05-01,-0.009427366840282645,-0.009427366840282645,0.0,0,False,0.0,1.423074546246097,0.0,0.0,0.0,0.22222222222222224,0.0,0.3333333333333333,0.22222222222222224,0.0,0.22222222222222224
2016-06-01,0.04629122535697583,0.04406900313475361,0.5555555555555555,5,True,0.002222222222222222,1.4065261255676604,-0.01819061837855651,0.0,0.0,0.0,0.3333333333333333,0.0,0.3333333333333333,0.0,0.3333333333333333
2016-07-01,0.003397107497009351,0.002063774163676018,0.3333333333333333,2,True,0.0013333333333333333,1.4696737621588982,0.0,0.0,0.0,0.3333333333333333,0.0,0.0,0.3333333333333333,0.0,0.3333333333333333
2016-08-01,-0.0063966972479397,-0.007730030581273033,0.33333333333333326,4,True,0.001333333333333333,1.4727001800452664,-0.012578230353523345,0.0,0.0,0.22222222222222224,0.0,0.3333333333333333,0.22222222222222224,0.0,0.22222222222222224
2016-09-01,-0.003857027827435762,-0.006079250049657984,0.5555555555555555,5,True,0.002222222222222222,1.4600280300501824,-0.021074702984487992,0.0,0.0,0.0,0.3333333333333333,0.0,0.3333333333333333,0.0,0.3333333333333333
2016-10-01,-0.021211206628448293,-0.021211206628448293,0.0,0,False,0.0,1.4575749900181143,-0.022719426847700896,0.0,0.0,0.0,0.3333333333333333,0.0,0.3333333333333333,0.0,0.3333333333333333
2016-11-01,-0.0005036197153948461,-0.0018369530487281794,0.3333333333333333,2,True,0.0013333333333333333,1.424755854974077,-0.04472412871611098,0.0,0.3333333333333333,0.0,0.3333333333333333,0.0,0.3333333333333333,0.0,0.0
2016-12-01,0.0016589639364146258,-0.0023410360635853743,1.0,4,True,0.004,1.4183421665565432,-0.049024403580617215,0.0,0.0,0.0,0.0,0.0,0.0,1.0,0.0
2017-01-01,0.005101362515321093,0.0037680291819877595,0.33333333333333337,4,True,0.0013333333333333335,1.4074197043559042,-0.05634773870421317,0.0,0.11111111111111112,0.0,0.11111111111111112,0.0,0.11111111111111112,0.6666666666666666,0.0
2017-02-01,0.002855241032421173,0.002855241032421173,0.0,0,False,0.0,1.4127133298623913,-0.05279844799569944,0.0,0.11111111111111112,0.0,0.11111111111111112,0.0,0.11111111111111112,0.6666666666666666,0.0
2017-03-01,-0.006378613245519792,-0.007711946578853126,0.33333333333333337,4,True,0.0013333333333333335,1.4148579709729576,-0.051360500646099205,0.0,0.22222222222222224,0.0,0.22222222222222224,0.0,0.22222222222222224,0.3333333333333333,0.0
2017-04-01,0.03845367324029983,0.03845367324029983,0.0,0,False,0.0,1.40515176121144,-0.05786835808316626,0.0,0.22222222222222224,0.0,0.22222222222222224,0.0,0.22222222222222224,0.3333333333333333,0.0
2017-05-01,0.002395968429603435,0.000618190651825657,0.4444444444444444,5,True,0.0017777777777777779,1.4565909012094036,-0.023379242556392232,0.0,0.0,0.11111111111111112,0.11111111111111112,0.0,0.11111111111111112,0.6666666666666666,0.0
2017-06-01,-0.007065450585069047,-0.00839878391840238,0.33333333333333337,4,True,0.0013333333333333335,1.4581340725608514,-0.022344571000456503,0.0,0.0,0.22222222222222224,0.22222222222222224,0.0,0.22222222222222224,0.3333333333333333,0.0
2017-07-01,0.004523266441430504,0.002745488663652726,0.4444444444444445,5,True,0.0017777777777777779,1.4534772226868544,-0.025466913895409338,0.0,0.0,0.0,0.11111111111111112,0.0,0.11111111111111112,0.6666666666666666,0.11111111111111112
2017-08-01,0.0050477446161022585,0.0032699668383244806,0.4444444444444445,5,True,0.0017777777777777779,1.4548650070273166,-0.024536426829600222,0.0,0.22222222222222224,0.0,0.22222222222222224,0.0,0.22222222222222224,0.3333333333333333,0.0
2017-09-01,-0.0023886982960512615,-0.0037220316293845946,0.33333333333333326,4,True,0.001333333333333333,1.4602591823083153,-0.02091971911548607,0.0,0.3333333333333333,0.0,0.3333333333333333,0.0,0.3333333333333333,0.0,0.0
2017-10-01,0.00926763858325625,0.007934305249922918,0.33333333333333326,4,True,0.001333333333333333,1.4616666812804582,-0.019976013706414775,0.0,0.22222222222222224,0.0,0.22222222222222224,0.0,0.22222222222222224,0.3333333333333333,0.0
2017-11-01,-0.0002652392830085398,-0.0002652392830085398,0.0,0,False,0.0,1.473245929305338,-0.012212314257725398,0.0,0.22222222222222224,0.0,0.22222222222222224,0.0,0.22222222222222224,0.3333333333333333,0.0
2017-12-01,0.007183076601793329,0.005849743268459996,0.33333333333333326,4,True,0.001333333333333333,1.4708913597225386,-0.01379101526944937,0.0,0.3333333333333333,0.0,0.3333333333333333,0.0,0.3333333333333333,0.0,0.0
2018-01-01,-0.009757795903621025,-0.011091129236954359,0.3333333333333333,2,True,0.0013333333333333333,1.4661553962685336,-0.016966402546573778,0.0,0.3333333333333333,0.0,0.0,0.0,0.3333333333333333,0.0,0.3333333333333333
2018-02-01,-0.01696716477405539,-0.019633831440722057,0.6666666666666666,4,True,0.0026666666666666666,1.4460467174737617,-0.030448948057076763,0.0,0.3333333333333333,0.3333333333333333,0.3333333333333333,0.0,0.0,0.0,0.0
2018-03-01,0.0003982895438773155,-0.0009350437894560176,0.33333333333333326,4,True,0.001333333333333333,1.4196160560080064,-0.04817028120490108,0.0,0.22222222222222224,0.22222222222222224,0.22222222222222224,0.0,0.0,0.3333333333333333,0.0
2018-04-01,0.00590739260171591,0.004574059268382577,0.33333333333333326,4,True,0.001333333333333333,1.420181474239435,-0.04779117738035321,0.0,0.3333333333333333,0.3333333333333333,0.3333333333333333,0.0,0.0,0.0,0.0
2018-05-01,0.0034803054390720365,0.0008136387724053699,0.6666666666666666,4,True,0.0026666666666666666,1.4228618389620675,-0.04599403597059348,0.0,0.11111111111111112,0.11111111111111112,0.11111111111111112,0.0,0.0,0.6666666666666666,0.0
2018-06-01,-0.0168930692359412,-0.018670847013718978,0.4444444444444445,5,True,0.0017777777777777779,1.4252754970565715,-0.04437571706271959,0.0,0.22222222222222224,0.22222222222222224,0.0,0.0,0.0,0.3333333333333333,0.22222222222222224
2018-07-01,-0.00044993251012348523,-0.0031165991767901522,0.6666666666666667,4,True,0.002666666666666667,1.4088325480470723,-0.055400449747051494,0.0,0.0,0.0,0.0,0.0,0.0,1.0,0.0
2018-08-01,0.003100930279083647,0.003100930279083647,0.0,0,False,0.0,1.4044434720331,-0.0583432545783078,0.0,0.0,0.0,0.0,0.0,0.0,1.0,0.0
2018-09-01,-0.0022154193631892284,-0.003548752696522562,0.33333333333333337,4,True,0.0013333333333333335,1.4093604992933932,-0.05504646693303883,0.0,0.0,0.0,0.11111111111111112,0.0,0.11111111111111112,0.6666666666666666,0.11111111111111112
2018-10-01,0.0019964064683568594,0.0006630731350235259,0.33333333333333337,4,True,0.0013333333333333335,1.4024907062665133,-0.05965255259773827,0.0,0.0,0.0,0.0,0.0,0.0,1.0,0.0
2018-11-01,0.003187886033074294,0.003187886033074294,0.0,0,False,0.0,1.4052906477843146,-0.05777523687124131,0.0,0.0,0.0,0.0,0.0,0.0,1.0,0.0
2018-12-01,0.00794438927507457,0.00794438927507457,0.0,0,False,0.0,1.409490560061016,-0.05495926328149614,0.0,0.0,0.0,0.0,0.0,0.0,1.0,0.0
2019-01-01,0.0014148273910581377,-0.0025851726089418624,1.0,2,True,0.004,1.4198482861230333,-0.048014574650198316,0.0,0.0,0.0,0.0,1.0,0.0,0.0,0.0
2019-02-01,-0.003145087371307723,-0.00581175403797439,0.6666666666666667,4,True,0.002666666666666667,1.4123932453362726,-0.053013059519144035,0.0,0.0,0.22222222222222224,0.22222222222222224,0.3333333333333333,0.0,0.0,0.22222222222222224
2019-03-01,0.01909246095168784,0.01909246095168784,0.0,0,False,0.0,1.4079511451770452,-0.055991416186443654,0.0,0.0,0.22222222222222224,0.22222222222222224,0.3333333333333333,0.0,0.0,0.22222222222222224
2019-04-01,0.0049240482760000885,0.0040351593871112,0.22222222222222224,2,True,0.0008888888888888889,1.4335569908627215,-0.038823108744892365,0.0,0.0,0.0,0.22222222222222224,0.3333333333333333,0.22222222222222224,0.0,0.22222222222222224
2019-05-01,0.025346922311313143,0.02401358897797981,0.33333333333333337,4,True,0.0013333333333333335,1.438695073499204,-0.03537810702746924,0.0,0.0,0.0,0.11111111111111112,0.6666666666666666,0.11111111111111112,0.0,0.11111111111111112
2019-06-01,0.025360289313500615,0.023582511535722838,0.44444444444444453,5,True,0.0017777777777777783,1.4701155514283657,-0.01431118224513006,0.0,0.0,0.22222222222222224,0.22222222222222224,0.3333333333333333,0.0,0.0,0.22222222222222224
2019-07-01,0.010405338489920646,0.009072005156587314,0.33333333333333326,4,True,0.001333333333333333,1.5027119972286933,-0.006547246255795169,0.0,0.0,0.3333333333333333,0.3333333333333333,0.0,0.0,0.0,0.3333333333333333
2019-08-01,0.05977479627848083,0.058441462945147495,0.33333333333333326,4,True,0.001333333333333333,1.5163237599137736,-0.0007849436857454428,0.0,0.0,0.22222222222222224,0.22222222222222224,0.3333333333333333,0.0,0.0,0.22222222222222224
2019-09-01,-0.019999477418472956,-0.019999477418472956,0.0,0,False,0.0,1.5945244537601353,-0.004601766039371014,0.0,0.0,0.22222222222222224,0.22222222222222224,0.3333333333333333,0.0,0.0,0.22222222222222224
2019-10-01,-0.0017081741464412123,-0.0017081741464412123,0.0,0,False,0.0,1.5626347979539565,-0.02450921054185451,0.0,0.0,0.22222222222222224,0.22222222222222224,0.3333333333333333,0.0,0.0,0.22222222222222224
2019-11-01,-0.010351224936799408,-0.010351224936799408,0.0,0,False,0.0,1.559965545591762,-0.026175518688498545,0.0,0.0,0.22222222222222224,0.22222222222222224,0.3333333333333333,0.0,0.0,0.22222222222222224
2019-12-01,0.011743736041449186,0.011743736041449186,0.0,0,False,0.0,1.5492971875913966,-0.03283535051972675,0.0,0.0,0.22222222222222224,0.22222222222222224,0.3333333333333333,0.0,0.0,0.22222222222222224
2020-01-01,-0.00992916517827373,-0.012151387400495952,0.5555555555555556,5,True,0.0022222222222222222,1.5445241365582492,-0.035814976550418876,0.0,0.3333333333333333,0.0,0.3333333333333333,0.0,0.0,0.0,0.3333333333333333
2020-02-01,0.027729958028750126,0.025507735806527904,0.5555555555555556,5,True,0.0022222222222222222,1.534653985068916,-0.041976519785605904,0.0,0.0,0.22222222222222224,0.22222222222222224,0.3333333333333333,0.0,0.0,0.22222222222222224
2020-03-01,0.016315703281381037,0.015426814392492149,0.22222222222222224,2,True,0.0008888888888888889,1.5657877878370035,-0.02254092428956178,0.0,0.0,0.22222222222222224,0.0,0.3333333333333333,0.22222222222222224,0.0,0.22222222222222224
2020-04-01,0.01169839843917818,0.010365065105844846,0.33333333333333337,4,True,0.0013333333333333335,1.5878003034406596,-0.030921463408565497,0.0,0.0,0.11111111111111112,0.0,0.6666666666666666,0.11111111111111112,0.0,0.11111111111111112
2020-05-01,0.003531671765789502,0.003531671765789502,0.0,0,False,0.0,1.6063750240321573,-0.019584796568662743,0.0,0.0,0.11111111111111112,0.0,0.6666666666666666,0.11111111111111112,0.0,0.11111111111111112
2020-06-01,0.004674249312952499,0.004674249312952499,0.0,0,False,0.0,1.6120482133498006,-0.01612229187595382,0.0,0.0,0.11111111111111112,0.0,0.6666666666666666,0.11111111111111112,0.0,0.11111111111111112
2020-07-01,0.045313930051694734,0.0439805967183614,0.33333333333333337,4,True,0.0013333333333333335,1.6174238841653588,-0.01284137097182636,0.0,0.0,0.22222222222222224,0.0,0.3333333333333333,0.22222222222222224,0.0,0.22222222222222224
2020-08-01,-0.01503803498102945,-0.01503803498102945,0.0,0,False,0.0,1.6942131823621613,0.0,0.0,0.0,0.22222222222222224,0.0,0.3333333333333333,0.22222222222222224,0.0,0.22222222222222224
2020-09-01,-0.026519954955877407,-0.02874217717809963,0.5555555555555555,5,True,0.002222222222222222,1.6650272440487885,-0.032198713467016304,0.0,0.3333333333333333,0.3333333333333333,0.0,0.0,0.0,0.0,0.3333333333333333
2020-10-01,-0.0023886982386969917,-0.0023886982386969917,0.0,0,False,0.0,1.620870796536306,-0.05786475999211116,0.0,0.3333333333333333,0.3333333333333333,0.0,0.0,0.0,0.0,0.3333333333333333
2020-11-01,0.005556666405845156,0.0033344441836229343,0.5555555555555555,5,True,0.002222222222222222,1.6098857678854017,-0.0642498356111113,0.0,0.22222222222222224,0.22222222222222224,0.0,0.3333333333333333,0.22222222222222224,0.0,0.0
2020-12-01,0.018717736297758265,0.016495514075536042,0.5555555555555555,5,True,0.002222222222222222,1.6116445542066977,-0.06322753662437053,0.0,0.3333333333333333,0.0,0.0,0.0,0.3333333333333333,0.0,0.3333333333333333
2021-01-01,-0.015282342565991775,-0.016615675899325107,0.3333333333333333,2,True,0.0013333333333333333,1.6186662973547994,-0.05914613070340058,0.0,0.3333333333333333,0.3333333333333333,0.0,0.0,0.0,0.0,0.3333333333333333
2021-02-01,-0.002033564442200869,-0.0042557866644230904,0.5555555555555555,5,True,0.002222222222222222,1.588266703129372,-0.07681597154630948,0.0,0.22222222222222224,0.22222222222222224,0.22222222222222224,0.0,0.0,0.3333333333333333,0.0
2021-03-01,-0.0001846722068329365,-0.0028513388734996035,0.6666666666666667,4,True,0.002666666666666667,1.580810095475991,-0.08115014355815342,0.0,0.0,0.0,0.0,0.0,0.0,1.0,0.0
2021-04-01,0.0004987070557813666,0.0004987070557813666,0.0,0,False,0.0,1.5805181637870747,-0.08131982958889117,0.0,0.0,0.0,0.0,0.0,0.0,1.0,0.0
2021-05-01,0.006465779597892556,0.005132446264559222,0.33333333333333337,4,True,0.0013333333333333335,1.5813939588538202,-0.0808107714966797,0.0,0.11111111111111112,0.0,0.11111111111111112,0.0,0.11111111111111112,0.6666666666666666,0.0
2021-06-01,-0.011380020327596602,-0.01315779810537438,0.4444444444444444,5,True,0.0017777777777777779,1.5866709731197002,-0.07774349364052113,0.0,0.22222222222222224,0.22222222222222224,0.22222222222222224,0.0,0.0,0.3333333333333333,0.0
2021-07-01,0.005502016440963597,0.0037242386631858196,0.4444444444444444,5,True,0.0017777777777777779,1.565825976969827,-0.08985970024538514,0.0,0.11111111111111112,0.0,0.11111111111111112,0.0,0.11111111111111112,0.6666666666666666,0.0
2021-08-01,-0.0039049821551801044,-0.0065716488218467714,0.6666666666666667,5,True,0.002666666666666667,1.573822094870042,-0.08521193654136316,0.0,0.22222222222222224,0.0,0.22222222222222224,0.3333333333333333,0.22222222222222224,0.0,0.0
2021-09-01,0.00360076348735309,0.00360076348735309,0.0,0,False,0.0,1.5634958774136818,-0.09121407649132796,0.0,0.22222222222222224,0.0,0.22222222222222224,0.3333333333333333,0.22222222222222224,0.0,0.0
2021-10-01,0.0002977613131656615,-0.0023689053535010055,0.6666666666666667,5,True,0.002666666666666667,1.564941321198282,-0.09037390864461714,0.0,0.11111111111111112,0.0,0.11111111111111112,0.0,0.11111111111111112,0.6666666666666666,0.0
2021-11-01,-0.017870034691647857,-0.01920336802498119,0.33333333333333337,4,True,0.0013333333333333335,1.563320090447534,-0.09131625310891878,0.0,0.22222222222222224,0.0,0.22222222222222224,0.0,0.22222222222222224,0.3333333333333333,0.0
2021-12-01,0.0030623556307161817,-4.8755480394929284e-05,0.7777777777777778,6,True,0.003111111111111111,1.5306067575111404,-0.11033096041523116,0.0,0.11111111111111112,0.0,0.11111111111111112,0.6666666666666666,0.0,0.0,0.11111111111111112
2022-01-01,0.006650654696827048,0.004872876919049271,0.4444444444444445,5,True,0.0017777777777777779,1.5352940197334168,-0.10760647742238483,0.0,0.22222222222222224,0.22222222222222224,0.22222222222222224,0.3333333333333333,0.0,0.0,0.0
2022-02-01,-0.0017773620205799867,-0.005777362020579987,1.0,5,True,0.004,1.5365861374875072,-0.1068554307177556,0.0,0.0,0.0,0.0,0.0,0.0,1.0,0.0
2022-03-01,-0.018836097835254306,-0.018836097835254306,0.0,0,False,0.0,1.5338550676453873,-0.10844287195408508,0.0,0.0,0.0,0.0,0.0,0.0,1.0,0.0
2022-04-01,-0.0022731614135624856,-0.0022731614135624856,0.0,0,False,0.0,1.504963223526118,-0.12523632924367634,0.0,0.0,0.0,0.0,0.0,0.0,1.0,0.0
2022-05-01,0.0038099978939709622,0.0038099978939709622,0.0,0,False,0.0,1.5019446726479848,-0.1269908695575146,0.0,0.0,0.0,0.0,0.0,0.0,1.0,0.0
2022-06-01,-0.001335113484646433,-0.001335113484646433,0.0,0,False,0.0,1.507667078687635,-0.12366470660911111,0.0,0.0,0.0,0.0,0.0,0.0,1.0,0.0
2022-07-01,0.0013368983957222635,0.0013368983957222635,0.0,0,False,0.0,1.5056541720405217,-0.12483471367638888,0.0,0.0,0.0,0.0,0.0,0.0,1.0,0.0
2022-08-01,-0.008964333396910273,-0.008964333396910273,0.0,0,False,0.0,1.5076670786876356,-0.12366470660911066,0.0,0.0,0.0,0.0,0.0,0.0,1.0,0.0
2022-09-01,-0.007698229407236523,-0.007698229407236523,0.0,0,False,0.0,1.4941518483427336,-0.13152046834654596,0.0,0.0,0.0,0.0,0.0,0.0,1.0,0.0
2022-10-01,-0.003685027152831477,-0.003685027152831477,0.0,0,False,0.0,1.4794863856280533,-0.14004480555099663,0.0,0.0,0.0,0.0,0.0,0.0,1.0,0.0
2022-11-01,0.006618649016936207,0.006618649016936207,0.0,0,False,0.0,1.47403443812477,-0.1432137637927594,0.0,0.0,0.0,0.0,0.0,0.0,1.0,0.0
2022-12-01,0.0019338619222586395,0.0019338619222586395,0.0,0,False,0.0,1.483790554709596,-0.13754299641276113,0.0,0.0,0.0,0.0,0.0,0.0,1.0,0.0
2023-01-01,0.0065624396834587095,0.0065624396834587095,0.0,0,False,0.0,1.4869469453693906,-0.1357083363780569,0.0,0.0,0.0,0.0,0.0,0.0,1.0,0.0
2023-02-01,-0.019204958550734418,-0.02053829188406775,0.33333333333333337,4,True,0.0013333333333333335,1.4947093384175327,-0.13119642583399949,0.0,0.0,0.11111111111111112,0.11111111111111112,0.0,0.11111111111111112,0.6666666666666666,0.0
2023-03-01,0.019353590090962047,0.018020256757628715,0.33333333333333337,4,True,0.0013333333333333335,1.4640488361844581,-0.14901792011463455,0.0,0.0,0.0,0.0,0.0,0.0,1.0,0.0
2023-04-01,0.0013500852697480889,1.6751936414755378e-05,0.33333333333333337,4,True,0.0013333333333333335,1.489266631117769,-0.13436001318415314,0.0,0.0,0.11111111111111112,0.11111111111111112,0.0,0.11111111111111112,0.6666666666666666,0.0
2023-05-01,-0.009722828135568018,-0.011500605913345795,0.4444444444444445,5,True,0.0017777777777777779,1.4866412736602117,-0.13588600883023894,0.0,0.0,0.22222222222222224,0.22222222222222224,0.0,0.0,0.3333333333333333,0.22222222222222224
2023-06-01,-0.0072202166064982976,-0.009886883273164965,0.6666666666666667,4,True,0.002666666666666667,1.468261084281019,-0.1465695402808398,0.0,0.0,0.0,0.0,0.0,0.0,1.0,0.0
2023-07-01,0.003513217612416667,0.0021798842790833337,0.33333333333333337,4,True,0.0013333333333333335,1.4584968551436759,-0.15224502310245702,0.0,0.0,0.11111111111111112,0.11111111111111112,0.0,0.11111111111111112,0.6666666666666666,0.0
2023-08-01,0.004481739296271714,0.0031484059629383805,0.33333333333333337,4,True,0.0013333333333333335,1.459720484983528,-0.15153378517077654,0.0,0.0,0.0,0.0,0.0,0.0,1.0,0.0
2023-09-01,-0.021249741892041,-0.023916408558707667,0.6666666666666667,4,True,0.002666666666666667,1.4623525381182716,-0.15000389764543265,0.0,0.22222222222222224,0.22222222222222224,0.22222222222222224,0.0,0.0,0.3333333333333333,0.0
2023-10-01,0.005133079847909006,0.0024664131812423386,0.6666666666666667,4,True,0.002666666666666667,1.4423017773581883,-0.16165845292609382,0.0,0.0,0.0,0.0,0.0,0.0,1.0,0.0
2023-11-01,0.012294306790239906,0.012294306790239906,0.0,0,False,0.0,1.445839346939359,-0.15960223168161036,0.0,0.0,0.0,0.0,0.0,0.0,1.0,0.0
2023-12-01,0.01171418375086692,0.010380850417533586,0.33333333333333337,4,True,0.0013333333333333335,1.461663452854112,-0.15040443019381478,0.0,0.0,0.11111111111111112,0.11111111111111112,0.0,0.11111111111111112,0.6666666666666666,0.0
2024-01-01,0.003407455283258069,0.0016296775054802913,0.4444444444444445,5,True,0.0017777777777777779,1.4813109800995614,-0.13898425541090853,0.0,0.0,0.22222222222222224,0.22222222222222224,0.0,0.0,0.3333333333333333,0.22222222222222224
2024-02-01,-0.0053279198619019166,-0.006216808750790805,0.22222222222222224,2,True,0.0008888888888888889,1.482397207222186,-0.13835288315528893,0.0,0.0,0.22222222222222224,0.22222222222222224,0.0,0.22222222222222224,0.3333333333333333,0.0
2024-03-01,0.011410267483034532,0.010076934149701199,0.33333333333333337,4,True,0.0013333333333333335,1.472533114880334,-0.14408641171648573,0.0,0.0,0.11111111111111112,0.11111111111111112,0.0,0.11111111111111112,0.6666666666666666,0.0
2024-04-01,-0.002236834696806183,-0.002236834696806183,0.0,0,False,0.0,1.4893351115987439,-0.1343202087318074,0.0,0.0,0.11111111111111112,0.11111111111111112,0.0,0.11111111111111112,0.6666666666666666,0.0
2024-05-01,0.012924442796165104,0.011146665018387326,0.4444444444444444,5,True,0.0017777777777777779,1.4833619307634662,-0.13779213516288413,0.0,0.22222222222222224,0.22222222222222224,0.22222222222222224,0.0,0.0,0.3333333333333333,0.0
2024-06-01,-8.679493341973827e-05,-8.679493341973827e-05,0.0,0,False,0.0,1.5011815516353695,-0.12743443557148182,0.0,0.22222222222222224,0.22222222222222224,0.22222222222222224,0.0,0.0,0.3333333333333333,0.0
2024-07-01,0.01018700342444011,0.01018700342444011,0.0,0,False,0.0,1.501051256682545,-0.1275101698415504,0.0,0.22222222222222224,0.22222222222222224,0.22222222222222224,0.0,0.0,0.3333333333333333,0.0
2024-08-01,0.013352802051280532,0.012463913162391644,0.22222222222222224,2,True,0.0008888888888888889,1.51499461100043,-0.11940555996464497,0.0,0.0,0.22222222222222224,0.22222222222222224,0.0,0.22222222222222224,0.3333333333333333,0.0
2024-09-01,0.02761877018566085,0.02761877018566085,0.0,0,False,0.0,1.5375040609543946,-0.10632188538667009,0.0,0.0,0.22222222222222224,0.22222222222222224,0.0,0.22222222222222224,0.3333333333333333,0.0
2024-10-01,-0.024521432910160772,-0.027632544021271882,0.7777777777777777,6,True,0.0031111111111111105,1.575052576173009,-0.08449671617946075,0.0,0.3333333333333333,0.3333333333333333,0.0,0.0,0.0,0.0,0.3333333333333333
2024-11-01,0.005655914419048348,0.0034336921968261256,0.5555555555555556,5,True,0.0022222222222222222,1.533015741140636,-0.10893073260262576,0.0,0.0,0.22222222222222224,0.0,0.0,0.22222222222222224,0.3333333333333333,0.22222222222222224
2024-12-01,0.010262717583537733,0.007151606472426622,0.7777777777777778,6,True,0.003111111111111111,1.5403177223787372,-0.10468643758479179,0.0,0.3333333333333333,0.3333333333333333,0.3333333333333333,0.0,0.0,0.0,0.0
2025-01-01,0.015738151098113978,0.013071484431447311,0.6666666666666666,4,True,0.0026666666666666666,1.5355541323848807,-0.10745528628744694,0.0,0.11111111111111112,0.11111111111111112,0.11111111111111112,0.0,0.0,0.6666666666666666,0.0
2025-02-01,0.009887647063085068,0.008554313729751734,0.33333333333333337,4,True,0.0013333333333333335,1.5530141399955848,-0.09730661281143504,0.0,0.22222222222222224,0.22222222222222224,0.22222222222222224,0.0,0.0,0.3333333333333333,0.0
2025-03-01,0.037366036532317105,0.03603270319898377,0.33333333333333326,4,True,0.001333333333333333,1.5588223207847947,-0.09393059307343687,0.0,0.3333333333333333,0.3333333333333333,0.3333333333333333,0.0,0.0,0.0,0.0
2025-04-01,-0.003936251613888084,-0.005269584947221417,0.33333333333333326,4,True,0.001333333333333333,1.6127600224736993,-0.06257916787980522,0.0,0.22222222222222224,0.22222222222222224,0.22222222222222224,0.0,0.0,0.3333333333333333,0.0
2025-05-01,0.0184236263194452,0.01620140409722298,0.5555555555555555,5,True,0.002222222222222222,1.6028419892474626,-0.06834404971614572,0.0,0.0,0.3333333333333333,0.3333333333333333,0.0,0.3333333333333333,0.0,0.0
2025-06-01,0.010193892011834467,0.008860558678501135,0.33333333333333326,4,True,0.001333333333333333,1.6220677446515743,-0.05716903088016401,0.0,0.0,0.22222222222222224,0.22222222222222224,0.0,0.22222222222222224,0.3333333333333333,0.0
2025-07-01,-0.003039644895334296,-0.005261867117556518,0.5555555555555555,5,True,0.002222222222222222,1.6327816394519474,-0.05094155249586663,0.0,0.3333333333333333,0.3333333333333333,0.3333333333333333,0.0,0.0,0.0,0.0
2025-08-01,0.021685687445111707,0.020352354111778374,0.33333333333333326,4,True,0.001333333333333333,1.6256481383256227,-0.05508791802364843,0.0,0.22222222222222224,0.22222222222222224,0.22222222222222224,0.0,0.0,0.3333333333333333,0.0
2025-09-01,0.03020391738198737,0.03020391738198737,0.0,0,False,0.0,1.6509112186655268,-0.040403688836327833,0.0,0.22222222222222224,0.22222222222222224,0.22222222222222224,0.0,0.0,0.3333333333333333,0.0
2025-10-01,0.022225246841459875,0.020891913508126542,0.33333333333333326,4,True,0.001333333333333333,1.6985075044461377,-0.012738227639035204,0.0,0.3333333333333333,0.3333333333333333,0.3333333333333333,0.0,0.0,0.0,0.0
2025-11-01,0.033379636336323605,0.033379636336323605,0.0,0,False,0.0,1.730503411607001,-0.030567030922198146,0.0,0.3333333333333333,0.3333333333333333,0.3333333333333333,0.0,0.0,0.0,0.0
2025-12-01,0.004943526922351855,0.004943526922351855,0.0,0,False,0.0,1.7882669861652098,0.0,0.0,0.3333333333333333,0.3333333333333333,0.3333333333333333,0.0,0.0,0.0,0.0
2026-01-01,0.04843124858675233,0.04843124858675233,0.0,0,False,0.0,1.7662857520803825,-0.03704864794193463,0.0,0.3333333333333333,0.3333333333333333,0.3333333333333333,0.0,0.0,0.0,0.0
2026-02-01,0.0692894348872849,0.0692894348872849,0.0,0,False,0.0,1.9333943347302665,-0.02321739257561095,0.0,0.3333333333333333,0.3333333333333333,0.3333333333333333,0.0,0.0,0.0,0.0
2026-03-01,-0.03903592029198662,-0.04036925362531995,0.3333333333333333,2,True,0.0013333333333333333,2.048253056671485,0.0,0.0,0.0,0.3333333333333333,0.3333333333333333,0.0,0.3333333333333333,0.0,0.0
2026-04-01,0.004139553856136255,0.001028442745025144,0.7777777777777777,5,True,0.0031111111111111105,1.959557789009703,-0.04330288553598771,0.0,0.11111111111111112,0.11111111111111112,0.11111111111111112,0.0,0.0,0.6666666666666666,0.0
2026-05-01,-0.011305532457231217,-0.01263886579056455,0.33333333333333337,4,True,0.0013333333333333335,1.9650459246995045,-0.04062346285824492,0.0,0.22222222222222224,0.22222222222222224,0.22222222222222224,0.0,0.0,0.3333333333333333,0.0
2026-06-01,-0.020736181717387694,-0.021625070606276584,0.22222222222222224,2,True,0.0008888888888888889,1.9411030741874475,-0.05231286345944075,0.0,0.22222222222222224,0.0,0.22222222222222224,0.0,0.22222222222222224,0.3333333333333333,0.0
2026-07-01,0.0,-0.0022222222222222222,0.5555555555555556,4,True,0.0022222222222222222,1.8966278925353413,-0.07402657774256782,0.0,0.22222222222222224,0.0,0.22222222222222224,0.3333333333333333,0.0,0.0,0.22222222222222224
2026-08-01,0.0,-0.0008888888888888889,0.22222222222222224,2,True,0.0008888888888888889,1.8979803722424673,-0.0733662688502067,0.0,0.22222222222222224,0.0,0.22222222222222224,0.3333333333333333,0.22222222222222224,0.0,0.0
