date,gross_return,net_return,turnover,operations,signal_changed,trade_cost,equity,drawdown,w__CASH,w_dbc.us,w_efa.us,w_gld.us,w_hyg.us,w_iau.us,w_ief.us,w_ijr.us,w_ivv.us,w_lqd.us,w_qqq.us,w_shy.us,w_spy.us,w_tlt.us,w_vea.us,w_vnq.us,w_vt.us,w_vwo.us,w_xle.us,w_xlk.us
2007-08-01,0.01329460993596559,0.01109460993596559,0.55,5,True,0.0022,0.9978,0.0,0.44999999999999996,0.0,0.0,0.0,0.0,0.0,0.3666666666666667,0.0,0.0,0.0,0.06111111111111112,0.0,0.0,0.0,0.0,0.0,0.0,0.06111111111111112,0.06111111111111112,0.0
2007-09-01,0.014443193529212146,0.014443193529212146,0.0,0,False,0.0,1.0101889510753532,0.0,0.46666666666666656,0.0,0.0,0.0,0.0,0.0,0.3555555555555556,0.0,0.0,0.0,0.059259259259259275,0.0,0.0,0.0,0.0,0.0,0.0,0.059259259259259275,0.059259259259259275,0.0
2007-10-01,0.011607086535026144,0.011370049497989107,0.059259259259259275,2,True,0.0002370370370370371,1.0245363949465909,0.0,0.46666666666666656,0.059259259259259275,0.0,0.0,0.0,0.0,0.3555555555555556,0.0,0.0,0.0,0.0,0.0,0.0,0.0,0.0,0.0,0.0,0.059259259259259275,0.059259259259259275,0.0
2007-11-01,0.00043285698219858876,-0.0002782541289125226,0.17777777777777784,4,True,0.0007111111111111114,1.0356912618769905,-0.005873475957806185,0.46666666666666656,0.11851851851851855,0.0,0.0,0.0,0.0,0.1777777777777778,0.0,0.0,0.0,0.0,0.0,0.0,0.0,0.0,0.0,0.0,0.11851851851851855,0.11851851851851855,0.0
2007-12-01,0.0016352526765300126,0.0003759934172707529,0.31481481481481494,5,True,0.0012592592592592597,1.0344220492719018,-0.012505098907454881,0.43333333333333324,0.03148148148148148,0.0,0.0,0.0,0.0,0.4722222222222223,0.0,0.0,0.0,0.0,0.0,0.0,0.03148148148148148,0.0,0.0,0.0,0.03148148148148148,0.0,0.0
2008-01-01,0.013568337465396268,0.013223893020951824,0.0861111111111111,4,True,0.0003444444444444444,1.024305567718801,-0.02216264048607397,0.4833333333333333,0.0,0.0,0.0,0.0,0.0,0.5166666666666667,0.0,0.0,0.0,0.0,0.0,0.0,0.0,0.0,0.0,0.0,0.0,0.0,0.0
2008-02-01,0.0017542956885355787,0.0017542956885355787,0.0,0,False,0.0,1.0378460878356144,-0.009236393812479093,0.5,0.0,0.0,0.0,0.0,0.0,0.5,0.0,0.0,0.0,0.0,0.0,0.0,0.0,0.0,0.0,0.0,0.0,0.0,0.0
2008-03-01,0.0018277773579610246,0.0018277773579610246,0.0,0,False,0.0,1.04260686259995,-0.004691594319524928,0.5,0.0,0.0,0.0,0.0,0.0,0.5,0.0,0.0,0.0,0.0,0.0,0.0,0.0,0.0,0.0,0.0,0.0,0.0,0.0
2008-04-01,-0.009381894744767583,-0.009381894744767583,0.0,0,False,0.0,1.0445125158166648,-0.01067324246963064,0.5,0.0,0.0,0.0,0.0,0.0,0.5,0.0,0.0,0.0,0.0,0.0,0.0,0.0,0.0,0.0,0.0,0.0,0.0,0.0
2008-05-01,-0.007623828987266712,-0.007623828987266712,0.0,0,False,0.0,1.034713009333681,-0.019955001976962317,0.5,0.0,0.0,0.0,0.0,0.0,0.5,0.0,0.0,0.0,0.0,0.0,0.0,0.0,0.0,0.0,0.0,0.0,0.0,0.0
2008-06-01,-0.0011880070883098504,-0.0031880070883098504,0.5,2,True,0.002,1.0255960361657226,-0.028590289123996082,0.5,0.0,0.0,0.0,0.0,0.0,0.0,0.0,0.0,0.0,0.0,0.5,0.0,0.0,0.0,0.0,0.0,0.0,0.0,0.0
2008-07-01,-0.04884705052880801,-0.052847050528808004,1.0,5,True,0.004,1.0182395501011519,-0.035558102716338524,0.0,0.4,0.0,0.0,0.0,0.1,0.5,0.0,0.0,0.0,0.0,0.0,0.0,0.0,0.0,0.0,0.0,0.0,0.0,0.0
2008-08-01,0.00846385492193591,0.006463854921935909,0.5,3,True,0.002,0.9665645482442367,-0.0845029083154425,0.5,0.0,0.0,0.0,0.0,0.0,0.5,0.0,0.0,0.0,0.0,0.0,0.0,0.0,0.0,0.0,0.0,0.0,0.0,0.0
2008-09-01,-0.0016254359309036404,-0.0016254359309036404,0.0,0,False,0.0,0.9737270624112423,-0.0777188183123958,0.5,0.0,0.0,0.0,0.0,0.0,0.5,0.0,0.0,0.0,0.0,0.0,0.0,0.0,0.0,0.0,0.0,0.0,0.0,0.0
2008-10-01,-0.008852768502149777,-0.008852768502149777,0.0,0,False,0.0,0.9721443314571061,-0.07921792728350685,0.5,0.0,0.0,0.0,0.0,0.0,0.5,0.0,0.0,0.0,0.0,0.0,0.0,0.0,0.0,0.0,0.0,0.0,0.0,0.0
2008-11-01,0.0037738263595895605,0.0017738263595895604,0.5,2,True,0.002,0.9645685160671825,-0.08639348215898068,0.5,0.0,0.0,0.0,0.0,0.0,0.0,0.0,0.0,0.0,0.0,0.5,0.0,0.0,0.0,0.0,0.0,0.0,0.0,0.0
2008-12-01,0.009431901086419003,0.007431901086419003,0.5,2,True,0.002,0.9643396684726327,-0.08661023882321994,0.5,0.0,0.0,0.0,0.0,0.0,0.5,0.0,0.0,0.0,0.0,0.0,0.0,0.0,0.0,0.0,0.0,0.0,0.0,0.0
2009-01-01,-0.00988115526562311,-0.00988115526562311,0.0,0,False,0.0,0.9805544506165438,-0.0712521482311178,0.5,0.0,0.0,0.0,0.0,0.0,0.5,0.0,0.0,0.0,0.0,0.0,0.0,0.0,0.0,0.0,0.0,0.0,0.0,0.0
2009-02-01,-0.004020888663729294,-0.004020888663729294,0.0,0,False,0.0,0.968372328689072,-0.08279064011498216,0.5,0.0,0.0,0.0,0.0,0.0,0.5,0.0,0.0,0.0,0.0,0.0,0.0,0.0,0.0,0.0,0.0,0.0,0.0,0.0
2009-03-01,0.011254452643987056,0.011254452643987056,0.0,0,False,0.0,0.9609738941274282,-0.08979818589814481,0.5,0.0,0.0,0.0,0.0,0.0,0.5,0.0,0.0,0.0,0.0,0.0,0.0,0.0,0.0,0.0,0.0,0.0,0.0,0.0
2009-04-01,-0.01798671854799555,-0.01798671854799555,0.0,0,False,0.0,0.9717891293109933,-0.07955436268486427,0.5,0.0,0.0,0.0,0.0,0.0,0.5,0.0,0.0,0.0,0.0,0.0,0.0,0.0,0.0,0.0,0.0,0.0,0.0,0.0
2009-05-01,0.044496838201159516,0.042496838201159515,0.5,2,True,0.002,0.9524012120905666,-0.09791793898337808,0.0,0.0,0.0,0.0,0.0,0.0,0.5,0.0,0.0,0.0,0.0,0.0,0.0,0.0,0.0,0.0,0.5,0.0,0.0,0.0
2009-06-01,-0.018748235597337008,-0.02074823559733701,0.5,5,True,0.002,0.9927904946180938,-0.05966258319121254,0.0,0.0,0.0,0.08333333333333333,0.0,0.0,0.0,0.0,0.0,0.08333333333333333,0.0,0.25,0.0,0.0,0.0,0.0,0.5,0.08333333333333333,0.0,0.0
2009-07-01,0.04595962211390114,0.04485962211390114,0.27499999999999997,4,True,0.0010999999999999998,0.973105829359218,-0.0783072291468504,0.0,0.0,0.0,0.0,0.0,0.0,0.0,0.0,0.0,0.0,0.0,0.55,0.0,0.0,0.0,0.0,0.44999999999999996,0.0,0.0,0.0
2009-08-01,-0.007048494212635518,-0.007715160879302185,0.16666666666666669,4,True,0.0006666666666666668,1.0090772691763992,-0.0442363038308371,0.0,0.0,0.0,0.05555555555555556,0.0,0.0,0.0,0.0,0.0,0.05555555555555556,0.05555555555555556,0.3333333333333333,0.0,0.0,0.0,0.0,0.5,0.0,0.0,0.0
2009-09-01,0.03626825836149448,0.03532011021334633,0.2370370370370371,5,True,0.0009481481481481484,1.000347439632129,-0.05250490169447586,0.0,0.0,0.0,0.11851851851851855,0.0,0.0,0.0,0.0,0.0,0.11851851851851855,0.0,0.1777777777777778,0.0,0.0,0.0,0.11851851851851855,0.46666666666666656,0.0,0.0,0.0
2009-10-01,0.037661660626907664,0.03466906803431507,0.7481481481481481,8,True,0.0029925925925925927,1.0335260928550356,-0.040132967966758804,0.0,0.0,0.0,0.15740740740740744,0.15740740740740744,0.43333333333333324,0.09444444444444446,0.0,0.0,0.15740740740740744,0.0,0.0,0.0,0.0,0.0,0.0,0.0,0.0,0.0,0.0
2009-11-01,0.07916290073518055,0.07818141925369906,0.24537037037037038,4,True,0.0009814814814814816,1.0662210982351428,-0.010277378900617862,0.0,0.0,0.0,0.16203703703703706,0.0,0.3333333333333333,0.09722222222222222,0.0,0.0,0.16203703703703706,0.0,0.0,0.0,0.0,0.0,0.0,0.0,0.0,0.16203703703703706,0.08333333333333333
2009-12-01,-0.02443919480931348,-0.025735491105609777,0.3240740740740741,4,True,0.0012962962962962965,1.1480068462176347,-0.0003197643251456883,0.0,0.16203703703703706,0.0,0.16203703703703706,0.0,0.3333333333333333,0.09722222222222222,0.0,0.0,0.0,0.0,0.0,0.0,0.0,0.0,0.0,0.0,0.16203703703703706,0.0,0.08333333333333333
2010-01-01,-0.03745479275794562,-0.038491829794982654,0.25925925925925924,4,True,0.001037037037037037,1.0817079188322036,-0.06420752250995065,0.0,0.16203703703703706,0.0,0.16203703703703706,0.0,0.3333333333333333,0.0,0.0,0.0,0.0,0.16203703703703706,0.09722222222222222,0.0,0.0,0.0,0.0,0.0,0.0,0.0,0.08333333333333333
2010-02-01,0.014699909259790936,0.01327398333386501,0.3564814814814815,6,True,0.0014259259259259262,1.038629893322054,-0.10147459943127235,0.0,0.0,0.0,0.12962962962962965,0.0,0.3333333333333333,0.0,0.0,0.0,0.0,0.0,0.19444444444444445,0.0,0.0,0.0,0.12962962962962965,0.0,0.12962962962962965,0.0,0.08333333333333333
2010-03-01,0.047123335414595506,0.044855187266447355,0.567037037037037,8,True,0.002268148148148148,1.0515072624859112,-0.09033430454796443,0.0,0.0,0.0,0.15740740740740744,0.0,0.0,0.0,0.15740740740740744,0.08666666666666666,0.0,0.0,0.09444444444444446,0.0,0.0,0.0,0.15740740740740744,0.0,0.0,0.0,0.3466666666666666
2010-04-01,0.047201415309427876,0.047201415309427876,0.0,0,False,0.0,1.101057791906918,-0.04746782286602691,0.0,0.0,0.0,0.16203703703703706,0.0,0.0,0.0,0.16203703703703706,0.08333333333333333,0.0,0.0,0.09722222222222222,0.0,0.0,0.0,0.16203703703703706,0.0,0.0,0.0,0.3333333333333333
2010-05-01,-0.025747926098508237,-0.02708125943184157,0.3333333333333333,3,True,0.0013333333333333333,1.1358814166633124,-0.017547001733044687,0.0,0.0,0.0,0.16203703703703706,0.0,0.3333333333333333,0.0,0.16203703703703706,0.0,0.0,0.0,0.09722222222222222,0.0,0.0,0.0,0.16203703703703706,0.0,0.0,0.0,0.08333333333333333
2010-06-01,-5.050082235517894e-05,-0.002124574896429254,0.5185185185185186,6,True,0.002074074074074075,1.1028671305108313,-0.04610190538788839,0.0,0.0,0.0,0.032407407407407406,0.0,0.3333333333333333,0.48611111111111116,0.0,0.0,0.0,0.0,0.0,0.0,0.032407407407407406,0.0,0.032407407407407406,0.0,0.0,0.0,0.08333333333333333
2010-07-01,0.007134363188335239,0.006789918743890795,0.0861111111111111,4,True,0.0003444444444444444,1.1024315775418012,-0.0464786263325665,0.0,0.0,0.0,0.0,0.0,0.38666666666666666,0.5166666666666667,0.0,0.0,0.0,0.0,0.0,0.0,0.0,0.0,0.0,0.0,0.0,0.0,0.09666666666666666
2010-08-01,-0.006643612931134513,-0.00991027959780118,0.8166666666666667,7,True,0.0032666666666666664,1.110748537044119,-0.039285074541289156,0.0,0.0,0.0,0.1388888888888889,0.0,0.0,0.08333333333333333,0.0,0.1,0.0,0.0,0.0,0.0,0.1388888888888889,0.0,0.1388888888888889,0.0,0.0,0.0,0.4
2010-09-01,0.02990062089030215,0.026622843112524372,0.8194444444444444,7,True,0.0032777777777777775,1.0961600297951188,-0.051903048985418865,0.0,0.0,0.0,0.0,0.0,0.3333333333333333,0.5833333333333334,0.0,0.0,0.0,0.0,0.0,0.0,0.0,0.0,0.0,0.0,0.0,0.0,0.08333333333333333
2010-10-01,0.010803639822046397,0.008803639822046396,0.49999999999999994,4,True,0.0019999999999999996,1.126678023490563,-0.02550725276290855,0.0,0.0,0.0,0.16666666666666666,0.0,0.4,0.0,0.0,0.0,0.16666666666666666,0.0,0.0,0.0,0.16666666666666666,0.0,0.0,0.0,0.0,0.0,0.1
2010-11-01,0.002335324045055296,0.002335324045055296,0.0,0,False,0.0,1.1388502470517703,-0.014979184112562383,0.0,0.0,0.0,0.2,0.0,0.31999999999999995,0.0,0.0,0.0,0.2,0.0,0.0,0.0,0.2,0.0,0.0,0.0,0.0,0.0,0.07999999999999999
2010-12-01,0.029026593757324134,0.0272932604239908,0.43333333333333335,6,True,0.0017333333333333335,1.1395312143763041,-0.023566672326086113,0.0,0.0,0.0,0.16666666666666669,0.0,0.31999999999999995,0.1,0.16666666666666669,0.0,0.0,0.0,0.0,0.0,0.0,0.0,0.16666666666666669,0.0,0.0,0.0,0.07999999999999999
2011-01-01,-0.008709083241854126,-0.010005379538150424,0.3240740740740741,6,True,0.0012962962962962965,1.151400544578848,-0.01339616585753467,0.0,0.0,0.0,0.12962962962962965,0.0,0.3333333333333333,0.0,0.0,0.0,0.0,0.0,0.19444444444444445,0.0,0.0,0.0,0.12962962962962965,0.0,0.0,0.12962962962962965,0.08333333333333333
2011-02-01,0.010561392549588138,0.009174725882921472,0.3466666666666666,3,True,0.0013866666666666665,1.13831269182305,-0.02461079118523546,0.0,0.0,0.0,0.12592592592592597,0.0,0.0,0.0,0.0,0.08666666666666666,0.0,0.0,0.1888888888888889,0.0,0.0,0.0,0.12592592592592597,0.0,0.0,0.12592592592592597,0.3466666666666666
2011-03-01,0.006073859523181395,0.004309415078736951,0.4411111111111111,7,True,0.0017644444444444444,1.1483051570543483,-0.016048519301526842,0.0,0.0,0.0,0.15740740740740744,0.0,0.3466666666666666,0.0,0.0,0.0,0.0,0.0,0.09444444444444446,0.0,0.0,0.0,0.15740740740740744,0.0,0.0,0.15740740740740744,0.08666666666666666
2011-04-01,0.02360262181395317,0.02136188107321243,0.5601851851851851,7,True,0.0022407407407407406,1.1526911187503852,-0.012290307924881394,0.0,0.3333333333333333,0.0,0.12962962962962965,0.0,0.0,0.0,0.12962962962962965,0.0,0.0,0.0,0.19444444444444445,0.0,0.0,0.0,0.0,0.0,0.0,0.12962962962962965,0.08333333333333333
2011-05-01,-0.013157953872804672,-0.0158038797987306,0.6614814814814816,8,True,0.0026459259259259257,1.189684677132481,0.0,0.0,0.08666666666666666,0.0,0.1888888888888889,0.0,0.3466666666666666,0.0,0.0,0.0,0.1888888888888889,0.0,0.0,0.0,0.0,0.0,0.0,0.0,0.0,0.1888888888888889,0.0
2011-06-01,-0.02647647256879901,-0.027596472568799008,0.28,4,True,0.00112,1.1696130269367442,-0.016871403474839952,0.0,0.0,0.0,0.2,0.0,0.31999999999999995,0.0,0.0,0.0,0.2,0.0,0.0,0.0,0.2,0.0,0.0,0.0,0.0,0.0,0.07999999999999999
2011-07-01,0.05107654763705466,0.05000988097038799,0.26666666666666666,5,True,0.0010666666666666667,1.13743124419325,-0.04392208619949489,0.0,0.0,0.0,0.16666666666666669,0.0,0.31999999999999995,0.1,0.0,0.0,0.16666666666666669,0.0,0.0,0.0,0.0,0.0,0.0,0.0,0.0,0.16666666666666669,0.07999999999999999
2011-08-01,0.08355930002762364,0.08252226299058661,0.25925925925925924,5,True,0.0010370370370370368,1.1942874992267534,-0.006378527586470839,0.0,0.0,0.0,0.19444444444444445,0.0,0.3333333333333333,0.0,0.0,0.0,0.19444444444444445,0.0,0.0,0.0,0.19444444444444445,0.0,0.0,0.0,0.0,0.0,0.08333333333333333
2011-09-01,-0.01964126019032017,-0.02204126019032017,0.6,4,True,0.0024,1.2909755315098168,-0.021984391558755312,0.0,0.0,0.0,0.0,0.0,0.31999999999999995,0.6000000000000001,0.0,0.0,0.0,0.0,0.0,0.0,0.0,0.0,0.0,0.0,0.0,0.0,0.07999999999999999
2011-10-01,0.020906942053065772,0.020906942053065772,0.0,0,False,0.0,1.2535209951137243,-0.05035915181425643,0.0,0.0,0.0,0.0,0.0,0.4,0.5,0.0,0.0,0.0,0.0,0.0,0.0,0.0,0.0,0.0,0.0,0.0,0.0,0.1
2011-11-01,0.0030043039169041262,0.0023376372502374593,0.16666666666666669,4,True,0.0006666666666666668,1.2788751337302546,-0.031151395586259345,0.0,0.0,0.0,0.05555555555555556,0.0,0.4,0.3333333333333333,0.0,0.0,0.05555555555555556,0.0,0.0,0.0,0.05555555555555556,0.0,0.0,0.0,0.0,0.0,0.1
2011-12-01,0.012254532611685794,0.01005008816724135,0.5511111111111111,7,True,0.0022044444444444446,1.2798895843588687,-0.030382869363599463,0.0,0.0,0.0,0.0,0.0,0.0,0.5333333333333334,0.0,0.09333333333333332,0.0,0.0,0.0,0.0,0.0,0.0,0.0,0.0,0.0,0.0,0.3733333333333333
2012-01-01,0.03288514796846187,0.03255181463512854,0.08333333333333331,4,True,0.00033333333333333327,1.264812347303159,-0.04180506352045332,0.0,0.0,0.0,0.0,0.027777777777777773,0.0,0.4166666666666667,0.0,0.1,0.027777777777777773,0.0,0.0,0.0,0.027777777777777773,0.0,0.0,0.0,0.0,0.0,0.4
2012-02-01,-0.005774115395576572,-0.007435596877058054,0.41537037037037033,5,True,0.0016614814814814814,1.3038005741990901,-0.01226841195814643,0.0,0.0,0.0,0.0287037037037037,0.0,0.38666666666666666,0.43055555555555564,0.0,0.0,0.0287037037037037,0.0,0.0,0.0,0.0287037037037037,0.0,0.0,0.0,0.0,0.0,0.09666666666666666
2012-03-01,0.025527317250242907,0.022143613546539202,0.845925925925926,8,True,0.003383703703703704,1.291886077918604,-0.023341868136052102,0.0,0.0,0.0,0.0,0.0,0.0,0.0,0.0,0.09666666666666666,0.17222222222222222,0.17222222222222222,0.0,0.0,0.17222222222222222,0.0,0.0,0.0,0.0,0.0,0.38666666666666666
2012-04-01,4.567327180826208e-05,-0.0010743267281917378,0.28,4,True,0.00112,1.314124507821865,-0.007565210240579323,0.0,0.0,0.0,0.2,0.0,0.07999999999999999,0.0,0.0,0.0,0.2,0.0,0.0,0.0,0.2,0.0,0.0,0.0,0.0,0.0,0.31999999999999995
2012-05-01,-0.012473000020722446,-0.015193000020722446,0.6799999999999999,6,True,0.0027199999999999998,1.3091420631312063,-0.011327982656457625,0.0,0.0,0.0,0.0,0.0,0.0,0.6000000000000001,0.0,0.07999999999999999,0.0,0.0,0.0,0.0,0.0,0.0,0.0,0.0,0.0,0.0,0.31999999999999995
2012-06-01,0.029346641707962508,0.029346641707962508,0.0,0,False,0.0,1.2928131341506424,-0.023659688749271157,0.0,0.0,0.0,0.0,0.0,0.0,0.5,0.0,0.1,0.0,0.0,0.0,0.0,0.0,0.0,0.0,0.0,0.0,0.0,0.4
2012-07-01,0.008398558573534602,0.008065225240201269,0.08333333333333331,4,True,0.00033333333333333327,1.3243995642572335,-0.0011066121602830714,0.0,0.0,0.0,0.0,0.0,0.0,0.4166666666666667,0.0,0.1,0.027777777777777773,0.0,0.0,0.0,0.027777777777777773,0.0,0.027777777777777773,0.0,0.0,0.0,0.4
2012-08-01,0.019856716806084584,0.01951227236164014,0.0861111111111111,4,True,0.0003444444444444444,1.3346175773623492,-0.0038574166804878907,0.0,0.0,0.0,0.0,0.0,0.0,0.5166666666666667,0.0,0.09666666666666666,0.0,0.0,0.0,0.0,0.0,0.0,0.0,0.0,0.0,0.0,0.38666666666666666
2012-09-01,0.003285817807594428,0.0016191511409277615,0.41666666666666663,4,True,0.0016666666666666663,1.3632607105608863,0.0,0.0,0.0,0.0,0.0,0.0,0.0,0.08333333333333333,0.0,0.1,0.1388888888888889,0.0,0.0,0.0,0.1388888888888889,0.0,0.1388888888888889,0.0,0.0,0.0,0.4
2012-10-01,-0.02435933188717216,-0.025396368924209198,0.2592592592592593,5,True,0.001037037037037037,1.3640445368015521,-0.010831474001626207,0.0,0.0,0.0,0.19444444444444445,0.0,0.0,0.0,0.0,0.08333333333333333,0.19444444444444445,0.0,0.0,0.0,0.19444444444444445,0.0,0.0,0.0,0.0,0.0,0.3333333333333333
2012-11-01,0.0022163299144780544,0.0011496632478113875,0.2666666666666667,5,True,0.001066666666666667,1.329397784742617,-0.03595636966311877,0.0,0.0,0.0,0.0,0.16666666666666669,0.0,0.1,0.0,0.07999999999999999,0.16666666666666669,0.0,0.0,0.0,0.16666666666666669,0.0,0.0,0.0,0.0,0.0,0.31999999999999995
2012-12-01,0.009077609501764599,0.00868872061287571,0.0972222222222222,4,True,0.00038888888888888876,1.3324722727958331,-0.033726833358585506,0.0,0.0,0.0,0.0,0.19444444444444445,0.0,0.0,0.0,0.08333333333333333,0.19444444444444445,0.0,0.0,0.0,0.19444444444444445,0.0,0.0,0.0,0.0,0.0,0.3333333333333333
2013-01-01,0.0026417842261460276,0.0015751175594793609,0.26666666666666666,5,True,0.0010666666666666667,1.3152989922797587,-0.04618043594730603,0.0,0.0,0.0,0.0,0.16666666666666669,0.0,0.1,0.0,0.07999999999999999,0.16666666666666669,0.0,0.0,0.0,0.0,0.0,0.16666666666666669,0.0,0.0,0.0,0.31999999999999995
2013-02-01,0.0002961913966287818,-0.0025186234181860333,0.7037037037037037,9,True,0.002814814814814815,1.3136588921825567,-0.04736979256424112,0.0,0.0,0.0,0.0,0.0,0.0,0.0,0.12962962962962965,0.3333333333333333,0.0,0.0,0.19444444444444445,0.0,0.0,0.0,0.12962962962962965,0.0,0.12962962962962965,0.0,0.08333333333333333
2013-03-01,0.017900939446334387,0.016389828335223275,0.3777777777777779,6,True,0.0015111111111111115,1.3120623141313743,-0.048527588160294455,0.0,0.0,0.0,0.0,0.0,0.0,0.2833333333333334,0.09444444444444446,0.3466666666666666,0.09444444444444446,0.0,0.0,0.0,0.0,0.0,0.09444444444444446,0.0,0.0,0.0,0.08666666666666666
2013-04-01,0.01750813729012744,0.01750813729012744,0.0,0,False,0.0,1.3355494621664579,-0.03149533813109384,0.0,0.0,0.0,0.0,0.0,0.0,0.275,0.09166666666666667,0.36,0.09166666666666667,0.0,0.0,0.0,0.0,0.0,0.09166666666666667,0.0,0.0,0.0,0.09
2013-05-01,-0.00791144644157784,-0.008644779774911173,0.18333333333333338,5,True,0.0007333333333333334,1.3579358950477851,-0.015261297219564818,0.0,0.0,0.0,0.0,0.0,0.0,0.18333333333333335,0.0,0.36,0.12222222222222225,0.0,0.0,0.0,0.12222222222222225,0.0,0.12222222222222225,0.0,0.0,0.0,0.09
2013-06-01,-0.0097713826904499,-0.012038049357116568,0.5666666666666668,8,True,0.0022666666666666673,1.3422805697736246,-0.030052552716980374,0.0,0.0,0.0,0.0,0.0,0.0,0.0,0.06296296296296298,0.3466666666666666,0.0,0.06296296296296298,0.3777777777777778,0.0,0.0,0.0,0.0,0.0,0.0,0.06296296296296298,0.08666666666666666
2013-07-01,0.03137091804833339,0.030896843974259316,0.11851851851851856,5,True,0.0004740740740740743,1.3255231652662103,-0.04216164681479384,0.0,0.0,0.0,0.0,0.0,0.0,0.0,0.02962962962962963,0.3733333333333333,0.0,0.0,0.44444444444444453,0.02962962962962963,0.0,0.0,0.0,0.0,0.0,0.02962962962962963,0.09333333333333332
2013-08-01,-0.0183133838671623,-0.018428198681977113,0.0287037037037037,2,True,0.0001148148148148148,1.3669490798276867,-0.012226802352994781,0.0,0.0,0.0,0.0,0.0,0.0,0.0,0.0287037037037037,0.38666666666666666,0.0,0.0287037037037037,0.43055555555555564,0.0,0.0,0.0,0.0,0.0,0.0,0.0287037037037037,0.09666666666666666
2013-09-01,0.018165225995389195,0.01782078155094475,0.0861111111111111,4,True,0.0003444444444444444,1.3418152423396636,-0.030388803696756783,0.0,0.0,0.0,0.0,0.0,0.0,0.0,0.0,0.38666666666666666,0.0,0.0,0.5166666666666667,0.0,0.0,0.0,0.0,0.0,0.0,0.0,0.09666666666666666
2013-10-01,0.025671545920271543,0.025004879253604877,0.16666666666666669,4,True,0.0006666666666666668,1.3648085636743166,-0.013773564055117538,0.0,0.0,0.0,0.0,0.0,0.0,0.0,0.05555555555555556,0.4,0.0,0.05555555555555556,0.3333333333333333,0.0,0.0,0.0,0.0,0.0,0.0,0.05555555555555556,0.1
2013-11-01,0.016375963382922205,0.016375963382922205,0.0,0,False,0.0,1.399845309389061,-0.004949950440547246,0.0,0.0,0.0,0.0,0.0,0.0,0.0,0.059259259259259275,0.3733333333333333,0.0,0.059259259259259275,0.3555555555555556,0.0,0.0,0.0,0.0,0.0,0.0,0.059259259259259275,0.09333333333333332
2013-12-01,0.011051929533175006,0.010577855459100931,0.11851851851851856,5,True,0.0004740740740740743,1.4259254456607948,0.0,0.0,0.0,0.0,0.0,0.0,0.0,0.0,0.02962962962962963,0.3733333333333333,0.0,0.02962962962962963,0.44444444444444453,0.02962962962962963,0.0,0.0,0.0,0.0,0.0,0.0,0.09333333333333332
2014-01-01,-0.030281077457523183,-0.030740336716782442,0.11481481481481484,5,True,0.00045925925925925946,1.4228889208414173,-0.015411957590599878,0.0,0.0,0.0,0.0,0.0,0.0,0.0,0.057407407407407414,0.38666666666666666,0.0,0.057407407407407414,0.34444444444444444,0.0,0.0,0.0,0.0,0.0,0.0,0.057407407407407414,0.09666666666666666
2014-02-01,0.04726959824283507,0.04561033898357581,0.4148148148148149,6,True,0.0016592592592592594,1.3996355573760237,-0.03150245016417841,0.0,0.0,0.0,0.0,0.0,0.0,0.2666666666666667,0.0888888888888889,0.3733333333333333,0.0,0.0888888888888889,0.0,0.0888888888888889,0.0,0.0,0.0,0.0,0.0,0.0,0.09333333333333332
2014-03-01,0.01180847414789852,0.011075140814565185,0.18333333333333338,5,True,0.0007333333333333334,1.4692639587238763,0.0,0.0,0.0,0.0,0.0,0.0,0.0,0.18333333333333335,0.12222222222222225,0.36,0.0,0.12222222222222225,0.0,0.0,0.0,0.0,0.12222222222222225,0.0,0.0,0.0,0.09
2014-04-01,-0.003614465996767448,-0.004370021552323003,0.1888888888888889,2,True,0.0007555555555555556,1.4844011452350026,-0.0005148208301778423,0.0,0.0,0.0,0.0,0.0,0.0,0.0,0.12592592592592597,0.3466666666666666,0.0,0.12592592592592597,0.1888888888888889,0.0,0.0,0.0,0.12592592592592597,0.0,0.0,0.0,0.08666666666666666
2014-05-01,0.02112086919718377,0.020239387715702287,0.2203703703703704,5,True,0.0008814814814814816,1.4777320850773612,-0.006594580086533242,0.0,0.0,0.0,0.0,0.0,0.0,0.0,0.15740740740740744,0.3466666666666666,0.0,0.15740740740740744,0.09444444444444446,0.0,0.0,0.0,0.0,0.0,0.0,0.15740740740740744,0.08666666666666666
2014-06-01,0.013109189866641675,0.010775856533308342,0.5833333333333334,8,True,0.0023333333333333335,1.5097348330053246,-4.288104208127752e-05,0.0,0.0,0.0,0.0,0.0,0.0,0.09722222222222222,0.0,0.3333333333333333,0.16203703703703706,0.0,0.0,0.0,0.16203703703703706,0.0,0.16203703703703706,0.0,0.0,0.0,0.08333333333333333
2014-07-01,-0.009374300963906403,-0.01041133800094344,0.25925925925925924,5,True,0.001037037037037037,1.5243748647569386,0.0,0.0,0.0,0.0,0.19444444444444445,0.0,0.0,0.0,0.0,0.3333333333333333,0.0,0.0,0.0,0.0,0.19444444444444445,0.0,0.19444444444444445,0.0,0.0,0.0,0.08333333333333333
2014-08-01,0.032645287148861044,0.03131195381552771,0.3333333333333333,5,True,0.0013333333333333333,1.5080714694382358,-0.02114590296791463,0.0,0.0,0.0,0.0,0.0,0.0,0.2,0.0,0.31999999999999995,0.0,0.13333333333333336,0.0,0.0,0.13333333333333336,0.0,0.13333333333333336,0.0,0.0,0.0,0.07999999999999999
2014-09-01,-0.017668633814868613,-0.018708633814868612,0.25999999999999995,2,True,0.00104,1.562320373644463,0.0,0.0,0.0,0.0,0.0,0.0,0.0,0.1888888888888889,0.0,0.08666666666666666,0.0,0.12592592592592597,0.0,0.0,0.12592592592592597,0.0,0.12592592592592597,0.0,0.0,0.0,0.3466666666666666
2014-10-01,0.019803222289590677,0.018292111178479564,0.3777777777777779,4,True,0.0015111111111111115,1.530803487129622,-0.020173126489620552,0.0,0.0,0.0,0.0,0.0,0.0,0.5666666666666668,0.0,0.08666666666666666,0.0,0.0,0.0,0.0,0.0,0.0,0.0,0.0,0.0,0.0,0.3466666666666666
2014-11-01,0.021117449951243022,0.020784116617909687,0.08333333333333331,4,True,0.00033333333333333327,1.5590878673784108,-0.0020690418691217127,0.0,0.0,0.0,0.0,0.0,0.0,0.4166666666666667,0.0,0.1,0.0,0.027777777777777773,0.0,0.0,0.027777777777777773,0.0,0.027777777777777773,0.0,0.0,0.0,0.4
2014-12-01,-0.00013586151468650883,-0.00048030595913095325,0.0861111111111111,4,True,0.0003444444444444444,1.5909329799353444,-0.007129054311622918,0.0,0.0,0.0,0.0,0.0,0.0,0.5166666666666667,0.0,0.09666666666666666,0.0,0.0,0.0,0.0,0.0,0.0,0.0,0.0,0.0,0.0,0.38666666666666666
2015-01-01,0.007230519176550732,0.007230519176550732,0.0,0,False,0.0,1.556555462744677,-0.028583407470423983,0.0,0.0,0.0,0.0,0.0,0.0,0.5,0.0,0.1,0.0,0.0,0.0,0.0,0.0,0.0,0.0,0.0,0.0,0.0,0.4
2015-02-01,0.022178548536558092,0.021845215203224758,0.08333333333333331,4,True,0.00033333333333333327,1.5608274429715618,-0.025917346045258416,0.0,0.0,0.0,0.0,0.0,0.0,0.4166666666666667,0.0,0.1,0.0,0.027777777777777773,0.0,0.0,0.027777777777777773,0.0,0.027777777777777773,0.0,0.0,0.0,0.4
2015-03-01,-0.012677202833562228,-0.013366091722451116,0.17222222222222225,4,True,0.0006888888888888891,1.5934194990543393,-0.005577265128618558,0.0,0.0,0.0,0.0,0.0,0.0,0.25833333333333336,0.0,0.09666666666666666,0.0,0.08611111111111111,0.0,0.0,0.08611111111111111,0.0,0.08611111111111111,0.0,0.0,0.0,0.38666666666666666
2015-04-01,0.006008158751711816,0.006008158751711816,0.0,0,False,0.0,1.572135623503589,-0.01886012613690935,0.0,0.0,0.0,0.0,0.0,0.0,0.275,0.0,0.09,0.0,0.09166666666666667,0.0,0.0,0.09166666666666667,0.0,0.09166666666666667,0.0,0.0,0.0,0.36
2015-05-01,0.002492523177079896,0.0017591898437465624,0.18333333333333338,5,True,0.0007333333333333334,1.58042143764862,-0.013689107476959617,0.0,0.0,0.0,0.0,0.0,0.0,0.18333333333333335,0.0,0.09,0.0,0.12222222222222225,0.0,0.12222222222222225,0.12222222222222225,0.0,0.0,0.0,0.0,0.0,0.36
2015-06-01,-0.021906145896724315,-0.022913553304131723,0.25185185185185194,5,True,0.0010074074074074076,1.5827645780318038,-0.012226798229824198,0.0,0.0,0.0,0.0,0.0,0.0,0.3777777777777778,0.06296296296296298,0.08666666666666666,0.0,0.06296296296296298,0.0,0.06296296296296298,0.0,0.0,0.0,0.0,0.0,0.0,0.3466666666666666
2015-07-01,0.007860889904656977,0.005727556571323643,0.5333333333333334,5,True,0.002133333333333334,1.54478970934524,-0.03592618988286089,0.0,0.0,0.0,0.0,0.0,0.0,0.0,0.0,0.09333333333333332,0.0,0.0,0.5333333333333334,0.0,0.0,0.0,0.0,0.0,0.0,0.0,0.3733333333333333
2015-08-01,-0.039734798863663136,-0.04173479886366314,0.5,2,True,0.002,1.5603171344364823,-0.026235819874267707,0.0,0.0,0.0,0.0,0.0,0.0,0.5,0.0,0.1,0.0,0.0,0.0,0.0,0.0,0.0,0.0,0.0,0.0,0.0,0.4
2015-09-01,0.014755882102023877,0.014755882102023877,0.0,0,False,0.0,1.49532161044225,-0.06679828742477867,0.0,0.0,0.0,0.0,0.0,0.0,0.5,0.0,0.1,0.0,0.0,0.0,0.0,0.0,0.0,0.0,0.0,0.0,0.0,0.4
2015-10-01,0.04995238860971288,0.04995238860971288,0.0,0,False,0.0,1.5173863998305444,-0.05302807297661194,0.0,0.0,0.0,0.0,0.0,0.0,0.5,0.0,0.1,0.0,0.0,0.0,0.0,0.0,0.0,0.0,0.0,0.0,0.0,0.4
2015-11-01,0.00420811235867804,0.00420811235867804,0.0,0,False,0.0,1.5874458654796044,-0.009305295970485905,0.0,0.0,0.0,0.0,0.0,0.0,0.5,0.0,0.1,0.0,0.0,0.0,0.0,0.0,0.0,0.0,0.0,0.0,0.0,0.4
2015-12-01,-0.023595043564017093,-0.023595043564017093,0.0,0,False,0.0,1.594126016044862,-0.005136341342782069,0.0,0.0,0.0,0.0,0.0,0.0,0.5,0.0,0.1,0.0,0.0,0.0,0.0,0.0,0.0,0.0,0.0,0.0,0.0,0.4
2016-01-01,0.0014913936836172814,0.0014913936836172814,0.0,0,False,0.0,1.5620861832578272,-0.02513179022728096,0.0,0.0,0.0,0.0,0.0,0.0,0.5,0.0,0.1,0.0,0.0,0.0,0.0,0.0,0.0,0.0,0.0,0.0,0.0,0.4
2016-02-01,0.014702278150397331,0.014702278150397331,0.0,0,False,0.0,1.5644158687248035,-0.02367787793686682,0.0,0.0,0.0,0.0,0.0,0.0,0.5,0.0,0.1,0.0,0.0,0.0,0.0,0.0,0.0,0.0,0.0,0.0,0.0,0.4
2016-03-01,0.003337973438317765,0.001337973438317765,0.5,3,True,0.002,1.5842415132777523,-0.011305071096840202,0.5,0.0,0.0,0.0,0.0,0.0,0.5,0.0,0.0,0.0,0.0,0.0,0.0,0.0,0.0,0.0,0.0,0.0,0.0,0.0
2016-04-01,-0.019552050284137486,-0.022218716950804154,0.6666666666666667,7,True,0.002666666666666667,1.5852909235839696,-0.010650154129067335,0.0,0.0,0.0,0.05555555555555556,0.0,0.0,0.3333333333333333,0.0,0.1,0.0,0.0,0.0,0.0,0.05555555555555556,0.0,0.05555555555555556,0.0,0.0,0.0,0.4
2016-05-01,0.015250216114672683,0.014894660559117128,0.08888888888888895,4,True,0.0003555555555555558,1.550063957738372,-0.03263463200083305,0.0,0.0,0.0,0.02962962962962963,0.0,0.0,0.44444444444444453,0.0,0.09333333333333332,0.0,0.0,0.0,0.0,0.02962962962962963,0.0,0.02962962962962963,0.0,0.0,0.0,0.3733333333333333
2016-06-01,0.02772806023640664,0.02703917134751775,0.17222222222222225,4,True,0.0006888888888888891,1.5720595084321485,-0.018907628102055263,0.0,0.0,0.0,0.08611111111111111,0.0,0.0,0.25833333333333336,0.0,0.09666666666666666,0.0,0.0,0.0,0.0,0.08611111111111111,0.0,0.08611111111111111,0.0,0.0,0.0,0.38666666666666666
2016-07-01,0.03170187600143064,0.03170187600143064,0.0,0,False,0.0,1.6156496691771716,0.0,0.0,0.0,0.0,0.09166666666666667,0.0,0.0,0.275,0.0,0.09,0.0,0.0,0.0,0.0,0.09166666666666667,0.0,0.09166666666666667,0.0,0.0,0.0,0.36
2016-08-01,-0.006400068187427924,-0.007133401520761257,0.1833333333333334,4,True,0.0007333333333333336,1.6656464242017675,-0.0016996121170373968,0.0,0.0,0.0,0.1527777777777778,0.0,0.0,0.09166666666666667,0.0,0.09,0.0,0.0,0.0,0.0,0.1527777777777778,0.0,0.1527777777777778,0.0,0.0,0.0,0.36
2016-09-01,-0.005749579254834091,-0.00613846814372298,0.0972222222222222,4,True,0.00038888888888888876,1.6543425677765877,-0.008474545914429754,0.0,0.0,0.0,0.19444444444444445,0.0,0.0,0.0,0.0,0.08333333333333333,0.0,0.0,0.0,0.0,0.19444444444444445,0.0,0.19444444444444445,0.0,0.0,0.0,0.3333333333333333
2016-10-01,-0.022253053282649468,-0.023053053282649467,0.2,2,True,0.0008,1.6548162412315286,-0.012914939673051462,0.0,0.0,0.0,0.2,0.0,0.0,0.0,0.0,0.07999999999999999,0.0,0.2,0.0,0.0,0.2,0.0,0.0,0.0,0.0,0.0,0.31999999999999995
2016-11-01,-0.015930432970776107,-0.01793043297077611,0.5000000000000001,6,True,0.0020000000000000005,1.6134637397525742,-0.037581386254846305,0.0,0.1,0.0,0.0,0.0,0.0,0.30000000000000004,0.0,0.07999999999999999,0.0,0.1,0.0,0.0,0.0,0.0,0.0,0.0,0.1,0.0,0.31999999999999995
2016-12-01,0.02236006984414824,0.02016006984414824,0.55,5,True,0.0022,1.5842674905553173,-0.05499672258170474,0.0,0.0,0.0,0.0,0.0,0.0,0.0,0.0,0.09,0.0,0.0,0.55,0.0,0.0,0.0,0.0,0.0,0.0,0.0,0.36
2017-01-01,0.010017183787794908,0.008683850454461574,0.33333333333333337,4,True,0.0013333333333333335,1.604208089435947,-0.04310230992208919,0.0,0.11111111111111112,0.0,0.0,0.0,0.0,0.0,0.11111111111111112,0.1,0.0,0.0,0.16666666666666666,0.0,0.0,0.0,0.0,0.0,0.0,0.11111111111111112,0.4
2017-02-01,0.03214934442085053,0.03164564071714683,0.12592592592592597,2,True,0.0005037037037037038,1.617302314675616,-0.03529170606856746,0.0,0.12592592592592597,0.0,0.0,0.0,0.0,0.0,0.12592592592592597,0.08666666666666666,0.0,0.12592592592592597,0.1888888888888889,0.0,0.0,0.0,0.0,0.0,0.0,0.0,0.3466666666666666
2017-03-01,-0.009374544074538405,-0.009752321852316182,0.09444444444444446,4,True,0.0003777777777777778,1.6686669003137613,-0.004653128896056069,0.0,0.15740740740740744,0.0,0.0,0.0,0.0,0.0,0.15740740740740744,0.08666666666666666,0.0,0.15740740740740744,0.09444444444444446,0.0,0.0,0.0,0.0,0.0,0.0,0.0,0.3466666666666666
2017-04-01,0.021795583307168003,0.020888175899760594,0.22685185185185186,5,True,0.0009074074074074074,1.6595629527357625,-0.01008356305565472,0.0,0.0,0.0,0.0,0.0,0.0,0.0,0.12962962962962965,0.08333333333333333,0.0,0.12962962962962965,0.19444444444444445,0.12962962962962965,0.0,0.0,0.0,0.0,0.0,0.0,0.3333333333333333
2017-05-01,0.01985649621841863,0.019100940662863077,0.18888888888888894,5,True,0.0007555555555555558,1.6929153149197578,0.0,0.0,0.0,0.09444444444444446,0.0,0.0,0.0,0.0,0.09444444444444446,0.08666666666666666,0.0,0.09444444444444446,0.2833333333333334,0.0,0.0,0.0,0.0,0.0,0.0,0.0,0.3466666666666666
2017-06-01,-0.02024370955204635,-0.02171037621871302,0.36666666666666675,6,True,0.001466666666666667,1.7239984364690786,0.0,0.0,0.0,0.12222222222222225,0.0,0.0,0.0,0.18333333333333335,0.0,0.09,0.0,0.12222222222222225,0.0,0.0,0.0,0.12222222222222225,0.0,0.0,0.0,0.0,0.36
2017-07-01,0.03294033569007956,0.03105144680119067,0.4722222222222223,7,True,0.0018888888888888894,1.6968995855526274,-0.023810882205105743,0.0,0.0,0.0,0.0,0.0,0.0,0.0,0.09444444444444446,0.08666666666666666,0.0,0.09444444444444446,0.2833333333333334,0.0,0.0,0.0,0.0,0.0,0.09444444444444446,0.0,0.3466666666666666
2017-08-01,0.012346370580858811,0.011979703914192145,0.0916666666666667,4,True,0.0003666666666666668,1.748843712688975,-0.002881153405226655,0.0,0.0,0.0,0.0,0.0,0.0,0.0,0.12222222222222225,0.09,0.0,0.12222222222222225,0.18333333333333335,0.0,0.0,0.0,0.0,0.0,0.12222222222222225,0.0,0.36
2017-09-01,0.015937511836731186,0.01518195628117563,0.18888888888888894,5,True,0.0007555555555555558,1.769097922811646,0.0,0.0,0.0,0.0,0.0,0.0,0.0,0.09444444444444446,0.15740740740740744,0.08666666666666666,0.0,0.15740740740740744,0.0,0.0,0.0,0.0,0.0,0.0,0.15740740740740744,0.0,0.3466666666666666
2017-10-01,0.030422722253303898,0.02964494447552612,0.19444444444444448,5,True,0.000777777777777778,1.791342755867695,0.0,0.0,0.0,0.0,0.0,0.0,0.0,0.0,0.12962962962962965,0.08333333333333333,0.0,0.12962962962962965,0.19444444444444445,0.0,0.0,0.0,0.0,0.0,0.12962962962962965,0.0,0.3333333333333333
2017-11-01,0.017661186042428854,0.01677970456094737,0.2203703703703704,5,True,0.0008814814814814816,1.8427788169179165,-0.0013443444608003396,0.0,0.0,0.0,0.0,0.0,0.0,0.0,0.15740740740740744,0.08666666666666666,0.0,0.15740740740740744,0.09444444444444446,0.15740740740740744,0.0,0.0,0.0,0.0,0.0,0.0,0.3466666666666666
2017-12-01,0.02925769701392649,0.028220659976889453,0.25925925925925924,5,True,0.001037037037037037,1.8733796955000217,-0.00816004765362055,0.0,0.0,0.0,0.0,0.0,0.0,0.0,0.19444444444444445,0.08333333333333333,0.0,0.19444444444444445,0.0,0.0,0.0,0.0,0.0,0.0,0.19444444444444445,0.0,0.3333333333333333
2018-01-01,0.05492913439029279,0.05412913439029279,0.2,2,True,0.0008,1.846590536083893,-0.035992501611766814,0.0,0.0,0.2,0.0,0.0,0.0,0.0,0.0,0.07999999999999999,0.0,0.2,0.0,0.0,0.0,0.0,0.0,0.0,0.2,0.0,0.31999999999999995
2018-02-01,-0.032785872278164464,-0.03318587227816446,0.09999999999999998,4,True,0.0003999999999999999,1.9456851525844125,-0.017960676948624688,0.0,0.0,0.16666666666666669,0.0,0.0,0.0,0.0,0.0,0.07999999999999999,0.0,0.16666666666666669,0.1,0.0,0.0,0.0,0.0,0.0,0.16666666666666669,0.0,0.31999999999999995
2018-03-01,-0.021636983845948626,-0.023062909771874553,0.3564814814814815,5,True,0.0014259259259259262,1.8792107259947173,-0.051512097537748214,0.0,0.0,0.0,0.0,0.0,0.0,0.0,0.06481481481481483,0.08333333333333333,0.0,0.06481481481481483,0.3888888888888889,0.0,0.0,0.0,0.0,0.0,0.06481481481481483,0.0,0.3333333333333333
2018-04-01,0.027406881875199834,0.02681428928260724,0.14814814814814817,5,True,0.0005925925925925926,1.8646502389392423,-0.05886116469399594,0.0,0.0888888888888889,0.0,0.0,0.0,0.0,0.0,0.0888888888888889,0.09333333333333332,0.0,0.0888888888888889,0.2666666666666667,0.0,0.0,0.0,0.0,0.0,0.0,0.0,0.3733333333333333
2018-05-01,0.04171963166498705,0.041352964998320384,0.09166666666666667,2,True,0.00036666666666666667,1.9139171988082495,-0.033994812676921504,0.0,0.09166666666666667,0.0,0.0,0.0,0.0,0.0,0.0,0.09,0.0,0.09166666666666667,0.275,0.0,0.0,0.0,0.0,0.0,0.0,0.09166666666666667,0.36
2018-06-01,-0.0034307284327097388,-0.004530728432709739,0.275,5,True,0.0011,1.9915719777484955,0.0,0.0,0.0,0.0,0.0,0.0,0.0,0.0,0.1527777777777778,0.09,0.0,0.1527777777777778,0.09166666666666667,0.0,0.0,0.0,0.0,0.0,0.0,0.1527777777777778,0.36
2018-07-01,0.011636706017404191,0.010081150461848635,0.38888888888888895,4,True,0.001555555555555556,1.9772725851365691,-0.02235878482175291,0.0,0.0,0.0,0.0,0.0,0.0,0.0,0.032407407407407406,0.08333333333333333,0.0,0.032407407407407406,0.48611111111111116,0.0,0.0,0.0,0.0,0.0,0.0,0.032407407407407406,0.3333333333333333
2018-08-01,0.03015117087590729,0.02969191161664803,0.11481481481481484,5,True,0.00045925925925925946,1.99625275708356,-0.01480031614123889,0.0,0.0,0.0,0.0,0.0,0.0,0.0,0.057407407407407414,0.09666666666666666,0.0,0.057407407407407414,0.34444444444444444,0.0,0.0,0.0,0.057407407407407414,0.0,0.0,0.0,0.38666666666666666
2018-09-01,0.0016816931786836587,0.001326137623128103,0.08888888888888895,4,True,0.0003555555555555558,2.062508575167468,-0.0008843141766711193,0.0,0.0,0.0,0.0,0.0,0.0,0.0,0.02962962962962963,0.09333333333333332,0.0,0.02962962962962963,0.44444444444444453,0.0,0.0,0.0,0.02962962962962963,0.0,0.0,0.0,0.3733333333333333
2018-10-01,-0.04697841705699253,-0.04743767631625179,0.11481481481481484,5,True,0.00045925925925925946,2.0642940303939152,-1.940804025235554e-05,0.0,0.057407407407407414,0.0,0.0,0.0,0.0,0.0,0.057407407407407414,0.09666666666666666,0.0,0.057407407407407414,0.34444444444444444,0.0,0.0,0.0,0.0,0.0,0.0,0.0,0.38666666666666666
2018-11-01,-0.00022668311600095373,-0.0009377942271120651,0.17777777777777784,4,True,0.0007111111111111114,1.965917783695494,-0.04932360421119897,0.0,0.0,0.0,0.0,0.0,0.0,0.0,0.0,0.09333333333333332,0.0,0.0,0.5333333333333334,0.0,0.0,0.0,0.0,0.0,0.0,0.0,0.3733333333333333
2018-12-01,-0.0468337853737929,-0.0468337853737929,0.0,0,False,0.0,1.9483903945301528,-0.05779948010870051,0.0,0.0,0.0,0.0,0.0,0.0,0.0,0.0,0.1,0.0,0.0,0.5,0.0,0.0,0.0,0.0,0.0,0.0,0.0,0.4
2019-01-01,0.03743871851080751,0.03543871851080751,0.5,2,True,0.002,1.8546180999996722,-0.10314578488727888,0.0,0.0,0.0,0.0,0.0,0.0,0.5,0.0,0.1,0.0,0.0,0.0,0.0,0.0,0.0,0.0,0.0,0.0,0.0,0.4
2019-02-01,0.029956085376926136,0.0296227520435928,0.08333333333333331,4,True,0.00033333333333333327,1.9195644515673806,-0.07173909843269166,0.0,0.0,0.0,0.027777777777777773,0.0,0.0,0.4166666666666667,0.0,0.1,0.0,0.0,0.0,0.0,0.027777777777777773,0.0,0.027777777777777773,0.0,0.0,0.0,0.4
2019-03-01,0.03554757064974599,0.03543275583493117,0.0287037037037037,2,True,0.0001148148148148148,1.9768400915734412,-0.044041806379560455,0.0,0.0,0.0,0.0287037037037037,0.0,0.0,0.43055555555555564,0.0,0.09666666666666666,0.0287037037037037,0.0,0.0,0.0,0.0287037037037037,0.0,0.0,0.0,0.0,0.0,0.38666666666666666
2019-04-01,0.020939795823047128,0.01979164767489898,0.28703703703703715,5,True,0.0011481481481481486,2.044761566592411,-0.011196412943872969,0.0,0.0,0.0,0.0,0.0,0.0,0.17222222222222222,0.0,0.09666666666666666,0.11481481481481483,0.0,0.0,0.0,0.11481481481481483,0.0,0.11481481481481483,0.0,0.0,0.0,0.38666666666666666
2019-05-01,-0.020959513251936117,-0.021337291029713896,0.09444444444444448,4,True,0.00037777777777777793,2.0867898155535114,-0.0016533528892700433,0.0,0.0,0.0,0.0,0.0,0.0,0.2833333333333334,0.0,0.08666666666666666,0.09444444444444446,0.0,0.0,0.0,0.09444444444444446,0.0,0.09444444444444446,0.0,0.0,0.0,0.3466666666666666
2019-06-01,0.056292191982792686,0.05519219198279269,0.27499999999999997,4,True,0.0010999999999999998,2.0499249893059566,-0.02011624408289836,0.0,0.0,0.0,0.0,0.0,0.0,0.55,0.0,0.09,0.0,0.0,0.0,0.0,0.0,0.0,0.0,0.0,0.0,0.0,0.36
2019-07-01,0.018142883428531185,0.016142883428531186,0.49999999999999994,4,True,0.0019999999999999996,2.1586120328006646,0.0,0.0,0.0,0.0,0.16666666666666666,0.0,0.0,0.0,0.0,0.1,0.16666666666666666,0.0,0.0,0.0,0.16666666666666666,0.0,0.0,0.0,0.0,0.0,0.4
2019-08-01,0.009918783624338769,0.007518783624338769,0.6,4,True,0.0024,2.1925008181289214,-0.008225479036069294,0.0,0.0,0.0,0.0,0.0,0.0,0.6000000000000001,0.0,0.07999999999999999,0.0,0.0,0.0,0.0,0.0,0.0,0.0,0.0,0.0,0.0,0.31999999999999995
2019-09-01,0.0031020415847200066,0.0031020415847200066,0.0,0,False,0.0,2.220919601373278,0.0,0.0,0.0,0.0,0.0,0.0,0.0,0.5,0.0,0.1,0.0,0.0,0.0,0.0,0.0,0.0,0.0,0.0,0.0,0.0,0.4
2019-10-01,0.026134021356681466,0.0250673546900148,0.2666666666666667,6,True,0.0010666666666666667,2.225432656747636,-0.012349351611344872,0.0,0.0,0.0,0.05555555555555556,0.0,0.1,0.3333333333333333,0.0,0.0,0.05555555555555556,0.0,0.0,0.0,0.05555555555555556,0.0,0.0,0.0,0.0,0.0,0.4
2019-11-01,-0.0005405960983417878,-0.0012517072094528992,0.17777777777777784,4,True,0.0007111111111111114,2.281968273567769,0.0,0.0,0.0,0.0,0.11851851851851855,0.0,0.09333333333333332,0.1777777777777778,0.0,0.0,0.11851851851851855,0.0,0.0,0.0,0.11851851851851855,0.0,0.0,0.0,0.0,0.0,0.3733333333333333
2019-12-01,0.03867458739561184,0.037950142951167394,0.1811111111111111,6,True,0.0007244444444444444,2.2998260524101637,-0.0006071703539439754,0.0,0.0,0.0,0.15740740740740744,0.0,0.0,0.09444444444444446,0.0,0.08666666666666666,0.15740740740740744,0.0,0.0,0.0,0.15740740740740744,0.0,0.0,0.0,0.0,0.0,0.3466666666666666
2020-01-01,0.02673637735855263,0.025699340321515593,0.25925925925925924,5,True,0.001037037037037037,2.264526866067436,-0.043957642544655395,0.0,0.0,0.0,0.19444444444444445,0.0,0.0,0.0,0.0,0.08333333333333333,0.19444444444444445,0.0,0.0,0.0,0.0,0.0,0.19444444444444445,0.0,0.0,0.0,0.3333333333333333
2020-02-01,0.0016684693541687452,0.00033513602083541194,0.3333333333333333,5,True,0.0013333333333333333,2.31296633054037,-0.023507375205147008,0.0,0.0,0.0,0.13333333333333336,0.0,0.0,0.2,0.0,0.07999999999999999,0.13333333333333336,0.0,0.0,0.0,0.13333333333333336,0.0,0.0,0.0,0.0,0.0,0.31999999999999995
2020-03-01,-0.037326845614547924,-0.0391846233923257,0.46444444444444455,6,True,0.001857777777777778,2.268554621429692,-0.043681666820906906,0.0,0.0,0.0,0.0,0.0,0.08666666666666666,0.5666666666666668,0.0,0.0,0.0,0.0,0.0,0.0,0.0,0.0,0.0,0.0,0.0,0.0,0.3466666666666666
2020-04-01,0.07100947957398836,0.07100947957398836,0.0,0,False,0.0,2.1798194758286487,-0.08108832466990956,0.0,0.0,0.0,0.0,0.0,0.1,0.5,0.0,0.0,0.0,0.0,0.0,0.0,0.0,0.0,0.0,0.0,0.0,0.0,0.4
2020-05-01,0.044013144829152154,0.044013144829152154,0.0,0,False,0.0,2.334607322372486,-0.01624052075026916,0.0,0.0,0.0,0.0,0.0,0.1,0.5,0.0,0.0,0.0,0.0,0.0,0.0,0.0,0.0,0.0,0.0,0.0,0.0,0.4
2020-06-01,0.0299563797617321,0.0299563797617321,0.0,0,False,0.0,2.4373607325712645,0.0,0.0,0.0,0.0,0.0,0.0,0.1,0.5,0.0,0.0,0.0,0.0,0.0,0.0,0.0,0.0,0.0,0.0,0.0,0.0,0.4
2020-07-01,0.05431767318134025,0.05398433984800692,0.08333333333333331,4,True,0.00033333333333333327,2.5095384445470716,-0.0008062556048770153,0.0,0.0,0.0,0.027777777777777773,0.0,0.1,0.4166666666666667,0.0,0.0,0.0,0.027777777777777773,0.0,0.0,0.027777777777777773,0.0,0.0,0.0,0.0,0.0,0.4
2020-08-01,0.04530979048340413,0.044965346038959686,0.08611111111111115,4,True,0.00034444444444444464,2.6196520113750785,0.0,0.0,0.0,0.0,0.057407407407407414,0.0,0.09666666666666666,0.34444444444444444,0.0,0.0,0.0,0.057407407407407414,0.0,0.0,0.057407407407407414,0.0,0.0,0.0,0.0,0.0,0.38666666666666666
2020-09-01,-0.037180524865910225,-0.03789163597702134,0.17777777777777784,4,True,0.0007111111111111114,2.7354580875423427,0.0,0.0,0.0,0.0,0.11851851851851855,0.0,0.09333333333333332,0.1777777777777778,0.0,0.0,0.0,0.11851851851851855,0.0,0.0,0.11851851851851855,0.0,0.0,0.0,0.0,0.0,0.3733333333333333
2020-10-01,-0.03351499207234886,-0.03389276985012664,0.09444444444444447,4,True,0.0003777777777777779,2.6327573470001147,-0.040557280995126455,0.0,0.0,0.0,0.15740740740740744,0.0,0.08666666666666666,0.09444444444444446,0.0,0.0,0.0,0.15740740740740744,0.0,0.0,0.15740740740740744,0.0,0.0,0.0,0.0,0.0,0.3466666666666666
2020-11-01,0.054323947436436024,0.05230542891791751,0.5046296296296297,7,True,0.0020185185185185184,2.531932649482354,-0.07730032609174697,0.0,0.0,0.0,0.032407407407407406,0.0,0.0,0.48611111111111116,0.0,0.08333333333333333,0.0,0.032407407407407406,0.0,0.0,0.0,0.0,0.0,0.0,0.032407407407407406,0.0,0.3333333333333333
2020-12-01,0.024657829533972848,0.023165236941380254,0.3731481481481482,5,True,0.0014925925925925927,2.6601124371674363,-0.0305884009847206,0.0,0.0,0.0,0.14351851851851855,0.0,0.0,0.08611111111111111,0.0,0.09666666666666666,0.0,0.14351851851851855,0.0,0.0,0.14351851851851855,0.0,0.0,0.0,0.0,0.0,0.38666666666666666
2021-01-01,0.005737812355593153,0.005348923466704264,0.0972222222222222,4,True,0.00038888888888888876,2.652825647814513,-0.03324388953460555,0.0,0.0,0.0,0.19444444444444445,0.0,0.0,0.0,0.0,0.08333333333333333,0.0,0.19444444444444445,0.0,0.0,0.19444444444444445,0.0,0.0,0.0,0.0,0.0,0.3333333333333333
2021-02-01,0.02493132331846499,0.023197989985131656,0.43333333333333346,6,True,0.0017333333333333337,2.662386673286838,-0.029759612380809153,0.0,0.16666666666666669,0.0,0.0,0.0,0.0,0.0,0.0,0.07999999999999999,0.0,0.16666666666666669,0.1,0.0,0.0,0.0,0.0,0.0,0.16666666666666669,0.0,0.31999999999999995
2021-03-01,0.00960107566338891,0.008434408996722244,0.2916666666666667,5,True,0.0011666666666666668,2.725579938825048,-0.02189560361706333,0.0,0.09722222222222222,0.0,0.0,0.0,0.0,0.0,0.0,0.08333333333333333,0.0,0.09722222222222222,0.2916666666666667,0.0,0.0,0.0,0.0,0.0,0.0,0.09722222222222222,0.3333333333333333
2021-04-01,0.023111796839812793,0.022745130173146125,0.09166666666666667,2,True,0.00036666666666666667,2.7507394636170397,-0.012866830892620418,0.0,0.09166666666666667,0.0,0.0,0.0,0.0,0.0,0.09166666666666667,0.09,0.0,0.0,0.275,0.0,0.0,0.0,0.0,0.0,0.0,0.09166666666666667,0.36
2021-05-01,0.009169604248650577,0.009169604248650577,0.0,0,False,0.0,2.8039753218116,-0.009872663838029205,0.0,0.09166666666666667,0.0,0.0,0.0,0.0,0.0,0.09166666666666667,0.09,0.0,0.0,0.275,0.0,0.0,0.0,0.0,0.0,0.0,0.09166666666666667,0.36
2021-06-01,0.023287924549658348,0.022554591216325016,0.18333333333333338,5,True,0.0007333333333333334,2.827611562280649,-0.001526339378446262,0.0,0.0,0.0,0.12222222222222225,0.0,0.0,0.0,0.12222222222222225,0.09,0.0,0.0,0.18333333333333335,0.0,0.0,0.0,0.0,0.0,0.0,0.12222222222222225,0.36
2021-07-01,0.003495050979395009,0.0024876435719876017,0.25185185185185194,4,True,0.0010074074074074076,2.8905458731890654,0.0,0.0,0.12592592592592597,0.0,0.0,0.0,0.0,0.0,0.0,0.08666666666666666,0.0,0.12592592592592597,0.1888888888888889,0.0,0.0,0.0,0.0,0.0,0.0,0.12592592592592597,0.3466666666666666
2021-08-01,0.024203223730029304,0.022943964470770045,0.3148148148148149,4,True,0.0012592592592592594,2.911061373462273,-0.003838071314729463,0.0,0.12592592592592597,0.0,0.0,0.0,0.0,0.1888888888888889,0.0,0.08666666666666666,0.0,0.12592592592592597,0.0,0.0,0.0,0.0,0.12592592592592597,0.0,0.0,0.0,0.3466666666666666
2021-09-01,-0.025969296075156818,-0.026347073852934597,0.09444444444444447,4,True,0.0003777777777777779,2.9766390054263843,-0.0010265038016067374,0.0,0.15740740740740744,0.0,0.0,0.0,0.0,0.09444444444444446,0.0,0.08666666666666666,0.0,0.15740740740740744,0.0,0.0,0.0,0.0,0.15740740740740744,0.0,0.0,0.0,0.3466666666666666
2021-10-01,0.043778908312808125,0.041890019423919234,0.47222222222222227,8,True,0.0018888888888888892,2.8938612588569006,-0.03201504637996755,0.0,0.18055555555555555,0.0,0.0,0.0,0.0,0.0,0.0,0.0,0.0,0.0,0.2916666666666667,0.0,0.0,0.0,0.09722222222222222,0.0,0.0,0.09722222222222222,0.3333333333333333
2021-11-01,-0.03148938527124754,-0.032222718604580876,0.1833333333333334,4,True,0.0007333333333333336,3.018336274591625,-0.00018311168263218658,0.0,0.2427777777777778,0.0,0.0,0.0,0.0,0.0,0.0,0.0,0.0,0.0,0.09166666666666667,0.0,0.0,0.0,0.1527777777777778,0.0,0.0,0.1527777777777778,0.36
2021-12-01,0.0235040390951887,0.02155959465074426,0.4861111111111111,4,True,0.0019444444444444442,2.9176065443613455,-0.050578122871381415,0.0,0.08333333333333333,0.0,0.0,0.0,0.0,0.0,0.0,0.0,0.0,0.0,0.5833333333333334,0.0,0.0,0.0,0.0,0.0,0.0,0.0,0.3333333333333333
2022-01-01,-0.0027747044534865845,-0.004108037786819918,0.33333333333333337,4,True,0.0013333333333333335,2.9157765991472457,-0.051173607558502976,0.0,0.21111111111111114,0.0,0.0,0.0,0.0,0.0,0.0,0.0,0.0,0.11111111111111112,0.16666666666666666,0.0,0.0,0.0,0.0,0.0,0.0,0.11111111111111112,0.4
2022-02-01,-0.01647812709328141,-0.01798923820439252,0.3777777777777779,4,True,0.0015111111111111115,2.8994212874781575,-0.05649580932553,0.0,0.08666666666666666,0.0,0.0,0.0,0.0,0.0,0.0,0.0,0.0,0.0,0.5666666666666668,0.0,0.0,0.0,0.0,0.0,0.0,0.0,0.3466666666666666
2022-03-01,0.018314045512871524,0.017114045512871524,0.30000000000000004,2,True,0.0012000000000000001,2.8482222819001204,-0.07315653970295621,0.0,0.4,0.0,0.0,0.0,0.0,0.0,0.0,0.0,0.0,0.0,0.5,0.0,0.0,0.0,0.0,0.0,0.0,0.0,0.1
2022-04-01,0.015329391146064086,0.015329391146064086,0.0,0,False,0.0,2.900384754401613,-0.05618228638776912,0.0,0.4,0.0,0.0,0.0,0.0,0.0,0.0,0.0,0.0,0.0,0.5,0.0,0.0,0.0,0.0,0.0,0.0,0.0,0.1
2022-05-01,0.013392797435819715,0.013392797435819715,0.0,0,False,0.0,2.9225080943242294,-0.04898310356502744,0.0,0.4,0.0,0.0,0.0,0.0,0.0,0.0,0.0,0.0,0.0,0.5,0.0,0.0,0.0,0.0,0.0,0.0,0.0,0.1
2022-06-01,-0.03979192208237331,-0.03979192208237331,0.0,0,False,0.0,2.961648653236058,-0.036246326913031646,0.0,0.4,0.0,0.0,0.0,0.0,0.0,0.0,0.0,0.0,0.0,0.5,0.0,0.0,0.0,0.0,0.0,0.0,0.0,0.1
2022-07-01,0.0005421452997754761,-0.001457854700224524,0.5,3,True,0.002,2.8381113628695416,-0.07644674610315083,0.5,0.0,0.0,0.0,0.0,0.0,0.0,0.0,0.0,0.0,0.0,0.5,0.0,0.0,0.0,0.0,0.0,0.0,0.0,0.0
2022-08-01,-0.005002620247631484,-0.005002620247631484,0.0,0,False,0.0,2.839650031605161,-0.07594604604745825,0.5,0.0,0.0,0.0,0.0,0.0,0.0,0.0,0.0,0.0,0.0,0.5,0.0,0.0,0.0,0.0,0.0,0.0,0.0,0.0
2022-09-01,-0.005174537737229867,-0.005174537737229867,0.0,0,False,0.0,2.8254443408608654,-0.0805687370674053,0.5,0.0,0.0,0.0,0.0,0.0,0.0,0.0,0.0,0.0,0.0,0.5,0.0,0.0,0.0,0.0,0.0,0.0,0.0,0.0
2022-10-01,-0.002215320528226039,-0.002215320528226039,0.0,0,False,0.0,2.8096195367270496,-0.08571830573524253,0.5,0.0,0.0,0.0,0.0,0.0,0.0,0.0,0.0,0.0,0.0,0.5,0.0,0.0,0.0,0.0,0.0,0.0,0.0,0.0
2022-11-01,0.004023273087397916,0.004023273087397916,0.0,0,False,0.0,2.8033953288908338,-0.08774373274112834,0.5,0.0,0.0,0.0,0.0,0.0,0.0,0.0,0.0,0.0,0.0,0.5,0.0,0.0,0.0,0.0,0.0,0.0,0.0,0.0
2022-12-01,-0.0011666461991895472,-0.0011666461991895472,0.0,0,False,0.0,2.814674153870897,-0.08407347665225573,0.5,0.0,0.0,0.0,0.0,0.0,0.0,0.0,0.0,0.0,0.0,0.5,0.0,0.0,0.0,0.0,0.0,0.0,0.0,0.0
2023-01-01,0.04715822309855877,0.04515822309855877,0.5,2,True,0.002,2.8101806301081163,-0.08553571965895124,0.0,0.0,0.0,0.0,0.0,0.0,0.0,0.0,0.0,0.0,0.0,0.5,0.0,0.0,0.0,0.0,0.5,0.0,0.0,0.0
2023-02-01,-0.03297913203794666,-0.03364579870461333,0.16666666666666669,4,True,0.0006666666666666668,2.9348604688011175,-0.04496350243494773,0.0,0.0,0.0,0.05555555555555556,0.0,0.0,0.0,0.0,0.0,0.0,0.0,0.3333333333333333,0.0,0.0,0.0,0.0,0.5,0.05555555555555556,0.05555555555555556,0.0
2023-03-01,0.04689339807958395,0.04431562030180618,0.6444444444444444,6,True,0.002577777777777778,2.830755400712576,-0.07884045865244949,0.0,0.0,0.0,0.0,0.0,0.46666666666666656,0.0,0.0,0.0,0.0,0.0,0.5333333333333334,0.0,0.0,0.0,0.0,0.0,0.0,0.0,0.0
2023-04-01,-0.004149150962036328,-0.005549150962036328,0.35,6,True,0.0013999999999999998,2.9543794652771878,-0.03861180216549487,0.0,0.0,0.0,0.08333333333333333,0.0,0.4,0.0,0.0,0.0,0.0,0.08333333333333333,0.25,0.0,0.0,0.0,0.0,0.0,0.0,0.08333333333333333,0.1
2023-05-01,0.008628526601466551,0.007161859934799885,0.3666666666666667,5,True,0.0014666666666666667,2.9336932589755675,-0.04534332559709353,0.0,0.0,0.0,0.06111111111111112,0.0,0.36,0.3666666666666667,0.0,0.0,0.0,0.06111111111111112,0.0,0.0,0.0,0.0,0.0,0.0,0.0,0.06111111111111112,0.09
2023-06-01,0.00966279165691927,0.006409458323585936,0.8133333333333335,7,True,0.0032533333333333338,2.9493800741402567,-0.040238660086724276,0.0,0.0,0.0,0.0,0.0,0.09333333333333332,0.0,0.0,0.0,0.0,0.0,0.5333333333333334,0.0,0.0,0.0,0.0,0.0,0.0,0.0,0.3733333333333333
2023-07-01,0.027181675432228596,0.025781675432228597,0.35,6,True,0.0013999999999999998,2.9859599090071725,-0.028335171745734078,0.0,0.0,0.0,0.0,0.0,0.0,0.0,0.08333333333333333,0.1,0.0,0.08333333333333333,0.25,0.0,0.0,0.0,0.0,0.0,0.0,0.08333333333333333,0.4
2023-08-01,-0.003660067987668494,-0.004271179098779605,0.15277777777777776,5,True,0.000611111111111111,3.0609576004498162,-0.003930082194711693,0.0,0.0,0.0,0.06111111111111112,0.0,0.0,0.0,0.0,0.09,0.0,0.06111111111111112,0.3666666666666667,0.0,0.0,0.0,0.0,0.0,0.0,0.06111111111111112,0.36
2023-09-01,-0.03790660313751786,-0.038262158693073416,0.08888888888888888,4,True,0.0003555555555555555,3.0486699304447913,-0.007928627764282825,0.0,0.0,0.0,0.0888888888888889,0.0,0.0,0.0,0.0,0.09333333333333332,0.0,0.0888888888888889,0.2666666666666667,0.0,0.0,0.0,0.0,0.0,0.0,0.0888888888888889,0.3733333333333333
2023-10-01,0.004289608465501668,0.003189608465501668,0.27499999999999997,4,True,0.0010999999999999998,2.9306921538958455,-0.04631991883368214,0.0,0.0,0.0,0.0,0.0,0.0,0.0,0.0,0.09,0.0,0.0,0.55,0.0,0.0,0.0,0.0,0.0,0.0,0.0,0.36
2023-11-01,0.05672297105396122,0.05672297105396122,0.0,0,False,0.0,2.9400260857256306,-0.04328255277897819,0.0,0.0,0.0,0.0,0.0,0.0,0.0,0.0,0.1,0.0,0.0,0.5,0.0,0.0,0.0,0.0,0.0,0.0,0.0,0.4
2023-12-01,0.015323895144904865,0.01399056181157153,0.33333333333333337,4,True,0.0013333333333333335,3.1026507094837577,0.0,0.0,0.0,0.0,0.11111111111111112,0.0,0.0,0.0,0.0,0.1,0.0,0.11111111111111112,0.16666666666666666,0.11111111111111112,0.0,0.0,0.0,0.0,0.0,0.0,0.4
2024-01-01,0.029969135580997765,0.02946543187729406,0.12592592592592597,2,True,0.0005037037037037038,3.142272707808647,-0.019145281843394812,0.0,0.0,0.0,0.12592592592592597,0.0,0.0,0.0,0.12592592592592597,0.08666666666666666,0.0,0.12592592592592597,0.1888888888888889,0.0,0.0,0.0,0.0,0.0,0.0,0.0,0.3466666666666666
2024-02-01,0.02974247227728781,0.02936469449951003,0.09444444444444448,4,True,0.00037777777777777793,3.233591655110306,-0.009803369797265149,0.0,0.0,0.0,0.09444444444444446,0.0,0.0,0.0,0.09444444444444446,0.08666666666666666,0.0,0.09444444444444446,0.2833333333333334,0.0,0.0,0.0,0.0,0.0,0.0,0.0,0.3466666666666666
2024-03-01,0.019968153260066346,0.019234819926733013,0.18333333333333338,5,True,0.0007333333333333334,3.327324836380629,0.0,0.0,0.0,0.0,0.12222222222222225,0.0,0.0,0.0,0.0,0.09,0.0,0.12222222222222225,0.18333333333333335,0.0,0.0,0.0,0.0,0.0,0.0,0.12222222222222225,0.36
2024-04-01,-0.03562036342938382,-0.03562036342938382,0.0,0,False,0.0,3.3937653686595044,0.0,0.0,0.0,0.0,0.12592592592592597,0.0,0.0,0.0,0.0,0.08666666666666666,0.0,0.12592592592592597,0.1888888888888889,0.0,0.0,0.0,0.0,0.0,0.0,0.12592592592592597,0.3466666666666666
2024-05-01,0.04221573277776036,0.041837954999982586,0.09444444444444448,4,True,0.00037777777777777793,3.2716417921756147,-0.04517305355998802,0.0,0.0,0.0,0.09444444444444446,0.0,0.0,0.0,0.0,0.08666666666666666,0.0,0.09444444444444446,0.2833333333333334,0.0,0.0,0.0,0.0,0.0,0.0,0.09444444444444446,0.3466666666666666
2024-06-01,0.03798650384548472,0.036886503845484725,0.275,5,True,0.0011,3.4120757957335877,-0.01363089828429953,0.0,0.1527777777777778,0.0,0.1527777777777778,0.0,0.0,0.0,0.0,0.09,0.0,0.0,0.09166666666666667,0.0,0.0,0.0,0.0,0.0,0.0,0.1527777777777778,0.36
2024-07-01,-0.02197354390691226,-0.023140210573578925,0.2916666666666667,4,True,0.0011666666666666668,3.5336653436839534,-0.0003496436813544834,0.0,0.06481481481481483,0.0,0.06481481481481483,0.0,0.0,0.0,0.0,0.08333333333333333,0.0,0.0,0.3888888888888889,0.0,0.0,0.0,0.0,0.0,0.0,0.06481481481481483,0.3333333333333333
2024-08-01,0.0020684282659802315,0.0007647245622765273,0.325925925925926,5,True,0.0013037037037037043,3.451512569383766,-0.04012225566601302,0.0,0.0,0.0,0.1481481481481482,0.0,0.0,0.0,0.0,0.09333333333333332,0.0,0.1481481481481482,0.0888888888888889,0.0,0.0,0.0,0.0,0.0,0.0,0.1481481481481482,0.3733333333333333
2024-09-01,0.04000445231101054,0.04000445231101054,0.0,0,False,0.0,3.5592315586673595,-0.010165227152588496,0.0,0.0,0.0,0.16203703703703706,0.0,0.0,0.0,0.0,0.08333333333333333,0.0,0.16203703703703706,0.09722222222222222,0.0,0.0,0.0,0.0,0.0,0.0,0.16203703703703706,0.3333333333333333
2024-10-01,0.004699363091825163,0.003791955684417755,0.22685185185185186,5,True,0.0009074074074074074,3.6982577934361474,-0.008274773921676082,0.0,0.0,0.0,0.12962962962962965,0.0,0.0,0.0,0.0,0.08333333333333333,0.0,0.12962962962962965,0.19444444444444445,0.0,0.0,0.0,0.0,0.0,0.12962962962962965,0.0,0.3333333333333333
2024-11-01,-0.006898682774709473,-0.008663127219153917,0.4411111111111111,7,True,0.0017644444444444444,3.709081214112024,-0.024257533953477406,0.0,0.0,0.0,0.15740740740740744,0.0,0.3466666666666666,0.0,0.0,0.0,0.0,0.15740740740740744,0.09444444444444446,0.0,0.0,0.0,0.0,0.0,0.15740740740740744,0.0,0.08666666666666666
2024-12-01,-0.013285030241886141,-0.014322067278923179,0.2592592592592593,4,True,0.001037037037037037,3.6883593644535346,-0.029708800054066176,0.0,0.0,0.0,0.16203703703703706,0.0,0.3333333333333333,0.09722222222222222,0.0,0.0,0.0,0.16203703703703706,0.0,0.0,0.0,0.0,0.0,0.0,0.0,0.16203703703703706,0.08333333333333333
2025-01-01,-0.004256830032937327,-0.007923496699603995,0.9166666666666667,8,True,0.003666666666666667,3.517943537810784,-0.07453983753825422,0.0,0.0,0.0,0.0,0.0,0.0,0.0,0.0,0.08333333333333333,0.0,0.0,0.5833333333333334,0.0,0.0,0.0,0.0,0.0,0.0,0.0,0.3333333333333333
2025-02-01,0.004809752062552785,0.0022097520625527847,0.65,7,True,0.0026,3.5159954016055717,-0.07505233082576612,0.0,0.0,0.0,0.08333333333333333,0.0,0.4,0.0,0.0,0.0,0.0,0.08333333333333333,0.25,0.08333333333333333,0.0,0.0,0.0,0.0,0.0,0.0,0.1
2025-03-01,0.023499544420225428,0.02313287775355876,0.0916666666666667,4,True,0.0003666666666666668,3.5254219157822306,-0.07257251179296609,0.0,0.0,0.0,0.12222222222222225,0.0,0.36,0.0,0.0,0.0,0.0,0.12222222222222225,0.18333333333333335,0.12222222222222225,0.0,0.0,0.0,0.0,0.0,0.0,0.09
2025-04-01,0.012811693677009312,0.010953915899231535,0.46444444444444455,6,True,0.001857777777777778,3.6002437914964505,-0.05288923248221711,0.0,0.0,0.0,0.0,0.0,0.3466666666666666,0.0,0.0,0.08666666666666666,0.0,0.0,0.5666666666666668,0.0,0.0,0.0,0.0,0.0,0.0,0.0,0.0
2025-05-01,0.030269251400255014,0.028269251400255012,0.5,5,True,0.002,3.6390762740914266,-0.04267362917168083,0.0,0.0,0.05555555555555556,0.05555555555555556,0.0,0.4,0.3333333333333333,0.0,0.1,0.0,0.0,0.0,0.0,0.0,0.05555555555555556,0.0,0.0,0.0,0.0,0.0
2025-06-01,0.00024991766361666585,-0.001883415669716668,0.5333333333333334,5,True,0.002133333333333334,3.706289647587443,-0.024991907197844165,0.0,0.0,0.0,0.0,0.0,0.3733333333333333,0.0,0.0,0.09333333333333332,0.0,0.0,0.5333333333333334,0.0,0.0,0.0,0.0,0.0,0.0,0.0,0.0
2025-07-01,0.0071599957607851525,0.004759995760785152,0.6,7,True,0.0024000000000000002,3.6904288503017444,-0.029164383496861235,0.0,0.0,0.0,0.11111111111111112,0.0,0.4,0.16666666666666666,0.0,0.0,0.0,0.11111111111111112,0.0,0.0,0.0,0.0,0.0,0.0,0.11111111111111112,0.0,0.1
2025-08-01,0.030090394178917693,0.02895706084558436,0.2833333333333334,5,True,0.0011333333333333336,3.712639872612795,-0.023321362966401527,0.0,0.0,0.0,0.09444444444444446,0.0,0.3466666666666666,0.0,0.0,0.0,0.0,0.09444444444444446,0.2833333333333334,0.0,0.0,0.0,0.0,0.0,0.09444444444444446,0.0,0.08666666666666666
2025-09-01,0.07680959848267478,0.07570959848267478,0.275,5,True,0.0011,3.7949593257002188,-0.0016657071523635825,0.0,0.0,0.0,0.1527777777777778,0.0,0.36,0.09166666666666667,0.0,0.0,0.0,0.1527777777777778,0.0,0.0,0.0,0.0,0.0,0.0,0.1527777777777778,0.0,0.09
2025-10-01,0.03247934931665888,0.03247934931665888,0.0,0,False,0.0,4.081953534274792,0.0,0.0,0.0,0.0,0.16203703703703706,0.0,0.3333333333333333,0.09722222222222222,0.0,0.0,0.0,0.16203703703703706,0.0,0.0,0.0,0.0,0.0,0.0,0.16203703703703706,0.0,0.08333333333333333
2025-11-01,0.017659221413677102,0.017659221413677102,0.0,0,False,0.0,4.205717292320738,-0.03822590813046134,0.0,0.0,0.0,0.16203703703703706,0.0,0.3333333333333333,0.09722222222222222,0.0,0.0,0.0,0.16203703703703706,0.0,0.0,0.0,0.0,0.0,0.0,0.16203703703703706,0.0,0.08333333333333333
2025-12-01,0.013929754337558914,0.013281606189410766,0.16203703703703706,2,True,0.0006481481481481482,4.2772129195506094,-0.02187610685465824,0.0,0.0,0.16203703703703706,0.16203703703703706,0.0,0.3333333333333333,0.09722222222222222,0.0,0.0,0.0,0.16203703703703706,0.0,0.0,0.0,0.0,0.0,0.0,0.0,0.0,0.08333333333333333
2026-01-01,0.05184542991356404,0.051197281765415895,0.16203703703703706,2,True,0.0006481481481481482,4.167439777212241,-0.06410866305498764,0.0,0.0,0.16203703703703706,0.16203703703703706,0.0,0.3333333333333333,0.09722222222222222,0.0,0.0,0.0,0.0,0.0,0.0,0.0,0.16203703703703706,0.0,0.0,0.0,0.0,0.08333333333333333
2026-02-01,0.08520419569880869,0.0848153068099198,0.0972222222222222,4,True,0.00038888888888888876,4.464064165426019,-0.06024516841996119,0.0,0.0,0.19444444444444445,0.19444444444444445,0.0,0.3333333333333333,0.0,0.0,0.0,0.0,0.0,0.0,0.0,0.0,0.19444444444444445,0.0,0.0,0.0,0.0,0.08333333333333333
2026-03-01,-0.07356822488181917,-0.07396822488181917,0.09999999999999998,4,True,0.0003999999999999999,4.839449654400679,0.0,0.0,0.0,0.16666666666666669,0.16666666666666669,0.0,0.31999999999999995,0.1,0.0,0.0,0.0,0.0,0.0,0.0,0.0,0.16666666666666669,0.0,0.0,0.0,0.0,0.07999999999999999
2026-04-01,0.0078347631516407,0.005760689077566626,0.5185185185185185,7,True,0.002074074074074074,4.472331340477804,-0.07585951712278716,0.0,0.06481481481481483,0.0,0.06481481481481483,0.0,0.3333333333333333,0.0,0.0,0.0,0.0,0.0,0.3888888888888889,0.0,0.0,0.0,0.0,0.0,0.0,0.06481481481481483,0.08333333333333333
2026-05-01,0.014868396887847635,0.012426915406366153,0.6103703703703705,7,True,0.0024414814814814815,4.496366334446117,-0.07089304455158119,0.0,0.4918518518518519,0.0,0.0,0.0,0.0,0.0,0.0,0.0,0.0,0.11851851851851855,0.1777777777777778,0.0,0.0,0.0,0.0,0.0,0.0,0.11851851851851855,0.09333333333333332
2026-06-01,-0.04955701114828012,-0.0509747889260579,0.35444444444444445,6,True,0.0014177777777777778,4.556750461615918,-0.05841556643278489,0.0,0.1811111111111111,0.0,0.0,0.0,0.0,0.0,0.0,0.0,0.0,0.09444444444444446,0.2833333333333334,0.0,0.0,0.0,0.0,0.0,0.0,0.09444444444444446,0.3466666666666666
2026-07-01,0.0,-0.0007266666666666667,0.18166666666666667,4,True,0.0007266666666666667,4.327784384612537,-0.10572798692571728,0.0,0.0,0.0,0.0,0.0,0.0,0.0,0.09166666666666667,0.09,0.0,0.09166666666666667,0.275,0.0,0.0,0.0,0.0,0.0,0.0,0.09166666666666667,0.36
2026-08-01,0.0,-0.0018,0.44999999999999996,3,True,0.0018,4.280024103702369,-0.11559693573619556,0.44999999999999996,0.0,0.0,0.0,0.0,0.0,0.0,0.09166666666666667,0.0,0.0,0.09166666666666667,0.275,0.0,0.0,0.0,0.0,0.0,0.0,0.09166666666666667,0.0
