date,gross_return,net_return,turnover,operations,signal_changed,trade_cost,equity,drawdown,w__CASH,w_dbc.us,w_gld.us,w_hyg.us,w_iau.us,w_ief.us,w_ivv.us,w_lqd.us,w_qqq.us,w_shy.us,w_spy.us,w_tlt.us,w_vnq.us,w_vt.us,w_vwo.us,w_xle.us,w_xlk.us
2007-05-01,0.013759281093773373,0.011759281093773373,0.49999999999999994,5,True,0.0019999999999999996,0.998,0.0,0.5,0.0,0.0,0.0,0.0,0.1,0.0,0.0,0.13333333333333333,0.0,0.0,0.0,0.13333333333333333,0.0,0.0,0.13333333333333333,0.0
2007-06-01,0.003810255655479337,0.0020769223221460036,0.4333333333333333,7,True,0.0017333333333333333,1.0099780941431975,-0.0016707089833941646,0.5,0.0,0.0,0.0,0.0,0.0,0.0,0.0,0.06666666666666667,0.3,0.06666666666666667,0.0,0.0,0.0,0.06666666666666667,0.0,0.0
2007-07-01,0.0010709774860197087,0.0005376441526863755,0.13333333333333333,5,True,0.0005333333333333333,1.01205907428791,-0.0012011595316011592,0.5,0.0,0.0,0.0,0.0,0.0,0.0,0.0,0.033333333333333326,0.4,0.0,0.0,0.0,0.0,0.033333333333333326,0.033333333333333326,0.0
2007-08-01,0.009399896169393473,0.008999896169393473,0.1,4,True,0.0004,1.012197582805841,-0.006668414028788261,0.5,0.0,0.0,0.0,0.0,0.0,0.0,0.0,0.06666666666666667,0.3,0.0,0.0,0.0,0.0,0.06666666666666667,0.06666666666666667,0.0
2007-09-01,0.024429522337256947,0.023229522337256947,0.3,5,True,0.0012,1.020014146062571,0.0,0.5,0.0,0.0,0.0,0.0,0.2,0.0,0.0,0.09999999999999999,0.0,0.0,0.0,0.0,0.0,0.09999999999999999,0.09999999999999999,0.0
2007-10-01,0.011968722105596496,0.010768722105596496,0.3,4,True,0.0012,1.0424262708804475,0.0,0.5,0.09999999999999999,0.0,0.0,0.0,0.0,0.0,0.0,0.0,0.2,0.0,0.0,0.0,0.0,0.09999999999999999,0.09999999999999999,0.0
2007-11-01,-0.0027202639647289973,-0.0035202639647289972,0.2,5,True,0.0008,1.0540588590072029,-0.009267722081341412,0.5,0.13333333333333333,0.0,0.0,0.0,0.1,0.0,0.0,0.0,0.0,0.0,0.0,0.0,0.0,0.13333333333333333,0.13333333333333333,0.0
2007-12-01,0.003761680353598089,0.0026950136869314228,0.26666666666666666,5,True,0.0010666666666666665,1.0492811260818533,-0.01719783039199385,0.5,0.06666666666666667,0.0,0.0,0.0,0.3,0.0,0.0,0.0,0.0,0.0,0.06666666666666667,0.0,0.0,0.06666666666666667,0.0,0.0
2008-01-01,0.0007973297327981046,0.000530663066131438,0.06666666666666667,2,True,0.0002666666666666666,1.0380753143665844,-0.027693679209087718,0.5,0.06666666666666667,0.0,0.0,0.0,0.3,0.0,0.0,0.0,0.0,0.0,0.06666666666666667,0.0,0.0,0.0,0.06666666666666667,0.0
2008-02-01,0.0022265367895356603,0.0014265367895356603,0.19999999999999998,4,True,0.0007999999999999999,1.0377950611093953,-0.027956176553563528,0.5,0.0,0.0,0.0,0.0,0.5,0.0,0.0,0.0,0.0,0.0,0.0,0.0,0.0,0.0,0.0,0.0
2008-03-01,-0.0033963504971096935,-0.0037963504971096932,0.09999999999999998,4,True,0.0003999999999999999,1.0430007422456937,-0.023080310031361018,0.5,0.033333333333333326,0.033333333333333326,0.0,0.0,0.4,0.0,0.0,0.0,0.0,0.0,0.0,0.0,0.0,0.0,0.033333333333333326,0.0
2008-04-01,-0.008935037066656604,-0.009335037066656603,0.09999999999999998,4,True,0.0003999999999999999,1.0386269457926922,-0.02717699731238077,0.5,0.0,0.0,0.0,0.0,0.5,0.0,0.0,0.0,0.0,0.0,0.0,0.0,0.0,0.0,0.0,0.0
2008-05-01,0.011547467655944273,0.010747467655944273,0.2,4,True,0.0008,1.028523298113179,-0.03664051153517045,0.5,0.06666666666666667,0.06666666666666667,0.0,0.0,0.3,0.0,0.0,0.0,0.0,0.0,0.0,0.0,0.0,0.0,0.06666666666666667,0.0
2008-06-01,0.005806220885366604,0.004206220885366604,0.4,5,True,0.0016,1.0377945721818027,-0.027956634504332722,0.5,0.033333333333333326,0.033333333333333326,0.0,0.0,0.0,0.0,0.0,0.0,0.4,0.0,0.0,0.0,0.0,0.0,0.033333333333333326,0.0
2008-07-01,-0.04837317733913583,-0.052373177339135824,1.0,8,True,0.004,1.0379815238255112,-0.02778152749394114,0.0,0.4,0.0,0.0,0.1,0.5,0.0,0.0,0.0,0.0,0.0,0.0,0.0,0.0,0.0,0.0,0.0
2008-08-01,0.008957855712950491,0.006957855712950491,0.5,3,True,0.002,0.9856808985212466,-0.07676855941819294,0.5,0.0,0.0,0.0,0.0,0.5,0.0,0.0,0.0,0.0,0.0,0.0,0.0,0.0,0.0,0.0,0.0
2008-09-01,-0.0011866510295563404,-0.0011866510295563404,0.0,0,False,0.0,0.9934102228127007,-0.06952893936364113,0.5,0.0,0.0,0.0,0.0,0.5,0.0,0.0,0.0,0.0,0.0,0.0,0.0,0.0,0.0,0.0,0.0
2008-10-01,0.0035629827454024543,0.0015629827454024543,0.5,2,True,0.002,0.9902469287659302,-0.07249181763810619,0.5,0.0,0.0,0.0,0.0,0.0,0.0,0.0,0.0,0.5,0.0,0.0,0.0,0.0,0.0,0.0,0.0
2008-11-01,0.00433785883441784,0.00433785883441784,0.0,0,False,0.0,0.9947792332724801,-0.06824666484574204,0.5,0.0,0.0,0.0,0.0,0.0,0.0,0.0,0.0,0.5,0.0,0.0,0.0,0.0,0.0,0.0,0.0
2008-12-01,0.009926842387887547,0.007926842387887547,0.5,2,True,0.002,0.9970962562675111,-0.06607644070852592,0.5,0.0,0.0,0.0,0.0,0.5,0.0,0.0,0.0,0.0,0.0,0.0,0.0,0.0,0.0,0.0,0.0
2009-01-01,-0.009419865218189383,-0.009419865218189383,0.0,0,False,0.0,1.0143311709702214,-0.04993347278334925,0.5,0.0,0.0,0.0,0.0,0.5,0.0,0.0,0.0,0.0,0.0,0.0,0.0,0.0,0.0,0.0,0.0
2009-02-01,-0.003599276982280075,-0.003599276982280075,0.0,0,False,0.0,1.0021498255498722,-0.06134304873995511,0.5,0.0,0.0,0.0,0.0,0.5,0.0,0.0,0.0,0.0,0.0,0.0,0.0,0.0,0.0,0.0,0.0
2009-03-01,0.011720106021196885,0.011720106021196885,0.0,0,False,0.0,0.9948678069033456,-0.06816370294504559,0.5,0.0,0.0,0.0,0.0,0.5,0.0,0.0,0.0,0.0,0.0,0.0,0.0,0.0,0.0,0.0,0.0
2009-04-01,-0.017547698190896688,-0.017547698190896688,0.0,0,False,0.0,1.0065277630773284,-0.057242482749161994,0.5,0.0,0.0,0.0,0.0,0.5,0.0,0.0,0.0,0.0,0.0,0.0,0.0,0.0,0.0,0.0,0.0
2009-05-01,0.04495026733582286,0.042950267335822856,0.5,2,True,0.002,0.986887786634749,-0.07563813571482059,0.0,0.0,0.0,0.0,0.0,0.5,0.0,0.0,0.0,0.0,0.0,0.0,0.0,0.5,0.0,0.0,0.0
2009-06-01,-0.017361075838491724,-0.019361075838491726,0.5,5,True,0.002,1.0291861591614901,-0.036019647154562184,0.0,0.0,0.06666666666666667,0.0,0.0,0.0,0.0,0.06666666666666667,0.0,0.3,0.0,0.0,0.0,0.5,0.06666666666666667,0.0,0.0
2009-07-01,0.05201197810687508,0.051211978106875077,0.2,4,True,0.0008,1.0105093254962014,-0.053513178860594035,0.0,0.0,0.0,0.0,0.0,0.0,0.0,0.0,0.0,0.5,0.0,0.0,0.0,0.5,0.0,0.0,0.0
2009-08-01,-0.006060178813928544,-0.006460178813928544,0.09999999999999998,4,True,0.0003999999999999999,1.0526084146639283,-0.01408134772963432,0.0,0.0,0.033333333333333326,0.0,0.0,0.0,0.0,0.033333333333333326,0.033333333333333326,0.4,0.0,0.0,0.0,0.5,0.0,0.0,0.0
2009-09-01,0.03640349774451825,0.03547016441118492,0.23333333333333334,5,True,0.0009333333333333334,1.0448348374830692,-0.021362416957946717,0.0,0.0,0.09999999999999999,0.0,0.0,0.0,0.0,0.09999999999999999,0.0,0.2,0.0,0.0,0.09999999999999999,0.5,0.0,0.0,0.0
2009-10-01,0.0388709649681476,0.0364709649681476,0.6,6,True,0.0024000000000000002,1.0802715909804597,-0.038173979517415746,0.0,0.0,0.13333333333333333,0.0,0.5,0.0,0.0,0.13333333333333333,0.0,0.1,0.0,0.0,0.13333333333333333,0.0,0.0,0.0,0.0
2009-11-01,0.09009931475984961,0.08876598142651627,0.3333333333333333,6,True,0.0013333333333333335,1.1145204569803835,-0.015414532578152174,0.0,0.0,0.13333333333333333,0.0,0.4,0.1,0.0,0.13333333333333333,0.0,0.0,0.0,0.0,0.0,0.0,0.13333333333333333,0.0,0.1
2009-12-01,-0.02716363368708457,-0.027696967020417903,0.13333333333333333,2,True,0.0005333333333333333,1.212670966154697,0.0,0.0,0.13333333333333333,0.13333333333333333,0.0,0.4,0.1,0.0,0.0,0.0,0.0,0.0,0.0,0.0,0.0,0.13333333333333333,0.0,0.1
2010-01-01,-0.035147534975446454,-0.03608086830877979,0.23333333333333334,4,True,0.0009333333333333334,1.1322006966191027,-0.07333259300257,0.0,0.13333333333333333,0.13333333333333333,0.0,0.4,0.0,0.0,0.0,0.13333333333333333,0.1,0.0,0.0,0.0,0.0,0.0,0.0,0.1
2010-02-01,0.014620154012737908,0.013420154012737908,0.3,6,True,0.0012,1.0900773890470783,-0.10780907435299181,0.0,0.0,0.09999999999999999,0.0,0.4,0.0,0.0,0.0,0.0,0.2,0.0,0.0,0.09999999999999999,0.0,0.09999999999999999,0.0,0.1
2010-03-01,0.0464496229411064,0.0440496229411064,0.6000000000000001,8,True,0.0024000000000000002,1.1033600535886836,-0.09693766935779868,0.0,0.0,0.13333333333333333,0.0,0.0,0.0,0.1,0.0,0.13333333333333333,0.1,0.0,0.0,0.13333333333333333,0.0,0.0,0.0,0.4
2010-04-01,0.039032789920549316,0.039032789920549316,0.0,0,False,0.0,1.154610712046157,-0.05499076460715158,0.0,0.0,0.13333333333333333,0.0,0.0,0.0,0.1,0.0,0.13333333333333333,0.1,0.0,0.0,0.13333333333333333,0.0,0.0,0.0,0.4
2010-05-01,-0.01622088509917148,-0.01782088509917148,0.4,3,True,0.0016,1.1837861809922006,-0.031111644733001098,0.0,0.0,0.13333333333333333,0.0,0.4,0.0,0.0,0.0,0.13333333333333333,0.1,0.0,0.0,0.13333333333333333,0.0,0.0,0.0,0.1
2010-06-01,-0.010842175849028213,-0.012042175849028213,0.3,6,True,0.0012,1.1613255218300211,-0.04949492328725558,0.0,0.0,0.09999999999999999,0.0,0.4,0.2,0.0,0.0,0.0,0.0,0.0,0.09999999999999999,0.09999999999999999,0.0,0.0,0.0,0.1
2010-07-01,0.00643193269910689,0.005498599365773557,0.2333333333333333,5,True,0.0009333333333333332,1.1476620743598247,-0.060677986038993215,0.0,0.0,0.033333333333333326,0.0,0.4,0.4,0.0,0.033333333333333326,0.0,0.0,0.0,0.033333333333333326,0.0,0.0,0.0,0.0,0.1
2010-08-01,-0.00644243091746723,-0.009375764250800563,0.7333333333333334,8,True,0.0029333333333333334,1.1554759269598838,-0.05428261589907102,0.0,0.0,0.13333333333333333,0.0,0.0,0.1,0.1,0.0,0.0,0.0,0.0,0.13333333333333333,0.13333333333333333,0.0,0.0,0.0,0.4
2010-09-01,0.03637236358208347,0.03343903024875013,0.7333333333333334,8,True,0.0029333333333333334,1.1413066110949568,-0.06587971456778596,0.0,0.0,0.033333333333333326,0.0,0.4,0.4,0.0,0.033333333333333326,0.0,0.0,0.0,0.033333333333333326,0.0,0.0,0.0,0.0,0.1
2010-10-01,0.01115120607788412,0.009551206077884119,0.39999999999999997,4,True,0.0015999999999999999,1.1809261203041583,-0.033452506233579204,0.0,0.0,0.16666666666666666,0.0,0.4,0.0,0.0,0.16666666666666666,0.0,0.0,0.0,0.16666666666666666,0.0,0.0,0.0,0.0,0.1
2010-11-01,0.006032485455533682,0.006032485455533682,0.0,0,False,0.0,1.1940948708344268,-0.022674335946527013,0.0,0.0,0.16666666666666666,0.0,0.4,0.0,0.0,0.16666666666666666,0.0,0.0,0.0,0.16666666666666666,0.0,0.0,0.0,0.0,0.1
2010-12-01,0.01761414550996381,0.016680812176630474,0.23333333333333334,5,True,0.0009333333333333334,1.2001770190932057,-0.021975021410680307,0.0,0.0,0.13333333333333333,0.0,0.4,0.1,0.0,0.13333333333333333,0.0,0.0,0.0,0.0,0.13333333333333333,0.0,0.0,0.0,0.1
2011-01-01,-0.011093305987474572,-0.012026639320807905,0.23333333333333334,4,True,0.0009333333333333334,1.2035273743808863,-0.0192448148608364,0.0,0.0,0.13333333333333333,0.0,0.4,0.0,0.0,0.0,0.0,0.1,0.0,0.0,0.13333333333333333,0.0,0.0,0.13333333333333333,0.1
2011-02-01,0.010985783232333148,0.009385783232333147,0.4,3,True,0.0016,1.1871629410475382,-0.032580201479525894,0.0,0.0,0.13333333333333333,0.0,0.0,0.0,0.1,0.0,0.0,0.1,0.0,0.0,0.13333333333333333,0.0,0.0,0.13333333333333333,0.4
2011-03-01,0.004888816834305606,0.0032888168343056063,0.4,3,True,0.0016,1.1982845280100984,-0.023517213538667314,0.0,0.0,0.13333333333333333,0.0,0.4,0.0,0.0,0.0,0.0,0.1,0.0,0.0,0.13333333333333333,0.0,0.0,0.13333333333333333,0.1
2011-04-01,0.03183492910309073,0.030234929103090728,0.4,2,True,0.0016,1.2022160932283894,-0.020313378664919557,0.0,0.4,0.13333333333333333,0.0,0.0,0.0,0.0,0.0,0.0,0.1,0.0,0.0,0.13333333333333333,0.0,0.0,0.13333333333333333,0.1
2011-05-01,-0.012899270384211695,-0.015432603717545028,0.6333333333333333,8,True,0.0025333333333333336,1.249925244187139,0.0,0.0,0.1,0.16666666666666666,0.0,0.4,0.0,0.0,0.16666666666666666,0.0,0.0,0.0,0.0,0.0,0.0,0.0,0.16666666666666666,0.0
2011-06-01,-0.025767208477945523,-0.02683387514461219,0.26666666666666666,4,True,0.0010666666666666667,1.229327799340372,-0.01647894139474082,0.0,0.0,0.16666666666666666,0.0,0.4,0.0,0.0,0.16666666666666666,0.0,0.0,0.0,0.16666666666666666,0.0,0.0,0.0,0.0,0.1
2011-07-01,0.05425529897526957,0.05332196564193623,0.23333333333333334,5,True,0.0009333333333333334,1.1965336456236306,-0.042715833456288266,0.0,0.0,0.13333333333333333,0.0,0.4,0.1,0.0,0.13333333333333333,0.0,0.0,0.0,0.0,0.0,0.0,0.0,0.13333333333333333,0.1
2011-08-01,0.08478371191682216,0.08385037858348883,0.23333333333333334,5,True,0.0009333333333333334,1.2602745811603622,-0.006191621934970248,0.0,0.0,0.16666666666666666,0.0,0.4,0.0,0.0,0.16666666666666666,0.0,0.0,0.0,0.16666666666666666,0.0,0.0,0.0,0.0,0.1
2011-09-01,-0.03233832084838996,-0.03313832084838996,0.19999999999999998,4,True,0.0007999999999999999,1.3660316379150073,-0.020337524192523215,0.0,0.0,0.09999999999999999,0.0,0.4,0.2,0.0,0.09999999999999999,0.0,0.0,0.0,0.09999999999999999,0.0,0.0,0.0,0.0,0.1
2011-10-01,0.021342677593571627,0.020142677593571627,0.3,4,True,0.0012,1.306426702011163,-0.06308376626860834,0.0,0.0,0.0,0.0,0.4,0.5,0.0,0.0,0.0,0.0,0.0,0.0,0.0,0.0,0.0,0.0,0.1
2011-11-01,0.0024888079227646477,0.0012888079227646478,0.3,4,True,0.0012,1.3311089248870902,-0.04538267728946188,0.0,0.0,0.09999999999999999,0.0,0.4,0.2,0.0,0.09999999999999999,0.0,0.0,0.0,0.09999999999999999,0.0,0.0,0.0,0.0,0.1
2011-12-01,0.008208874500624169,0.0062088745006241685,0.5,7,True,0.002,1.3317529557267618,-0.04492080449722402,0.0,0.0,0.06666666666666667,0.0,0.0,0.3,0.1,0.06666666666666667,0.0,0.0,0.0,0.06666666666666667,0.0,0.0,0.0,0.0,0.4
2012-01-01,0.03365823956063311,0.033391572893966444,0.06666666666666667,2,True,0.0002666666666666666,1.3099936450973293,-0.06052569938503927,0.0,0.0,0.0,0.06666666666666667,0.0,0.3,0.1,0.06666666666666667,0.0,0.0,0.0,0.06666666666666667,0.0,0.0,0.0,0.0,0.4
2012-02-01,-0.0051781757018974734,-0.00704484236856414,0.4666666666666667,5,True,0.0018666666666666666,1.3511976828473142,-0.030975835007793773,0.0,0.0,0.06666666666666667,0.0,0.4,0.3,0.0,0.06666666666666667,0.0,0.0,0.0,0.06666666666666667,0.0,0.0,0.0,0.0,0.1
2012-03-01,0.01658842472708136,0.013521758060414694,0.7666666666666666,8,True,0.0030666666666666668,1.3400787276097659,-0.03894989864883436,0.0,0.0,0.0,0.16666666666666666,0.0,0.0,0.1,0.16666666666666666,0.0,0.0,0.0,0.16666666666666666,0.0,0.0,0.0,0.0,0.4
2012-04-01,-0.0023955249360535485,-0.003462191602720215,0.26666666666666666,4,True,0.0010666666666666667,1.352940210978267,-0.029726164520264664,0.0,0.0,0.16666666666666666,0.0,0.1,0.0,0.0,0.16666666666666666,0.0,0.0,0.0,0.16666666666666666,0.0,0.0,0.0,0.0,0.4
2012-05-01,-0.027549491046819845,-0.02968282438015318,0.5333333333333333,7,True,0.0021333333333333334,1.345383242812721,-0.035145715530047195,0.0,0.0,0.0,0.0,0.0,0.4,0.1,0.033333333333333326,0.033333333333333326,0.0,0.0,0.033333333333333326,0.0,0.0,0.0,0.0,0.4
2012-06-01,0.02981342829023729,0.029413428290237287,0.09999999999999998,4,True,0.0003999999999999999,1.3077952917626265,-0.062102269217537254,0.0,0.0,0.0,0.0,0.0,0.5,0.1,0.0,0.0,0.0,0.0,0.0,0.0,0.0,0.0,0.0,0.4
2012-07-01,0.010383262263469788,0.009583262263469788,0.19999999999999998,4,True,0.0007999999999999999,1.3402966255867204,-0.038793631059086287,0.0,0.0,0.0,0.0,0.0,0.3,0.1,0.06666666666666667,0.0,0.0,0.0,0.06666666666666667,0.06666666666666667,0.0,0.0,0.0,0.4
2012-08-01,0.021111919658515825,0.020711919658515824,0.1,4,True,0.0004,1.3525886543769268,-0.02997828665338098,0.0,0.0,0.0,0.0,0.0,0.4,0.1,0.033333333333333326,0.0,0.0,0.0,0.033333333333333326,0.033333333333333326,0.0,0.0,0.0,0.4
2012-09-01,0.004031105364265002,0.0028311053642650023,0.3,4,True,0.0012,1.3827221043820277,-0.00836779871352944,0.0,0.0,0.0,0.0,0.0,0.1,0.1,0.13333333333333333,0.0,0.0,0.0,0.13333333333333333,0.13333333333333333,0.0,0.0,0.0,0.4
2012-10-01,-0.02610051470645829,-0.027033848039791624,0.23333333333333334,5,True,0.0009333333333333334,1.385335859626348,-0.010307580493717716,0.0,0.0,0.16666666666666666,0.0,0.0,0.0,0.1,0.16666666666666666,0.0,0.0,0.0,0.16666666666666666,0.0,0.0,0.0,0.0,0.4
2012-11-01,0.0012037296800991625,0.00027039634676582905,0.23333333333333334,5,True,0.0009333333333333334,1.3479186479601812,-0.03703866558600388,0.0,0.0,0.0,0.13333333333333333,0.0,0.1,0.1,0.13333333333333333,0.0,0.0,0.0,0.13333333333333333,0.0,0.0,0.0,0.0,0.4
2012-12-01,0.01317671438754864,0.01277671438754864,0.09999999999999999,4,True,0.00039999999999999996,1.3500268045652841,-0.035532585600631106,0.0,0.0,0.0,0.16666666666666666,0.0,0.0,0.1,0.16666666666666666,0.0,0.0,0.0,0.16666666666666666,0.0,0.0,0.0,0.0,0.4
2013-01-01,0.0037652459017837323,0.002831912568450399,0.23333333333333334,5,True,0.0009333333333333334,1.3395279363620785,-0.04303304132182406,0.0,0.0,0.0,0.13333333333333333,0.0,0.1,0.1,0.13333333333333333,0.0,0.0,0.0,0.0,0.13333333333333333,0.0,0.0,0.0,0.4
2013-02-01,0.0024614167765842684,6.141677658426815e-05,0.6000000000000001,8,True,0.0024000000000000002,1.3400926949803662,-0.04262957430731895,0.0,0.0,0.0,0.0,0.0,0.0,0.4,0.09999999999999999,0.0,0.2,0.0,0.0,0.09999999999999999,0.0,0.09999999999999999,0.0,0.1
2013-03-01,0.017984250137194253,0.016517583470527585,0.36666666666666664,6,True,0.0014666666666666667,1.341420914496924,-0.04168068615298215,0.0,0.0,0.0,0.06666666666666667,0.0,0.3,0.4,0.06666666666666667,0.0,0.0,0.0,0.0,0.06666666666666667,0.0,0.0,0.0,0.1
2013-04-01,0.019693743072533146,0.019693743072533146,0.0,0,False,0.0,1.3655453637625006,-0.024446031901453003,0.0,0.0,0.0,0.06666666666666667,0.0,0.3,0.4,0.06666666666666667,0.0,0.0,0.0,0.0,0.06666666666666667,0.0,0.0,0.0,0.1
2013-05-01,-0.002442579860132719,-0.0031092465267993853,0.16666666666666663,5,True,0.0006666666666666665,1.391509771268121,-0.005896900218529844,0.0,0.0,0.0,0.0,0.0,0.2,0.4,0.09999999999999999,0.0,0.0,0.0,0.09999999999999999,0.09999999999999999,0.0,0.0,0.0,0.1
2013-06-01,-0.011848811109970952,-0.013848811109970952,0.49999999999999994,8,True,0.0019999999999999996,1.3828369820500723,-0.027951093982679143,0.0,0.0,0.0,0.0,0.0,0.0,0.4,0.0,0.06666666666666667,0.3,0.06666666666666667,0.0,0.0,0.0,0.0,0.06666666666666667,0.1
2013-07-01,0.028344614687802472,0.027544614687802473,0.19999999999999998,4,True,0.0007999999999999999,1.3626281285551007,-0.042156668599673486,0.0,0.0,0.0,0.0,0.0,0.0,0.4,0.0,0.0,0.5,0.0,0.0,0.0,0.0,0.0,0.0,0.1
2013-08-01,-0.01656189500199058,-0.01656189500199058,0.0,0,False,0.0,1.4012512978217564,-0.015006968439850166,0.0,0.0,0.0,0.0,0.0,0.0,0.4,0.0,0.0,0.5,0.0,0.0,0.0,0.0,0.0,0.0,0.1
2013-09-01,0.01927329058966971,0.01927329058966971,0.0,0,False,0.0,1.3784955124370946,-0.03100287871405516,0.0,0.0,0.0,0.0,0.0,0.0,0.4,0.0,0.0,0.5,0.0,0.0,0.0,0.0,0.0,0.0,0.1
2013-10-01,0.028364228176550488,0.02756422817655049,0.19999999999999998,4,True,0.0007999999999999999,1.4039396060992297,-0.013117253922466321,0.0,0.0,0.0,0.0,0.0,0.0,0.4,0.0,0.06666666666666667,0.3,0.06666666666666667,0.0,0.0,0.0,0.0,0.06666666666666667,0.1
2013-11-01,0.01718334869459376,0.01718334869459376,0.0,0,False,0.0,1.4437612694327249,-0.004306859718769984,0.0,0.0,0.0,0.0,0.0,0.0,0.4,0.0,0.06666666666666667,0.3,0.06666666666666667,0.0,0.0,0.0,0.0,0.06666666666666667,0.1
2013-12-01,0.014243458307737664,0.014243458307737664,0.0,0,False,0.0,1.4710950642142488,0.0,0.0,0.0,0.0,0.0,0.0,0.0,0.4,0.0,0.06666666666666667,0.3,0.06666666666666667,0.0,0.0,0.0,0.0,0.06666666666666667,0.1
2014-01-01,-0.03171640506873917,-0.03171640506873917,0.0,0,False,0.0,1.4709677321404682,-0.01774177743714722,0.0,0.0,0.0,0.0,0.0,0.0,0.4,0.0,0.06666666666666667,0.3,0.06666666666666667,0.0,0.0,0.0,0.0,0.06666666666666667,0.1
2014-02-01,0.040940915602048364,0.0394742489353817,0.36666666666666664,4,True,0.0014666666666666667,1.4461550040159326,-0.03431080590188196,0.0,0.0,0.0,0.0,0.0,0.3,0.4,0.06666666666666667,0.06666666666666667,0.0,0.06666666666666667,0.0,0.0,0.0,0.0,0.0,0.1
2014-03-01,0.014364012051370301,0.012897345384703635,0.36666666666666664,6,True,0.0014666666666666667,1.5079371797279024,0.0,0.0,0.0,0.0,0.0,0.0,0.0,0.4,0.0,0.09999999999999999,0.2,0.09999999999999999,0.0,0.09999999999999999,0.0,0.0,0.0,0.1
2014-04-01,0.001571328441822084,0.001571328441822084,0.0,0,False,0.0,1.5273537983124834,0.0,0.0,0.0,0.0,0.0,0.0,0.0,0.4,0.0,0.09999999999999999,0.2,0.09999999999999999,0.0,0.09999999999999999,0.0,0.0,0.0,0.1
2014-05-01,0.02450752589695253,0.02370752589695253,0.2,5,True,0.0008,1.5285299697582757,-0.0011367703443452282,0.0,0.0,0.0,0.0,0.0,0.0,0.4,0.0,0.13333333333333333,0.1,0.13333333333333333,0.0,0.0,0.0,0.0,0.13333333333333333,0.1
2014-06-01,0.020935313323121013,0.019468646656454345,0.36666666666666664,6,True,0.0014666666666666667,1.5658006171720398,0.0,0.0,0.0,0.0,0.0,0.0,0.1,0.4,0.0,0.13333333333333333,0.0,0.0,0.13333333333333333,0.13333333333333333,0.0,0.0,0.0,0.1
2014-07-01,-0.00993156324070901,-0.010864896574042342,0.23333333333333334,5,True,0.0009333333333333334,1.5947467372291728,0.0,0.0,0.0,0.16666666666666666,0.0,0.0,0.0,0.4,0.0,0.16666666666666666,0.0,0.0,0.16666666666666666,0.0,0.0,0.0,0.0,0.1
2014-08-01,0.03345990330701385,0.03225990330701385,0.3,5,True,0.0012,1.5770137190644808,-0.022615064399132967,0.0,0.0,0.0,0.0,0.0,0.2,0.4,0.0,0.09999999999999999,0.0,0.0,0.09999999999999999,0.0,0.0,0.09999999999999999,0.0,0.1
2014-09-01,-0.020182001002515125,-0.021382001002515125,0.30000000000000004,2,True,0.0012000000000000001,1.6339694072659832,0.0,0.0,0.0,0.0,0.0,0.0,0.2,0.1,0.0,0.09999999999999999,0.0,0.0,0.09999999999999999,0.0,0.0,0.09999999999999999,0.0,0.4
2014-10-01,0.026937315869600124,0.02627064920293346,0.16666666666666663,5,True,0.0006666666666666665,1.5980053962591425,-0.02201021074624465,0.0,0.0,0.0,0.0,0.0,0.3,0.1,0.0,0.06666666666666667,0.0,0.06666666666666667,0.06666666666666667,0.0,0.0,0.0,0.0,0.4
2014-11-01,0.022662609733431097,0.022395943066764432,0.06666666666666667,2,True,0.0002666666666666666,1.6379641664819615,0.0,0.0,0.0,0.0,0.0,0.0,0.3,0.1,0.0,0.06666666666666667,0.0,0.0,0.06666666666666667,0.06666666666666667,0.0,0.0,0.0,0.4
2014-12-01,0.003162840313123379,0.003162840313123379,0.0,0,False,0.0,1.6746380198885158,-0.007215522913495587,0.0,0.0,0.0,0.0,0.0,0.3,0.1,0.0,0.06666666666666667,0.0,0.0,0.06666666666666667,0.06666666666666667,0.0,0.0,0.0,0.4
2015-01-01,0.008123643540573504,0.007723643540573504,0.1,4,True,0.0004,1.6370977881859805,-0.033187180547000095,0.0,0.0,0.0,0.0,0.0,0.4,0.1,0.0,0.033333333333333326,0.0,0.0,0.033333333333333326,0.033333333333333326,0.0,0.0,0.0,0.4
2015-02-01,0.02493935500917384,0.024539355009173838,0.1,4,True,0.0004,1.642005105328424,-0.030289090306652944,0.0,0.0,0.0,0.0,0.0,0.3,0.1,0.0,0.06666666666666667,0.0,0.0,0.06666666666666667,0.06666666666666667,0.0,0.0,0.0,0.4
2015-03-01,-0.012480714281528221,-0.012480714281528221,0.0,0,False,0.0,1.6793822541331436,-0.008215450674504021,0.0,0.0,0.0,0.0,0.0,0.3,0.1,0.0,0.06666666666666667,0.0,0.0,0.06666666666666667,0.06666666666666667,0.0,0.0,0.0,0.4
2015-04-01,0.022256265112442098,0.022256265112442098,0.0,0,False,0.0,1.6584223640498386,-0.020593630263470053,0.0,0.0,0.0,0.0,0.0,0.3,0.1,0.0,0.06666666666666667,0.0,0.0,0.06666666666666667,0.06666666666666667,0.0,0.0,0.0,0.4
2015-05-01,0.0027259876434971965,0.00205932097683053,0.16666666666666663,5,True,0.0006666666666666665,1.6942024300846334,-0.0033735926278275485,0.0,0.0,0.0,0.0,0.0,0.2,0.1,0.0,0.09999999999999999,0.0,0.09999999999999999,0.09999999999999999,0.0,0.0,0.0,0.0,0.4
2015-06-01,-0.02829101919301857,-0.028957685859685237,0.16666666666666663,5,True,0.0006666666666666665,1.6976882577713108,-0.003219730659911879,0.0,0.0,0.0,0.0,0.0,0.3,0.1,0.0,0.06666666666666667,0.0,0.06666666666666667,0.0,0.06666666666666667,0.0,0.0,0.0,0.4
2015-07-01,0.0200826481214188,0.0192826481214188,0.19999999999999998,4,True,0.0007999999999999999,1.648339199545591,-0.03219452466272166,0.0,0.0,0.0,0.0,0.0,0.5,0.1,0.0,0.0,0.0,0.0,0.0,0.0,0.0,0.0,0.0,0.4
2015-08-01,-0.04072503937013936,-0.04072503937013936,0.0,0,False,0.0,1.6783206098064194,-0.014591246759264487,0.0,0.0,0.0,0.0,0.0,0.5,0.1,0.0,0.0,0.0,0.0,0.0,0.0,0.0,0.0,0.0,0.4
2015-09-01,0.0064081460040422596,0.0064081460040422596,0.0,0,False,0.0,1.6099709368963369,-0.05472205703067334,0.0,0.0,0.0,0.0,0.0,0.5,0.1,0.0,0.0,0.0,0.0,0.0,0.0,0.0,0.0,0.0,0.4
2015-10-01,0.05990079408403806,0.05990079408403806,0.0,0,False,0.0,1.6202878657222335,-0.04866457795772505,0.0,0.0,0.0,0.0,0.0,0.5,0.1,0.0,0.0,0.0,0.0,0.0,0.0,0.0,0.0,0.0,0.4
2015-11-01,0.002440054016870667,0.001640054016870667,0.19999999999999998,4,True,0.0007999999999999999,1.7102826304137304,-0.009496233521298025,0.0,0.0,0.0,0.0,0.0,0.3,0.1,0.0,0.06666666666666667,0.0,0.0,0.06666666666666667,0.06666666666666667,0.0,0.0,0.0,0.4
2015-12-01,-0.01936059823856412,-0.020160598238564118,0.19999999999999998,4,True,0.0007999999999999999,1.7117137803679103,-0.008667388396636944,0.0,0.0,0.0,0.0,0.0,0.5,0.1,0.0,0.0,0.0,0.0,0.0,0.0,0.0,0.0,0.0,0.4
2016-01-01,-0.0003439061371411922,-0.0003439061371411922,0.0,0,False,0.0,1.6748783067305424,-0.03000051470513121,0.0,0.0,0.0,0.0,0.0,0.5,0.1,0.0,0.0,0.0,0.0,0.0,0.0,0.0,0.0,0.0,0.4
2016-02-01,0.015642293034293722,0.015642293034293722,0.0,0,False,0.0,1.6743023058018938,-0.030334103481147512,0.0,0.0,0.0,0.0,0.0,0.5,0.1,0.0,0.0,0.0,0.0,0.0,0.0,0.0,0.0,0.0,0.4
2016-03-01,0.002306436732666284,0.00030643673266628375,0.5,3,True,0.002,1.6970912486310465,-0.017135972771673336,0.5,0.0,0.0,0.0,0.0,0.5,0.0,0.0,0.0,0.0,0.0,0.0,0.0,0.0,0.0,0.0,0.0
2016-04-01,-0.016914131123481852,-0.02051413112348185,0.8999999999999999,7,True,0.0036,1.6948818624895636,-0.018415530463383845,0.0,0.0,0.13333333333333333,0.0,0.0,0.1,0.1,0.0,0.0,0.0,0.0,0.13333333333333333,0.13333333333333333,0.0,0.0,0.0,0.4
2016-05-01,0.0153848058593241,0.014584805859324099,0.19999999999999998,4,True,0.0007999999999999999,1.6626185577416517,-0.03710070231952689,0.0,0.0,0.06666666666666667,0.0,0.0,0.3,0.1,0.0,0.0,0.0,0.0,0.06666666666666667,0.06666666666666667,0.0,0.0,0.0,0.4
2016-06-01,0.0333713443210564,0.0325713443210564,0.19999999999999998,4,True,0.0007999999999999999,1.6854975857227406,-0.023850399132410938,0.0,0.0,0.13333333333333333,0.0,0.0,0.1,0.1,0.0,0.0,0.0,0.0,0.13333333333333333,0.13333333333333333,0.0,0.0,0.0,0.4
2016-07-01,0.03495708061540308,0.03455708061540308,0.1,4,True,0.0004,1.7410482080458007,0.0,0.0,0.0,0.09999999999999999,0.0,0.0,0.2,0.1,0.0,0.0,0.0,0.0,0.09999999999999999,0.09999999999999999,0.0,0.0,0.0,0.4
2016-08-01,-0.004569328581835,-0.004969328581835001,0.1,4,True,0.0004,1.801189406541517,-0.0006684092136434172,0.0,0.0,0.13333333333333333,0.0,0.0,0.1,0.1,0.0,0.0,0.0,0.0,0.13333333333333333,0.13333333333333333,0.0,0.0,0.0,0.4
2016-09-01,-0.002111336130933364,-0.0025113361309333643,0.09999999999999999,4,True,0.00039999999999999996,1.7922419966327865,-0.008268127436929729,0.0,0.0,0.16666666666666666,0.0,0.0,0.0,0.1,0.0,0.0,0.0,0.0,0.16666666666666666,0.16666666666666666,0.0,0.0,0.0,0.4
2016-10-01,-0.02006102044076933,-0.020727687107435996,0.16666666666666666,2,True,0.0006666666666666666,1.800386133731076,-0.007974875867595599,0.0,0.0,0.16666666666666666,0.0,0.0,0.0,0.1,0.0,0.16666666666666666,0.0,0.0,0.16666666666666666,0.0,0.0,0.0,0.0,0.4
2016-11-01,-0.006008406200670668,-0.007475072867337334,0.36666666666666664,6,True,0.0014666666666666667,1.7605065028554396,-0.02994882635996643,0.0,0.0,0.0,0.13333333333333333,0.0,0.0,0.1,0.0,0.13333333333333333,0.1,0.0,0.0,0.0,0.0,0.13333333333333333,0.0,0.4
2016-12-01,0.026827132842686296,0.025227132842686295,0.4,7,True,0.0016,1.7471287788038945,-0.03732004418607826,0.0,0.033333333333333326,0.0,0.0,0.0,0.0,0.1,0.0,0.0,0.4,0.033333333333333326,0.0,0.0,0.0,0.0,0.033333333333333326,0.4
2017-01-01,0.01665608924266003,0.016122755909326696,0.13333333333333336,5,True,0.0005333333333333334,1.7659811862416614,-0.02693223821587354,0.0,0.06666666666666667,0.0,0.0,0.0,0.0,0.1,0.0,0.06666666666666667,0.3,0.0,0.0,0.0,0.0,0.0,0.06666666666666667,0.4
2017-02-01,0.030968444144957932,0.03056844414495793,0.09999999999999998,4,True,0.0003999999999999999,1.7937202070068912,-0.011647847271964773,0.0,0.09999999999999999,0.0,0.0,0.0,0.0,0.1,0.0,0.09999999999999999,0.2,0.0,0.0,0.0,0.0,0.0,0.09999999999999999,0.4
2017-03-01,-0.004727045641750338,-0.005527045641750338,0.2,5,True,0.0008,1.8477895159044277,0.0,0.0,0.13333333333333333,0.0,0.0,0.0,0.0,0.1,0.0,0.13333333333333333,0.1,0.13333333333333333,0.0,0.0,0.0,0.0,0.0,0.4
2017-04-01,0.024309241987634178,0.023775908654300845,0.13333333333333333,2,True,0.0005333333333333333,1.843713955743,-0.0022056409165374102,0.0,0.0,0.0,0.0,0.0,0.0,0.1,0.0,0.13333333333333333,0.1,0.13333333333333333,0.0,0.0,0.0,0.13333333333333333,0.0,0.4
2017-05-01,0.02002805270828039,0.018961386041613723,0.26666666666666666,5,True,0.0010666666666666665,1.8855126656235957,0.0,0.0,0.0,0.0,0.06666666666666667,0.0,0.0,0.1,0.0,0.06666666666666667,0.3,0.06666666666666667,0.0,0.0,0.0,0.0,0.0,0.4
2017-06-01,-0.016892109283542546,-0.017292109283542547,0.09999999999999998,4,True,0.0003999999999999999,1.9225065023477665,0.0,0.0,0.0,0.0,0.09999999999999999,0.0,0.0,0.1,0.0,0.09999999999999999,0.2,0.09999999999999999,0.0,0.0,0.0,0.0,0.0,0.4
2017-07-01,0.03083076162650715,0.030164094959840484,0.16666666666666663,5,True,0.0006666666666666665,1.8945160306434672,-0.021635285995780018,0.0,0.0,0.0,0.06666666666666667,0.0,0.0,0.1,0.0,0.0,0.3,0.06666666666666667,0.0,0.0,0.0,0.06666666666666667,0.0,0.4
2017-08-01,0.014358795348443953,0.013692128681777287,0.16666666666666663,5,True,0.0006666666666666665,1.9503223702116343,-0.0022678184057016715,0.0,0.09999999999999999,0.0,0.09999999999999999,0.0,0.0,0.1,0.0,0.0,0.2,0.0,0.0,0.0,0.0,0.09999999999999999,0.0,0.4
2017-09-01,0.00417427122821823,0.00377427122821823,0.1,4,True,0.0004,1.9775353193289993,0.0,0.0,0.13333333333333333,0.0,0.13333333333333333,0.0,0.0,0.1,0.0,0.0,0.1,0.0,0.0,0.0,0.0,0.13333333333333333,0.0,0.4
2017-10-01,0.037078827103532656,0.03601216043686599,0.26666666666666666,4,True,0.0010666666666666665,1.986434528507322,-0.002221551106041275,0.0,0.13333333333333333,0.0,0.0,0.0,0.0,0.1,0.0,0.0,0.1,0.13333333333333333,0.0,0.0,0.0,0.0,0.13333333333333333,0.4
2017-11-01,0.006895877654046102,0.005829210987379436,0.26666666666666666,4,True,0.0010666666666666665,2.0556966779253574,0.0,0.0,0.0,0.0,0.0,0.0,0.0,0.1,0.0,0.13333333333333333,0.1,0.13333333333333333,0.0,0.0,0.0,0.13333333333333333,0.0,0.4
2017-12-01,0.031696395117409,0.031296395117409004,0.09999999999999999,4,True,0.00039999999999999996,2.0690445617058764,-0.013811086460309707,0.0,0.0,0.0,0.0,0.0,0.0,0.1,0.0,0.16666666666666666,0.0,0.16666666666666666,0.0,0.0,0.0,0.16666666666666666,0.0,0.4
2018-01-01,0.05416736800037908,0.05350070133371241,0.16666666666666666,2,True,0.0006666666666666666,2.050725820627571,-0.035449981621580084,0.0,0.0,0.0,0.0,0.0,0.0,0.1,0.0,0.16666666666666666,0.0,0.0,0.0,0.0,0.0,0.16666666666666666,0.16666666666666666,0.4
2018-02-01,-0.04000188547893839,-0.04000188547893839,0.0,0,False,0.0,2.1603670353275035,-0.016217393568367156,0.0,0.0,0.0,0.0,0.0,0.0,0.1,0.0,0.16666666666666666,0.0,0.0,0.0,0.0,0.0,0.16666666666666666,0.16666666666666666,0.4
2018-03-01,-0.02440769224154938,-0.025874358908216048,0.36666666666666664,5,True,0.0014666666666666667,2.070906489776331,-0.05695571591635018,0.0,0.0,0.0,0.06666666666666667,0.0,0.0,0.1,0.0,0.06666666666666667,0.3,0.0,0.0,0.0,0.0,0.06666666666666667,0.0,0.4
2018-04-01,0.02193984930449018,0.021273182637823514,0.16666666666666663,5,True,0.0006666666666666665,2.0444304834645872,-0.06901229429925404,0.0,0.09999999999999999,0.0,0.09999999999999999,0.0,0.0,0.1,0.0,0.09999999999999999,0.2,0.0,0.0,0.0,0.0,0.0,0.0,0.4
2018-05-01,0.04224820922946451,0.04158154256279784,0.16666666666666663,5,True,0.0006666666666666665,2.086500195449494,-0.04985469272898868,0.0,0.06666666666666667,0.0,0.0,0.0,0.0,0.1,0.0,0.06666666666666667,0.3,0.0,0.0,0.0,0.0,0.0,0.06666666666666667,0.4
2018-06-01,-0.013345446729210238,-0.014145446729210238,0.19999999999999998,4,True,0.0007999999999999999,2.17291137139035,-0.0105049847850186,0.0,0.13333333333333333,0.0,0.0,0.0,0.0,0.1,0.0,0.13333333333333333,0.1,0.0,0.0,0.0,0.0,0.0,0.13333333333333333,0.4
2018-07-01,0.013539160915037247,0.012205827581703913,0.33333333333333337,5,True,0.0013333333333333335,2.148476612118768,-0.02163202513077278,0.0,0.0,0.0,0.0,0.0,0.0,0.1,0.0,0.033333333333333326,0.4,0.0,0.0,0.033333333333333326,0.0,0.0,0.033333333333333326,0.4
2018-08-01,0.025708757002804776,0.025308757002804775,0.09999999999999998,4,True,0.0003999999999999999,2.1737918977438704,-0.016908167213163905,0.0,0.0,0.0,0.0,0.0,0.0,0.1,0.0,0.0,0.5,0.0,0.0,0.0,0.0,0.0,0.0,0.4
2018-09-01,0.0060037525794012815,0.005203752579401281,0.19999999999999998,4,True,0.0007999999999999999,2.2340381667798663,-0.0007892107287593708,0.0,0.0,0.0,0.0,0.0,0.0,0.1,0.0,0.06666666666666667,0.3,0.0,0.0,0.06666666666666667,0.0,0.0,0.06666666666666667,0.4
2018-10-01,-0.044277133684839515,-0.044810467018172845,0.13333333333333333,5,True,0.0005333333333333333,2.24445513705957,0.0,0.0,0.0,0.0,0.0,0.0,0.0,0.1,0.0,0.033333333333333326,0.4,0.033333333333333326,0.0,0.0,0.0,0.0,0.033333333333333326,0.4
2018-11-01,-5.3025827044761616e-05,-0.0004530258270447615,0.09999999999999998,4,True,0.0003999999999999999,2.1442190660675964,-0.04586218929204111,0.0,0.0,0.0,0.0,0.0,0.0,0.1,0.0,0.0,0.5,0.0,0.0,0.0,0.0,0.0,0.0,0.4
2018-12-01,-0.04712158320766002,-0.04712158320766002,0.0,0,False,0.0,2.1229396357647827,-0.05533114205136669,0.0,0.0,0.0,0.0,0.0,0.0,0.1,0.0,0.0,0.5,0.0,0.0,0.0,0.0,0.0,0.0,0.4
2019-01-01,0.03863801856568185,0.03663801856568185,0.5,2,True,0.002,2.0216922546070766,-0.10038435332370899,0.0,0.0,0.0,0.0,0.0,0.5,0.1,0.0,0.0,0.0,0.0,0.0,0.0,0.0,0.0,0.0,0.4
2019-02-01,0.030711120184532283,0.029511120184532284,0.3,4,True,0.0012,2.0930920964102118,-0.06861274480617219,0.0,0.0,0.09999999999999999,0.0,0.0,0.2,0.1,0.0,0.0,0.0,0.0,0.09999999999999999,0.09999999999999999,0.0,0.0,0.0,0.4
2019-03-01,0.03665495128513728,0.03625495128513728,0.09999999999999998,4,True,0.0003999999999999999,2.156510350020624,-0.040392795354023625,0.0,0.0,0.06666666666666667,0.0,0.0,0.3,0.1,0.0,0.0,0.0,0.0,0.06666666666666667,0.06666666666666667,0.0,0.0,0.0,0.4
2019-04-01,0.024324404282075357,0.02325773761540869,0.26666666666666666,5,True,0.0010666666666666665,2.2331725375725546,-0.006279540345509371,0.0,0.0,0.0,0.0,0.0,0.1,0.1,0.13333333333333333,0.0,0.0,0.0,0.13333333333333333,0.13333333333333333,0.0,0.0,0.0,0.4
2019-05-01,-0.039415140726506655,-0.04048180739317332,0.26666666666666666,5,True,0.0010666666666666665,2.2850531365369413,0.0,0.0,0.0,0.0,0.0,0.0,0.3,0.1,0.0,0.06666666666666667,0.0,0.0,0.06666666666666667,0.06666666666666667,0.0,0.0,0.0,0.4
2019-06-01,0.06486583301098338,0.06433249967765005,0.13333333333333333,5,True,0.0005333333333333333,2.209072910127411,-0.033850219106781765,0.0,0.0,0.0,0.0,0.0,0.4,0.1,0.033333333333333326,0.0,0.0,0.0,0.033333333333333326,0.033333333333333326,0.0,0.0,0.0,0.4
2019-07-01,0.013993294914635235,0.012659961581301902,0.3333333333333333,5,True,0.0013333333333333333,2.3479768537246444,-0.0004242898787431004,0.0,0.0,0.13333333333333333,0.0,0.0,0.1,0.1,0.0,0.0,0.0,0.0,0.13333333333333333,0.13333333333333333,0.0,0.0,0.0,0.4
2019-08-01,0.02010702936043932,0.01930702936043932,0.19999999999999998,4,True,0.0007999999999999999,2.378928120062517,-0.010449253303395967,0.0,0.0,0.06666666666666667,0.0,0.0,0.3,0.1,0.0,0.0,0.0,0.0,0.06666666666666667,0.06666666666666667,0.0,0.0,0.0,0.4
2019-09-01,-0.0004759671560627867,-0.0004759671560627867,0.0,0,False,0.0,2.4288852502980878,-5.272401255584924e-05,0.0,0.0,0.06666666666666667,0.0,0.0,0.3,0.1,0.0,0.0,0.0,0.0,0.06666666666666667,0.06666666666666667,0.0,0.0,0.0,0.4
2019-10-01,0.02421337655662445,0.02381337655662445,0.1,2,True,0.0004,2.4267580890208245,-0.013530969079879829,0.0,0.0,0.06666666666666667,0.0,0.1,0.3,0.0,0.0,0.0,0.0,0.0,0.06666666666666667,0.06666666666666667,0.0,0.0,0.0,0.4
2019-11-01,0.002337632755373853,0.0016709660887071864,0.16666666666666663,5,True,0.0006666666666666665,2.4838610843778253,0.0,0.0,0.0,0.09999999999999999,0.0,0.1,0.2,0.0,0.09999999999999999,0.0,0.0,0.0,0.09999999999999999,0.0,0.0,0.0,0.0,0.4
2019-12-01,0.040219624337630114,0.039819624337630116,0.1,2,True,0.0004,2.5089100370743713,-0.0006418191510595417,0.0,0.0,0.09999999999999999,0.0,0.0,0.2,0.1,0.09999999999999999,0.0,0.0,0.0,0.09999999999999999,0.0,0.0,0.0,0.0,0.4
2020-01-01,0.033562178086710664,0.032362178086710665,0.3,5,True,0.0012,2.482360325246889,-0.0409984691195856,0.0,0.0,0.16666666666666666,0.0,0.0,0.0,0.1,0.0,0.0,0.0,0.0,0.16666666666666666,0.16666666666666666,0.0,0.0,0.0,0.4
2020-02-01,-0.0035654438200151788,-0.0047654438200151784,0.3,4,True,0.0012,2.5515324965688535,-0.014275427537985719,0.0,0.0,0.06666666666666667,0.0,0.0,0.3,0.1,0.0,0.0,0.0,0.0,0.06666666666666667,0.06666666666666667,0.0,0.0,0.0,0.4
2020-03-01,-0.05242059167522459,-0.05362059167522459,0.3,6,True,0.0012,2.462180234007943,-0.06579754008253025,0.0,0.0,0.0,0.0,0.1,0.5,0.0,0.0,0.0,0.0,0.0,0.0,0.0,0.0,0.0,0.0,0.4
2020-04-01,0.07126784143476846,0.07126784143476846,0.0,0,False,0.0,2.330311555783007,-0.11583126299292323,0.0,0.0,0.0,0.0,0.1,0.5,0.0,0.0,0.0,0.0,0.0,0.0,0.0,0.0,0.0,0.0,0.4
2020-05-01,0.04388849028376059,0.04388849028376059,0.0,0,False,0.0,2.496387830234159,-0.0528184656423234,0.0,0.0,0.0,0.0,0.1,0.5,0.0,0.0,0.0,0.0,0.0,0.0,0.0,0.0,0.0,0.0,0.4
2020-06-01,0.030325867543726015,0.030325867543726015,0.0,0,False,0.0,2.605950523265891,-0.01124809807470839,0.0,0.0,0.0,0.0,0.1,0.5,0.0,0.0,0.0,0.0,0.0,0.0,0.0,0.0,0.0,0.0,0.4
2020-07-01,0.06972108590676973,0.06852108590676972,0.3,4,True,0.0012,2.6817562597795637,-0.0023959095705984312,0.0,0.0,0.09999999999999999,0.0,0.1,0.2,0.0,0.0,0.09999999999999999,0.0,0.0,0.09999999999999999,0.0,0.0,0.0,0.0,0.4
2020-08-01,0.05011949135834026,0.05011949135834026,0.0,0,False,0.0,2.8380759357622853,0.0,0.0,0.0,0.09999999999999999,0.0,0.1,0.2,0.0,0.0,0.09999999999999999,0.0,0.0,0.09999999999999999,0.0,0.0,0.0,0.0,0.4
2020-09-01,-0.03905660957978081,-0.03945660957978081,0.1,4,True,0.0004,2.979126730555798,0.0,0.0,0.0,0.13333333333333333,0.0,0.1,0.1,0.0,0.0,0.13333333333333333,0.0,0.0,0.13333333333333333,0.0,0.0,0.0,0.0,0.4
2020-10-01,-0.03436832087069201,-0.03436832087069201,0.0,0,False,0.0,2.862772140951791,-0.04216247024717745,0.0,0.0,0.13333333333333333,0.0,0.1,0.1,0.0,0.0,0.13333333333333333,0.0,0.0,0.13333333333333333,0.0,0.0,0.0,0.0,0.4
2020-11-01,0.06785571313824154,0.06638904647157487,0.3666666666666667,7,True,0.0014666666666666665,2.7542935886554814,-0.07845764969101332,0.0,0.06666666666666667,0.06666666666666667,0.0,0.0,0.3,0.1,0.0,0.06666666666666667,0.0,0.0,0.0,0.0,0.0,0.0,0.0,0.4
2020-12-01,0.02747312116557692,0.02600645449891025,0.36666666666666664,5,True,0.0014666666666666667,2.9325669859049865,-0.01881023731073983,0.0,0.0,0.16666666666666666,0.0,0.0,0.0,0.1,0.0,0.16666666666666666,0.0,0.0,0.16666666666666666,0.0,0.0,0.0,0.0,0.4
2021-01-01,0.008193913001746822,0.008193913001746822,0.0,0,False,0.0,2.9246194810333033,-0.0324736456718836,0.0,0.0,0.16666666666666666,0.0,0.0,0.0,0.1,0.0,0.16666666666666666,0.0,0.0,0.16666666666666666,0.0,0.0,0.0,0.0,0.4
2021-02-01,0.010125265020979143,0.00919193168764581,0.23333333333333334,5,True,0.0009333333333333334,2.945831547302723,-0.025456242799983597,0.0,0.13333333333333333,0.13333333333333333,0.0,0.0,0.0,0.1,0.0,0.13333333333333333,0.1,0.0,0.0,0.0,0.0,0.0,0.0,0.4
2021-03-01,0.004498438010945675,0.003431771344279009,0.26666666666666666,5,True,0.0010666666666666665,2.9724848362957355,-0.02241064978192031,0.0,0.06666666666666667,0.0,0.0,0.0,0.0,0.1,0.0,0.06666666666666667,0.3,0.0,0.0,0.0,0.0,0.0,0.06666666666666667,0.4
2021-04-01,0.021992322573365822,0.021725655906699157,0.06666666666666667,2,True,0.0002666666666666666,2.9850601467036024,-0.018274887883219737,0.0,0.06666666666666667,0.0,0.0,0.0,0.0,0.1,0.0,0.0,0.3,0.0,0.0,0.0,0.0,0.06666666666666667,0.06666666666666667,0.4
2021-05-01,0.01158682405029756,0.010920157383630894,0.16666666666666663,5,True,0.0006666666666666665,3.0533850472666417,-0.0084863729214405,0.0,0.09999999999999999,0.0,0.0,0.0,0.0,0.1,0.0,0.0,0.2,0.0,0.0,0.09999999999999999,0.0,0.0,0.09999999999999999,0.4
2021-06-01,0.028843264987755232,0.028043264987755234,0.2,5,True,0.0008,3.084235542586876,0.0,0.0,0.13333333333333333,0.13333333333333333,0.0,0.0,0.0,0.1,0.0,0.0,0.1,0.0,0.0,0.0,0.0,0.0,0.13333333333333333,0.4
2021-07-01,0.011322562305070949,0.010522562305070949,0.2,5,True,0.0008,3.170656409653861,0.0,0.0,0.09999999999999999,0.0,0.0,0.0,0.0,0.1,0.0,0.0,0.2,0.0,0.0,0.09999999999999999,0.0,0.0,0.09999999999999999,0.4
2021-08-01,0.018785544803468886,0.017985544803468888,0.2,5,True,0.0008,3.2136989235019797,-0.003310019126896213,0.0,0.13333333333333333,0.0,0.0,0.0,0.1,0.1,0.0,0.0,0.0,0.0,0.0,0.13333333333333333,0.0,0.0,0.13333333333333333,0.4
2021-09-01,-0.03379945793850721,-0.03433279127184054,0.13333333333333333,2,True,0.0005333333333333333,3.269705978872671,-0.002822003095194092,0.0,0.13333333333333333,0.0,0.0,0.0,0.1,0.1,0.0,0.13333333333333333,0.0,0.0,0.0,0.13333333333333333,0.0,0.0,0.0,0.4
2021-10-01,0.04963389145126243,0.04803389145126243,0.4,8,True,0.0016,3.154136982465809,-0.03857030853726107,0.0,0.2,0.0,0.0,0.0,0.0,0.0,0.0,0.0,0.2,0.0,0.0,0.09999999999999999,0.0,0.0,0.09999999999999999,0.4
2021-11-01,-0.010628551200574477,-0.011028551200574476,0.1,4,True,0.0004,3.3030234577566255,-0.0006496946620349053,0.0,0.23333333333333334,0.0,0.0,0.0,0.0,0.0,0.0,0.0,0.1,0.0,0.0,0.13333333333333333,0.0,0.0,0.13333333333333333,0.4
2021-12-01,0.03492219273367245,0.03385552606700578,0.26666666666666666,5,True,0.0010666666666666665,3.273831145566738,-0.03189175317931814,0.0,0.1,0.0,0.0,0.0,0.0,0.0,0.0,0.06666666666666667,0.3,0.0,0.0,0.06666666666666667,0.0,0.0,0.06666666666666667,0.4
2022-01-01,-0.021655479116761415,-0.022855479116761414,0.3,5,True,0.0012,3.2769898039339838,-0.03095770280278587,0.0,0.1,0.0,0.0,0.0,0.2,0.0,0.0,0.09999999999999999,0.0,0.0,0.0,0.09999999999999999,0.0,0.0,0.09999999999999999,0.4
2022-02-01,-0.018669334883247034,-0.020669334883247036,0.5,5,True,0.002,3.2015216639805026,-0.05327447034900412,0.0,0.1,0.0,0.0,0.0,0.0,0.0,0.0,0.0,0.5,0.0,0.0,0.0,0.0,0.0,0.0,0.4
2022-03-01,0.018278941281577643,0.017078941281577643,0.30000000000000004,2,True,0.0012000000000000001,3.1374475025035373,-0.07222191185586657,0.0,0.4,0.0,0.0,0.0,0.0,0.0,0.0,0.0,0.5,0.0,0.0,0.0,0.0,0.0,0.0,0.1
2022-04-01,0.01667408370420495,0.01627408370420495,0.09999999999999998,4,True,0.0003999999999999999,3.177184049513201,-0.06047137337365849,0.0,0.43333333333333335,0.033333333333333326,0.0,0.0,0.0,0.0,0.0,0.0,0.4,0.0,0.0,0.0,0.0,0.0,0.033333333333333326,0.1
2022-05-01,0.013608075598271197,0.013208075598271198,0.09999999999999998,4,True,0.0003999999999999999,3.1924219853487883,-0.05596534643120832,0.0,0.4,0.0,0.0,0.0,0.0,0.0,0.0,0.0,0.5,0.0,0.0,0.0,0.0,0.0,0.0,0.1
2022-06-01,-0.03943711838443614,-0.03943711838443614,0.0,0,False,0.0,3.216457899599059,-0.04885765951306287,0.0,0.4,0.0,0.0,0.0,0.0,0.0,0.0,0.0,0.5,0.0,0.0,0.0,0.0,0.0,0.0,0.1
2022-07-01,0.0006684491978611318,-0.0013315508021388683,0.5,3,True,0.002,3.0334738678960242,-0.1029680709092311,0.5,0.0,0.0,0.0,0.0,0.0,0.0,0.0,0.0,0.5,0.0,0.0,0.0,0.0,0.0,0.0,0.0
2022-08-01,-0.004482166698455137,-0.004482166698455137,0.0,0,False,0.0,3.0355015910697527,-0.10236845063577438,0.5,0.0,0.0,0.0,0.0,0.0,0.0,0.0,0.0,0.5,0.0,0.0,0.0,0.0,0.0,0.0,0.0
2022-09-01,-0.0038491147036182616,-0.0038491147036182616,0.0,0,False,0.0,3.0218959669251513,-0.10639178487381773,0.5,0.0,0.0,0.0,0.0,0.0,0.0,0.0,0.0,0.5,0.0,0.0,0.0,0.0,0.0,0.0,0.0
2022-10-01,-0.0018425135764157385,-0.0018425135764157385,0.0,0,False,0.0,3.0070656460713057,-0.11077727553696526,0.5,0.0,0.0,0.0,0.0,0.0,0.0,0.0,0.0,0.5,0.0,0.0,0.0,0.0,0.0,0.0,0.0
2022-11-01,0.0033093245084681033,0.0033093245084681033,0.0,0,False,0.0,3.001525086793247,-0.11241568047924555,0.5,0.0,0.0,0.0,0.0,0.0,0.0,0.0,0.0,0.5,0.0,0.0,0.0,0.0,0.0,0.0,0.0
2022-12-01,0.0009669309611293198,0.0009669309611293198,0.0,0,False,0.0,3.0114581073257547,-0.10947837593732324,0.5,0.0,0.0,0.0,0.0,0.0,0.0,0.0,0.0,0.5,0.0,0.0,0.0,0.0,0.0,0.0,0.0
2023-01-01,0.0470544109363491,0.0450544109363491,0.5,2,True,0.002,3.014661166616082,-0.10853119571447611,0.0,0.0,0.0,0.0,0.0,0.0,0.0,0.0,0.0,0.5,0.0,0.0,0.0,0.5,0.0,0.0,0.0
2023-02-01,-0.028653218006042046,-0.029053218006042048,0.09999999999999998,4,True,0.0003999999999999999,3.148941162942546,-0.06882310875258846,0.0,0.0,0.033333333333333326,0.0,0.0,0.0,0.0,0.0,0.0,0.4,0.0,0.0,0.0,0.5,0.033333333333333326,0.033333333333333326,0.0
2023-03-01,0.050004005148810426,0.04760400514881043,0.6,6,True,0.0024,3.0513729520358033,-0.0976751128439618,0.0,0.0,0.0,0.0,0.5,0.0,0.0,0.0,0.0,0.5,0.0,0.0,0.0,0.0,0.0,0.0,0.0
2023-04-01,-0.0009102546739571117,-0.0021102546739571117,0.3,6,True,0.0012000000000000001,3.1884442500839,-0.057141606947521906,0.0,0.0,0.06666666666666667,0.0,0.4,0.0,0.0,0.0,0.06666666666666667,0.3,0.0,0.0,0.0,0.0,0.0,0.06666666666666667,0.1
2023-05-01,0.007307609752470858,0.006107609752470858,0.3,5,True,0.0012,3.1779012402938958,-0.060259292090763306,0.0,0.0,0.09999999999999999,0.0,0.4,0.2,0.0,0.0,0.09999999999999999,0.0,0.0,0.0,0.0,0.0,0.0,0.09999999999999999,0.1
2023-06-01,0.01255449548026629,0.009354495480266291,0.8,7,True,0.0031999999999999997,3.19088050526221,-0.05642117922091938,0.0,0.0,0.0,0.0,0.1,0.0,0.0,0.0,0.0,0.5,0.0,0.0,0.0,0.0,0.0,0.0,0.4
2023-07-01,0.02687644242567111,0.02527644242567111,0.4,6,True,0.0015999999999999999,3.23451380780619,-0.04351832682853163,0.0,0.0,0.0,0.0,0.0,0.0,0.1,0.0,0.09999999999999999,0.2,0.09999999999999999,0.0,0.0,0.0,0.0,0.09999999999999999,0.4
2023-08-01,-0.003920243451787604,-0.004853576785120937,0.2333333333333333,5,True,0.0009333333333333332,3.313036662015232,-0.020298246334578218,0.0,0.0,0.033333333333333326,0.0,0.0,0.0,0.1,0.0,0.033333333333333326,0.4,0.0,0.0,0.0,0.0,0.0,0.033333333333333326,0.4
2023-09-01,-0.03894565928938276,-0.03974565928938276,0.2,4,True,0.0008,3.2974087127340455,-0.024919604586514765,0.0,0.0,0.09999999999999999,0.0,0.0,0.0,0.1,0.0,0.09999999999999999,0.2,0.0,0.0,0.0,0.0,0.0,0.09999999999999999,0.4
2023-10-01,0.001961872063431522,0.0010285387300981888,0.23333333333333334,5,True,0.0009333333333333334,3.1670670277455,-0.0634630891253517,0.0,0.0,0.0,0.0,0.0,0.0,0.1,0.0,0.033333333333333326,0.4,0.033333333333333326,0.0,0.0,0.0,0.0,0.033333333333333326,0.4
2023-11-01,0.05879504418234864,0.05839504418234864,0.09999999999999998,4,True,0.0003999999999999999,3.1690505522175068,-0.0628765388991066,0.0,0.0,0.0,0.0,0.0,0.0,0.1,0.0,0.0,0.5,0.0,0.0,0.0,0.0,0.0,0.0,0.4
2023-12-01,0.015750232570107527,0.014950232570107526,0.2,4,True,0.0008,3.352690719435672,-0.008572100940484217,0.0,0.0,0.06666666666666667,0.0,0.0,0.0,0.1,0.0,0.06666666666666667,0.3,0.06666666666666667,0.0,0.0,0.0,0.0,0.0,0.4
2024-01-01,0.029927214454912445,0.02926054778824578,0.16666666666666663,5,True,0.0006666666666666665,3.4179198789549954,-0.011481698906278148,0.0,0.0,0.09999999999999999,0.0,0.0,0.0,0.1,0.0,0.09999999999999999,0.2,0.0,0.0,0.09999999999999999,0.0,0.0,0.0,0.4
2024-02-01,0.036681431515432544,0.03628143151543255,0.09999999999999999,2,True,0.00039999999999999996,3.5164547496043363,-0.00921397986531447,0.0,0.0,0.09999999999999999,0.0,0.0,0.0,0.1,0.0,0.09999999999999999,0.2,0.09999999999999999,0.0,0.0,0.0,0.0,0.0,0.4
2024-03-01,0.015024823009131391,0.014624823009131392,0.09999999999999999,2,True,0.00039999999999999996,3.6439851663415923,0.0,0.0,0.0,0.09999999999999999,0.0,0.0,0.0,0.1,0.0,0.09999999999999999,0.2,0.0,0.0,0.0,0.0,0.0,0.09999999999999999,0.4
2024-04-01,-0.035773750747538954,-0.035773750747538954,0.0,0,False,0.0,3.698735398513777,0.0,0.0,0.0,0.09999999999999999,0.0,0.0,0.0,0.1,0.0,0.09999999999999999,0.2,0.0,0.0,0.0,0.0,0.0,0.09999999999999999,0.4
2024-05-01,0.0483717335416489,0.0483717335416489,0.0,0,False,0.0,3.566417760286246,-0.040800558351247185,0.0,0.0,0.09999999999999999,0.0,0.0,0.0,0.1,0.0,0.09999999999999999,0.2,0.0,0.0,0.0,0.0,0.0,0.09999999999999999,0.4
2024-06-01,0.03696776752429459,0.03616776752429459,0.2,5,True,0.0008,3.7275367588551847,-0.018541008217007215,0.0,0.13333333333333333,0.13333333333333333,0.0,0.0,0.0,0.1,0.0,0.0,0.1,0.0,0.0,0.0,0.0,0.0,0.13333333333333333,0.4
2024-07-01,-0.028708666620330857,-0.028708666620330857,0.0,0,False,0.0,3.8622432028178477,-0.0024296389640073857,0.0,0.13333333333333333,0.13333333333333333,0.0,0.0,0.0,0.1,0.0,0.0,0.1,0.0,0.0,0.0,0.0,0.0,0.13333333333333333,0.4
2024-08-01,0.0006276257867057361,9.429245337240282e-05,0.13333333333333333,2,True,0.0005333333333333333,3.7493626231813524,-0.04904429159568979,0.0,0.0,0.13333333333333333,0.0,0.0,0.0,0.1,0.0,0.13333333333333333,0.1,0.0,0.0,0.0,0.0,0.0,0.13333333333333333,0.4
2024-09-01,0.04005202926577778,0.04005202926577778,0.0,0,False,0.0,3.850352953780332,-0.023429982970814778,0.0,0.0,0.13333333333333333,0.0,0.0,0.0,0.1,0.0,0.13333333333333333,0.1,0.0,0.0,0.0,0.0,0.0,0.13333333333333333,0.4
2024-10-01,0.00866809475000322,0.008134761416669887,0.13333333333333333,2,True,0.0005333333333333333,4.002431633687133,-0.010309523517478714,0.0,0.13333333333333333,0.13333333333333333,0.0,0.0,0.0,0.1,0.0,0.13333333333333333,0.1,0.0,0.0,0.0,0.0,0.0,0.0,0.4
2024-11-01,-0.002198899947944274,-0.0043322332812776075,0.5333333333333333,5,True,0.0021333333333333334,4.028512556792332,-0.02422935557564132,0.0,0.0,0.13333333333333333,0.0,0.4,0.0,0.0,0.0,0.13333333333333333,0.1,0.0,0.0,0.13333333333333333,0.0,0.0,0.0,0.1
2024-12-01,-0.009102162672498249,-0.010035496005831581,0.23333333333333334,5,True,0.0009333333333333334,4.039662901167401,-0.021528562525345518,0.0,0.0,0.16666666666666666,0.0,0.4,0.0,0.0,0.0,0.16666666666666666,0.0,0.0,0.0,0.0,0.0,0.0,0.16666666666666666,0.1
2025-01-01,-0.0032402010208448353,-0.006840201020844835,0.8999999999999999,7,True,0.0036,3.855788378701315,-0.06606593426009189,0.0,0.0,0.0,0.0,0.0,0.0,0.1,0.0,0.0,0.5,0.0,0.0,0.0,0.0,0.0,0.0,0.4
2025-02-01,0.007481849461750168,0.004281849461750168,0.8,7,True,0.0032,3.8526601506025857,-0.06682364150433451,0.0,0.13333333333333333,0.13333333333333333,0.0,0.4,0.0,0.0,0.0,0.13333333333333333,0.1,0.0,0.0,0.0,0.0,0.0,0.0,0.1
2025-03-01,0.034487553807844344,0.03408755380784435,0.09999999999999999,4,True,0.00039999999999999996,3.8446347615387375,-0.06876752003225017,0.0,0.16666666666666666,0.16666666666666666,0.0,0.4,0.0,0.0,0.0,0.16666666666666666,0.0,0.0,0.0,0.0,0.0,0.0,0.0,0.1
2025-04-01,0.004579431324683619,0.002712764658016952,0.4666666666666667,7,True,0.0018666666666666666,3.9682147319760688,-0.03883446020145409,0.0,0.06666666666666667,0.06666666666666667,0.0,0.4,0.0,0.1,0.0,0.0,0.3,0.0,0.0,0.0,0.0,0.0,0.06666666666666667,0.0
2025-05-01,0.032749928442020765,0.0324832617753541,0.06666666666666667,2,True,0.0002666666666666666,3.9853238623163976,-0.034690353188662315,0.0,0.06666666666666667,0.06666666666666667,0.0,0.4,0.0,0.1,0.0,0.0,0.3,0.0,0.0,0.0,0.0,0.06666666666666667,0.0,0.0
2025-06-01,0.011400782491270533,0.010734115824603867,0.16666666666666663,5,True,0.0006666666666666665,4.05668862169904,-0.017404658712029675,0.0,0.0,0.09999999999999999,0.0,0.4,0.0,0.1,0.0,0.09999999999999999,0.2,0.0,0.0,0.0,0.0,0.09999999999999999,0.0,0.0
2025-07-01,0.007073380268955572,0.006273380268955572,0.2,6,True,0.0008,4.096922592075545,-0.007659342879306363,0.0,0.0,0.13333333333333333,0.0,0.4,0.0,0.0,0.0,0.13333333333333333,0.1,0.0,0.0,0.0,0.0,0.13333333333333333,0.0,0.1
2025-08-01,0.03484656635482225,0.03484656635482225,0.0,0,False,0.0,4.12590168350177,-0.01691009764382767,0.0,0.0,0.13333333333333333,0.0,0.4,0.0,0.0,0.0,0.13333333333333333,0.1,0.0,0.0,0.0,0.0,0.13333333333333333,0.0,0.1
2025-09-01,0.0801984491880229,0.0801984491880229,0.0,0,False,0.0,4.233507195446516,0.0,0.0,0.0,0.13333333333333333,0.0,0.4,0.0,0.0,0.0,0.13333333333333333,0.1,0.0,0.0,0.0,0.0,0.13333333333333333,0.0,0.1
2025-10-01,0.04080341221115144,0.04040341221115144,0.09999999999999999,4,True,0.00039999999999999996,4.571198695984805,0.0,0.0,0.0,0.16666666666666666,0.0,0.4,0.0,0.0,0.0,0.16666666666666666,0.0,0.0,0.0,0.0,0.0,0.16666666666666666,0.0,0.1
2025-11-01,0.01982567684501936,0.01942567684501936,0.09999999999999999,4,True,0.00039999999999999996,4.741253239902033,-0.04156165300061876,0.0,0.0,0.13333333333333333,0.0,0.4,0.0,0.0,0.0,0.13333333333333333,0.1,0.0,0.0,0.0,0.0,0.13333333333333333,0.0,0.1
2025-12-01,0.01033229472012123,0.009398961386787898,0.23333333333333334,5,True,0.0009333333333333334,4.828806597244766,-0.02386285252744491,0.0,0.16666666666666666,0.16666666666666666,0.0,0.4,0.0,0.0,0.0,0.16666666666666666,0.0,0.0,0.0,0.0,0.0,0.0,0.0,0.1
2026-01-01,0.05610785864862818,0.05544119198196151,0.16666666666666666,2,True,0.0006666666666666666,4.684807590589221,-0.07070399834660468,0.0,0.0,0.16666666666666666,0.0,0.4,0.0,0.0,0.0,0.16666666666666666,0.0,0.0,0.0,0.0,0.0,0.16666666666666666,0.0,0.1
2026-02-01,0.11094913666241385,0.10961580332908051,0.3333333333333333,4,True,0.0013333333333333333,5.08284856079873,-0.06015268012498398,0.0,0.16666666666666666,0.16666666666666666,0.0,0.4,0.0,0.0,0.0,0.0,0.0,0.0,0.0,0.0,0.0,0.0,0.16666666666666666,0.1
2026-03-01,-0.0642590034523965,-0.06492567011906317,0.16666666666666666,2,True,0.0006666666666666666,5.551115182865175,0.0,0.0,0.0,0.16666666666666666,0.0,0.4,0.0,0.0,0.0,0.0,0.0,0.0,0.0,0.16666666666666666,0.0,0.0,0.16666666666666666,0.1
2026-04-01,0.007766607618819031,0.006299940952152364,0.36666666666666664,5,True,0.0014666666666666667,5.183329732559515,-0.06625433596494568,0.0,0.06666666666666667,0.06666666666666667,0.0,0.4,0.0,0.0,0.0,0.0,0.3,0.0,0.0,0.0,0.0,0.0,0.06666666666666667,0.1
2026-05-01,0.0175899424664471,0.014923275799780434,0.6666666666666667,7,True,0.0026666666666666666,5.20965705642926,-0.061511626977207245,0.0,0.5333333333333333,0.0,0.0,0.0,0.0,0.0,0.0,0.13333333333333333,0.1,0.0,0.0,0.0,0.0,0.0,0.13333333333333333,0.1
2026-06-01,-0.05741659640812328,-0.05861659640812328,0.30000000000000004,2,True,0.0012000000000000001,5.315975395024713,-0.04235901798007646,0.0,0.23333333333333334,0.0,0.0,0.0,0.0,0.0,0.0,0.13333333333333333,0.1,0.0,0.0,0.0,0.0,0.0,0.13333333333333333,0.4
2026-07-01,0.0,-0.0008,0.2,4,True,0.0008,5.015169999152752,-0.09654730014731883,0.0,0.13333333333333333,0.0,0.0,0.0,0.1,0.1,0.0,0.13333333333333333,0.0,0.0,0.0,0.0,0.0,0.0,0.13333333333333333,0.4
2026-08-01,0.0,-0.002,0.5,3,True,0.002,4.951012547834398,-0.10810487897695498,0.5,0.13333333333333333,0.0,0.0,0.0,0.1,0.0,0.0,0.13333333333333333,0.0,0.0,0.0,0.0,0.0,0.0,0.13333333333333333,0.0
