date,gross_return,net_return,turnover,operations,signal_changed,trade_cost,equity,drawdown,w__CASH,w_dbc.us,w_gld.us,w_hyg.us,w_iau.us,w_ief.us,w_ivv.us,w_lqd.us,w_qqq.us,w_rsp.us,w_shy.us,w_spy.us,w_tlt.us,w_vnq.us,w_vt.us,w_vwo.us,w_xle.us,w_xlk.us,w_xlp.us,w_xlv.us
2007-05-01,0.01516890045664387,0.01316890045664387,0.5,5,True,0.002,0.998,0.0,0.5,0.0,0.0,0.0,0.0,0.08333333333333333,0.0,0.0,0.0,0.0,0.0,0.0,0.0,0.0,0.0,0.0,0.1388888888888889,0.0,0.1388888888888889,0.1388888888888889
2007-06-01,-0.00011631428683126855,-0.001449647620164602,0.33333333333333337,6,True,0.0013333333333333335,1.0117877112388562,-0.0001530347744317373,0.5,0.0,0.0,0.0,0.0,0.0,0.0,0.0,0.0,0.0,0.25,0.0,0.0,0.0,0.0,0.08333333333333333,0.0,0.0,0.08333333333333333,0.08333333333333333
2007-07-01,0.00021110795937486371,-0.0005666698184029139,0.19444444444444442,6,True,0.0007777777777777776,1.0094898804429189,-0.002423747417409805,0.5,0.0,0.0,0.0,0.0,0.0,0.0,0.0,0.05555555555555556,0.0,0.3333333333333333,0.0,0.0,0.0,0.0,0.05555555555555556,0.05555555555555556,0.0,0.0,0.0
2007-08-01,0.006169172314548912,0.005946950092326689,0.05555555555555556,2,True,0.00022222222222222223,1.0086934633163638,-0.011036541637516772,0.5,0.05555555555555556,0.0,0.0,0.0,0.0,0.0,0.0,0.0,0.0,0.3333333333333333,0.0,0.0,0.0,0.0,0.05555555555555556,0.05555555555555556,0.0,0.0,0.0
2007-09-01,0.0270846954484229,0.025529139892867342,0.3888888888888889,6,True,0.0015555555555555555,1.0142779882608213,-0.005561249784009403,0.5,0.0,0.0,0.0,0.0,0.16666666666666666,0.0,0.0,0.11111111111111112,0.0,0.0,0.0,0.0,0.0,0.0,0.11111111111111112,0.11111111111111112,0.0,0.0,0.0
2007-10-01,0.014806785858066537,0.014362341413622092,0.11111111111111112,2,True,0.00044444444444444447,1.0396666200973652,0.0,0.5,0.11111111111111112,0.0,0.0,0.0,0.16666666666666666,0.0,0.0,0.0,0.0,0.0,0.0,0.0,0.0,0.0,0.11111111111111112,0.11111111111111112,0.0,0.0,0.0
2007-11-01,-0.003535666219803576,-0.0038689995531369097,0.08333333333333334,4,True,0.0003333333333333334,1.054709054191225,-0.009432880545619526,0.5,0.1388888888888889,0.0,0.0,0.0,0.08333333333333333,0.0,0.0,0.0,0.0,0.0,0.0,0.0,0.0,0.0,0.1388888888888889,0.1388888888888889,0.0,0.0,0.0
2007-12-01,0.0032106340879359944,0.001988411865713772,0.3055555555555556,5,True,0.0012222222222222224,1.0490036890022991,-0.01858610244396608,0.5,0.05555555555555556,0.0,0.0,0.0,0.3333333333333333,0.0,0.0,0.0,0.0,0.0,0.0,0.05555555555555556,0.0,0.0,0.05555555555555556,0.0,0.0,0.0,0.0
2008-01-01,0.005370558794842537,0.004926114350398093,0.11111111111111112,4,True,0.00044444444444444447,1.0374294724671822,-0.029414564803035725,0.5,0.05555555555555556,0.05555555555555556,0.0,0.0,0.3333333333333333,0.0,0.0,0.0,0.0,0.0,0.0,0.0,0.0,0.0,0.0,0.05555555555555556,0.0,0.0,0.0
2008-02-01,0.0022265367895356603,0.0015598701228689935,0.16666666666666669,4,True,0.0006666666666666668,1.04184246742809,-0.025285909556266528,0.5,0.0,0.0,0.0,0.0,0.5,0.0,0.0,0.0,0.0,0.0,0.0,0.0,0.0,0.0,0.0,0.0,0.0,0.0,0.0
2008-03-01,0.0022696025787016794,0.0022696025787016794,0.0,0,False,0.0,1.0470684507488115,-0.02039664871464808,0.5,0.0,0.0,0.0,0.0,0.5,0.0,0.0,0.0,0.0,0.0,0.0,0.0,0.0,0.0,0.0,0.0,0.0,0.0,0.0
2008-04-01,-0.008935037066656604,-0.008935037066656604,0.0,0,False,0.0,1.0494448800047083,-0.018173338422466045,0.5,0.0,0.0,0.0,0.0,0.5,0.0,0.0,0.0,0.0,0.0,0.0,0.0,0.0,0.0,0.0,0.0,0.0,0.0,0.0
2008-05-01,0.0006432608646328086,0.0003099275312994753,0.08333333333333331,4,True,0.00033333333333333327,1.039721361752086,-0.027270347371347148,0.5,0.027777777777777773,0.027777777777777773,0.0,0.0,0.4166666666666667,0.0,0.0,0.0,0.0,0.0,0.0,0.0,0.0,0.0,0.0,0.027777777777777773,0.0,0.0,0.0
2008-06-01,-0.000609572781848644,-0.002609572781848644,0.5,5,True,0.002,1.0385447628718596,-0.02837113519984502,0.5,0.0,0.0,0.0,0.0,0.0,0.0,0.0,0.0,0.0,0.5,0.0,0.0,0.0,0.0,0.0,0.0,0.0,0.0,0.0
2008-07-01,-0.04837317733913583,-0.052373177339135824,1.0,5,True,0.004,1.0316925273797253,-0.03478186493493607,0.0,0.4,0.0,0.0,0.1,0.5,0.0,0.0,0.0,0.0,0.0,0.0,0.0,0.0,0.0,0.0,0.0,0.0,0.0,0.0
2008-08-01,0.008957855712950491,0.006957855712950491,0.5,3,True,0.002,0.9797087848321394,-0.08341617186639994,0.5,0.0,0.0,0.0,0.0,0.5,0.0,0.0,0.0,0.0,0.0,0.0,0.0,0.0,0.0,0.0,0.0,0.0,0.0,0.0
2008-09-01,-0.0011866510295563404,-0.0011866510295563404,0.0,0,False,0.0,0.9873912781426158,-0.07622867979003389,0.5,0.0,0.0,0.0,0.0,0.5,0.0,0.0,0.0,0.0,0.0,0.0,0.0,0.0,0.0,0.0,0.0,0.0,0.0,0.0
2008-10-01,0.0035629827454024543,0.0015629827454024543,0.5,2,True,0.002,0.9842471500873013,-0.07917022423027908,0.5,0.0,0.0,0.0,0.0,0.0,0.0,0.0,0.0,0.0,0.5,0.0,0.0,0.0,0.0,0.0,0.0,0.0,0.0,0.0
2008-11-01,0.00433785883441784,0.00433785883441784,0.0,0,False,0.0,0.9887519939442356,-0.07495563812932826,0.5,0.0,0.0,0.0,0.0,0.0,0.0,0.0,0.0,0.0,0.5,0.0,0.0,0.0,0.0,0.0,0.0,0.0,0.0,0.0
2008-12-01,0.009926842387887547,0.007926842387887547,0.5,2,True,0.002,0.9910549783951826,-0.07280104041941515,0.5,0.0,0.0,0.0,0.0,0.5,0.0,0.0,0.0,0.0,0.0,0.0,0.0,0.0,0.0,0.0,0.0,0.0,0.0,0.0
2009-01-01,-0.009419865218189383,-0.009419865218189383,0.0,0,False,0.0,1.0081854689681555,-0.05677430791453886,0.5,0.0,0.0,0.0,0.0,0.5,0.0,0.0,0.0,0.0,0.0,0.0,0.0,0.0,0.0,0.0,0.0,0.0,0.0,0.0
2009-02-01,-0.003599276982280075,-0.003599276982280075,0.0,0,False,0.0,0.9960779287517479,-0.06810173064734393,0.5,0.0,0.0,0.0,0.0,0.5,0.0,0.0,0.0,0.0,0.0,0.0,0.0,0.0,0.0,0.0,0.0,0.0,0.0,0.0
2009-03-01,0.011720106021196885,0.011720106021196885,0.0,0,False,0.0,0.9888400309188727,-0.0748732735854154,0.5,0.0,0.0,0.0,0.0,0.5,0.0,0.0,0.0,0.0,0.0,0.0,0.0,0.0,0.0,0.0,0.0,0.0,0.0,0.0
2009-04-01,-0.017547698190896688,-0.017547698190896688,0.0,0,False,0.0,1.0004293409192453,-0.06403069026879393,0.5,0.0,0.0,0.0,0.0,0.5,0.0,0.0,0.0,0.0,0.0,0.0,0.0,0.0,0.0,0.0,0.0,0.0,0.0,0.0
2009-05-01,0.04495026733582286,0.042950267335822856,0.5,2,True,0.002,0.9809083605659098,-0.08229388763743517,0.0,0.0,0.0,0.0,0.0,0.5,0.0,0.0,0.0,0.0,0.0,0.0,0.0,0.0,0.5,0.0,0.0,0.0,0.0,0.0
2009-06-01,-0.01677735015546707,-0.018777350155467068,0.5,5,True,0.002,1.0229504526980806,-0.042960667045917056,0.0,0.0,0.05555555555555556,0.0,0.0,0.0,0.0,0.05555555555555556,0.0,0.0,0.3333333333333333,0.0,0.0,0.0,0.5,0.05555555555555556,0.0,0.0,0.0,0.0
2009-07-01,0.05201197810687508,0.05134531144020841,0.16666666666666669,4,True,0.0006666666666666668,1.0051175293916306,-0.059644572880077185,0.0,0.0,0.0,0.0,0.0,0.0,0.0,0.0,0.0,0.0,0.5,0.0,0.0,0.0,0.5,0.0,0.0,0.0,0.0,0.0
2009-08-01,-0.008720790167964398,-0.009387456834631065,0.16666666666666669,4,True,0.0006666666666666668,1.046991989553713,-0.020468183333906542,0.0,0.0,0.05555555555555556,0.0,0.0,0.0,0.0,0.05555555555555556,0.0,0.0,0.3333333333333333,0.0,0.0,0.0,0.5,0.05555555555555556,0.0,0.0,0.0,0.0
2009-09-01,0.0376404791074983,0.03675159021860941,0.22222222222222224,5,True,0.0008888888888888889,1.036247556079863,-0.03052032751905398,0.0,0.0,0.11111111111111112,0.0,0.0,0.0,0.0,0.11111111111111112,0.0,0.0,0.16666666666666666,0.0,0.0,0.11111111111111112,0.5,0.0,0.0,0.0,0.0,0.0
2009-10-01,0.042278383975664975,0.0395006061978872,0.6944444444444444,7,True,0.002777777777777778,1.0722655983131146,-0.04011001050292329,0.0,0.0,0.1388888888888889,0.1388888888888889,0.5,0.0,0.0,0.1388888888888889,0.0,0.0,0.08333333333333333,0.0,0.0,0.0,0.0,0.0,0.0,0.0,0.0,0.0
2009-11-01,0.09106648442610663,0.08977759553721773,0.3222222222222222,6,True,0.001288888888888889,1.1098634017299618,-0.010545218188467986,0.0,0.0,0.1388888888888889,0.0,0.4,0.08333333333333333,0.0,0.1388888888888889,0.0,0.0,0.0,0.0,0.0,0.0,0.0,0.1388888888888889,0.0,0.1,0.0,0.0
2009-12-01,-0.026665185045975644,-0.0272207406015312,0.1388888888888889,2,True,0.0005555555555555556,1.2087021251172796,0.0,0.0,0.1388888888888889,0.1388888888888889,0.0,0.4,0.08333333333333333,0.0,0.0,0.0,0.0,0.0,0.0,0.0,0.0,0.0,0.1388888888888889,0.0,0.1,0.0,0.0
2010-01-01,-0.03614690344161833,-0.037035792330507224,0.2222222222222222,4,True,0.0008888888888888889,1.1291103263305096,-0.07292478728377383,0.0,0.1388888888888889,0.1388888888888889,0.0,0.4,0.0,0.0,0.0,0.1388888888888889,0.0,0.08333333333333333,0.0,0.0,0.0,0.0,0.0,0.0,0.1,0.0,0.0
2010-02-01,0.015274400588343404,0.014052178366121182,0.3055555555555556,6,True,0.0012222222222222224,1.086000151936126,-0.10832112824789675,0.0,0.0,0.11111111111111112,0.0,0.4,0.0,0.0,0.0,0.0,0.0,0.16666666666666666,0.0,0.0,0.11111111111111112,0.0,0.11111111111111112,0.0,0.1,0.0,0.0
2010-03-01,0.04153354179092475,0.03915576401314697,0.5944444444444444,8,True,0.0023777777777777777,1.0999664436868524,-0.09685386717187727,0.0,0.0,0.1388888888888889,0.0,0.0,0.0,0.1,0.0,0.0,0.0,0.08333333333333333,0.0,0.0,0.1388888888888889,0.0,0.0,0.0,0.4,0.0,0.1388888888888889
2010-04-01,0.038831514455882225,0.03723151445588223,0.4,3,True,0.0016,1.1438189028308243,-0.06084806070551496,0.0,0.0,0.1388888888888889,0.0,0.4,0.0,0.0,0.0,0.0,0.0,0.08333333333333333,0.0,0.0,0.1388888888888889,0.0,0.0,0.0,0.1,0.0,0.1388888888888889
2010-05-01,-0.01720732519607842,-0.017762880751633976,0.1388888888888889,2,True,0.0005555555555555556,1.1782238618460001,-0.032599284696933295,0.0,0.0,0.1388888888888889,0.0,0.4,0.0,0.0,0.0,0.1388888888888889,0.0,0.08333333333333333,0.0,0.0,0.1388888888888889,0.0,0.0,0.0,0.1,0.0,0.0
2010-06-01,-0.00920476289100389,-0.010538096224337224,0.33333333333333337,6,True,0.0013333333333333335,1.1557633999673567,-0.051040828440066965,0.0,0.0,0.08333333333333333,0.0,0.4,0.25,0.0,0.0,0.0,0.0,0.0,0.0,0.08333333333333333,0.08333333333333333,0.0,0.0,0.0,0.1,0.0,0.0
2010-07-01,0.00773798670869239,0.00673798670869239,0.24999999999999997,4,True,0.0009999999999999998,1.1439797470406445,-0.0607159968349118,0.0,0.0,0.0,0.0,0.4,0.5,0.0,0.0,0.0,0.0,0.0,0.0,0.0,0.0,0.0,0.0,0.0,0.1,0.0,0.0
2010-08-01,0.033664819804982274,0.03233148647164894,0.33333333333333337,4,True,0.0013333333333333335,1.1530424071736594,-0.05327494579263281,0.0,0.0,0.11111111111111112,0.0,0.4,0.16666666666666666,0.0,0.0,0.0,0.0,0.0,0.0,0.11111111111111112,0.11111111111111112,0.0,0.0,0.0,0.1,0.0,0.0
2010-09-01,0.035273105775425195,0.03393977244209186,0.33333333333333337,4,True,0.0013333333333333335,1.188683199241,-0.02401146806447607,0.0,0.0,0.0,0.0,0.4,0.5,0.0,0.0,0.0,0.0,0.0,0.0,0.0,0.0,0.0,0.0,0.0,0.1,0.0,0.0
2010-10-01,0.01115120607788412,0.00915120607788412,0.49999999999999994,4,True,0.0019999999999999996,1.2281505239663757,-0.0020602394722089024,0.0,0.0,0.16666666666666666,0.0,0.4,0.0,0.0,0.16666666666666666,0.0,0.0,0.0,0.0,0.16666666666666666,0.0,0.0,0.0,0.0,0.1,0.0,0.0
2010-11-01,0.006032485455533682,0.006032485455533682,0.0,0,False,0.0,1.2418458835537862,-0.013084581537255335,0.0,0.0,0.16666666666666666,0.0,0.4,0.0,0.0,0.16666666666666666,0.0,0.0,0.0,0.0,0.16666666666666666,0.0,0.0,0.0,0.0,0.1,0.0,0.0
2010-12-01,0.018413173293920882,0.017524284405031995,0.22222222222222218,5,True,0.0008888888888888887,1.2482267787391972,-0.02193151302602836,0.0,0.0,0.1388888888888889,0.0,0.4,0.08333333333333333,0.0,0.1388888888888889,0.0,0.0,0.0,0.0,0.0,0.1388888888888889,0.0,0.0,0.0,0.1,0.0,0.0
2011-01-01,-0.010848349343173944,-0.011737238232062833,0.2222222222222222,4,True,0.0008888888888888889,1.2431664168267775,-0.025896642282604798,0.0,0.0,0.1388888888888889,0.0,0.4,0.0,0.0,0.0,0.0,0.0,0.08333333333333333,0.0,0.0,0.1388888888888889,0.0,0.0,0.1388888888888889,0.1,0.0,0.0
2011-02-01,0.04441990171080665,0.04441990171080665,0.0,0,False,0.0,1.2285870642557875,-0.03732053219832321,0.0,0.0,0.1388888888888889,0.0,0.4,0.0,0.0,0.0,0.0,0.0,0.08333333333333333,0.0,0.0,0.1388888888888889,0.0,0.0,0.1388888888888889,0.1,0.0,0.0
2011-03-01,0.005178964141409275,0.005178964141409275,0.0,0,False,0.0,1.2831607808931982,0.0,0.0,0.0,0.1388888888888889,0.0,0.4,0.0,0.0,0.0,0.0,0.0,0.08333333333333333,0.0,0.0,0.1388888888888889,0.0,0.0,0.1388888888888889,0.1,0.0,0.0
2011-04-01,0.05310184660855516,0.05310184660855516,0.0,0,False,0.0,1.2898062245651074,-0.0021173834921554002,0.0,0.0,0.1388888888888889,0.0,0.4,0.0,0.0,0.0,0.0,0.0,0.08333333333333333,0.0,0.0,0.1388888888888889,0.0,0.0,0.1388888888888889,0.1,0.0,0.0
2011-05-01,-0.012899270384211695,-0.014188159273100583,0.3222222222222222,7,True,0.001288888888888889,1.3711495199249066,0.0,0.0,0.1,0.16666666666666666,0.0,0.4,0.0,0.0,0.16666666666666666,0.0,0.0,0.0,0.0,0.0,0.0,0.0,0.0,0.16666666666666666,0.0,0.0,0.0
2011-06-01,-0.02988836676337603,-0.030555033430042695,0.16666666666666666,2,True,0.0006666666666666666,1.350777562120645,-0.014857575711638926,0.0,0.1,0.16666666666666666,0.0,0.4,0.0,0.0,0.16666666666666666,0.0,0.0,0.0,0.0,0.16666666666666666,0.0,0.0,0.0,0.0,0.0,0.0,0.0
2011-07-01,0.051693086851786765,0.05040419796289788,0.3222222222222222,7,True,0.0012888888888888887,1.3086760691319592,-0.045562828768936026,0.0,0.0,0.1388888888888889,0.0,0.4,0.08333333333333333,0.1,0.1388888888888889,0.0,0.0,0.0,0.0,0.0,0.0,0.0,0.0,0.1388888888888889,0.0,0.0,0.0
2011-08-01,0.08506391253966722,0.08417502365077834,0.22222222222222218,5,True,0.0008888888888888887,1.3751021743234884,-0.006276690201818758,0.0,0.0,0.16666666666666666,0.0,0.4,0.0,0.1,0.16666666666666666,0.0,0.0,0.0,0.0,0.16666666666666666,0.0,0.0,0.0,0.0,0.0,0.0,0.0
2011-09-01,-0.04221213813810569,-0.04361213813810569,0.35,6,True,0.0013999999999999998,1.4899848421696695,-0.020481594234826095,0.0,0.1,0.08333333333333333,0.0,0.4,0.25,0.0,0.08333333333333333,0.0,0.0,0.0,0.0,0.08333333333333333,0.0,0.0,0.0,0.0,0.0,0.0,0.0
2011-10-01,0.021342677593571627,0.01994267759357163,0.35,6,True,0.0013999999999999998,1.4080749190981834,-0.07432930797834203,0.0,0.0,0.0,0.0,0.4,0.5,0.0,0.0,0.0,0.0,0.0,0.0,0.0,0.0,0.0,0.0,0.0,0.1,0.0,0.0
2011-11-01,0.0022572486703589497,0.0009239153370256162,0.33333333333333337,4,True,0.0013333333333333335,1.434198812138967,-0.057155419130971885,0.0,0.0,0.11111111111111112,0.0,0.4,0.16666666666666666,0.0,0.11111111111111112,0.0,0.0,0.0,0.0,0.11111111111111112,0.0,0.0,0.0,0.0,0.1,0.0,0.0
2011-12-01,0.008705942449941237,0.006217053561052347,0.6222222222222222,8,True,0.002488888888888889,1.4338585366247851,-0.05737911679536356,0.0,0.0,0.05555555555555556,0.0,0.0,0.3333333333333333,0.1,0.0,0.0,0.0,0.0,0.0,0.05555555555555556,0.0,0.0,0.0,0.0,0.4,0.05555555555555556,0.0
2012-01-01,0.03202092915047453,0.03146537359491898,0.13888888888888887,5,True,0.0005555555555555554,1.4013929422938782,-0.0787220501603243,0.0,0.0,0.0,0.0,0.0,0.25,0.1,0.08333333333333333,0.0,0.0,0.0,0.0,0.08333333333333333,0.0,0.0,0.0,0.0,0.4,0.08333333333333333,0.0
2012-02-01,-0.005177169166074499,-0.007110502499407832,0.48333333333333334,5,True,0.0019333333333333333,1.4426688023243683,-0.05158723410757937,0.0,0.0,0.08333333333333333,0.0,0.4,0.25,0.0,0.08333333333333333,0.0,0.0,0.0,0.0,0.08333333333333333,0.0,0.0,0.0,0.0,0.1,0.0,0.0
2012-03-01,0.024686372322145093,0.02175303898881176,0.7333333333333334,8,True,0.0029333333333333334,1.430989942289257,-0.05926493527539056,0.0,0.0,0.0,0.0,0.0,0.0,0.1,0.16666666666666666,0.0,0.0,0.0,0.0,0.16666666666666666,0.0,0.0,0.0,0.0,0.4,0.16666666666666666,0.0
2012-04-01,-0.0026678791778873175,-0.003734545844553984,0.26666666666666666,4,True,0.0010666666666666667,1.4548230910927054,-0.04359698533415235,0.0,0.0,0.0,0.0,0.1,0.0,0.0,0.0,0.0,0.0,0.0,0.0,0.16666666666666666,0.0,0.0,0.0,0.0,0.4,0.16666666666666666,0.16666666666666666
2012-05-01,-0.025653443586562626,-0.02760899914211818,0.48888888888888893,7,True,0.0019555555555555554,1.4465597568699178,-0.04902931439893887,0.0,0.0,0.0,0.0,0.0,0.3333333333333333,0.1,0.05555555555555556,0.0,0.0,0.0,0.0,0.05555555555555556,0.0,0.0,0.0,0.0,0.4,0.05555555555555556,0.0
2012-06-01,0.02981342829023729,0.029146761623570622,0.16666666666666669,4,True,0.0006666666666666668,1.408510884073962,-0.0740427039096575,0.0,0.0,0.0,0.0,0.0,0.5,0.1,0.0,0.0,0.0,0.0,0.0,0.0,0.0,0.0,0.0,0.0,0.4,0.0,0.0
2012-07-01,0.01176032502364808,0.010760325023648081,0.24999999999999997,4,True,0.0009999999999999998,1.4435152022011966,-0.05103080948195471,0.0,0.0,0.0,0.0,0.0,0.25,0.1,0.08333333333333333,0.0,0.0,0.0,0.0,0.08333333333333333,0.0,0.0,0.0,0.0,0.4,0.08333333333333333,0.0
2012-08-01,0.020786617800207748,0.020453284466874413,0.0833333333333333,4,True,0.0003333333333333332,1.458544575105922,-0.04115047582309017,0.0,0.0,0.0,0.0,0.0,0.3333333333333333,0.1,0.05555555555555556,0.0,0.0,0.0,0.0,0.05555555555555556,0.0,0.0,0.0,0.0,0.4,0.05555555555555556,0.0
2012-09-01,0.010795563963827097,0.009795563963827096,0.25000000000000006,4,True,0.0010000000000000002,1.4903201867090137,-0.02026113820113784,0.0,0.0,0.0,0.0,0.0,0.08333333333333333,0.1,0.1388888888888889,0.0,0.0,0.0,0.0,0.1388888888888889,0.0,0.0,0.0,0.0,0.4,0.1388888888888889,0.0
2012-10-01,-0.02293024384228362,-0.023263577175616956,0.0833333333333333,4,True,0.0003333333333333332,1.5044009903694096,-0.01100439547264176,0.0,0.0,0.0,0.0,0.0,0.0,0.1,0.16666666666666666,0.0,0.0,0.0,0.0,0.16666666666666666,0.0,0.0,0.0,0.0,0.4,0.16666666666666666,0.0
2012-11-01,0.0013622790971691747,0.0010289457638358414,0.0833333333333333,4,True,0.0003333333333333332,1.4694147405873912,-0.03400441174145319,0.0,0.0,0.0,0.0,0.0,0.08333333333333333,0.1,0.1388888888888889,0.0,0.0,0.0,0.0,0.1388888888888889,0.0,0.0,0.0,0.0,0.4,0.1388888888888889,0.0
2012-12-01,0.021252992111445823,0.020364103222556933,0.2222222222222222,5,True,0.0008888888888888889,1.4737679839528852,-0.03114258262709302,0.0,0.0,0.0,0.16666666666666666,0.0,0.0,0.1,0.16666666666666666,0.0,0.0,0.0,0.0,0.0,0.0,0.0,0.0,0.0,0.4,0.16666666666666666,0.0
2013-01-01,0.009508779972137258,0.00861989108324837,0.2222222222222222,5,True,0.0008888888888888889,1.458078816420169,-0.04145666632411282,0.0,0.0,0.0,0.0,0.0,0.08333333333333333,0.1,0.1388888888888889,0.0,0.0,0.0,0.0,0.0,0.1388888888888889,0.0,0.0,0.0,0.4,0.1388888888888889,0.0
2013-02-01,0.0061424527782891584,0.005031341667178047,0.2777777777777778,6,True,0.0011111111111111111,1.4690009341046346,-0.034276448781571545,0.0,0.0,0.0,0.0,0.0,0.0,0.1,0.0,0.0,0.0,0.16666666666666666,0.0,0.0,0.11111111111111112,0.0,0.0,0.0,0.4,0.11111111111111112,0.11111111111111112
2013-03-01,0.01723754307121328,0.015904209737879947,0.33333333333333337,6,True,0.0013333333333333335,1.4760535040363372,-0.02964007808803526,0.0,0.0,0.0,0.0,0.0,0.25,0.1,0.08333333333333333,0.0,0.0,0.0,0.0,0.0,0.08333333333333333,0.0,0.0,0.0,0.4,0.08333333333333333,0.0
2013-04-01,0.01823437267483491,0.017901039341501574,0.08333333333333333,2,True,0.0003333333333333333,1.500996540874283,-0.013242485987118746,0.0,0.0,0.0,0.0,0.0,0.25,0.1,0.08333333333333333,0.0,0.0,0.0,0.0,0.0,0.0,0.0,0.0,0.0,0.4,0.08333333333333333,0.08333333333333333
2013-05-01,0.002231543660774986,0.001564876994108319,0.16666666666666669,5,True,0.0006666666666666668,1.5273473603367669,-0.004826966697854762,0.0,0.0,0.0,0.0,0.0,0.16666666666666666,0.1,0.11111111111111112,0.0,0.0,0.0,0.0,0.11111111111111112,0.0,0.0,0.0,0.0,0.4,0.11111111111111112,0.0
2013-06-01,-0.015470671760229605,-0.017470671760229605,0.5,8,True,0.002,1.5241405219469821,-0.02046829843775111,0.0,0.0,0.0,0.0,0.0,0.0,0.1,0.0,0.08333333333333333,0.08333333333333333,0.25,0.0,0.0,0.0,0.0,0.0,0.0,0.4,0.0,0.08333333333333333
2013-07-01,0.028864178410844515,0.02808640063306674,0.19444444444444448,5,True,0.0007777777777777778,1.4963951532987234,-0.03829963863975783,0.0,0.0,0.0,0.0,0.0,0.0,0.1,0.0,0.0,0.027777777777777773,0.4166666666666667,0.0,0.0,0.0,0.0,0.0,0.0,0.4,0.027777777777777773,0.027777777777777773
2013-08-01,-0.014140308757298124,-0.014251419868409235,0.027777777777777773,2,True,0.00011111111111111109,1.5394163047133307,-0.010650887726367131,0.0,0.0,0.0,0.0,0.0,0.0,0.1,0.0,0.027777777777777773,0.0,0.4166666666666667,0.0,0.0,0.0,0.0,0.0,0.0,0.4,0.027777777777777773,0.027777777777777773
2013-09-01,0.01851397003508386,0.018180636701750526,0.08333333333333331,4,True,0.00033333333333333327,1.5170572989698883,-0.02502053056818121,0.0,0.0,0.0,0.0,0.0,0.0,0.1,0.0,0.0,0.0,0.5,0.0,0.0,0.0,0.0,0.0,0.0,0.4,0.0,0.0
2013-10-01,0.028829863506636223,0.027829863506636222,0.24999999999999997,4,True,0.0009999999999999998,1.5430843753227468,-0.008293499156380113,0.0,0.0,0.0,0.08333333333333333,0.0,0.0,0.1,0.0,0.08333333333333333,0.0,0.25,0.0,0.0,0.0,0.0,0.0,0.08333333333333333,0.4,0.0,0.0
2013-11-01,0.020326543694689333,0.019993210361355998,0.08333333333333333,2,True,0.0003333333333333333,1.5870420968134435,-0.004784338319826609,0.0,0.0,0.0,0.0,0.0,0.0,0.1,0.0,0.08333333333333333,0.0,0.25,0.0,0.0,0.0,0.0,0.0,0.08333333333333333,0.4,0.0,0.08333333333333333
2013-12-01,0.01658481552557836,0.01658481552557836,0.0,0,False,0.0,1.6223186401214371,0.0,0.0,0.0,0.0,0.0,0.0,0.0,0.1,0.0,0.08333333333333333,0.0,0.25,0.0,0.0,0.0,0.0,0.0,0.08333333333333333,0.4,0.0,0.08333333333333333
2014-01-01,-0.027187926660047497,-0.027187926660047497,0.0,0,False,0.0,1.622438954008371,-0.020396485990053392,0.0,0.0,0.0,0.0,0.0,0.0,0.1,0.0,0.08333333333333333,0.0,0.25,0.0,0.0,0.0,0.0,0.0,0.08333333333333333,0.4,0.0,0.08333333333333333
2014-02-01,0.047271155091373473,0.04593782175804014,0.3333333333333333,4,True,0.0013333333333333333,1.6032641846144753,-0.03197391479388245,0.0,0.0,0.0,0.0,0.0,0.25,0.1,0.0,0.08333333333333333,0.08333333333333333,0.0,0.0,0.0,0.0,0.0,0.0,0.0,0.4,0.0,0.08333333333333333
2014-03-01,0.01395320375880282,0.012619870425469486,0.33333333333333337,6,True,0.0013333333333333335,1.6864635093665505,0.0,0.0,0.0,0.0,0.0,0.0,0.0,0.1,0.0,0.11111111111111112,0.0,0.16666666666666666,0.0,0.0,0.11111111111111112,0.0,0.0,0.0,0.4,0.0,0.11111111111111112
2014-04-01,-0.001942065977768803,-0.001942065977768803,0.0,0,False,0.0,1.7077150849067357,0.0,0.0,0.0,0.0,0.0,0.0,0.0,0.1,0.0,0.11111111111111112,0.0,0.16666666666666666,0.0,0.0,0.11111111111111112,0.0,0.0,0.0,0.4,0.0,0.11111111111111112
2014-05-01,0.028502907533966976,0.0277251297561892,0.19444444444444445,5,True,0.0007777777777777777,1.7030729461931955,-0.004064196700307443,0.0,0.0,0.0,0.0,0.0,0.0,0.1,0.0,0.1388888888888889,0.0,0.08333333333333333,0.0,0.0,0.0,0.0,0.0,0.1388888888888889,0.4,0.0,0.1388888888888889
2014-06-01,0.021149498700477116,0.019705054256032674,0.36111111111111105,6,True,0.0014444444444444444,1.752905308271646,0.0,0.0,0.0,0.0,0.0,0.0,0.08333333333333333,0.1,0.0,0.0,0.0,0.0,0.0,0.1388888888888889,0.1388888888888889,0.0,0.0,0.0,0.4,0.0,0.1388888888888889
2014-07-01,-0.002975626163815444,-0.003864515052704333,0.22222222222222224,5,True,0.0008888888888888889,1.785804058842279,0.0,0.0,0.0,0.16666666666666666,0.0,0.0,0.0,0.1,0.0,0.0,0.0,0.0,0.0,0.16666666666666666,0.16666666666666666,0.0,0.0,0.0,0.4,0.0,0.0
2014-08-01,0.033462257107545065,0.03190670155198951,0.3888888888888889,6,True,0.0015555555555555555,1.7777205221802448,-0.02104514245169753,0.0,0.0,0.0,0.0,0.0,0.16666666666666666,0.1,0.0,0.11111111111111112,0.0,0.0,0.0,0.11111111111111112,0.0,0.0,0.11111111111111112,0.0,0.4,0.0,0.0
2014-09-01,-0.02499230519349623,-0.025436749637940674,0.11111111111111112,2,True,0.00044444444444444447,1.8414390413029715,0.0,0.0,0.0,0.0,0.0,0.0,0.16666666666666666,0.1,0.0,0.0,0.0,0.0,0.0,0.11111111111111112,0.11111111111111112,0.0,0.11111111111111112,0.0,0.4,0.0,0.0
2014-10-01,0.030346112452487257,0.029346112452487257,0.25,6,True,0.001,1.7928246523004767,-0.028455241321870828,0.0,0.0,0.0,0.0,0.0,0.25,0.1,0.0,0.08333333333333333,0.0,0.0,0.0,0.08333333333333333,0.0,0.0,0.0,0.0,0.4,0.0,0.08333333333333333
2014-11-01,0.023225848317405113,0.022892514984071778,0.08333333333333333,2,True,0.0003333333333333333,1.8435385734677687,-0.0009729974566516919,0.0,0.0,0.0,0.0,0.0,0.25,0.1,0.0,0.0,0.0,0.0,0.0,0.08333333333333333,0.08333333333333333,0.0,0.0,0.0,0.4,0.0,0.08333333333333333
2014-12-01,0.0008448830562307183,0.000511549722897385,0.08333333333333333,2,True,0.0003333333333333333,1.8850989594570688,-0.007005567556624737,0.0,0.0,0.0,0.0,0.0,0.25,0.1,0.0,0.0,0.0,0.0,0.0,0.08333333333333333,0.0,0.0,0.0,0.0,0.4,0.08333333333333333,0.08333333333333333
2015-01-01,0.009270242586021034,0.008714687030465478,0.13888888888888887,5,True,0.0005555555555555554,1.8341956206457186,-0.03678697837043288,0.0,0.0,0.0,0.0,0.0,0.3333333333333333,0.1,0.0,0.0,0.0,0.0,0.0,0.05555555555555556,0.05555555555555556,0.0,0.0,0.0,0.4,0.05555555555555556,0.0
2015-02-01,0.02258489285673894,0.022251559523405604,0.0833333333333333,4,True,0.0003333333333333332,1.8409143361931886,-0.03325869914486712,0.0,0.0,0.0,0.0,0.0,0.25,0.1,0.0,0.0,0.0,0.0,0.0,0.08333333333333333,0.08333333333333333,0.0,0.0,0.0,0.4,0.08333333333333333,0.0
2015-03-01,-0.01160927845580727,-0.01160927845580727,0.0,0,False,0.0,1.879218765815195,-0.013143437183320561,0.0,0.0,0.0,0.0,0.0,0.25,0.1,0.0,0.0,0.0,0.0,0.0,0.08333333333333333,0.08333333333333333,0.0,0.0,0.0,0.4,0.08333333333333333,0.0
2015-04-01,0.017822566523790002,0.017489233190456668,0.08333333333333333,2,True,0.0003333333333333333,1.8567832577528403,-0.024925263107061224,0.0,0.0,0.0,0.0,0.0,0.25,0.1,0.0,0.0,0.0,0.0,0.0,0.08333333333333333,0.08333333333333333,0.0,0.0,0.0,0.4,0.0,0.08333333333333333
2015-05-01,0.006238544072458691,0.005571877405792024,0.16666666666666669,5,True,0.0006666666666666668,1.8886159836171441,-0.00820856412395743,0.0,0.0,0.0,0.0,0.0,0.16666666666666666,0.1,0.0,0.11111111111111112,0.0,0.0,0.0,0.11111111111111112,0.0,0.0,0.0,0.0,0.4,0.0,0.11111111111111112
2015-06-01,-0.02390988050031261,-0.024576547166979275,0.16666666666666669,5,True,0.0006666666666666668,1.899131265535112,-0.0029360133104724406,0.0,0.0,0.0,0.0,0.0,0.25,0.1,0.0,0.08333333333333333,0.0,0.0,0.0,0.0,0.0,0.0,0.0,0.0,0.4,0.08333333333333333,0.08333333333333333
2015-07-01,0.0200826481214188,0.0190826481214188,0.24999999999999997,4,True,0.0009999999999999998,1.8518695406578387,-0.027748918389300714,0.0,0.0,0.0,0.0,0.0,0.5,0.1,0.0,0.0,0.0,0.0,0.0,0.0,0.0,0.0,0.0,0.0,0.4,0.0,0.0
2015-08-01,-0.04795861024765386,-0.04829194358098719,0.08333333333333331,4,True,0.00033333333333333327,1.8855529357159078,-0.010064779977533966,0.0,0.0,0.0,0.0,0.0,0.4166666666666667,0.1,0.0,0.027777777777777773,0.0,0.0,0.0,0.0,0.0,0.0,0.0,0.0,0.4,0.027777777777777773,0.027777777777777773
2015-09-01,0.0064081460040422596,0.0060748126707089265,0.08333333333333331,4,True,0.00033333333333333327,1.7939278872039457,-0.0581688988490735,0.0,0.0,0.0,0.0,0.0,0.5,0.1,0.0,0.0,0.0,0.0,0.0,0.0,0.0,0.0,0.0,0.0,0.4,0.0,0.0
2015-10-01,0.05990079408403806,0.05990079408403806,0.0,0,False,0.0,1.8054236390258724,-0.052133507641749954,0.0,0.0,0.0,0.0,0.0,0.5,0.1,0.0,0.0,0.0,0.0,0.0,0.0,0.0,0.0,0.0,0.0,0.4,0.0,0.0
2015-11-01,0.0015985784146381225,0.0005985784146381227,0.24999999999999997,4,True,0.0009999999999999998,1.9057012989404425,-0.009496233521298136,0.0,0.0,0.0,0.0,0.0,0.25,0.1,0.0,0.0,0.0,0.0,0.0,0.08333333333333333,0.08333333333333333,0.0,0.0,0.0,0.4,0.08333333333333333,0.0
2015-12-01,-0.019997264886518852,-0.02077504266429663,0.19444444444444448,5,True,0.0007777777777777778,1.9053558672176276,-0.009675774471760601,0.0,0.0,0.0,0.0,0.0,0.4166666666666667,0.1,0.027777777777777773,0.0,0.0,0.0,0.0,0.0,0.027777777777777773,0.0,0.0,0.0,0.4,0.027777777777777773,0.0
2016-01-01,-0.0003439061371411922,-0.0006772394704745255,0.08333333333333331,4,True,0.00033333333333333327,1.8675716724415097,-0.02931441734822715,0.0,0.0,0.0,0.0,0.0,0.5,0.1,0.0,0.0,0.0,0.0,0.0,0.0,0.0,0.0,0.0,0.0,0.4,0.0,0.0
2016-02-01,0.015642293034293722,0.015642293034293722,0.0,0,False,0.0,1.8663070932807782,-0.029971692663310012,0.0,0.0,0.0,0.0,0.0,0.5,0.1,0.0,0.0,0.0,0.0,0.0,0.0,0.0,0.0,0.0,0.0,0.4,0.0,0.0
2016-03-01,0.002306436732666284,0.00030643673266628375,0.5,3,True,0.002,1.8917094148944062,-0.0167686291771324,0.5,0.0,0.0,0.0,0.0,0.5,0.0,0.0,0.0,0.0,0.0,0.0,0.0,0.0,0.0,0.0,0.0,0.0,0.0,0.0
2016-04-01,-0.017531973534960776,-0.02086530686829411,0.8333333333333334,7,True,0.0033333333333333335,1.8897522812331948,-0.01778586533266735,0.0,0.0,0.11111111111111112,0.0,0.0,0.16666666666666666,0.1,0.0,0.0,0.0,0.0,0.0,0.11111111111111112,0.11111111111111112,0.0,0.0,0.0,0.4,0.0,0.0
2016-05-01,0.014978114590754554,0.01464478125742122,0.08333333333333336,4,True,0.00033333333333333343,1.8521774515714458,-0.03731568898627513,0.0,0.0,0.08333333333333333,0.0,0.0,0.25,0.1,0.0,0.0,0.0,0.0,0.0,0.08333333333333333,0.08333333333333333,0.0,0.0,0.0,0.4,0.0,0.0
2016-06-01,0.02513456968247046,0.02413456968247046,0.25,5,True,0.001,1.8774136448864427,-0.024198972035939237,0.0,0.0,0.0,0.0,0.0,0.08333333333333333,0.1,0.0,0.0,0.0,0.0,0.0,0.1388888888888889,0.1388888888888889,0.0,0.0,0.0,0.4,0.1388888888888889,0.0
2016-07-01,0.03182976313790094,0.03105198536012316,0.19444444444444445,5,True,0.0007777777777777777,1.9231047165885768,-0.0004506654988261083,0.0,0.0,0.11111111111111112,0.0,0.0,0.16666666666666666,0.1,0.0,0.0,0.0,0.0,0.0,0.11111111111111112,0.0,0.0,0.0,0.0,0.4,0.11111111111111112,0.0
2016-08-01,-0.004837304654532388,-0.0056150824323101655,0.19444444444444445,5,True,0.0007777777777777777,1.9827733267859218,-0.0011185235045469977,0.0,0.0,0.1388888888888889,0.0,0.0,0.08333333333333333,0.1,0.0,0.0,0.0,0.0,0.0,0.1388888888888889,0.1388888888888889,0.0,0.0,0.0,0.4,0.0,0.0
2016-09-01,-0.0012048922137244287,-0.0020937811026133174,0.2222222222222222,5,True,0.0008888888888888889,1.971428108545028,-0.008941868790590446,0.0,0.0,0.16666666666666666,0.0,0.0,0.0,0.1,0.0,0.0,0.0,0.0,0.0,0.16666666666666666,0.0,0.0,0.0,0.0,0.4,0.16666666666666666,0.0
2016-10-01,-0.02006102044076933,-0.020727687107435996,0.16666666666666666,2,True,0.0006666666666666666,1.9775766305183773,-0.006586639937936956,0.0,0.0,0.16666666666666666,0.0,0.0,0.0,0.1,0.0,0.16666666666666666,0.0,0.0,0.0,0.16666666666666666,0.0,0.0,0.0,0.0,0.4,0.0,0.0
2016-11-01,-0.005528461115895387,-0.007084016671450943,0.3888888888888889,6,True,0.0015555555555555555,1.9335999807105562,-0.02867781495268651,0.0,0.0,0.0,0.11111111111111112,0.0,0.0,0.1,0.0,0.11111111111111112,0.0,0.16666666666666666,0.0,0.0,0.0,0.0,0.0,0.0,0.4,0.11111111111111112,0.0
2016-12-01,0.025466935579259765,0.024133602245926433,0.33333333333333337,4,True,0.0013333333333333335,1.920346268205631,-0.03533566824121526,0.0,0.0,0.0,0.0,0.0,0.0,0.1,0.0,0.0,0.0,0.5,0.0,0.0,0.0,0.0,0.0,0.0,0.4,0.0,0.0
2017-01-01,0.01656874894344362,0.015902082276776953,0.16666666666666669,4,True,0.0006666666666666668,1.9435445447528419,-0.023682275145457954,0.0,0.05555555555555556,0.0,0.0,0.0,0.0,0.1,0.0,0.05555555555555556,0.0,0.3333333333333333,0.0,0.0,0.0,0.0,0.0,0.05555555555555556,0.4,0.0,0.0
2017-02-01,0.03144481644272058,0.030778149776053917,0.16666666666666669,4,True,0.0006666666666666668,1.9731131956230379,-0.008828796215661128,0.0,0.11111111111111112,0.0,0.0,0.0,0.0,0.1,0.0,0.11111111111111112,0.0,0.16666666666666666,0.0,0.0,0.0,0.0,0.0,0.11111111111111112,0.4,0.0,0.0
2017-03-01,-0.005061533922319816,-0.005839311700097593,0.19444444444444445,5,True,0.0007777777777777777,2.0335744776973197,0.0,0.0,0.1388888888888889,0.0,0.0,0.0,0.0,0.1,0.0,0.1388888888888889,0.0,0.08333333333333333,0.1388888888888889,0.0,0.0,0.0,0.0,0.0,0.4,0.0,0.0
2017-04-01,0.023695431342958193,0.023139875787402637,0.1388888888888889,2,True,0.0005555555555555556,2.0286195460105487,-0.002436562683645449,0.0,0.0,0.0,0.0,0.0,0.0,0.1,0.0,0.1388888888888889,0.1388888888888889,0.08333333333333333,0.1388888888888889,0.0,0.0,0.0,0.0,0.0,0.4,0.0,0.0
2017-05-01,0.021195343944453833,0.020195343944453832,0.25,5,True,0.001,2.0734593104713834,0.0,0.0,0.0,0.0,0.08333333333333333,0.0,0.0,0.1,0.0,0.08333333333333333,0.08333333333333333,0.25,0.0,0.0,0.0,0.0,0.0,0.0,0.4,0.0,0.0
2017-06-01,-0.016984440613031136,-0.017651107279697802,0.16666666666666669,5,True,0.0006666666666666668,2.1159953890491807,0.0,0.0,0.0,0.0,0.11111111111111112,0.0,0.0,0.1,0.0,0.11111111111111112,0.0,0.16666666666666666,0.0,0.0,0.0,0.0,0.11111111111111112,0.0,0.4,0.0,0.0
2017-07-01,0.031809886843531934,0.031143220176865268,0.16666666666666669,5,True,0.0006666666666666668,2.0848577417087704,-0.022418786726380757,0.0,0.0,0.0,0.08333333333333333,0.0,0.0,0.1,0.0,0.0,0.08333333333333333,0.25,0.0,0.0,0.0,0.0,0.08333333333333333,0.0,0.4,0.0,0.0
2017-08-01,0.014802029866742767,0.014135363200076101,0.16666666666666669,5,True,0.0006666666666666668,2.148309550861903,-0.002209154784213241,0.0,0.11111111111111112,0.0,0.11111111111111112,0.0,0.0,0.1,0.0,0.0,0.0,0.16666666666666666,0.0,0.0,0.0,0.0,0.11111111111111112,0.0,0.4,0.0,0.0
2017-09-01,0.004119288584174271,0.0037859552508409376,0.08333333333333334,4,True,0.0003333333333333334,2.1793821900324373,0.0,0.0,0.1388888888888889,0.0,0.1388888888888889,0.0,0.0,0.1,0.0,0.0,0.0,0.08333333333333333,0.0,0.0,0.0,0.0,0.1388888888888889,0.0,0.4,0.0,0.0
2017-10-01,0.03396929115885014,0.03341373560329459,0.1388888888888889,2,True,0.0005555555555555556,2.1891682155822596,-0.002399056385706033,0.0,0.1388888888888889,0.0,0.1388888888888889,0.0,0.0,0.1,0.0,0.0,0.1388888888888889,0.08333333333333333,0.0,0.0,0.0,0.0,0.0,0.0,0.4,0.0,0.0
2017-11-01,0.011391163417207778,0.010280052306096667,0.2777777777777778,4,True,0.0011111111111111111,2.2597615508219984,0.0,0.0,0.0,0.0,0.0,0.0,0.0,0.1,0.0,0.0,0.1388888888888889,0.08333333333333333,0.1388888888888889,0.0,0.0,0.0,0.1388888888888889,0.0,0.4,0.0,0.0
2017-12-01,0.030577580958988666,0.029688692070099776,0.2222222222222222,5,True,0.0008888888888888889,2.283471305830062,-0.010073473419141998,0.0,0.0,0.0,0.0,0.0,0.0,0.1,0.0,0.16666666666666666,0.16666666666666666,0.0,0.0,0.0,0.0,0.0,0.16666666666666666,0.0,0.4,0.0,0.0
2018-01-01,0.05416736800037908,0.05350070133371241,0.16666666666666666,2,True,0.0006666666666666666,2.256901192237049,-0.03588108582703231,0.0,0.0,0.0,0.0,0.0,0.0,0.1,0.0,0.16666666666666666,0.0,0.0,0.0,0.0,0.0,0.0,0.16666666666666666,0.16666666666666666,0.4,0.0,0.0
2018-02-01,-0.04000188547893839,-0.04000188547893839,0.0,0,False,0.0,2.377565488597676,-0.016217393568367267,0.0,0.0,0.0,0.0,0.0,0.0,0.1,0.0,0.16666666666666666,0.0,0.0,0.0,0.0,0.0,0.0,0.16666666666666666,0.16666666666666666,0.4,0.0,0.0
2018-03-01,-0.02376848996591479,-0.025546267743692567,0.4444444444444444,6,True,0.0017777777777777779,2.2784006824064194,-0.05724953841105773,0.0,0.05555555555555556,0.0,0.05555555555555556,0.0,0.0,0.1,0.0,0.05555555555555556,0.0,0.3333333333333333,0.0,0.0,0.0,0.0,0.0,0.0,0.4,0.0,0.0
2018-04-01,0.02111818685913259,0.020784853525799254,0.08333333333333331,4,True,0.00033333333333333327,2.2507282751627993,-0.06869975210860901,0.0,0.08333333333333333,0.0,0.08333333333333333,0.0,0.0,0.1,0.0,0.08333333333333333,0.0,0.25,0.0,0.0,0.0,0.0,0.0,0.0,0.4,0.0,0.0
2018-05-01,0.04085097302741693,0.040295417471861376,0.13888888888888887,5,True,0.0005555555555555554,2.296217103650049,-0.049877507898165474,0.0,0.05555555555555556,0.0,0.0,0.0,0.0,0.1,0.0,0.05555555555555556,0.0,0.3333333333333333,0.0,0.0,0.0,0.0,0.0,0.05555555555555556,0.4,0.0,0.0
2018-06-01,-0.011760636126892623,-0.012427302793559289,0.16666666666666669,4,True,0.0006666666666666668,2.3884264600786067,-0.011723370214170692,0.0,0.11111111111111112,0.0,0.0,0.0,0.0,0.1,0.0,0.11111111111111112,0.0,0.16666666666666666,0.0,0.0,0.0,0.0,0.0,0.11111111111111112,0.4,0.0,0.0
2018-07-01,0.013197626891222393,0.012086515780111282,0.2777777777777778,5,True,0.0011111111111111111,2.363078134930441,-0.02221193151880485,0.0,0.0,0.0,0.0,0.0,0.0,0.1,0.0,0.027777777777777773,0.0,0.4166666666666667,0.0,0.0,0.027777777777777773,0.0,0.0,0.027777777777777773,0.4,0.0,0.0
2018-08-01,0.02689743380126931,0.02689743380126931,0.0,0,False,0.0,2.3916048638495364,-0.016437581578445548,0.0,0.0,0.0,0.0,0.0,0.0,0.1,0.0,0.027777777777777773,0.0,0.4166666666666667,0.0,0.0,0.027777777777777773,0.0,0.0,0.027777777777777773,0.4,0.0,0.0
2018-09-01,0.0065147618372424455,0.0058480951705757785,0.16666666666666669,4,True,0.0006666666666666668,2.4613751038501666,-0.0012175751046976657,0.0,0.0,0.0,0.0,0.0,0.0,0.1,0.0,0.08333333333333333,0.0,0.25,0.0,0.0,0.08333333333333333,0.0,0.0,0.08333333333333333,0.4,0.0,0.0
2018-10-01,-0.050593319298790886,-0.05114887485434644,0.13888888888888887,5,True,0.0005555555555555554,2.474383347987614,0.0,0.0,0.0,0.0,0.0,0.0,0.0,0.1,0.0,0.05555555555555556,0.0,0.3333333333333333,0.0,0.0,0.0,0.0,0.0,0.05555555555555556,0.4,0.0,0.05555555555555556
2018-11-01,-5.3025827044761616e-05,-0.0007196924937114284,0.16666666666666669,4,True,0.0006666666666666668,2.3476299504744684,-0.05231521557890362,0.0,0.0,0.0,0.0,0.0,0.0,0.1,0.0,0.0,0.0,0.5,0.0,0.0,0.0,0.0,0.0,0.0,0.4,0.0,0.0
2018-12-01,-0.04712158320766002,-0.04712158320766002,0.0,0,False,0.0,2.324331851554223,-0.06172012790258219,0.0,0.0,0.0,0.0,0.0,0.0,0.1,0.0,0.0,0.0,0.5,0.0,0.0,0.0,0.0,0.0,0.0,0.4,0.0,0.0
2019-01-01,0.03863801856568185,0.03663801856568185,0.5,2,True,0.002,2.213479659175927,-0.1064686352281935,0.0,0.0,0.0,0.0,0.0,0.5,0.1,0.0,0.0,0.0,0.0,0.0,0.0,0.0,0.0,0.0,0.0,0.4,0.0,0.0
2019-02-01,0.030748322599884522,0.02974832259988452,0.24999999999999997,4,True,0.0009999999999999998,2.2921117129681554,-0.07472666459452726,0.0,0.0,0.08333333333333333,0.0,0.0,0.25,0.1,0.0,0.0,0.0,0.0,0.0,0.08333333333333333,0.08333333333333333,0.0,0.0,0.0,0.4,0.0,0.0
2019-03-01,0.03703951382971136,0.03703951382971136,0.0,0,False,0.0,2.3625903033534743,-0.04627606158440856,0.0,0.0,0.08333333333333333,0.0,0.0,0.25,0.1,0.0,0.0,0.0,0.0,0.0,0.08333333333333333,0.08333333333333333,0.0,0.0,0.0,0.4,0.0,0.0
2019-04-01,0.025647340439492156,0.024647340439492155,0.25,5,True,0.001,2.447649400068909,-0.011939639987159745,0.0,0.0,0.0,0.0,0.0,0.08333333333333333,0.1,0.0,0.0,0.0,0.0,0.0,0.1388888888888889,0.1388888888888889,0.0,0.0,0.0,0.4,0.1388888888888889,0.0
2019-05-01,-0.03611221077608462,-0.03677887744275129,0.1666666666666667,4,True,0.0006666666666666669,2.5087514807773212,0.0,0.0,0.0,0.0,0.0,0.0,0.25,0.1,0.0,0.0,0.0,0.0,0.0,0.08333333333333333,0.08333333333333333,0.0,0.0,0.0,0.4,0.08333333333333333,0.0
2019-06-01,0.06439609856993263,0.06339609856993263,0.24999999999999997,4,True,0.0009999999999999998,2.4311194803116947,-0.03130294608713713,0.0,0.0,0.0,0.0,0.0,0.5,0.1,0.0,0.0,0.0,0.0,0.0,0.0,0.0,0.0,0.0,0.0,0.4,0.0,0.0
2019-07-01,0.01433277133414967,0.012666104667483004,0.41666666666666663,4,True,0.0016666666666666663,2.580777938551278,0.0,0.0,0.0,0.1388888888888889,0.0,0.0,0.08333333333333333,0.1,0.0,0.0,0.0,0.0,0.0,0.1388888888888889,0.1388888888888889,0.0,0.0,0.0,0.4,0.0,0.0
2019-08-01,0.022201197054852618,0.021534530388185952,0.1666666666666667,4,True,0.0006666666666666669,2.6160224601830118,-0.01017812319648892,0.0,0.0,0.08333333333333333,0.0,0.0,0.25,0.1,0.0,0.0,0.0,0.0,0.0,0.08333333333333333,0.08333333333333333,0.0,0.0,0.0,0.4,0.0,0.0
2019-09-01,0.0001779422684979378,-0.00037761328705761764,0.13888888888888887,5,True,0.0005555555555555554,2.6754508523039653,-6.14664458994385e-05,0.0,0.0,0.05555555555555556,0.0,0.0,0.3333333333333333,0.1,0.05555555555555556,0.0,0.0,0.0,0.0,0.05555555555555556,0.0,0.0,0.0,0.0,0.4,0.0,0.0
2019-10-01,0.024147317792639643,0.02352509557041742,0.15555555555555556,4,True,0.0006222222222222223,2.672776205838786,-0.012631835041220785,0.0,0.0,0.05555555555555556,0.0,0.1,0.3333333333333333,0.0,0.0,0.0,0.0,0.0,0.0,0.05555555555555556,0.05555555555555556,0.0,0.0,0.0,0.4,0.0,0.0
2019-11-01,0.002122889694309023,0.0012340008054201339,0.22222222222222224,5,True,0.0008888888888888889,2.7348834119744296,0.0,0.0,0.0,0.11111111111111112,0.0,0.1,0.16666666666666666,0.0,0.11111111111111112,0.0,0.0,0.0,0.0,0.11111111111111112,0.0,0.0,0.0,0.0,0.4,0.0,0.0
2019-12-01,0.040778291317979276,0.04037829131797928,0.1,2,True,0.0004,2.762143462607002,-0.0005777694698281266,0.0,0.0,0.11111111111111112,0.0,0.0,0.16666666666666666,0.1,0.11111111111111112,0.0,0.0,0.0,0.0,0.11111111111111112,0.0,0.0,0.0,0.0,0.4,0.0,0.0
2020-01-01,0.033562178086710664,0.03245106697559955,0.27777777777777773,5,True,0.001111111111111111,2.7339795171818815,-0.041099832355937393,0.0,0.0,0.16666666666666666,0.0,0.0,0.0,0.1,0.0,0.0,0.0,0.0,0.0,0.16666666666666666,0.16666666666666666,0.0,0.0,0.0,0.4,0.0,0.0
2020-02-01,-0.004692870457085035,-0.005692870457085035,0.24999999999999997,4,True,0.0009999999999999998,2.810413271403088,-0.014291899349940351,0.0,0.0,0.08333333333333333,0.0,0.0,0.25,0.1,0.0,0.0,0.0,0.0,0.0,0.08333333333333333,0.08333333333333333,0.0,0.0,0.0,0.4,0.0,0.0
2020-03-01,-0.05242059167522459,-0.053820591675224586,0.35,6,True,0.0013999999999999998,2.7088233739052874,-0.06828430742034708,0.0,0.0,0.0,0.0,0.1,0.5,0.0,0.0,0.0,0.0,0.0,0.0,0.0,0.0,0.0,0.0,0.0,0.4,0.0,0.0
2020-04-01,0.07126784143476846,0.07126784143476846,0.0,0,False,0.0,2.5632316945516314,-0.11836141974504644,0.0,0.0,0.0,0.0,0.1,0.5,0.0,0.0,0.0,0.0,0.0,0.0,0.0,0.0,0.0,0.0,0.0,0.4,0.0,0.0
2020-05-01,0.04388849028376059,0.04388849028376059,0.0,0,False,0.0,2.7459076845195107,-0.055528941204661786,0.0,0.0,0.0,0.0,0.1,0.5,0.0,0.0,0.0,0.0,0.0,0.0,0.0,0.0,0.0,0.0,0.0,0.4,0.0,0.0
2020-06-01,0.030325867543726015,0.030325867543726015,0.0,0,False,0.0,2.866421427251649,-0.014077532317429475,0.0,0.0,0.0,0.0,0.1,0.5,0.0,0.0,0.0,0.0,0.0,0.0,0.0,0.0,0.0,0.0,0.0,0.4,0.0,0.0
2020-07-01,0.07209014435400729,0.07075681102067395,0.33333333333333337,4,True,0.0013333333333333335,2.949410346253942,-0.0025290832577472555,0.0,0.0,0.11111111111111112,0.0,0.1,0.16666666666666666,0.0,0.0,0.11111111111111112,0.0,0.0,0.0,0.11111111111111112,0.0,0.0,0.0,0.0,0.4,0.0,0.0
2020-08-01,0.05109649372456362,0.05109649372456362,0.0,0,False,0.0,3.1277120618858567,0.0,0.0,0.0,0.11111111111111112,0.0,0.1,0.16666666666666666,0.0,0.0,0.11111111111111112,0.0,0.0,0.0,0.11111111111111112,0.0,0.0,0.0,0.0,0.4,0.0,0.0
2020-09-01,-0.03954570246348174,-0.03987903579681507,0.08333333333333334,4,True,0.0003333333333333334,3.2864313392343747,0.0,0.0,0.0,0.1388888888888889,0.0,0.1,0.08333333333333333,0.0,0.0,0.1388888888888889,0.0,0.0,0.0,0.1388888888888889,0.0,0.0,0.0,0.0,0.4,0.0,0.0
2020-10-01,-0.034611962619580355,-0.034611962619580355,0.0,0,False,0.0,3.1564671033263494,-0.042624222113382904,0.0,0.0,0.1388888888888889,0.0,0.1,0.08333333333333333,0.0,0.0,0.1388888888888889,0.0,0.0,0.0,0.1388888888888889,0.0,0.0,0.0,0.0,0.4,0.0,0.0
2020-11-01,0.07005516555839728,0.06865516555839728,0.35,7,True,0.0014,3.0359962767418667,-0.0791637606349217,0.0,0.08333333333333333,0.08333333333333333,0.0,0.0,0.25,0.1,0.0,0.08333333333333333,0.0,0.0,0.0,0.0,0.0,0.0,0.0,0.0,0.4,0.0,0.0
2020-12-01,0.025975279320802836,0.02430861265413617,0.41666666666666663,6,True,0.0016666666666666663,3.2387284494096584,-0.01767385272302413,0.0,0.0,0.0,0.0,0.0,0.0,0.1,0.0,0.16666666666666666,0.0,0.0,0.0,0.16666666666666666,0.0,0.0,0.16666666666666666,0.0,0.4,0.0,0.0
2021-01-01,0.00763351259614233,0.006300179262808997,0.3333333333333333,4,True,0.0013333333333333333,3.2339098250934675,-0.032796902485373036,0.0,0.16666666666666666,0.16666666666666666,0.0,0.0,0.0,0.1,0.0,0.0,0.0,0.0,0.0,0.16666666666666666,0.0,0.0,0.0,0.0,0.4,0.0,0.0
2021-02-01,0.01756479880452594,0.016120354360081496,0.36111111111111105,6,True,0.0014444444444444444,3.249550536968915,-0.028119052516928256,0.0,0.1388888888888889,0.0,0.0,0.0,0.0,0.1,0.0,0.1388888888888889,0.0,0.08333333333333333,0.0,0.0,0.0,0.0,0.0,0.0,0.4,0.0,0.1388888888888889
2021-03-01,0.004208732842813214,0.003208732842813214,0.25,5,True,0.001,3.303321610117557,-0.01949761434602737,0.0,0.08333333333333333,0.0,0.0,0.0,0.0,0.1,0.0,0.08333333333333333,0.0,0.25,0.0,0.0,0.0,0.0,0.0,0.08333333333333333,0.4,0.0,0.0
2021-04-01,0.02349418808991331,0.023160854756579974,0.08333333333333333,2,True,0.0003333333333333333,3.31611866679901,-0.015699151439151238,0.0,0.08333333333333333,0.0,0.0,0.0,0.0,0.1,0.0,0.0,0.0,0.25,0.0,0.0,0.0,0.0,0.08333333333333333,0.08333333333333333,0.4,0.0,0.0
2021-05-01,0.01330075974710504,0.012634093080438374,0.16666666666666669,5,True,0.0006666666666666668,3.396992326829391,-0.008519802113576613,0.0,0.11111111111111112,0.0,0.0,0.0,0.0,0.1,0.0,0.0,0.0,0.16666666666666666,0.0,0.0,0.11111111111111112,0.0,0.0,0.11111111111111112,0.4,0.0,0.0
2021-06-01,0.028696584644693296,0.02791880686691552,0.19444444444444445,5,True,0.0007777777777777777,3.4372046600434962,0.0,0.0,0.1388888888888889,0.1388888888888889,0.0,0.0,0.0,0.1,0.0,0.0,0.0,0.08333333333333333,0.0,0.0,0.0,0.0,0.0,0.1388888888888889,0.4,0.0,0.0
2021-07-01,0.010786308474781951,0.010008530697004173,0.19444444444444445,5,True,0.0007777777777777777,3.5330905961936154,0.0,0.0,0.11111111111111112,0.0,0.0,0.0,0.0,0.1,0.0,0.0,0.0,0.16666666666666666,0.0,0.0,0.11111111111111112,0.0,0.0,0.11111111111111112,0.4,0.0,0.0
2021-08-01,0.02537767804534645,0.024266566934235338,0.2777777777777778,6,True,0.0011111111111111111,3.5794956073065713,-0.003602090494232768,0.0,0.1388888888888889,0.0,0.0,0.0,0.08333333333333333,0.1,0.0,0.0,0.0,0.0,0.0,0.0,0.1388888888888889,0.0,0.0,0.0,0.4,0.1388888888888889,0.0
2021-09-01,-0.03188675594493366,-0.03188675594493366,0.0,0,False,0.0,3.666256744510872,0.0,0.0,0.1388888888888889,0.0,0.0,0.0,0.08333333333333333,0.1,0.0,0.0,0.0,0.0,0.0,0.0,0.1388888888888889,0.0,0.0,0.0,0.4,0.1388888888888889,0.0
2021-10-01,0.051929079180098384,0.050417968068987275,0.37777777777777777,8,True,0.001511111111111111,3.5439882456602567,-0.03774937715217186,0.0,0.21111111111111114,0.0,0.0,0.0,0.0,0.0,0.0,0.0,0.0,0.16666666666666666,0.0,0.0,0.11111111111111112,0.0,0.0,0.11111111111111112,0.4,0.0,0.0
2021-11-01,-0.011147142073418166,-0.0114804754067515,0.08333333333333334,4,True,0.0003333333333333334,3.719656010534007,-0.001004319934153064,0.0,0.2388888888888889,0.0,0.0,0.0,0.0,0.0,0.0,0.0,0.0,0.08333333333333333,0.0,0.0,0.1388888888888889,0.0,0.0,0.1388888888888889,0.4,0.0,0.0
2021-12-01,0.03233135684085379,0.03133135684085379,0.25,5,True,0.001,3.6851004729721972,-0.03244274474376774,0.0,0.18333333333333335,0.0,0.0,0.0,0.0,0.0,0.0,0.08333333333333333,0.0,0.25,0.0,0.0,0.0,0.0,0.0,0.08333333333333333,0.4,0.0,0.0
2022-01-01,0.003741537378427376,0.0034082040450940424,0.08333333333333336,4,True,0.00033333333333333343,3.6695661386339973,-0.036521428080827145,0.0,0.21111111111111114,0.0,0.0,0.0,0.0,0.0,0.0,0.11111111111111112,0.0,0.16666666666666666,0.0,0.0,0.0,0.0,0.0,0.11111111111111112,0.4,0.0,0.0
2022-02-01,-0.018669334883247034,-0.020002668216580366,0.33333333333333337,4,True,0.0013333333333333335,3.683605512309446,-0.032835260509939235,0.0,0.1,0.0,0.0,0.0,0.0,0.0,0.0,0.0,0.0,0.5,0.0,0.0,0.0,0.0,0.0,0.0,0.4,0.0,0.0
2022-03-01,0.022036343950635542,0.021703010617302208,0.08333333333333331,4,True,0.00033333333333333327,3.6130154134244905,-0.051369344675711415,0.0,0.12777777777777777,0.027777777777777773,0.0,0.0,0.0,0.0,0.0,0.0,0.0,0.4166666666666667,0.0,0.0,0.0,0.0,0.0,0.027777777777777773,0.4,0.0,0.0
2022-04-01,-0.030537161479994326,-0.03087049481332766,0.08333333333333337,4,True,0.0003333333333333335,3.686699187046569,-0.032022987558561145,0.0,0.15555555555555556,0.05555555555555556,0.0,0.0,0.0,0.0,0.0,0.0,0.0,0.3333333333333333,0.0,0.0,0.0,0.0,0.0,0.05555555555555556,0.4,0.0,0.0
2022-05-01,-0.004413284787764305,-0.005079951454430972,0.16666666666666669,4,True,0.0006666666666666668,3.5446461709438117,-0.0693203224261768,0.0,0.1,0.0,0.0,0.0,0.0,0.0,0.0,0.0,0.0,0.5,0.0,0.0,0.0,0.0,0.0,0.0,0.4,0.0,0.0
2022-06-01,-0.043271718998404374,-0.043271718998404374,0.0,0,False,0.0,3.5216236028862524,-0.07536511087145781,0.0,0.1,0.0,0.0,0.0,0.0,0.0,0.0,0.0,0.0,0.5,0.0,0.0,0.0,0.0,0.0,0.0,0.4,0.0,0.0
2022-07-01,0.0006684491978611318,-0.0013315508021388683,0.5,3,True,0.002,3.348824243306881,-0.12073518294707819,0.5,0.0,0.0,0.0,0.0,0.0,0.0,0.0,0.0,0.0,0.5,0.0,0.0,0.0,0.0,0.0,0.0,0.0,0.0,0.0
2022-08-01,-0.004482166698455137,-0.004482166698455137,0.0,0,False,0.0,3.3510627621860976,-0.12014743908541159,0.5,0.0,0.0,0.0,0.0,0.0,0.0,0.0,0.0,0.0,0.5,0.0,0.0,0.0,0.0,0.0,0.0,0.0,0.0,0.0
2022-09-01,-0.0038491147036182616,-0.0038491147036182616,0.0,0,False,0.0,3.3360427402689936,-0.12409108493349352,0.5,0.0,0.0,0.0,0.0,0.0,0.0,0.0,0.0,0.0,0.5,0.0,0.0,0.0,0.0,0.0,0.0,0.0,0.0,0.0
2022-10-01,-0.0018425135764157385,-0.0018425135764157385,0.0,0,False,0.0,3.319670706035573,-0.1283897141356095,0.5,0.0,0.0,0.0,0.0,0.0,0.0,0.0,0.0,0.0,0.5,0.0,0.0,0.0,0.0,0.0,0.0,0.0,0.0,0.0
2022-11-01,0.0033093245084681033,0.0033093245084681033,0.0,0,False,0.0,3.313554167690473,-0.1299956679206582,0.5,0.0,0.0,0.0,0.0,0.0,0.0,0.0,0.0,0.0,0.5,0.0,0.0,0.0,0.0,0.0,0.0,0.0,0.0,0.0
2022-12-01,0.0009669309611293198,0.0009669309611293198,0.0,0,False,0.0,3.3245197937077475,-0.12711654126203464,0.5,0.0,0.0,0.0,0.0,0.0,0.0,0.0,0.0,0.0,0.5,0.0,0.0,0.0,0.0,0.0,0.0,0.0,0.0,0.0
2023-01-01,0.0470544109363491,0.0450544109363491,0.5,2,True,0.002,3.328055832939112,-0.12618812141615243,0.0,0.0,0.0,0.0,0.0,0.0,0.0,0.0,0.0,0.0,0.5,0.0,0.0,0.0,0.5,0.0,0.0,0.0,0.0,0.0
2023-02-01,-0.028003266899792816,-0.02833660023312615,0.08333333333333331,4,True,0.00033333333333333327,3.4765269998990185,-0.08720564160535005,0.0,0.0,0.027777777777777773,0.0,0.0,0.0,0.0,0.0,0.0,0.0,0.4166666666666667,0.0,0.0,0.0,0.5,0.027777777777777773,0.027777777777777773,0.0,0.0,0.0
2023-03-01,0.050004005148810426,0.04767067181547709,0.5833333333333333,6,True,0.002333333333333333,3.3712881497014933,-0.11483707629492124,0.0,0.0,0.0,0.0,0.5,0.0,0.0,0.0,0.0,0.0,0.5,0.0,0.0,0.0,0.0,0.0,0.0,0.0,0.0,0.0
2023-04-01,-0.011467218435636693,-0.01373388510230336,0.5666666666666667,6,True,0.002266666666666667,3.5227304184892034,-0.07507450618517575,0.0,0.4,0.05555555555555556,0.0,0.1,0.0,0.0,0.0,0.0,0.0,0.3333333333333333,0.0,0.0,0.0,0.0,0.0,0.05555555555555556,0.0,0.05555555555555556,0.0
2023-05-01,-0.006058344423155226,-0.00899167775648856,0.7333333333333334,8,True,0.002933333333333334,3.4786527272057852,-0.08664751221554279,0.0,0.0,0.08333333333333333,0.0,0.4,0.25,0.0,0.0,0.0,0.0,0.0,0.0,0.0,0.0,0.0,0.0,0.08333333333333333,0.1,0.08333333333333333,0.0
2023-06-01,-0.010371838125575206,-0.012371838125575206,0.5,5,True,0.002,3.450662695154113,-0.09399655433395404,0.0,0.0,0.0,0.0,0.4,0.0,0.0,0.0,0.0,0.0,0.5,0.0,0.0,0.0,0.0,0.0,0.0,0.1,0.0,0.0
2023-07-01,0.02649095223078249,0.023557618897449156,0.7333333333333334,7,True,0.002933333333333334,3.4158863481346335,-0.1031274062922094,0.0,0.0,0.0,0.0,0.0,0.0,0.1,0.0,0.11111111111111112,0.0,0.16666666666666666,0.0,0.0,0.0,0.0,0.0,0.11111111111111112,0.4,0.0,0.11111111111111112
2023-08-01,-0.0036073135886647966,-0.004496202477553685,0.22222222222222224,5,True,0.0008888888888888889,3.4929834228497056,-0.08288485536402934,0.0,0.0,0.05555555555555556,0.0,0.0,0.0,0.1,0.0,0.05555555555555556,0.0,0.3333333333333333,0.0,0.0,0.0,0.0,0.0,0.05555555555555556,0.4,0.0,0.0
2023-09-01,-0.0379420267103364,-0.03883091559922529,0.22222222222222224,5,True,0.0008888888888888889,3.4772894623845607,-0.08700545001894477,0.0,0.0,0.0,0.0,0.0,0.0,0.1,0.0,0.11111111111111112,0.0,0.16666666666666666,0.0,0.0,0.0,0.0,0.0,0.11111111111111112,0.4,0.0,0.11111111111111112
2023-10-01,0.002478296698673095,0.0013671855875619838,0.27777777777777785,5,True,0.0011111111111111113,3.342649960037987,-0.12235629819661908,0.0,0.0,0.0,0.0,0.0,0.0,0.1,0.0,0.027777777777777773,0.0,0.4166666666666667,0.027777777777777773,0.0,0.0,0.0,0.0,0.027777777777777773,0.4,0.0,0.0
2023-11-01,0.05879504418234864,0.05846171084901531,0.08333333333333331,4,True,0.00033333333333333327,3.3460950414299844,-0.12145176017378279,0.0,0.0,0.0,0.0,0.0,0.0,0.1,0.0,0.0,0.0,0.5,0.0,0.0,0.0,0.0,0.0,0.0,0.4,0.0,0.0
2023-12-01,0.015108217238435792,0.014441550571769126,0.16666666666666669,4,True,0.0006666666666666668,3.540466961331046,-0.0704176126118109,0.0,0.0,0.05555555555555556,0.0,0.0,0.0,0.1,0.0,0.05555555555555556,0.0,0.3333333333333333,0.05555555555555556,0.0,0.0,0.0,0.0,0.0,0.4,0.0,0.0
2024-01-01,0.029491768880807713,0.028602879991918823,0.22222222222222224,5,True,0.0008888888888888889,3.6408655526582874,-0.04405703271211858,0.0,0.0,0.11111111111111112,0.0,0.0,0.0,0.1,0.0,0.11111111111111112,0.0,0.16666666666666666,0.0,0.0,0.11111111111111112,0.0,0.0,0.0,0.4,0.0,0.0
2024-02-01,0.036114829800201725,0.035670385355757284,0.11111111111111112,2,True,0.00044444444444444447,3.7432449440259092,-0.017176375418515577,0.0,0.0,0.11111111111111112,0.0,0.0,0.0,0.1,0.0,0.11111111111111112,0.0,0.16666666666666666,0.0,0.0,0.0,0.0,0.0,0.0,0.4,0.0,0.11111111111111112
2024-03-01,0.01674714921800299,0.016302704773558545,0.11111111111111112,2,True,0.00044444444444444447,3.876707850702944,0.0,0.0,0.0,0.11111111111111112,0.0,0.0,0.0,0.1,0.0,0.11111111111111112,0.0,0.16666666666666666,0.0,0.0,0.0,0.0,0.0,0.11111111111111112,0.4,0.0,0.0
2024-04-01,-0.036023414804938175,-0.036023414804938175,0.0,0,False,0.0,3.9416316555532713,0.0,0.0,0.0,0.11111111111111112,0.0,0.0,0.0,0.1,0.0,0.11111111111111112,0.0,0.16666666666666666,0.0,0.0,0.0,0.0,0.0,0.11111111111111112,0.4,0.0,0.0
2024-05-01,0.04895922621026834,0.04895922621026834,0.0,0,False,0.0,3.799640623417,-0.04192572481521273,0.0,0.0,0.11111111111111112,0.0,0.0,0.0,0.1,0.0,0.11111111111111112,0.0,0.16666666666666666,0.0,0.0,0.0,0.0,0.0,0.11111111111111112,0.4,0.0,0.0
2024-06-01,0.03688140515685336,0.03610362737907558,0.19444444444444445,5,True,0.0007777777777777777,3.972939712327039,-0.01955046884618683,0.0,0.1388888888888889,0.1388888888888889,0.0,0.0,0.0,0.1,0.0,0.0,0.0,0.08333333333333333,0.0,0.0,0.0,0.0,0.0,0.1388888888888889,0.4,0.0,0.0
2024-07-01,-0.028923363708004513,-0.028923363708004513,0.0,0,False,0.0,4.1162632813899425,-0.0022920837830724405,0.0,0.1388888888888889,0.1388888888888889,0.0,0.0,0.0,0.1,0.0,0.0,0.0,0.08333333333333333,0.0,0.0,0.0,0.0,0.0,0.1388888888888889,0.4,0.0,0.0
2024-08-01,0.0004520692871569224,-0.00010348626839863314,0.1388888888888889,2,True,0.0005555555555555556,3.9949864307725194,-0.049422151964338634,0.0,0.0,0.1388888888888889,0.0,0.0,0.0,0.1,0.0,0.1388888888888889,0.0,0.08333333333333333,0.0,0.0,0.0,0.0,0.0,0.1388888888888889,0.4,0.0,0.0
2024-09-01,0.0406113119770167,0.0406113119770167,0.0,0,False,0.0,4.102811118114455,-0.0237660549951193,0.0,0.0,0.1388888888888889,0.0,0.0,0.0,0.1,0.0,0.1388888888888889,0.0,0.08333333333333333,0.0,0.0,0.0,0.0,0.0,0.1388888888888889,0.4,0.0,0.0
2024-10-01,0.008895183365706898,0.008339627810151342,0.1388888888888889,2,True,0.0005555555555555556,4.267059753936966,-0.010185876699587926,0.0,0.1388888888888889,0.1388888888888889,0.0,0.0,0.0,0.1,0.0,0.1388888888888889,0.0,0.08333333333333333,0.0,0.0,0.0,0.0,0.0,0.0,0.4,0.0,0.0
2024-11-01,-0.0007517935368291217,-0.002907349092384677,0.538888888888889,5,True,0.0021555555555555555,4.295736331654232,-0.024377131830068732,0.0,0.0,0.1388888888888889,0.0,0.4,0.0,0.0,0.0,0.1388888888888889,0.0,0.08333333333333333,0.0,0.0,0.0,0.0,0.0,0.0,0.1,0.1388888888888889,0.0
2024-12-01,-0.009102162672498249,-0.009991051561387137,0.22222222222222218,5,True,0.0008888888888888887,4.301262980487018,-0.023121951211584446,0.0,0.0,0.16666666666666666,0.0,0.4,0.0,0.0,0.0,0.16666666666666666,0.0,0.0,0.0,0.0,0.0,0.0,0.0,0.16666666666666666,0.1,0.0,0.0
2025-01-01,0.02377767031463727,0.02177767031463727,0.49999999999999994,4,True,0.0019999999999999996,4.11139170730351,-0.06624442005618325,0.0,0.0,0.0,0.0,0.4,0.0,0.0,0.0,0.0,0.0,0.5,0.0,0.0,0.0,0.0,0.0,0.0,0.1,0.0,0.0
2025-02-01,0.007364935567917421,0.005698268901250754,0.4166666666666667,4,True,0.0016666666666666668,4.196422144895381,-0.04693279732137268,0.0,0.1388888888888889,0.1388888888888889,0.0,0.4,0.0,0.0,0.0,0.1388888888888889,0.0,0.08333333333333333,0.0,0.0,0.0,0.0,0.0,0.0,0.1,0.0,0.0
2025-03-01,0.03363432853236296,0.03363432853236296,0.0,0,False,0.0,4.192930795895236,-0.04772573237658173,0.0,0.1388888888888889,0.1388888888888889,0.0,0.4,0.0,0.0,0.0,0.1388888888888889,0.0,0.08333333333333333,0.0,0.0,0.0,0.0,0.0,0.0,0.1,0.0,0.0
2025-04-01,0.011448889954749544,0.0096044455103051,0.46111111111111114,7,True,0.0018444444444444446,4.3259634645034595,-0.017512119694754413,0.0,0.027777777777777773,0.027777777777777773,0.0,0.4,0.0,0.1,0.0,0.0,0.0,0.4166666666666667,0.0,0.0,0.0,0.0,0.0,0.027777777777777773,0.0,0.0,0.0
2025-05-01,0.027187782362620448,0.027076671251509338,0.027777777777777773,2,True,0.00011111111111111109,4.375004778496365,-0.01728682594551989,0.0,0.027777777777777773,0.027777777777777773,0.0,0.4,0.0,0.1,0.0,0.0,0.0,0.4166666666666667,0.0,0.0,0.0,0.0,0.0,0.0,0.0,0.027777777777777773,0.0
2025-06-01,0.009720229523152102,0.008831340634263213,0.22222222222222224,6,True,0.0008888888888888889,4.438517956184626,-0.011054779441210694,0.0,0.0,0.08333333333333333,0.0,0.4,0.0,0.1,0.0,0.08333333333333333,0.0,0.25,0.0,0.0,0.0,0.0,0.08333333333333333,0.0,0.0,0.0,0.0
2025-07-01,0.007110514474569862,0.0063771811412365285,0.18333333333333335,6,True,0.0007333333333333334,4.474394040174621,-0.004022477201164443,0.0,0.0,0.11111111111111112,0.0,0.4,0.0,0.0,0.0,0.11111111111111112,0.0,0.16666666666666666,0.0,0.0,0.0,0.0,0.11111111111111112,0.0,0.1,0.0,0.0
2025-08-01,0.03309992625955441,0.03309992625955441,0.0,0,False,0.0,4.506209283762211,-0.015445586775631903,0.0,0.0,0.11111111111111112,0.0,0.4,0.0,0.0,0.0,0.11111111111111112,0.0,0.16666666666666666,0.0,0.0,0.0,0.0,0.11111111111111112,0.0,0.1,0.0,0.0
2025-09-01,0.06858548120495404,0.0682521478716207,0.08333333333333336,4,True,0.00033333333333333343,4.6159278224822975,0.0,0.0,0.0,0.08333333333333333,0.0,0.4,0.0,0.0,0.0,0.08333333333333333,0.0,0.25,0.0,0.0,0.0,0.0,0.08333333333333333,0.0,0.1,0.0,0.0
2025-10-01,0.034521154884021424,0.03418782155068809,0.08333333333333336,4,True,0.00033333333333333343,4.9292256591493695,0.0,0.0,0.0,0.11111111111111112,0.0,0.4,0.0,0.0,0.0,0.11111111111111112,0.0,0.16666666666666666,0.0,0.0,0.0,0.0,0.11111111111111112,0.0,0.1,0.0,0.0
2025-11-01,0.019771883922498193,0.019771883922498193,0.0,0,False,0.0,5.085487311859624,-0.03890022895867351,0.0,0.0,0.11111111111111112,0.0,0.4,0.0,0.0,0.0,0.11111111111111112,0.0,0.16666666666666666,0.0,0.0,0.0,0.0,0.11111111111111112,0.0,0.1,0.0,0.0
2025-12-01,0.019120609868465317,0.01845394320179865,0.16666666666666663,4,True,0.0006666666666666665,5.182579618694598,-0.0205508775304728,0.0,0.0,0.16666666666666666,0.0,0.4,0.0,0.0,0.0,0.16666666666666666,0.0,0.0,0.0,0.0,0.0,0.0,0.16666666666666666,0.0,0.1,0.0,0.0
2026-01-01,0.05610785864862818,0.05610785864862818,0.0,0,False,0.0,5.0409563280129355,-0.06890452519674328,0.0,0.0,0.16666666666666666,0.0,0.4,0.0,0.0,0.0,0.16666666666666666,0.0,0.0,0.0,0.0,0.0,0.0,0.16666666666666666,0.0,0.1,0.0,0.0
2026-02-01,0.09316292880811437,0.09249626214144771,0.16666666666666666,2,True,0.0006666666666666666,5.472905797769956,-0.06015268012498398,0.0,0.0,0.16666666666666666,0.0,0.4,0.0,0.0,0.0,0.0,0.0,0.0,0.0,0.0,0.0,0.0,0.16666666666666666,0.0,0.1,0.16666666666666666,0.0
2026-03-01,-0.08419725874241697,-0.08419725874241697,0.0,0,False,0.0,5.95912857534727,0.0,0.0,0.0,0.16666666666666666,0.0,0.4,0.0,0.0,0.0,0.0,0.0,0.0,0.0,0.0,0.0,0.0,0.16666666666666666,0.0,0.1,0.16666666666666666,0.0
2026-04-01,0.007714794902138179,0.0059370171243604015,0.4444444444444444,6,True,0.0017777777777777779,5.447684264747544,-0.0858253525046524,0.0,0.05555555555555556,0.05555555555555556,0.0,0.4,0.0,0.0,0.0,0.0,0.0,0.3333333333333333,0.0,0.0,0.0,0.0,0.0,0.05555555555555556,0.1,0.0,0.0
2026-05-01,0.017235726949111248,0.016013504726889026,0.3055555555555556,5,True,0.0012222222222222224,5.483002383503125,-0.07989862709354256,0.0,0.1388888888888889,0.0,0.0,0.4,0.0,0.0,0.0,0.1388888888888889,0.0,0.08333333333333333,0.0,0.0,0.0,0.0,0.0,0.1388888888888889,0.1,0.0,0.0
2026-06-01,-0.05311334715206454,-0.055046680485397875,0.4833333333333334,7,True,0.0019333333333333333,5.566722737343313,-0.06584953370989977,0.0,0.21111111111111114,0.0,0.0,0.0,0.0,0.0,0.0,0.11111111111111112,0.0,0.16666666666666666,0.0,0.0,0.0,0.0,0.0,0.11111111111111112,0.4,0.0,0.0
2026-07-01,0.0,-0.001511111111111111,0.37777777777777777,8,True,0.001511111111111111,5.2719100034297925,-0.11532199099722051,0.0,0.0,0.0,0.0,0.0,0.08333333333333333,0.1,0.0,0.1388888888888889,0.0,0.0,0.0,0.0,0.0,0.0,0.0,0.1388888888888889,0.4,0.0,0.1388888888888889
2026-08-01,0.0,-0.0023333333333333335,0.5833333333333334,5,True,0.0023333333333333335,5.223082171668054,-0.12351577825056792,0.5,0.0,0.0,0.0,0.0,0.0,0.0,0.0,0.1388888888888889,0.0,0.08333333333333333,0.0,0.0,0.0,0.0,0.0,0.1388888888888889,0.0,0.0,0.1388888888888889
