date,gross_return,net_return,turnover,operations,signal_changed,trade_cost,equity,drawdown,w__CASH,w_cbu0.uk,w_cmod.uk,w_cndx.uk,w_cspx.uk,w_dbc.us,w_dtla.uk,w_eimi.uk,w_iau.us,w_ibta.uk,w_igln.uk,w_ihya.uk,w_iues.uk,w_ivv.us,w_lqda.uk,w_vt.us,w_xlk.us,w_xres.uk
2008-07-01,-0.052335433954426976,-0.05433543395442698,0.5,3,True,0.002,0.998,0.0,0.5,0.0,0.0,0.0,0.0,0.4,0.0,0.0,0.1,0.0,0.0,0.0,0.0,0.0,0.0,0.0,0.0,0.0
2008-08-01,0.0,-0.002,0.5,3,True,0.002,0.9438776984396551,-0.0623355384353621,1.0,0.0,0.0,0.0,0.0,0.0,0.0,0.0,0.0,0.0,0.0,0.0,0.0,0.0,0.0,0.0,0.0,0.0
2008-09-01,0.0,0.0,0.0,0,False,0.0,0.9438776984396551,-0.0623355384353621,1.0,0.0,0.0,0.0,0.0,0.0,0.0,0.0,0.0,0.0,0.0,0.0,0.0,0.0,0.0,0.0,0.0,0.0
2008-10-01,0.0,0.0,0.0,0,False,0.0,0.9438776984396551,-0.0623355384353621,1.0,0.0,0.0,0.0,0.0,0.0,0.0,0.0,0.0,0.0,0.0,0.0,0.0,0.0,0.0,0.0,0.0,0.0
2008-11-01,0.0,0.0,0.0,0,False,0.0,0.9438776984396551,-0.0623355384353621,1.0,0.0,0.0,0.0,0.0,0.0,0.0,0.0,0.0,0.0,0.0,0.0,0.0,0.0,0.0,0.0,0.0,0.0
2008-12-01,0.0,0.0,0.0,0,False,0.0,0.9438776984396551,-0.0623355384353621,1.0,0.0,0.0,0.0,0.0,0.0,0.0,0.0,0.0,0.0,0.0,0.0,0.0,0.0,0.0,0.0,0.0,0.0
2009-01-01,0.0,0.0,0.0,0,False,0.0,0.9438776984396551,-0.0623355384353621,1.0,0.0,0.0,0.0,0.0,0.0,0.0,0.0,0.0,0.0,0.0,0.0,0.0,0.0,0.0,0.0,0.0,0.0
2009-02-01,0.0,0.0,0.0,0,False,0.0,0.9438776984396551,-0.0623355384353621,1.0,0.0,0.0,0.0,0.0,0.0,0.0,0.0,0.0,0.0,0.0,0.0,0.0,0.0,0.0,0.0,0.0,0.0
2009-03-01,0.0,0.0,0.0,0,False,0.0,0.9438776984396551,-0.0623355384353621,1.0,0.0,0.0,0.0,0.0,0.0,0.0,0.0,0.0,0.0,0.0,0.0,0.0,0.0,0.0,0.0,0.0,0.0
2009-04-01,0.0,0.0,0.0,0,False,0.0,0.9438776984396551,-0.0623355384353621,1.0,0.0,0.0,0.0,0.0,0.0,0.0,0.0,0.0,0.0,0.0,0.0,0.0,0.0,0.0,0.0,0.0,0.0
2009-05-01,0.06273018208861936,0.060730182088619356,0.5,2,True,0.002,0.9419899430427757,-0.06421086735849135,0.5,0.0,0.0,0.0,0.0,0.0,0.0,0.0,0.0,0.0,0.0,0.0,0.0,0.0,0.0,0.5,0.0,0.0
2009-06-01,-0.014222998622163419,-0.014222998622163419,0.0,0,False,0.0,1.001081143695497,-0.005508644671338714,0.5,0.0,0.0,0.0,0.0,0.0,0.0,0.0,0.0,0.0,0.0,0.0,0.0,0.0,0.0,0.5,0.0,0.0
2009-07-01,0.05264804946257562,0.05264804946257562,0.0,0,False,0.0,0.9868427679680422,-0.019653293847931574,0.5,0.0,0.0,0.0,0.0,0.0,0.0,0.0,0.0,0.0,0.0,0.0,0.0,0.0,0.0,0.5,0.0,0.0
2009-08-01,-0.00841199806229459,-0.00841199806229459,0.0,0,False,0.0,1.0273127789165997,0.0,0.5,0.0,0.0,0.0,0.0,0.0,0.0,0.0,0.0,0.0,0.0,0.0,0.0,0.0,0.0,0.5,0.0,0.0
2009-09-01,0.024004913841318865,0.024004913841318865,0.0,0,False,0.0,1.018671025810983,-0.01596499719029043,0.5,0.0,0.0,0.0,0.0,0.0,0.0,0.0,0.0,0.0,0.0,0.0,0.0,0.0,0.0,0.5,0.0,0.0
2009-10-01,0.030102040816326503,0.0281020408163265,0.5,2,True,0.002,1.041037887746187,-0.02438680161261364,0.5,0.0,0.0,0.0,0.0,0.0,0.0,0.0,0.5,0.0,0.0,0.0,0.0,0.0,0.0,0.0,0.0,0.0
2009-11-01,0.058967677500110074,0.05856767750011008,0.09999999999999999,2,True,0.00039999999999999996,1.0660015513809171,-0.007909045971329465,0.5,0.0,0.0,0.0,0.0,0.0,0.0,0.0,0.4,0.0,0.0,0.0,0.0,0.0,0.0,0.0,0.1,0.0
2009-12-01,-0.02057304766883137,-0.02057304766883137,0.0,0,False,0.0,1.128409642602533,0.0,0.5,0.0,0.0,0.0,0.0,0.0,0.0,0.0,0.4,0.0,0.0,0.0,0.0,0.0,0.0,0.0,0.1,0.0
2010-01-01,-0.014346616734276774,-0.014346616734276774,0.0,0,False,0.0,1.0760260406959405,-0.052108836583913964,0.5,0.0,0.0,0.0,0.0,0.0,0.0,0.0,0.4,0.0,0.0,0.0,0.0,0.0,0.0,0.0,0.1,0.0
2010-02-01,0.007696672216371981,0.007696672216371981,0.0,0,False,0.0,1.0605887074939744,-0.06570786781125237,0.5,0.0,0.0,0.0,0.0,0.0,0.0,0.0,0.4,0.0,0.0,0.0,0.0,0.0,0.0,0.0,0.1,0.0
2010-03-01,0.02518191857865049,0.02358191857865049,0.4,3,True,0.0016,1.06704170839413,-0.06002330043143567,0.5,0.0,0.0,0.0,0.0,0.0,0.0,0.0,0.0,0.0,0.0,0.0,0.0,0.1,0.0,0.0,0.4,0.0
2010-04-01,0.01341833940719215,0.01341833940719215,0.0,0,False,0.0,1.0939118658149352,-0.03635288371707135,0.5,0.0,0.0,0.0,0.0,0.0,0.0,0.0,0.0,0.0,0.0,0.0,0.0,0.1,0.0,0.0,0.4,0.0
2010-05-01,0.00454666098601496,0.00294666098601496,0.4,3,True,0.0016,1.1011059060956556,-0.03001552109437511,0.5,0.0,0.0,0.0,0.0,0.0,0.0,0.0,0.4,0.0,0.0,0.0,0.0,0.0,0.0,0.0,0.1,0.0
2010-06-01,-0.014528907116818325,-0.014528907116818325,0.0,0,False,0.0,1.1043424817421947,-0.027164361978283535,0.5,0.0,0.0,0.0,0.0,0.0,0.0,0.0,0.4,0.0,0.0,0.0,0.0,0.0,0.0,0.0,0.1,0.0
2010-07-01,0.005365406014663376,0.005365406014663376,0.0,0,False,0.0,1.0882975923998057,-0.04129860060303181,0.5,0.0,0.0,0.0,0.0,0.0,0.0,0.0,0.4,0.0,0.0,0.0,0.0,0.0,0.0,0.0,0.1,0.0
2010-08-01,-0.02456991348209458,-0.02616991348209458,0.4,3,True,0.0016,1.0912803846198111,-0.03867100398295298,0.5,0.0,0.0,0.0,0.0,0.0,0.0,0.0,0.0,0.0,0.0,0.0,0.0,0.1,0.0,0.0,0.4,0.0
2010-09-01,0.03215160658460947,0.03055160658460947,0.4,3,True,0.0016,1.0610641483184067,-0.0652890432297254,0.5,0.0,0.0,0.0,0.0,0.0,0.0,0.0,0.4,0.0,0.0,0.0,0.0,0.0,0.0,0.0,0.1,0.0
2010-10-01,0.015120305083647968,0.015120305083647968,0.0,0,False,0.0,1.0951790653761737,-0.03523658427732368,0.5,0.0,0.0,0.0,0.0,0.0,0.0,0.0,0.4,0.0,0.0,0.0,0.0,0.0,0.0,0.0,0.1,0.0
2010-11-01,0.011266451315955163,0.011266451315955163,0.0,0,False,0.0,1.1117385069658858,-0.020649067098054585,0.5,0.0,0.0,0.0,0.0,0.0,0.0,0.0,0.4,0.0,0.0,0.0,0.0,0.0,0.0,0.0,0.1,0.0
2010-12-01,0.011491651446520958,0.011491651446520958,0.0,0,False,0.0,1.1242638547306896,-0.009615257491279672,0.5,0.0,0.0,0.0,0.0,0.0,0.0,0.0,0.4,0.0,0.0,0.0,0.0,0.0,0.0,0.0,0.1,0.0
2011-01-01,-0.017364357127291986,-0.017364357127291986,0.0,0,False,0.0,1.126681972531514,-0.010046563372504091,0.5,0.0,0.0,0.0,0.0,0.0,0.0,0.0,0.4,0.0,0.0,0.0,0.0,0.0,0.0,0.0,0.1,0.0
2011-02-01,-0.0054646290238598684,-0.007064629023859868,0.4,3,True,0.0016,1.1053464758085683,-0.028792890036077434,0.5,0.0,0.0,0.0,0.0,0.0,0.0,0.0,0.0,0.0,0.0,0.0,0.0,0.1,0.0,0.0,0.4,0.0
2011-03-01,-0.0021307527006284577,-0.0037307527006284575,0.4,3,True,0.0016,1.0975472775076431,-0.035645616314809225,0.5,0.0,0.0,0.0,0.0,0.0,0.0,0.0,0.4,0.0,0.0,0.0,0.0,0.0,0.0,0.0,0.1,0.0
2011-04-01,0.013625365322792505,0.012025365322792504,0.4,2,True,0.0016,1.093456341800935,-0.03924009635497383,0.5,0.0,0.0,0.0,0.0,0.4,0.0,0.0,0.0,0.0,0.0,0.0,0.0,0.0,0.0,0.0,0.1,0.0
2011-05-01,-0.00647803823103541,-0.00807803823103541,0.4,3,True,0.0016,1.1133294364763193,-0.02177870187990605,0.5,0.0,0.0,0.0,0.0,0.1,0.0,0.0,0.4,0.0,0.0,0.0,0.0,0.0,0.0,0.0,0.0,0.0
2011-06-01,-0.012105503727259182,-0.012505503727259181,0.1,2,True,0.0004,1.1039057192464798,-0.030058803527866385,0.5,0.0,0.0,0.0,0.0,0.0,0.0,0.0,0.4,0.0,0.0,0.0,0.0,0.0,0.0,0.0,0.1,0.0
2011-07-01,0.03427841114466387,0.03427841114466387,0.0,0,False,0.0,1.090542384447599,-0.04180043029698188,0.5,0.0,0.0,0.0,0.0,0.0,0.0,0.0,0.4,0.0,0.0,0.0,0.0,0.0,0.0,0.0,0.1,0.0
2011-08-01,0.04482355366747427,0.04482355366747427,0.0,0,False,0.0,1.127924444672376,-0.008954871488061733,0.5,0.0,0.0,0.0,0.0,0.0,0.0,0.0,0.4,0.0,0.0,0.0,0.0,0.0,0.0,0.0,0.1,0.0
2011-09-01,-0.04232548006678947,-0.04232548006678947,0.0,0,False,0.0,1.1784820265510045,-0.010435755504274113,0.5,0.0,0.0,0.0,0.0,0.0,0.0,0.0,0.4,0.0,0.0,0.0,0.0,0.0,0.0,0.0,0.1,0.0
2011-10-01,0.02599586060454824,0.02599586060454824,0.0,0,False,0.0,1.1232566341657717,-0.056808184155232255,0.5,0.0,0.0,0.0,0.0,0.0,0.0,0.0,0.4,0.0,0.0,0.0,0.0,0.0,0.0,0.0,0.1,0.0
2011-11-01,0.007340312810416806,0.007340312810416806,0.0,0,False,0.0,1.1524566570506791,-0.03228910118718098,0.5,0.0,0.0,0.0,0.0,0.0,0.0,0.0,0.4,0.0,0.0,0.0,0.0,0.0,0.0,0.0,0.1,0.0
2011-12-01,0.005240885127324901,0.0036408851273249014,0.4,3,True,0.0016,1.159058583734816,-0.026745503199077647,0.5,0.0,0.0,0.0,0.0,0.0,0.0,0.0,0.0,0.0,0.0,0.0,0.0,0.1,0.0,0.0,0.4,0.0
2012-01-01,0.026937516038425646,0.026937516038425646,0.0,0,False,0.0,1.1510937655722162,-0.03343351293537011,0.5,0.0,0.0,0.0,0.0,0.0,0.0,0.0,0.0,0.0,0.0,0.0,0.0,0.1,0.0,0.0,0.4,0.0
2012-02-01,-0.0001569063067607514,-0.0017569063067607515,0.4,3,True,0.0016,1.1802100101482986,-0.008984778107561708,0.5,0.0,0.0,0.0,0.0,0.0,0.0,0.0,0.4,0.0,0.0,0.0,0.0,0.0,0.0,0.0,0.1,0.0
2012-03-01,0.023467672948949296,0.021867672948949295,0.4,3,True,0.0016,1.1781367880299973,-0.017399521734226653,0.5,0.0,0.0,0.0,0.0,0.0,0.0,0.0,0.0,0.0,0.0,0.0,0.0,0.1,0.0,0.0,0.4,0.0
2012-04-01,-0.008284881011495361,-0.00868488101149536,0.1,2,True,0.0004,1.199583053701492,-0.00426882794938277,0.5,0.0,0.0,0.0,0.0,0.0,0.0,0.0,0.1,0.0,0.0,0.0,0.0,0.0,0.0,0.0,0.4,0.0
2012-05-01,-0.045094258752435404,-0.0454942587524354,0.1,2,True,0.0004,1.1886931254606428,-0.013308169558409966,0.5,0.0,0.0,0.0,0.0,0.0,0.0,0.0,0.0,0.0,0.0,0.0,0.0,0.1,0.0,0.0,0.4,0.0
2012-06-01,0.03338775051834073,0.03338775051834073,0.0,0,False,0.0,1.1350898900838793,-0.05780230626925731,0.5,0.0,0.0,0.0,0.0,0.0,0.0,0.0,0.0,0.0,0.0,0.0,0.0,0.1,0.0,0.0,0.4,0.0
2012-07-01,0.004532394987138866,0.004532394987138866,0.0,0,False,0.0,1.1699669956928,-0.02885206298385512,0.5,0.0,0.0,0.0,0.0,0.0,0.0,0.0,0.0,0.0,0.0,0.0,0.0,0.1,0.0,0.0,0.4,0.0
2012-08-01,0.0204380634851878,0.0204380634851878,0.0,0,False,0.0,1.1752697482391963,-0.024450436942352716,0.5,0.0,0.0,0.0,0.0,0.0,0.0,0.0,0.0,0.0,0.0,0.0,0.0,0.1,0.0,0.0,0.4,0.0
2012-09-01,0.008426833240979216,0.008426833240979216,0.0,0,False,0.0,1.1998030457819433,-0.004612870784486578,0.5,0.0,0.0,0.0,0.0,0.0,0.0,0.0,0.0,0.0,0.0,0.0,0.0,0.1,0.0,0.0,0.4,0.0
2012-10-01,-0.01949762884665539,-0.01949762884665539,0.0,0,False,0.0,1.2099135859707668,-0.011041225195803306,0.5,0.0,0.0,0.0,0.0,0.0,0.0,0.0,0.0,0.0,0.0,0.0,0.0,0.1,0.0,0.0,0.4,0.0
2012-11-01,-0.0043553287663840486,-0.0043553287663840486,0.0,0,False,0.0,1.1863231399349827,-0.030323576331578672,0.5,0.0,0.0,0.0,0.0,0.0,0.0,0.0,0.0,0.0,0.0,0.0,0.0,0.1,0.0,0.0,0.4,0.0
2012-12-01,0.016143170066955224,0.016143170066955224,0.0,0,False,0.0,1.1823043996337173,-0.03360841297667427,0.5,0.0,0.0,0.0,0.0,0.0,0.0,0.0,0.0,0.0,0.0,0.0,0.0,0.1,0.0,0.0,0.4,0.0
2013-01-01,0.0025881758496261844,0.0025881758496261844,0.0,0,False,0.0,1.1767905637241172,-0.0381153103855949,0.5,0.0,0.0,0.0,0.0,0.0,0.0,0.0,0.0,0.0,0.0,0.0,0.0,0.1,0.0,0.0,0.4,0.0
2013-02-01,0.002014373627259491,0.0008143736272594911,0.30000000000000004,2,True,0.0012000000000000001,1.178420501075647,-0.03678303272141503,0.5,0.0,0.0,0.0,0.0,0.0,0.0,0.0,0.0,0.0,0.0,0.0,0.0,0.4,0.0,0.0,0.1,0.0
2013-03-01,0.014124872184089754,0.014124872184089754,0.0,0,False,0.0,1.180794280254836,-0.03484275386520008,0.5,0.0,0.0,0.0,0.0,0.0,0.0,0.0,0.0,0.0,0.0,0.0,0.0,0.4,0.0,0.0,0.1,0.0
2013-04-01,0.007346448647495452,0.007346448647495452,0.0,0,False,0.0,1.1974728485391395,-0.021210031125998174,0.5,0.0,0.0,0.0,0.0,0.0,0.0,0.0,0.0,0.0,0.0,0.0,0.0,0.4,0.0,0.0,0.1,0.0
2013-05-01,0.019395396198744065,0.019395396198744065,0.0,0,False,0.0,1.2062700213277024,-0.014019400882981592,0.5,0.0,0.0,0.0,0.0,0.0,0.0,0.0,0.0,0.0,0.0,0.0,0.0,0.4,0.0,0.0,0.1,0.0
2013-06-01,-0.008044646228524788,-0.008044646228524788,0.0,0,False,0.0,1.2264158420222444,-0.010548769525956847,0.5,0.0,0.0,0.0,0.0,0.0,0.0,0.0,0.0,0.0,0.0,0.0,0.0,0.4,0.0,0.0,0.1,0.0
2013-07-01,0.02734328913575801,0.02734328913575801,0.0,0,False,0.0,1.2165497604441171,-0.018508554635499053,0.5,0.0,0.0,0.0,0.0,0.0,0.0,0.0,0.0,0.0,0.0,0.0,0.0,0.4,0.0,0.0,0.1,0.0
2013-08-01,-0.016757474527025154,-0.016757474527025154,0.0,0,False,0.0,1.2498142322919776,0.0,0.5,0.0,0.0,0.0,0.0,0.0,0.0,0.0,0.0,0.0,0.0,0.0,0.0,0.4,0.0,0.0,0.1,0.0
2013-09-01,0.01756061743617494,0.01756061743617494,0.0,0,False,0.0,1.2287380078235,-0.017866267516788104,0.5,0.0,0.0,0.0,0.0,0.0,0.0,0.0,0.0,0.0,0.0,0.0,0.0,0.4,0.0,0.0,0.1,0.0
2013-10-01,0.020464441747337858,0.020464441747337858,0.0,0,False,0.0,1.2503154059081762,-0.007735082028339724,0.5,0.0,0.0,0.0,0.0,0.0,0.0,0.0,0.0,0.0,0.0,0.0,0.0,0.4,0.0,0.0,0.1,0.0
2013-11-01,0.012561958366466144,0.012561958366466144,0.0,0,False,0.0,1.2759024126981826,-0.002807241279967343,0.5,0.0,0.0,0.0,0.0,0.0,0.0,0.0,0.0,0.0,0.0,0.0,0.0,0.4,0.0,0.0,0.1,0.0
2013-12-01,0.010385488293908353,0.010385488293908353,0.0,0,False,0.0,1.2934395173842492,-4.978487303852752e-06,0.5,0.0,0.0,0.0,0.0,0.0,0.0,0.0,0.0,0.0,0.0,0.0,0.0,0.4,0.0,0.0,0.1,0.0
2014-01-01,-0.02301284140090766,-0.02301284140090766,0.0,0,False,0.0,1.2869805344880791,-0.017932635144166653,0.5,0.0,0.0,0.0,0.0,0.0,0.0,0.0,0.0,0.0,0.0,0.0,0.0,0.4,0.0,0.0,0.1,0.0
2014-02-01,0.030484507541870688,0.030484507541870688,0.0,0,False,0.0,1.271324666203932,-0.029879293930624717,0.5,0.0,0.0,0.0,0.0,0.0,0.0,0.0,0.0,0.0,0.0,0.0,0.0,0.4,0.0,0.0,0.1,0.0
2014-03-01,0.011611144647631423,0.011611144647631423,0.0,0,False,0.0,1.3151134373009887,0.0,0.5,0.0,0.0,0.0,0.0,0.0,0.0,0.0,0.0,0.0,0.0,0.0,0.0,0.4,0.0,0.0,0.1,0.0
2014-04-01,-0.0007212714184047786,-0.0007212714184047786,0.0,0,False,0.0,1.3303834096495348,0.0,0.5,0.0,0.0,0.0,0.0,0.0,0.0,0.0,0.0,0.0,0.0,0.0,0.0,0.4,0.0,0.0,0.1,0.0
2014-05-01,0.013394996750341948,0.013394996750341948,0.0,0,False,0.0,1.3294238421206348,-0.0020265046587997215,0.5,0.0,0.0,0.0,0.0,0.0,0.0,0.0,0.0,0.0,0.0,0.0,0.0,0.4,0.0,0.0,0.1,0.0
2014-06-01,0.01354152039826093,0.01354152039826093,0.0,0,False,0.0,1.3467795976644894,0.0,0.5,0.0,0.0,0.0,0.0,0.0,0.0,0.0,0.0,0.0,0.0,0.0,0.0,0.4,0.0,0.0,0.1,0.0
2014-07-01,-0.009043288838604656,-0.009043288838604656,0.0,0,False,0.0,1.365017041058225,0.0,0.5,0.0,0.0,0.0,0.0,0.0,0.0,0.0,0.0,0.0,0.0,0.0,0.0,0.4,0.0,0.0,0.1,0.0
2014-08-01,0.020679832852693016,0.020679832852693016,0.0,0,False,0.0,1.3526727976863178,-0.015011660507055269,0.5,0.0,0.0,0.0,0.0,0.0,0.0,0.0,0.0,0.0,0.0,0.0,0.0,0.4,0.0,0.0,0.1,0.0
2014-09-01,-0.010999625189501493,-0.012199625189501493,0.30000000000000004,2,True,0.0012000000000000001,1.3808326522514562,0.0,0.5,0.0,0.0,0.0,0.0,0.0,0.0,0.0,0.0,0.0,0.0,0.0,0.0,0.1,0.0,0.0,0.4,0.0
2014-10-01,0.01838422200965544,0.01838422200965544,0.0,0,False,0.0,1.3640052378145127,-0.014669960900590362,0.5,0.0,0.0,0.0,0.0,0.0,0.0,0.0,0.0,0.0,0.0,0.0,0.0,0.1,0.0,0.0,0.4,0.0
2014-11-01,0.014816505523614798,0.014816505523614798,0.0,0,False,0.0,1.3866598258257388,0.0,0.5,0.0,0.0,0.0,0.0,0.0,0.0,0.0,0.0,0.0,0.0,0.0,0.0,0.1,0.0,0.0,0.4,0.0
2014-12-01,-0.004689482529495726,-0.004689482529495726,0.0,0,False,0.0,1.407205278794461,-0.0052567582939202495,0.5,0.0,0.0,0.0,0.0,0.0,0.0,0.0,0.0,0.0,0.0,0.0,0.0,0.1,0.0,0.0,0.4,0.0
2015-01-01,-0.010974489127285802,-0.010974489127285802,0.0,0,False,0.0,1.3799332735847292,-0.02602996025630233,0.5,0.0,0.0,0.0,0.0,0.0,0.0,0.0,0.0,0.0,0.0,0.0,0.0,0.1,0.0,0.0,0.4,0.0
2015-02-01,0.035964188409883205,0.035964188409883205,0.0,0,False,0.0,1.3576692401058394,-0.041744127011596355,0.5,0.0,0.0,0.0,0.0,0.0,0.0,0.0,0.0,0.0,0.0,0.0,0.0,0.1,0.0,0.0,0.4,0.0
2015-03-01,-0.01980728134696256,-0.01980728134696256,0.0,0,False,0.0,1.4010429328710448,-0.011130561794332916,0.5,0.0,0.0,0.0,0.0,0.0,0.0,0.0,0.0,0.0,0.0,0.0,0.0,0.1,0.0,0.0,0.4,0.0
2015-04-01,0.019046986332155225,0.019046986332155225,0.0,0,False,0.0,1.3732920813204939,-0.030717376972285826,0.5,0.0,0.0,0.0,0.0,0.0,0.0,0.0,0.0,0.0,0.0,0.0,0.0,0.1,0.0,0.0,0.4,0.0
2015-05-01,0.003951342150744908,0.003951342150744908,0.0,0,False,0.0,1.3994491568234626,-0.012255464099481084,0.5,0.0,0.0,0.0,0.0,0.0,0.0,0.0,0.0,0.0,0.0,0.0,0.0,0.1,0.0,0.0,0.4,0.0
2015-06-01,-0.016294318741847436,-0.016294318741847436,0.0,0,False,0.0,1.4049788592646437,-0.008352547480609318,0.5,0.0,0.0,0.0,0.0,0.0,0.0,0.0,0.0,0.0,0.0,0.0,0.0,0.1,0.0,0.0,0.4,0.0
2015-07-01,0.007481422056179965,0.007481422056179965,0.0,0,False,0.0,1.3820856859062285,-0.024510767151501245,0.5,0.0,0.0,0.0,0.0,0.0,0.0,0.0,0.0,0.0,0.0,0.0,0.0,0.1,0.0,0.0,0.4,0.0
2015-08-01,-0.04087268443141199,-0.04087268443141199,0.0,0,False,0.0,1.395927400281512,-0.014741153389529638,0.5,0.0,0.0,0.0,0.0,0.0,0.0,0.0,0.0,0.0,0.0,0.0,0.0,0.1,0.0,0.0,0.4,0.0
2015-09-01,0.008585267775259964,0.008585267775259964,0.0,0,False,0.0,1.3388721001606443,-0.055011327310296565,0.5,0.0,0.0,0.0,0.0,0.0,0.0,0.0,0.0,0.0,0.0,0.0,0.0,0.1,0.0,0.0,0.4,0.0
2015-10-01,0.055268075975669545,0.055268075975669545,0.0,0,False,0.0,1.350366675657348,-0.04689834651066793,0.5,0.0,0.0,0.0,0.0,0.0,0.0,0.0,0.0,0.0,0.0,0.0,0.0,0.1,0.0,0.0,0.4,0.0
2015-11-01,0.002987207741269504,0.002987207741269504,0.0,0,False,0.0,1.417862313210759,-0.004499567495453438,0.5,0.0,0.0,0.0,0.0,0.0,0.0,0.0,0.0,0.0,0.0,0.0,0.0,0.1,0.0,0.0,0.4,0.0
2015-12-01,-0.0209074456162896,-0.0209074456162896,0.0,0,False,0.0,1.4220977624888367,-0.0015258008970386872,0.5,0.0,0.0,0.0,0.0,0.0,0.0,0.0,0.0,0.0,0.0,0.0,0.0,0.1,0.0,0.0,0.4,0.0
2016-01-01,-0.011982913333498879,-0.011982913333498879,0.0,0,False,0.0,1.3973830079304153,-0.01887836653258146,0.5,0.0,0.0,0.0,0.0,0.0,0.0,0.0,0.0,0.0,0.0,0.0,0.0,0.1,0.0,0.0,0.4,0.0
2016-02-01,0.010044876457329278,0.010044876457329278,0.0,0,False,0.0,1.3806382884526809,-0.030635062036042604,0.5,0.0,0.0,0.0,0.0,0.0,0.0,0.0,0.0,0.0,0.0,0.0,0.0,0.1,0.0,0.0,0.4,0.0
2016-03-01,0.0,-0.002,0.5,3,True,0.002,1.391717616233462,-0.02285611517014352,1.0,0.0,0.0,0.0,0.0,0.0,0.0,0.0,0.0,0.0,0.0,0.0,0.0,0.0,0.0,0.0,0.0,0.0
2016-04-01,-0.01973816779071651,-0.02173816779071651,0.5,3,True,0.002,1.3889341810009952,-0.024810402939803078,0.5,0.0,0.0,0.0,0.0,0.0,0.0,0.0,0.0,0.0,0.0,0.0,0.0,0.1,0.0,0.0,0.4,0.0
2016-05-01,0.016604664132951252,0.016604664132951252,0.0,0,False,0.0,1.3566565060486333,-0.04747299794351212,0.5,0.0,0.0,0.0,0.0,0.0,0.0,0.0,0.0,0.0,0.0,0.0,0.0,0.1,0.0,0.0,0.4,0.0
2016-06-01,-0.0032657485061517557,-0.0032657485061517557,0.0,0,False,0.0,1.379183331675354,-0.03165660699679729,0.5,0.0,0.0,0.0,0.0,0.0,0.0,0.0,0.0,0.0,0.0,0.0,0.0,0.1,0.0,0.0,0.4,0.0
2016-07-01,0.03156166691726894,0.03156166691726894,0.0,0,False,0.0,1.3746792657702258,-0.03481897298593928,0.5,0.0,0.0,0.0,0.0,0.0,0.0,0.0,0.0,0.0,0.0,0.0,0.0,0.1,0.0,0.0,0.4,0.0
2016-08-01,0.0054153792282689356,0.0054153792282689356,0.0,0,False,0.0,1.418066434874541,-0.004356250896454306,0.5,0.0,0.0,0.0,0.0,0.0,0.0,0.0,0.0,0.0,0.0,0.0,0.0,0.1,0.0,0.0,0.4,0.0
2016-09-01,0.0056136410271411365,0.0056136410271411365,0.0,0,False,0.0,1.4257458023902658,-0.002471848648648689,0.5,0.0,0.0,0.0,0.0,0.0,0.0,0.0,0.0,0.0,0.0,0.0,0.0,0.1,0.0,0.0,0.4,0.0
2016-10-01,-0.007431929766664769,-0.007431929766664769,0.0,0,False,0.0,1.4358731786381167,-0.0014629232360452438,0.5,0.0,0.0,0.0,0.0,0.0,0.0,0.0,0.0,0.0,0.0,0.0,0.0,0.1,0.0,0.0,0.4,0.0
2016-11-01,-0.00018827261583926821,-0.00018827261583926821,0.0,0,False,0.0,1.4252018700206406,-0.010207317736148913,0.5,0.0,0.0,0.0,0.0,0.0,0.0,0.0,0.0,0.0,0.0,0.0,0.0,0.1,0.0,0.0,0.4,0.0
2016-12-01,0.024637453611052452,0.024637453611052452,0.0,0,False,0.0,1.4249335435364725,-0.013710717873003153,0.5,0.0,0.0,0.0,0.0,0.0,0.0,0.0,0.0,0.0,0.0,0.0,0.0,0.1,0.0,0.0,0.4,0.0
2017-01-01,0.014757193871600172,0.014757193871600172,0.0,0,False,0.0,1.4429817696265084,-0.015290019300464697,0.5,0.0,0.0,0.0,0.0,0.0,0.0,0.0,0.0,0.0,0.0,0.0,0.0,0.1,0.0,0.0,0.4,0.0
2017-02-01,0.026158904665967177,0.026158904665967177,0.0,0,False,0.0,1.464276131354071,-0.002843983358784885,0.5,0.0,0.0,0.0,0.0,0.0,0.0,0.0,0.0,0.0,0.0,0.0,0.0,0.1,0.0,0.0,0.4,0.0
2017-03-01,0.0014530188446764901,0.0014530188446764901,0.0,0,False,0.0,1.5025799910788138,0.0,0.5,0.0,0.0,0.0,0.0,0.0,0.0,0.0,0.0,0.0,0.0,0.0,0.0,0.1,0.0,0.0,0.4,0.0
2017-04-01,0.0129205823248836,0.0129205823248836,0.0,0,False,0.0,1.5055934135657316,-0.0010162732545946351,0.5,0.0,0.0,0.0,0.0,0.0,0.0,0.0,0.0,0.0,0.0,0.0,0.0,0.1,0.0,0.0,0.4,0.0
2017-05-01,0.015675563971604658,0.015675563971604658,0.0,0,False,0.0,1.52504655721351,0.0,0.5,0.0,0.0,0.0,0.0,0.0,0.0,0.0,0.0,0.0,0.0,0.0,0.0,0.1,0.0,0.0,0.4,0.0
2017-06-01,-0.01487043720552419,-0.01487043720552419,0.0,0,False,0.0,1.5489525220807858,0.0,0.5,0.0,0.0,0.0,0.0,0.0,0.0,0.0,0.0,0.0,0.0,0.0,0.0,0.1,0.0,0.0,0.4,0.0
2017-07-01,0.025002789687691054,0.025002789687691054,0.0,0,False,0.0,1.529824480839448,-0.017842471430489892,0.5,0.0,0.0,0.0,0.0,0.0,0.0,0.0,0.0,0.0,0.0,0.0,0.0,0.1,0.0,0.0,0.4,0.0
2017-08-01,0.00949730183230899,0.00949730183230899,0.0,0,False,0.0,1.5680743605929577,-0.001984726610244736,0.5,0.0,0.0,0.0,0.0,0.0,0.0,0.0,0.0,0.0,0.0,0.0,0.0,0.1,0.0,0.0,0.4,0.0
2017-09-01,0.006489127141107987,0.006489127141107987,0.0,0,False,0.0,1.582966836091014,-0.00016615639389139236,0.5,0.0,0.0,0.0,0.0,0.0,0.0,0.0,0.0,0.0,0.0,0.0,0.0,0.1,0.0,0.0,0.4,0.0
2017-10-01,0.02756939590706931,0.02756939590706931,0.0,0,False,0.0,1.5916472689195225,0.0,0.5,0.0,0.0,0.0,0.0,0.0,0.0,0.0,0.0,0.0,0.0,0.0,0.0,0.1,0.0,0.0,0.4,0.0
2017-11-01,0.006209774550937698,0.006209774550937698,0.0,0,False,0.0,1.6355280226207702,0.0,0.5,0.0,0.0,0.0,0.0,0.0,0.0,0.0,0.0,0.0,0.0,0.0,0.0,0.1,0.0,0.0,0.4,0.0
2017-12-01,0.011451984345244793,0.011451984345244793,0.0,0,False,0.0,1.6456842829129867,-0.006918789626562116,0.5,0.0,0.0,0.0,0.0,0.0,0.0,0.0,0.0,0.0,0.0,0.0,0.0,0.1,0.0,0.0,0.4,0.0
2018-01-01,0.028072560165430117,0.028072560165430117,0.0,0,False,0.0,1.6148073683622384,-0.032020646921343654,0.5,0.0,0.0,0.0,0.0,0.0,0.0,0.0,0.0,0.0,0.0,0.0,0.0,0.1,0.0,0.0,0.4,0.0
2018-02-01,-0.01351690186068517,-0.01351690186068517,0.0,0,False,0.0,1.6601391453661667,-0.0058249443825961755,0.5,0.0,0.0,0.0,0.0,0.0,0.0,0.0,0.0,0.0,0.0,0.0,0.0,0.1,0.0,0.0,0.4,0.0
2018-03-01,-0.021221606861705246,-0.021221606861705246,0.0,0,False,0.0,1.6376992074631709,-0.01926311104171763,0.5,0.0,0.0,0.0,0.0,0.0,0.0,0.0,0.0,0.0,0.0,0.0,0.0,0.1,0.0,0.0,0.4,0.0
2018-04-01,0.01806187343006025,0.01806187343006025,0.0,0,False,0.0,1.6219794942269852,-0.03472261999118298,0.5,0.0,0.0,0.0,0.0,0.0,0.0,0.0,0.0,0.0,0.0,0.0,0.0,0.1,0.0,0.0,0.4,0.0
2018-05-01,0.032308567117580726,0.032308567117580726,0.0,0,False,0.0,1.6512754825578666,-0.017287902128563237,0.5,0.0,0.0,0.0,0.0,0.0,0.0,0.0,0.0,0.0,0.0,0.0,0.0,0.1,0.0,0.0,0.4,0.0
2018-06-01,-0.0029927857424570715,-0.004992785742457071,0.5,5,True,0.002,1.7012165756610713,0.0,0.0,0.0,0.0,0.09999999999999999,0.0,0.0,0.0,0.0,0.0,0.2,0.0,0.0,0.09999999999999999,0.1,0.0,0.0,0.4,0.09999999999999999
2018-07-01,0.013539160915037247,0.012739160915037247,0.19999999999999998,4,True,0.0007999999999999999,1.6961783673024093,-0.01438406945094628,0.0,0.0,0.0,0.033333333333333326,0.0,0.0,0.0,0.0,0.0,0.4,0.0,0.0,0.033333333333333326,0.1,0.0,0.0,0.4,0.033333333333333326
2018-08-01,0.02590881702081021,0.025508817020810207,0.09999999999999998,4,True,0.0003999999999999999,1.7170807774447563,-0.016908167213164127,0.0,0.0,0.0,0.0,0.0,0.0,0.0,0.0,0.0,0.5,0.0,0.0,0.0,0.1,0.0,0.0,0.4,0.0
2018-09-01,0.004249401679264345,0.0038494016792643454,0.09999999999999998,4,True,0.0003999999999999999,1.7646693762346595,-0.0007892107287594818,0.0,0.0,0.0,0.033333333333333326,0.0,0.0,0.0,0.0,0.0,0.4,0.0,0.0,0.033333333333333326,0.1,0.0,0.0,0.4,0.033333333333333326
2018-10-01,-0.044277133684839515,-0.04441046701817285,0.033333333333333326,2,True,0.0001333333333333333,1.7681753507482834,0.0,0.0,0.0,0.0,0.033333333333333326,0.033333333333333326,0.0,0.0,0.0,0.0,0.4,0.0,0.0,0.033333333333333326,0.1,0.0,0.0,0.4,0.0
2018-11-01,-5.3025827044761616e-05,-0.0004530258270447615,0.09999999999999998,4,True,0.0003999999999999999,1.6892096601192184,-0.04586218929204122,0.0,0.0,0.0,0.0,0.0,0.0,0.0,0.0,0.0,0.5,0.0,0.0,0.0,0.1,0.0,0.0,0.4,0.0
2018-12-01,-0.04712158320766002,-0.04712158320766002,0.0,0,False,0.0,1.6724457856633925,-0.055331142051366466,0.0,0.0,0.0,0.0,0.0,0.0,0.0,0.0,0.0,0.5,0.0,0.0,0.0,0.1,0.0,0.0,0.4,0.0
2019-01-01,0.03863801856568185,0.03663801856568185,0.5,2,True,0.002,1.5926833877722906,-0.1003843533237091,0.0,0.5,0.0,0.0,0.0,0.0,0.0,0.0,0.0,0.0,0.0,0.0,0.0,0.1,0.0,0.0,0.4,0.0
2019-02-01,0.031761572578240575,0.030961572578240577,0.19999999999999998,4,True,0.0007999999999999999,1.6495923445820997,-0.06823974230108865,0.0,0.3,0.0,0.0,0.0,0.0,0.0,0.0,0.0,0.0,0.06666666666666667,0.0,0.0,0.1,0.06666666666666667,0.0,0.4,0.06666666666666667
2019-03-01,0.03510077743290539,0.034700777432905394,0.1,4,True,0.0004,1.7013051971624307,-0.03903011302216419,0.0,0.4,0.0,0.0,0.0,0.0,0.0,0.0,0.0,0.0,0.033333333333333326,0.0,0.0,0.1,0.033333333333333326,0.0,0.4,0.033333333333333326
2019-04-01,0.023106465733662564,0.022306465733662566,0.19999999999999998,4,True,0.0007999999999999999,1.7596135143676872,-0.0060950834413114885,0.0,0.2,0.0,0.0,0.0,0.0,0.0,0.0,0.0,0.0,0.09999999999999999,0.0,0.0,0.1,0.09999999999999999,0.0,0.4,0.09999999999999999
2019-05-01,-0.03725973133442522,-0.038193064667758556,0.2333333333333333,5,True,0.0009333333333333332,1.7985917099090878,-0.0008624842551955281,0.0,0.4,0.0,0.033333333333333326,0.0,0.0,0.0,0.0,0.0,0.0,0.0,0.0,0.0,0.1,0.033333333333333326,0.0,0.4,0.033333333333333326
2019-06-01,0.06486583301098338,0.06473249967765005,0.033333333333333326,2,True,0.0001333333333333333,1.7415633725699113,-0.032542354112374716,0.0,0.4,0.0,0.0,0.0,0.0,0.033333333333333326,0.0,0.0,0.0,0.0,0.0,0.0,0.1,0.033333333333333326,0.0,0.4,0.033333333333333326
2019-07-01,0.013993294914635235,0.012659961581301902,0.3333333333333333,5,True,0.0013333333333333333,1.8518116818813746,-0.00042428987874321145,0.0,0.1,0.0,0.0,0.0,0.0,0.13333333333333333,0.0,0.0,0.0,0.13333333333333333,0.0,0.0,0.1,0.0,0.0,0.4,0.13333333333333333
2019-08-01,0.015446178993752887,0.014646178993752887,0.19999999999999998,4,True,0.0007999999999999999,1.8762224491692092,-0.010449253303396189,0.0,0.3,0.0,0.0,0.0,0.0,0.06666666666666667,0.0,0.0,0.0,0.06666666666666667,0.0,0.0,0.1,0.0,0.0,0.4,0.06666666666666667
2019-09-01,0.003831153236803269,0.003831153236803269,0.0,0,False,0.0,1.9156228364501777,-5.272401255529413e-05,0.0,0.3,0.0,0.0,0.0,0.0,0.06666666666666667,0.0,0.0,0.0,0.06666666666666667,0.0,0.0,0.1,0.0,0.0,0.4,0.06666666666666667
2019-10-01,0.02421337655662445,0.02381337655662445,0.1,2,True,0.0004,1.9114582270947367,-0.01350191145062607,0.0,0.3,0.0,0.0,0.0,0.0,0.06666666666666667,0.0,0.1,0.0,0.06666666666666667,0.0,0.0,0.0,0.0,0.0,0.4,0.06666666666666667
2019-11-01,0.002337632755373853,0.0016709660887071864,0.16666666666666663,5,True,0.0006666666666666665,1.9564359241963603,0.0,0.0,0.2,0.0,0.0,0.0,0.0,0.09999999999999999,0.0,0.1,0.0,0.09999999999999999,0.0,0.0,0.0,0.09999999999999999,0.0,0.4,0.0
2019-12-01,0.040219624337630114,0.039819624337630116,0.1,2,True,0.0004,1.9761659611244493,-0.0006418191510595417,0.0,0.2,0.0,0.0,0.0,0.0,0.09999999999999999,0.0,0.0,0.0,0.09999999999999999,0.0,0.0,0.1,0.09999999999999999,0.0,0.4,0.0
2020-01-01,0.033562178086710664,0.032362178086710665,0.3,5,True,0.0012,1.9551653735732473,-0.04104185840494723,0.0,0.0,0.0,0.0,0.0,0.0,0.16666666666666666,0.0,0.0,0.0,0.16666666666666666,0.0,0.0,0.1,0.0,0.0,0.4,0.16666666666666666
2020-02-01,-0.0035654438200151788,-0.0047654438200151784,0.3,4,True,0.0012,2.0096470025326254,-0.014320025886773613,0.0,0.3,0.0,0.0,0.0,0.0,0.06666666666666667,0.0,0.0,0.0,0.06666666666666667,0.0,0.0,0.1,0.0,0.0,0.4,0.06666666666666667
2020-03-01,-0.05242059167522459,-0.05362059167522459,0.3,6,True,0.0012,1.9392710591078353,-0.06579754008253025,0.0,0.5,0.0,0.0,0.0,0.0,0.0,0.0,0.1,0.0,0.0,0.0,0.0,0.0,0.0,0.0,0.4,0.0
2020-04-01,0.07126784143476846,0.07126784143476846,0.0,0,False,0.0,1.835408186783439,-0.1158312629929229,0.0,0.5,0.0,0.0,0.0,0.0,0.0,0.0,0.1,0.0,0.0,0.0,0.0,0.0,0.0,0.0,0.4,0.0
2020-05-01,0.04388849028376059,0.04388849028376059,0.0,0,False,0.0,1.966213766407197,-0.052818465642323065,0.0,0.5,0.0,0.0,0.0,0.0,0.0,0.0,0.1,0.0,0.0,0.0,0.0,0.0,0.0,0.0,0.4,0.0
2020-06-01,0.030325867543726015,0.030325867543726015,0.0,0,False,0.0,2.0525079201899556,-0.011248098074708723,0.0,0.5,0.0,0.0,0.0,0.0,0.0,0.0,0.1,0.0,0.0,0.0,0.0,0.0,0.0,0.0,0.4,0.0
2020-07-01,0.06972108590676973,0.06852108590676972,0.3,4,True,0.0012,2.1122143011058734,-0.0023959095705985423,0.0,0.2,0.0,0.09999999999999999,0.0,0.0,0.09999999999999999,0.0,0.1,0.0,0.09999999999999999,0.0,0.0,0.0,0.0,0.0,0.4,0.0
2020-08-01,0.05011949135834026,0.05011949135834026,0.0,0,False,0.0,2.235335354315267,0.0,0.0,0.2,0.0,0.09999999999999999,0.0,0.0,0.09999999999999999,0.0,0.1,0.0,0.09999999999999999,0.0,0.0,0.0,0.0,0.0,0.4,0.0
2020-09-01,-0.03905660957978081,-0.03945660957978081,0.1,4,True,0.0004,2.346430277598749,0.0,0.0,0.1,0.0,0.13333333333333333,0.0,0.0,0.13333333333333333,0.0,0.1,0.0,0.13333333333333333,0.0,0.0,0.0,0.0,0.0,0.4,0.0
2020-10-01,-0.034368320870692005,-0.034368320870692005,0.0,0,False,0.0,2.2547866663403973,-0.04216247024717734,0.0,0.1,0.0,0.13333333333333333,0.0,0.0,0.13333333333333333,0.0,0.1,0.0,0.13333333333333333,0.0,0.0,0.0,0.0,0.0,0.4,0.0
2020-11-01,0.06788699016906406,0.06642032350239739,0.3666666666666667,7,True,0.0014666666666666665,2.1693464072982267,-0.07845764969101354,0.0,0.3,0.06666666666666667,0.06666666666666667,0.0,0.0,0.0,0.0,0.0,0.0,0.06666666666666667,0.0,0.0,0.1,0.0,0.0,0.4,0.0
2020-12-01,0.02747312116557692,0.02600645449891025,0.36666666666666664,5,True,0.0014666666666666667,2.3098263795277236,-0.018781498688028586,0.0,0.0,0.0,0.16666666666666666,0.0,0.0,0.16666666666666666,0.0,0.0,0.0,0.16666666666666666,0.0,0.0,0.1,0.0,0.0,0.4,0.0
2021-01-01,0.008193913001746822,0.008193913001746822,0.0,0,False,0.0,2.303555673905396,-0.032478215628527485,0.0,0.0,0.0,0.16666666666666666,0.0,0.0,0.16666666666666666,0.0,0.0,0.0,0.16666666666666666,0.0,0.0,0.1,0.0,0.0,0.4,0.0
2021-02-01,0.010119765547673683,0.00918643221434035,0.23333333333333334,5,True,0.0009333333333333334,2.3202632066039435,-0.025460845902213203,0.0,0.0,0.13333333333333333,0.13333333333333333,0.0,0.0,0.0,0.0,0.0,0.1,0.13333333333333333,0.0,0.0,0.1,0.0,0.0,0.4,0.0
2021-03-01,0.0044847719825210075,0.0034181053158543412,0.26666666666666666,5,True,0.0010666666666666665,2.341243732955654,-0.023940426243664437,0.0,0.0,0.06666666666666667,0.06666666666666667,0.0,0.0,0.0,0.0,0.0,0.3,0.0,0.0,0.06666666666666667,0.1,0.0,0.0,0.4,0.0
2021-04-01,0.02344863675868796,0.023181970092021296,0.06666666666666667,2,True,0.0002666666666666666,2.351116545606199,-0.019824471474913397,0.0,0.0,0.06666666666666667,0.0,0.0,0.0,0.0,0.06666666666666667,0.0,0.3,0.0,0.0,0.06666666666666667,0.1,0.0,0.0,0.4,0.0
2021-05-01,0.0077478959901373665,0.0070812293234706995,0.16666666666666663,5,True,0.0006666666666666665,2.404734894925749,-0.008666823297272752,0.0,0.0,0.09999999999999999,0.0,0.0,0.0,0.0,0.0,0.0,0.2,0.0,0.0,0.09999999999999999,0.1,0.0,0.0,0.4,0.09999999999999999
2021-06-01,0.04146747853158596,0.04106747853158596,0.1,4,True,0.0004,2.4302195853045254,0.0,0.0,0.0,0.13333333333333333,0.0,0.0,0.0,0.0,0.0,0.0,0.1,0.0,0.0,0.13333333333333333,0.1,0.0,0.0,0.4,0.13333333333333333
2021-07-01,0.011289689976484461,0.010889689976484462,0.1,4,True,0.0004,2.529982265919666,0.0,0.0,0.0,0.09999999999999999,0.0,0.0,0.0,0.0,0.0,0.0,0.2,0.0,0.0,0.09999999999999999,0.1,0.0,0.0,0.4,0.09999999999999999
2021-08-01,0.028472053025861824,0.027272053025861824,0.30000000000000004,6,True,0.0012000000000000001,2.564517731459277,-0.003190829107694526,0.0,0.1,0.13333333333333333,0.13333333333333333,0.0,0.0,0.0,0.0,0.0,0.0,0.0,0.0,0.0,0.1,0.0,0.0,0.4,0.13333333333333333
2021-09-01,-0.03348052651947666,-0.03348052651947666,0.0,0,False,0.0,2.634369774515594,0.0,0.0,0.1,0.13333333333333333,0.13333333333333333,0.0,0.0,0.0,0.0,0.0,0.0,0.0,0.0,0.0,0.1,0.0,0.0,0.4,0.13333333333333333
2021-10-01,0.04945567662060295,0.04785567662060295,0.4,8,True,0.0016,2.5420958159179476,-0.039436022282198446,0.0,0.0,0.09999999999999999,0.0,0.0,0.1,0.0,0.0,0.0,0.2,0.0,0.0,0.09999999999999999,0.0,0.0,0.0,0.4,0.09999999999999999
2021-11-01,-0.010395519781239737,-0.010795519781239736,0.1,4,True,0.0004,2.6667497577747628,-0.0006946349620908787,0.0,0.0,0.13333333333333333,0.0,0.0,0.1,0.0,0.0,0.0,0.1,0.0,0.0,0.13333333333333333,0.0,0.0,0.0,0.4,0.13333333333333333
2021-12-01,0.03918245252549865,0.038115785858831984,0.26666666666666666,5,True,0.0010666666666666665,2.636212545241089,-0.034066440030958156,0.0,0.0,0.0,0.06666666666666667,0.0,0.1,0.0,0.0,0.0,0.3,0.0,0.0,0.06666666666666667,0.0,0.0,0.0,0.4,0.06666666666666667
2022-01-01,-0.02655664090376192,-0.02775664090376192,0.3,5,True,0.0012,2.638855002810574,-0.03458483052311989,0.0,0.2,0.0,0.09999999999999999,0.0,0.1,0.0,0.0,0.0,0.0,0.0,0.0,0.09999999999999999,0.0,0.0,0.0,0.4,0.09999999999999999
2022-02-01,-0.018669334883247034,-0.020669334883247036,0.5,5,True,0.002,2.5734540596405533,-0.058511519396584166,0.0,0.0,0.0,0.0,0.0,0.1,0.0,0.0,0.0,0.5,0.0,0.0,0.0,0.0,0.0,0.0,0.4,0.0
2022-03-01,0.018278941281577643,0.017078941281577643,0.30000000000000004,2,True,0.0012000000000000001,2.5223788927336783,-0.07719717694993333,0.0,0.0,0.0,0.0,0.0,0.4,0.0,0.0,0.0,0.5,0.0,0.0,0.0,0.0,0.0,0.0,0.1,0.0
2022-04-01,0.01659299950379773,0.01619299950379773,0.09999999999999998,4,True,0.0003999999999999999,2.5674579142804865,-0.060705186605593986,0.0,0.0,0.033333333333333326,0.0,0.0,0.4,0.0,0.0,0.0,0.4,0.033333333333333326,0.0,0.033333333333333326,0.0,0.0,0.0,0.1,0.0
2022-05-01,0.013608075598271308,0.013208075598271309,0.09999999999999998,4,True,0.0003999999999999999,2.5907491071959234,-0.05218419135127861,0.0,0.0,0.0,0.0,0.0,0.4,0.0,0.0,0.0,0.5,0.0,0.0,0.0,0.0,0.0,0.0,0.1,0.0
2022-06-01,-0.03943711838443609,-0.03943711838443609,0.0,0,False,0.0,2.6249538152160388,-0.03967052767708035,0.0,0.0,0.0,0.0,0.0,0.4,0.0,0.0,0.0,0.5,0.0,0.0,0.0,0.0,0.0,0.0,0.1,0.0
2022-07-01,0.0006684491978610207,-0.0013315508021389793,0.5,3,True,0.002,2.516390334449983,-0.07938806845561219,0.5,0.0,0.0,0.0,0.0,0.0,0.0,0.0,0.0,0.5,0.0,0.0,0.0,0.0,0.0,0.0,0.0,0.0
2022-08-01,-0.004482166698455137,-0.004482166698455137,0.0,0,False,0.0,2.5180724135505512,-0.07877268614843014,0.5,0.0,0.0,0.0,0.0,0.0,0.0,0.0,0.0,0.5,0.0,0.0,0.0,0.0,0.0,0.0,0.0,0.0
2022-09-01,-0.0038491147036181506,-0.0038491147036181506,0.0,0,False,0.0,2.5067859932342365,-0.08290178053628294,0.5,0.0,0.0,0.0,0.0,0.0,0.0,0.0,0.0,0.5,0.0,0.0,0.0,0.0,0.0,0.0,0.0,0.0
2022-10-01,-0.0018425135764158496,-0.0018425135764158496,0.0,0,False,0.0,2.4944836370318737,-0.08740255124381302,0.5,0.0,0.0,0.0,0.0,0.0,0.0,0.0,0.0,0.5,0.0,0.0,0.0,0.0,0.0,0.0,0.0,0.0
2022-11-01,0.0033093245084679923,0.0033093245084679923,0.0,0,False,0.0,2.4898875170644965,-0.08908402443294827,0.5,0.0,0.0,0.0,0.0,0.0,0.0,0.0,0.0,0.5,0.0,0.0,0.0,0.0,0.0,0.0,0.0,0.0
2022-12-01,0.0009669309611293198,0.0009669309611293198,0.0,0,False,0.0,2.4981273628480474,-0.0860695078698489,0.5,0.0,0.0,0.0,0.0,0.0,0.0,0.0,0.0,0.5,0.0,0.0,0.0,0.0,0.0,0.0,0.0,0.0
2023-01-01,0.0470544109363491,0.0450544109363491,0.5,2,True,0.002,2.5007844312092273,-0.08509742941177212,0.0,0.0,0.0,0.0,0.0,0.0,0.0,0.0,0.0,0.5,0.0,0.0,0.0,0.0,0.0,0.5,0.0,0.0
2023-02-01,-0.028653218006042046,-0.029053218006042048,0.09999999999999998,4,True,0.0003999999999999999,2.6121751665776687,-0.044345548179441474,0.0,0.0,0.0,0.0,0.0,0.0,0.0,0.033333333333333326,0.0,0.4,0.033333333333333326,0.0,0.033333333333333326,0.0,0.0,0.5,0.0,0.0
2023-03-01,0.050004005148810426,0.04760400514881043,0.6,6,True,0.0024,2.531238354998806,-0.07395597602943849,0.0,0.0,0.0,0.0,0.0,0.0,0.0,0.0,0.5,0.5,0.0,0.0,0.0,0.0,0.0,0.0,0.0,0.0
2023-04-01,-0.004365437912546258,-0.005565437912546258,0.3,6,True,0.0012,2.6449445890261276,-0.03235697832886475,0.0,0.0,0.0,0.06666666666666667,0.0,0.0,0.0,0.0,0.4,0.3,0.06666666666666667,0.0,0.06666666666666667,0.0,0.0,0.0,0.1,0.0
2023-05-01,0.012825847441477524,0.011625847441477525,0.3,5,True,0.0012,2.636198732266868,-0.03555661710267699,0.0,0.2,0.0,0.09999999999999999,0.0,0.0,0.0,0.0,0.4,0.0,0.09999999999999999,0.0,0.09999999999999999,0.0,0.0,0.0,0.1,0.0
2023-06-01,0.01255449548026629,0.009354495480266291,0.8,7,True,0.0032,2.646965562091969,-0.03161761294016785,0.0,0.0,0.0,0.0,0.0,0.0,0.0,0.0,0.1,0.5,0.0,0.0,0.0,0.0,0.0,0.0,0.4,0.0
2023-07-01,0.02687644242567118,0.02527644242567118,0.4,6,True,0.0015999999999999999,2.683161166723288,-0.01837558723498689,0.0,0.0,0.0,0.09999999999999999,0.09999999999999999,0.0,0.0,0.0,0.0,0.2,0.0,0.0,0.09999999999999999,0.1,0.0,0.0,0.4,0.0
2023-08-01,-0.0039202434517876085,-0.004853576785120942,0.23333333333333334,5,True,0.0009333333333333334,2.7482990779003864,-0.0022107501847117295,0.0,0.0,0.0,0.033333333333333326,0.0,0.0,0.0,0.0,0.0,0.4,0.033333333333333326,0.0,0.033333333333333326,0.1,0.0,0.0,0.4,0.0
2023-09-01,-0.038945659289382754,-0.039745659289382756,0.19999999999999998,4,True,0.0007999999999999999,2.7353350563755447,-0.006917429095997907,0.0,0.0,0.0,0.09999999999999999,0.0,0.0,0.0,0.0,0.0,0.2,0.09999999999999999,0.0,0.09999999999999999,0.1,0.0,0.0,0.4,0.0
2023-10-01,0.001961872063431422,0.0010285387300980886,0.2333333333333333,5,True,0.0009333333333333332,2.6272113109389013,-0.046172512981871194,0.0,0.0,0.0,0.033333333333333326,0.033333333333333326,0.0,0.0,0.0,0.0,0.4,0.0,0.0,0.033333333333333326,0.1,0.0,0.0,0.4,0.0
2023-11-01,0.05879504418234886,0.058395044182348865,0.09999999999999998,4,True,0.0003999999999999999,2.628856725413153,-0.04557513372023958,0.0,0.0,0.0,0.0,0.0,0.0,0.0,0.0,0.0,0.5,0.0,0.0,0.0,0.1,0.0,0.0,0.4,0.0
2023-12-01,0.015750232570107443,0.014950232570107443,0.2,4,True,0.0008,2.781193736354699,0.0,0.0,0.0,0.0,0.06666666666666667,0.06666666666666667,0.0,0.0,0.0,0.0,0.3,0.06666666666666667,0.0,0.0,0.1,0.0,0.0,0.4,0.0
2024-01-01,0.029927214454912466,0.0292605477882458,0.16666666666666663,5,True,0.0006666666666666665,2.8201910556499987,-0.016750766259225558,0.0,0.0,0.0,0.09999999999999999,0.0,0.0,0.0,0.0,0.0,0.2,0.09999999999999999,0.0,0.0,0.1,0.0,0.0,0.4,0.09999999999999999
2024-02-01,0.03668143151543253,0.03628143151543253,0.09999999999999999,2,True,0.00039999999999999996,2.9014940617812797,-0.009213979865314248,0.0,0.0,0.0,0.09999999999999999,0.09999999999999999,0.0,0.0,0.0,0.0,0.2,0.09999999999999999,0.0,0.0,0.1,0.0,0.0,0.4,0.0
2024-03-01,0.01740714524718795,0.01700714524718795,0.09999999999999999,2,True,0.00039999999999999996,3.0067218474939432,0.0,0.0,0.0,0.0,0.09999999999999999,0.0,0.0,0.0,0.0,0.0,0.2,0.09999999999999999,0.0,0.09999999999999999,0.1,0.0,0.0,0.4,0.0
2024-04-01,-0.037915543263948255,-0.037915543263948255,0.0,0,False,0.0,3.0518973110902277,0.0,0.0,0.0,0.0,0.09999999999999999,0.0,0.0,0.0,0.0,0.0,0.2,0.09999999999999999,0.0,0.09999999999999999,0.1,0.0,0.0,0.4,0.0
2024-05-01,0.0483717335416489,0.0483717335416489,0.0,0,False,0.0,2.9427194973762023,-0.040800558351247074,0.0,0.0,0.0,0.09999999999999999,0.0,0.0,0.0,0.0,0.0,0.2,0.09999999999999999,0.0,0.09999999999999999,0.1,0.0,0.0,0.4,0.0
2024-06-01,0.036742307963176124,0.03594230796317612,0.2,5,True,0.0008,3.075661864298604,-0.018541008217007215,0.0,0.0,0.13333333333333333,0.0,0.0,0.0,0.0,0.0,0.0,0.1,0.13333333333333333,0.0,0.13333333333333333,0.1,0.0,0.0,0.4,0.0
2024-07-01,-0.028747021218035244,-0.028747021218035244,0.0,0,False,0.0,3.186117844683494,-0.003070814422857615,0.0,0.0,0.13333333333333333,0.0,0.0,0.0,0.0,0.0,0.0,0.1,0.13333333333333333,0.0,0.13333333333333333,0.1,0.0,0.0,0.4,0.0
2024-08-01,0.007737815125247708,0.007204481791914375,0.13333333333333333,2,True,0.0005333333333333333,3.0928760332939382,-0.04912892004929248,0.0,0.0,0.0,0.13333333333333333,0.0,0.0,0.0,0.0,0.0,0.1,0.13333333333333333,0.0,0.13333333333333333,0.1,0.0,0.0,0.4,0.0
2024-09-01,0.03281314540555608,0.03281314540555608,0.0,0,False,0.0,3.176183679018262,-0.023516890919992317,0.0,0.0,0.0,0.13333333333333333,0.0,0.0,0.0,0.0,0.0,0.1,0.13333333333333333,0.0,0.13333333333333333,0.1,0.0,0.0,0.4,0.0
2024-10-01,0.008845631259371933,0.0083122979260386,0.13333333333333333,2,True,0.0005333333333333333,3.210804598780972,-0.012873065881652712,0.0,0.0,0.13333333333333333,0.13333333333333333,0.0,0.0,0.0,0.0,0.0,0.1,0.13333333333333333,0.0,0.0,0.1,0.0,0.0,0.4,0.0
2024-11-01,-0.0021988999479443045,-0.004332233281277638,0.5333333333333333,5,True,0.0021333333333333334,3.2322958857640947,-0.024148129388177564,0.0,0.0,0.0,0.13333333333333333,0.0,0.0,0.0,0.0,0.4,0.1,0.13333333333333333,0.0,0.0,0.0,0.0,0.0,0.1,0.13333333333333333
2024-12-01,-0.009102162672498249,-0.010035496005831581,0.23333333333333334,5,True,0.0009333333333333334,3.2412424167082827,-0.021447111515456196,0.0,0.0,0.0,0.16666666666666666,0.0,0.0,0.0,0.0,0.4,0.0,0.16666666666666666,0.0,0.16666666666666666,0.0,0.0,0.0,0.1,0.0
2025-01-01,-0.0032402010208448353,-0.006840201020844835,0.8999999999999999,7,True,0.0036,3.1084931752508784,-0.06152500047638132,0.0,0.0,0.0,0.0,0.0,0.0,0.0,0.0,0.0,0.5,0.0,0.0,0.0,0.1,0.0,0.0,0.4,0.0
2025-02-01,0.007413132746409165,0.004213132746409165,0.8,7,True,0.0032,3.10597123298111,-0.06228639181198503,0.0,0.0,0.13333333333333333,0.13333333333333333,0.0,0.0,0.0,0.0,0.4,0.1,0.13333333333333333,0.0,0.0,0.0,0.0,0.0,0.1,0.0
2025-03-01,0.03463042825741555,0.034230428257415554,0.09999999999999999,4,True,0.00039999999999999996,3.0992843755335646,-0.06430519905591392,0.0,0.0,0.16666666666666666,0.16666666666666666,0.0,0.0,0.0,0.0,0.4,0.0,0.16666666666666666,0.0,0.0,0.0,0.0,0.0,0.1,0.0
2025-04-01,0.004547893172359305,0.002681226505692638,0.4666666666666667,7,True,0.0018666666666666666,3.199347990134505,-0.034095320709512156,0.0,0.0,0.06666666666666667,0.0,0.0,0.0,0.0,0.0,0.4,0.3,0.06666666666666667,0.0,0.06666666666666667,0.1,0.0,0.0,0.0,0.0
2025-05-01,0.032707184089531924,0.03244051742286526,0.06666666666666667,2,True,0.0002666666666666666,3.2130412434727007,-0.029961235416240517,0.0,0.0,0.06666666666666667,0.0,0.0,0.0,0.0,0.06666666666666667,0.4,0.3,0.06666666666666667,0.0,0.0,0.1,0.0,0.0,0.0,0.0
2025-06-01,0.011400782491270533,0.010734115824603867,0.16666666666666663,5,True,0.0006666666666666665,3.2705768222985747,-0.013200158091720371,0.0,0.0,0.0,0.09999999999999999,0.0,0.0,0.0,0.09999999999999999,0.4,0.2,0.09999999999999999,0.0,0.0,0.1,0.0,0.0,0.0,0.0
2025-07-01,0.007073380268955572,0.006273380268955572,0.2,6,True,0.0008,3.3030141876607035,-0.003578175688841667,0.0,0.0,0.0,0.13333333333333333,0.0,0.0,0.0,0.13333333333333333,0.4,0.1,0.13333333333333333,0.0,0.0,0.0,0.0,0.0,0.1,0.0
2025-08-01,0.036530686867432105,0.036530686867432105,0.0,0,False,0.0,3.3263776630437807,-0.01691009764382767,0.0,0.0,0.0,0.13333333333333333,0.0,0.0,0.0,0.13333333333333333,0.4,0.1,0.13333333333333333,0.0,0.0,0.0,0.0,0.0,0.1,0.0
2025-09-01,0.07847619087807803,0.07847619087807803,0.0,0,False,0.0,3.41873495363019,0.0,0.0,0.0,0.0,0.13333333333333333,0.0,0.0,0.0,0.13333333333333333,0.4,0.1,0.13333333333333333,0.0,0.0,0.0,0.0,0.0,0.1,0.0
2025-10-01,0.04080341221115144,0.04040341221115144,0.09999999999999999,4,True,0.00039999999999999996,3.7173537706333972,0.0,0.0,0.0,0.0,0.16666666666666666,0.0,0.0,0.0,0.16666666666666666,0.4,0.0,0.16666666666666666,0.0,0.0,0.0,0.0,0.0,0.1,0.0
2025-11-01,0.019825676845019347,0.019425676845019346,0.09999999999999999,4,True,0.00039999999999999996,3.8556441714858747,-0.04156165300061809,0.0,0.0,0.0,0.13333333333333333,0.0,0.0,0.0,0.13333333333333333,0.4,0.1,0.13333333333333333,0.0,0.0,0.0,0.0,0.0,0.1,0.0
2025-12-01,0.010647612691895115,0.009714279358561782,0.23333333333333334,5,True,0.0009333333333333334,3.926843614935028,-0.02386285252744469,0.0,0.0,0.16666666666666666,0.16666666666666666,0.0,0.0,0.0,0.0,0.4,0.0,0.16666666666666666,0.0,0.0,0.0,0.0,0.0,0.1,0.0
2026-01-01,0.05610785864862818,0.05544119198196151,0.16666666666666666,2,True,0.0006666666666666666,3.805403872650158,-0.0719982306763347,0.0,0.0,0.0,0.16666666666666666,0.0,0.0,0.0,0.16666666666666666,0.4,0.0,0.16666666666666666,0.0,0.0,0.0,0.0,0.0,0.1,0.0
2026-02-01,0.11083467007084918,0.10950133673751584,0.3333333333333333,4,True,0.0013333333333333333,4.128727001768934,-0.06015268012498398,0.0,0.0,0.16666666666666666,0.0,0.0,0.0,0.0,0.0,0.4,0.0,0.16666666666666666,0.0,0.16666666666666666,0.0,0.0,0.0,0.1,0.0
2026-03-01,-0.06425900345239649,-0.06492567011906315,0.16666666666666666,2,True,0.0006666666666666666,4.509290235908123,0.0,0.0,0.0,0.0,0.0,0.0,0.0,0.0,0.0,0.4,0.0,0.16666666666666666,0.0,0.16666666666666666,0.0,0.0,0.0,0.1,0.16666666666666666
2026-04-01,0.0078479978325545,0.0063813311658878335,0.36666666666666664,5,True,0.0014666666666666667,4.2105302056548135,-0.06625433596494656,0.0,0.0,0.06666666666666667,0.0,0.0,0.0,0.0,0.0,0.4,0.3,0.06666666666666667,0.0,0.06666666666666667,0.0,0.0,0.0,0.1,0.0
2026-05-01,0.017270477279852425,0.01460381061318576,0.6666666666666667,7,True,0.0026666666666666666,4.232258239082479,-0.0614358318787287,0.0,0.0,0.13333333333333333,0.13333333333333333,0.0,0.4,0.0,0.0,0.0,0.1,0.0,0.0,0.13333333333333333,0.0,0.0,0.0,0.1,0.0
2026-06-01,-0.057170497140998616,-0.058370497140998616,0.30000000000000004,2,True,0.0012000000000000001,4.300184937212408,-0.04637210908062206,0.0,0.0,0.13333333333333333,0.13333333333333333,0.0,0.1,0.0,0.0,0.0,0.1,0.0,0.0,0.13333333333333333,0.0,0.0,0.0,0.4,0.0
2026-07-01,0.0,-0.0008,0.2,4,True,0.0008,4.051097753572498,-0.10161077650025119,0.0,0.1,0.13333333333333333,0.13333333333333333,0.0,0.0,0.0,0.0,0.0,0.0,0.0,0.0,0.13333333333333333,0.1,0.0,0.0,0.4,0.0
2026-08-01,0.0,-0.002,0.5,3,True,0.002,3.998873557821781,-0.11319224343153189,0.5,0.1,0.13333333333333333,0.13333333333333333,0.0,0.0,0.0,0.0,0.0,0.0,0.0,0.0,0.13333333333333333,0.0,0.0,0.0,0.0,0.0
