date,gross_return,net_return,turnover,operations,signal_changed,trade_cost,equity,drawdown,w__CASH,w_dbc.us,w_gld.us,w_hyg.us,w_ief.us,w_ivv.us,w_lqd.us,w_shy.us,w_tlt.us,w_xlk.us
2005-08-01,-0.005893026113600541,-0.007893026113600541,0.5,3,True,0.002,0.998,0.0,0.5,0.0,0.0,0.0,0.0,0.1,0.0,0.0,0.0,0.4
2005-09-01,0.0014071472129330465,0.0014071472129330465,0.0,0,False,0.0,0.9921187599386266,-0.013310461392909034,0.5,0.0,0.0,0.0,0.0,0.1,0.0,0.0,0.0,0.4
2005-10-01,-0.011067830322699857,-0.011067830322699857,0.0,0,False,0.0,0.9945027060016076,-0.010939561117731866,0.5,0.0,0.0,0.0,0.0,0.1,0.0,0.0,0.0,0.4
2005-11-01,0.0378329563068762,0.0378329563068762,0.0,0,False,0.0,0.983495718796116,-0.021886314234175863,0.5,0.0,0.0,0.0,0.0,0.1,0.0,0.0,0.0,0.4
2005-12-01,-0.013235055255651208,-0.013235055255651208,0.0,0,False,0.0,1.0207042693533293,0.0,0.5,0.0,0.0,0.0,0.0,0.1,0.0,0.0,0.0,0.4
2006-01-01,0.009417344849075882,0.009417344849075882,0.0,0,False,0.0,0.9979053624960703,-0.022336447041319096,0.5,0.0,0.0,0.0,0.0,0.1,0.0,0.0,0.0,0.4
2006-02-01,0.007083611389598188,0.007083611389598188,0.0,0,False,0.0,1.007302981421438,-0.013129452216734228,0.5,0.0,0.0,0.0,0.0,0.1,0.0,0.0,0.0,0.4
2006-03-01,0.003720963381224074,0.003720963381224074,0.0,0,False,0.0,1.014438324293411,-0.006138844764397966,0.5,0.0,0.0,0.0,0.0,0.1,0.0,0.0,0.0,0.4
2006-04-01,-0.010219678272954225,-0.010219678272954225,0.0,0,False,0.0,1.015835432600125,-0.004770075818619657,0.5,0.0,0.0,0.0,0.0,0.1,0.0,0.0,0.0,0.4
2006-05-01,-0.017611775369164275,-0.017611775369164275,0.0,0,False,0.0,1.0054539213006848,-0.015998593083010437,0.5,0.0,0.0,0.0,0.0,0.1,0.0,0.0,0.0,0.4
2006-06-01,-0.00651567792968183,-0.00651567792968183,0.0,0,False,0.0,0.9877460926946916,-0.033328604824574226,0.5,0.0,0.0,0.0,0.0,0.1,0.0,0.0,0.0,0.4
2006-07-01,-0.019190118592644512,-0.019190118592644512,0.0,0,False,0.0,0.9779836508551567,-0.042882753753269665,0.5,0.0,0.0,0.0,0.0,0.1,0.0,0.0,0.0,0.4
2006-08-01,0.016309165041659246,0.014709165041659245,0.4,2,True,0.0016,0.9576812829677971,-0.06275194730026445,0.5,0.0,0.0,0.0,0.0,0.5,0.0,0.0,0.0,0.0
2006-09-01,0.007403992416768901,0.007003992416768901,0.09999999999999999,2,True,0.00039999999999999996,0.9729109449629995,-0.04784722763816096,0.5,0.0,0.0,0.0,0.0,0.4,0.0,0.0,0.0,0.1
2006-10-01,0.015685431874892353,0.015685431874892353,0.0,0,False,0.0,0.9823908359101485,-0.038569601053993874,0.5,0.0,0.0,0.0,0.0,0.4,0.0,0.0,0.0,0.1
2006-11-01,0.01238061096020875,0.01238061096020875,0.0,0,False,0.0,0.9978000604413357,-0.02348915002887575,0.5,0.0,0.0,0.0,0.0,0.4,0.0,0.0,0.0,0.1
2006-12-01,0.003414222341577511,0.003414222341577511,0.0,0,False,0.0,1.0101534348057328,-0.011399349096960276,0.5,0.0,0.0,0.0,0.0,0.4,0.0,0.0,0.0,0.1
2007-01-01,0.010600504672446753,0.010600504672446753,0.0,0,False,0.0,1.0116114837460604,-0.009972409305646801,0.5,0.0,0.0,0.0,0.0,0.4,0.0,0.0,0.0,0.1
2007-02-01,-0.013766920344711631,-0.013766920344711631,0.0,0,False,0.0,1.0223350760062113,0.0,0.5,0.0,0.0,0.0,0.0,0.4,0.0,0.0,0.0,0.1
2007-03-01,0.006134978511363265,0.006134978511363265,0.0,0,False,0.0,1.0082606704492292,-0.018819050944243965,0.5,0.0,0.0,0.0,0.0,0.4,0.0,0.0,0.0,0.1
2007-04-01,0.022867473392642057,0.022867473392642057,0.0,0,False,0.0,1.0137317169287703,-0.013494945051337748,0.5,0.0,0.0,0.0,0.0,0.4,0.0,0.0,0.0,0.1
2007-05-01,0.009176786573537998,0.007176786573537998,0.5,5,True,0.002,1.0348393735929309,-0.005171777672840383,0.0,0.0,0.11111111111111112,0.0,0.16666666666666666,0.4,0.11111111111111112,0.0,0.11111111111111112,0.1
2007-06-01,-0.0034259952490167,-0.0054259952490167,0.5,5,True,0.002,1.0422472019149625,-0.004506976097031434,0.0,0.0,0.0,0.0,0.0,0.4,0.0,0.5,0.0,0.1
2007-07-01,-0.012003487013933013,-0.012003487013933013,0.0,0,False,0.0,1.0354411890069637,-0.011007678001587085,0.0,0.0,0.0,0.0,0.0,0.4,0.0,0.5,0.0,0.1
2007-08-01,0.015457201078302868,0.014790534411636202,0.16666666666666669,4,True,0.0006666666666666668,1.0223302759516,-0.02636238944956626,0.0,0.05555555555555556,0.05555555555555556,0.0,0.0,0.4,0.0,0.3333333333333333,0.05555555555555556,0.1
2007-09-01,0.036129912156146624,0.035463245489479954,0.16666666666666669,4,True,0.0006666666666666668,1.0319423581679912,-0.01720812200613142,0.0,0.11111111111111112,0.11111111111111112,0.0,0.0,0.4,0.0,0.16666666666666666,0.11111111111111112,0.1
2007-10-01,0.013078658269544978,0.013078658269544978,0.0,0,False,0.0,1.0685135273555282,0.0,0.0,0.11111111111111112,0.11111111111111112,0.0,0.0,0.4,0.0,0.16666666666666666,0.11111111111111112,0.1
2007-11-01,-0.007124619298921699,-0.007124619298921699,0.0,0,False,0.0,1.0824882506361972,-0.012359437378890115,0.0,0.11111111111111112,0.11111111111111112,0.0,0.0,0.4,0.0,0.16666666666666666,0.11111111111111112,0.1
2007-12-01,0.011306698760627516,0.01064003209396085,0.16666666666666666,2,True,0.0006666666666666666,1.0755855499389,-0.018814212536670483,0.0,0.11111111111111112,0.11111111111111112,0.0,0.16666666666666666,0.4,0.0,0.0,0.11111111111111112,0.1
2008-01-01,-0.014317206232683712,-0.014317206232683712,0.0,0,False,0.0,1.0705479801175328,-0.023409655374630134,0.0,0.11111111111111112,0.11111111111111112,0.0,0.16666666666666666,0.4,0.0,0.0,0.11111111111111112,0.1
2008-02-01,0.0016035061079165552,0.0016035061079165552,0.0,0,False,0.0,1.0552207239042073,-0.037391700743479084,0.0,0.11111111111111112,0.11111111111111112,0.0,0.16666666666666666,0.4,0.0,0.0,0.11111111111111112,0.1
2008-03-01,0.00035301907668309866,0.00035301907668309866,0.0,0,False,0.0,1.0554821127088756,-0.03715325296946692,0.0,0.11111111111111112,0.11111111111111112,0.0,0.16666666666666666,0.4,0.0,0.0,0.11111111111111112,0.1
2008-04-01,-0.0034150175858523807,-0.005415017585852381,0.5,3,True,0.002,1.0537430085936998,-0.03873972300044337,0.5,0.11111111111111112,0.11111111111111112,0.0,0.16666666666666666,0.0,0.0,0.0,0.11111111111111112,0.0
2008-05-01,0.012026806393290157,0.012026806393290157,0.0,0,False,0.0,1.0501444576883832,-0.04202244375097841,0.5,0.11111111111111112,0.11111111111111112,0.0,0.16666666666666666,0.0,0.0,0.0,0.11111111111111112,0.0
2008-06-01,-0.04549050769945662,-0.04949050769945662,1.0,7,True,0.004,1.0599103410110446,-0.033113672227630064,0.0,0.0,0.0,0.0,0.0,0.0,0.0,0.5,0.0,0.5
2008-07-01,-0.00620772374306654,-0.01020772374306654,1.0,7,True,0.004,1.0036171127423914,-0.08446627315348776,0.5,0.05555555555555556,0.05555555555555556,0.0,0.3333333333333333,0.0,0.0,0.0,0.05555555555555556,0.0
2008-08-01,0.008957855712950491,0.008291189046283825,0.16666666666666669,4,True,0.0006666666666666668,0.9967220103393639,-0.09075622050480647,0.5,0.0,0.0,0.0,0.5,0.0,0.0,0.0,0.0,0.0
2008-09-01,-0.0011866510295563404,-0.0011866510295563404,0.0,0,False,0.0,1.0045379147135893,-0.08362628622054791,0.5,0.0,0.0,0.0,0.5,0.0,0.0,0.0,0.0,0.0
2008-10-01,0.0035629827454024543,0.0015629827454024543,0.5,2,True,0.002,1.0013391870053405,-0.08654427462739955,0.5,0.0,0.0,0.0,0.0,0.0,0.0,0.5,0.0,0.0
2008-11-01,0.00433785883441784,0.00433785883441784,0.0,0,False,0.0,1.0059222601540803,-0.08236343914043742,0.5,0.0,0.0,0.0,0.0,0.0,0.0,0.5,0.0,0.0
2008-12-01,0.009926842387887547,0.007926842387887547,0.5,2,True,0.002,1.0082652372991934,-0.08022609555557147,0.5,0.0,0.0,0.0,0.5,0.0,0.0,0.0,0.0,0.0
2009-01-01,-0.010690440153668657,-0.011357106820335323,0.16666666666666669,4,True,0.0006666666666666668,1.025693209025423,-0.06432770591742454,0.5,0.0,0.05555555555555556,0.0,0.3333333333333333,0.0,0.05555555555555556,0.0,0.05555555555555556,0.0
2009-02-01,-0.005003969175810012,-0.005003969175810012,0.0,0,False,0.0,1.013652230373797,-0.07531189691998674,0.5,0.0,0.05555555555555556,0.0,0.3333333333333333,0.0,0.05555555555555556,0.0,0.05555555555555556,0.0
2009-03-01,0.011720106021196885,0.01105343935453022,0.16666666666666669,4,True,0.0006666666666666668,1.0066865544920254,-0.08166622380329103,0.5,0.0,0.0,0.0,0.5,0.0,0.0,0.0,0.0,0.0
2009-04-01,-0.017547698190896688,-0.017547698190896688,0.0,0,False,0.0,1.0178060376223579,-0.07152265241369749,0.5,0.0,0.0,0.0,0.5,0.0,0.0,0.0,0.0,0.0
2009-05-01,0.036537934693293646,0.03387126802662698,0.6666666666666667,6,True,0.002666666666666667,0.9972793620987356,-0.09024778523906285,0.0,0.0,0.05555555555555556,0.05555555555555556,0.3333333333333333,0.5,0.05555555555555556,0.0,0.0,0.0
2009-06-01,-0.012892120379041035,-0.014225453712374369,0.3333333333333333,5,True,0.0013333333333333333,1.0323395997816656,-0.058264641804743444,0.0,0.0,0.11111111111111112,0.11111111111111112,0.0,0.5,0.11111111111111112,0.16666666666666666,0.0,0.0
2009-07-01,0.04931431568169039,0.04864764901502372,0.16666666666666669,4,True,0.0006666666666666668,1.0183511996869696,-0.07102533700285762,0.0,0.0,0.05555555555555556,0.05555555555555556,0.0,0.5,0.05555555555555556,0.3333333333333333,0.0,0.0
2009-08-01,0.00017381088679996933,0.00017381088679996933,0.0,0,False,0.0,1.0620730992313585,-0.031140730486629575,0.0,0.0,0.05555555555555556,0.05555555555555556,0.0,0.5,0.05555555555555556,0.3333333333333333,0.0,0.0
2009-09-01,0.024079593791177856,0.02341292712451119,0.16666666666666669,4,True,0.0006666666666666668,1.061549527299183,-0.03161835064301277,0.0,0.0,0.11111111111111112,0.11111111111111112,0.0,0.5,0.11111111111111112,0.16666666666666666,0.0,0.0
2009-10-01,0.016133566256627478,0.016133566256627478,0.0,0,False,0.0,1.0871112087057642,-0.02741447157572674,0.0,0.0,0.11111111111111112,0.11111111111111112,0.0,0.5,0.11111111111111112,0.16666666666666666,0.0,0.0
2009-11-01,0.054944122463407186,0.05183301135229607,0.7777777777777778,6,True,0.0031111111111111114,1.1003365750358616,-0.030053676337816748,0.0,0.11111111111111112,0.11111111111111112,0.11111111111111112,0.16666666666666666,0.0,0.0,0.0,0.0,0.5
2009-12-01,0.018949029231714917,0.018949029231714917,0.0,0,False,0.0,1.15718224469095,0.0,0.0,0.11111111111111112,0.11111111111111112,0.11111111111111112,0.16666666666666666,0.0,0.0,0.0,0.0,0.5
2010-01-01,-0.05656973851591665,-0.05723640518258332,0.16666666666666666,2,True,0.0006666666666666666,1.1452236823727266,-0.021194453877597774,0.0,0.11111111111111112,0.11111111111111112,0.11111111111111112,0.0,0.0,0.0,0.16666666666666666,0.0,0.5
2010-02-01,0.01938419952365967,0.01809531063477078,0.3222222222222222,7,True,0.001288888888888889,1.0783267486361725,-0.07837026220899679,0.0,0.0,0.05555555555555556,0.05555555555555556,0.0,0.1,0.05555555555555556,0.3333333333333333,0.0,0.4
2010-03-01,0.029535792977187753,0.028646904088298862,0.2222222222222222,5,True,0.0008888888888888889,1.0982521568172279,-0.06134031396695361,0.0,0.11111111111111112,0.0,0.11111111111111112,0.0,0.1,0.11111111111111112,0.16666666666666666,0.0,0.4
2010-04-01,0.020079226464297807,0.020079226464297807,0.0,0,False,0.0,1.1306899051577315,-0.03361625580424943,0.0,0.11111111111111112,0.0,0.11111111111111112,0.0,0.1,0.11111111111111112,0.16666666666666666,0.0,0.4
2010-05-01,-0.06989408929688964,-0.06989408929688964,0.0,0,False,0.0,1.146747679309378,-0.01989191649836941,0.0,0.11111111111111112,0.0,0.11111111111111112,0.0,0.1,0.11111111111111112,0.16666666666666666,0.0,0.4
2010-06-01,-0.014133422563727523,-0.01568897811928308,0.3888888888888889,6,True,0.0015555555555555555,1.0649376440413327,-0.08981372957415801,0.0,0.0,0.11111111111111112,0.0,0.16666666666666666,0.1,0.11111111111111112,0.0,0.11111111111111112,0.4
2010-07-01,0.0482577670266013,0.0482577670266013,0.0,0,False,0.0,1.0498864303140758,-0.10267777674578993,0.0,0.0,0.11111111111111112,0.0,0.16666666666666666,0.1,0.11111111111111112,0.0,0.11111111111111112,0.4
2010-08-01,-0.006838706152080973,-0.007283150596525417,0.11111111111111112,2,True,0.00044444444444444447,1.092071858402829,-0.06662252255014656,0.0,0.0,0.11111111111111112,0.11111111111111112,0.16666666666666666,0.1,0.0,0.0,0.11111111111111112,0.4
2010-09-01,0.048552300453869685,0.048552300453869685,0.0,0,False,0.0,1.0841214538663142,-0.07341761435102034,0.0,0.0,0.11111111111111112,0.11111111111111112,0.16666666666666666,0.1,0.0,0.0,0.11111111111111112,0.4
2010-10-01,0.02467387667021925,0.024007210003552583,0.16666666666666663,4,True,0.0006666666666666665,1.1360002057266358,-0.02907762136241565,0.0,0.0,0.16666666666666666,0.16666666666666666,0.0,0.1,0.0,0.0,0.16666666666666666,0.4
2010-11-01,0.010069778949666245,0.009403112282999579,0.16666666666666666,2,True,0.0006666666666666666,1.163253714876945,-0.005784454867332367,0.0,0.16666666666666666,0.16666666666666666,0.16666666666666666,0.0,0.1,0.0,0.0,0.0,0.4
2010-12-01,0.02903786538118052,0.028371198714513855,0.16666666666666663,4,True,0.0006666666666666665,1.1741841110330353,-0.02328212420228759,0.0,0.11111111111111112,0.11111111111111112,0.11111111111111112,0.16666666666666666,0.1,0.0,0.0,0.0,0.4
2011-01-01,0.018187046487257497,0.01752037982059083,0.16666666666666666,2,True,0.0006666666666666666,1.1914860399697635,-0.008889915076398025,0.0,0.11111111111111112,0.11111111111111112,0.11111111111111112,0.0,0.1,0.0,0.16666666666666666,0.0,0.4
2011-02-01,0.009648582639984554,0.009648582639984554,0.0,0,False,0.0,1.2123468815329672,0.0,0.0,0.11111111111111112,0.11111111111111112,0.11111111111111112,0.0,0.1,0.0,0.16666666666666666,0.0,0.4
2011-03-01,0.004473338311939331,0.004473338311939331,0.0,0,False,0.0,1.2240443106077652,-0.006668197208953175,0.0,0.11111111111111112,0.11111111111111112,0.11111111111111112,0.0,0.1,0.0,0.16666666666666666,0.0,0.4
2011-04-01,0.027213466104750964,0.027213466104750964,0.0,0,False,0.0,1.2295198749179181,-0.005036576080177713,0.0,0.11111111111111112,0.11111111111111112,0.11111111111111112,0.0,0.1,0.0,0.16666666666666666,0.0,0.4
2011-05-01,-0.02401447497602186,-0.024681141642688528,0.16666666666666663,4,True,0.0006666666666666665,1.2684338308573966,0.0,0.0,0.16666666666666666,0.16666666666666666,0.16666666666666666,0.0,0.1,0.0,0.0,0.0,0.4
2011-06-01,-0.002228961810231628,-0.002228961810231628,0.0,0,False,0.0,1.2371477429952875,-0.024665131992704148,0.0,0.16666666666666666,0.16666666666666666,0.16666666666666666,0.0,0.1,0.0,0.0,0.0,0.4
2011-07-01,0.012698458940688426,0.01203179227402176,0.16666666666666663,4,True,0.0006666666666666665,1.233567261130588,-0.027487890088236377,0.0,0.11111111111111112,0.11111111111111112,0.11111111111111112,0.16666666666666666,0.1,0.0,0.0,0.0,0.4
2011-08-01,-0.019395854524657433,-0.020506965635768544,0.27777777777777773,5,True,0.001111111111111111,1.2478436291640254,-0.018711450223137138,0.0,0.16666666666666666,0.0,0.16666666666666666,0.0,0.1,0.0,0.0,0.16666666666666666,0.4
2011-09-01,-0.04224879584990689,-0.042915462516573556,0.16666666666666666,2,True,0.0006666666666666666,1.2228248752394637,-0.038385883927867126,0.0,0.16666666666666666,0.16666666666666666,0.0,0.0,0.1,0.0,0.0,0.16666666666666666,0.4
2011-10-01,0.04863674860782373,0.047081193052268176,0.38888888888888895,5,True,0.0015555555555555557,1.1768721524220387,-0.07452252771713619,0.0,0.0,0.05555555555555556,0.0,0.3333333333333333,0.1,0.05555555555555556,0.0,0.05555555555555556,0.4
2011-11-01,0.0032289061485075293,0.00234001725961864,0.22222222222222227,5,True,0.0008888888888888891,1.2310963771436991,-0.03188127876870828,0.0,0.0,0.0,0.11111111111111112,0.16666666666666666,0.1,0.11111111111111112,0.0,0.11111111111111112,0.4
2011-12-01,0.005247046173853397,0.004802601729408953,0.11111111111111112,2,True,0.00044444444444444447,1.2345225511511277,-0.029186978582005363,0.0,0.0,0.11111111111111112,0.0,0.16666666666666666,0.1,0.11111111111111112,0.0,0.11111111111111112,0.4
2012-01-01,0.03357975132708329,0.0326908624381944,0.22222222222222227,5,True,0.0008888888888888891,1.2246016081295925,-0.036988683509202924,0.0,0.0,0.0,0.05555555555555556,0.3333333333333333,0.1,0.05555555555555556,0.0,0.05555555555555556,0.4
2012-02-01,0.0302359018947879,0.029569235228121233,0.16666666666666669,4,True,0.0006666666666666668,1.2637552725571586,-0.006198733801869971,0.0,0.0,0.0,0.11111111111111112,0.16666666666666666,0.1,0.11111111111111112,0.0,0.11111111111111112,0.4
2012-03-01,0.01658842472708136,0.015921758060414695,0.16666666666666663,4,True,0.0006666666666666665,1.3010980756285533,-0.0025981430568394748,0.0,0.0,0.0,0.16666666666666666,0.0,0.1,0.16666666666666666,0.0,0.16666666666666666,0.4
2012-04-01,0.001538014849770378,0.001538014849770378,0.0,0,False,0.0,1.3135854399271658,-0.006808746211261041,0.0,0.0,0.0,0.16666666666666666,0.0,0.1,0.16666666666666666,0.0,0.16666666666666666,0.4
2012-05-01,-0.026052214133866197,-0.02738554746719953,0.33333333333333337,4,True,0.0013333333333333335,1.3138516128350954,-0.006607495043186362,0.0,0.0,0.0,0.05555555555555556,0.3333333333333333,0.1,0.05555555555555556,0.0,0.05555555555555556,0.4
2012-06-01,0.03322579053317032,0.03322579053317032,0.0,0,False,0.0,1.27962286927739,-0.032487569301298924,0.0,0.0,0.0,0.05555555555555556,0.3333333333333333,0.1,0.05555555555555556,0.0,0.05555555555555556,0.4
2012-07-01,0.013366581994002685,0.012699915327336019,0.16666666666666669,4,True,0.0006666666666666668,1.3155781186153401,-0.005302098082749729,0.0,0.0,0.0,0.11111111111111112,0.16666666666666666,0.1,0.11111111111111112,0.0,0.11111111111111112,0.4
2012-08-01,0.02094278501209903,0.020276118345432362,0.16666666666666669,4,True,0.0006666666666666668,1.331385943388963,-0.002987362927243553,0.0,0.0,0.0,0.05555555555555556,0.3333333333333333,0.1,0.05555555555555556,0.0,0.05555555555555556,0.4
2012-09-01,0.0089384311002551,0.007605097766921766,0.33333333333333337,4,True,0.0013333333333333335,1.361022377456719,0.0,0.0,0.0,0.0,0.16666666666666666,0.0,0.1,0.16666666666666666,0.0,0.16666666666666666,0.4
2012-10-01,-0.01707848233424015,-0.01707848233424015,0.0,0,False,0.0,1.371356865160583,-0.007057911100677439,0.0,0.0,0.0,0.16666666666666666,0.0,0.1,0.16666666666666666,0.0,0.16666666666666666,0.4
2012-11-01,0.0013355510331301296,0.0006688843664634631,0.16666666666666663,4,True,0.0006666666666666665,1.3470375470508893,-0.024666511121517853,0.0,0.0,0.0,0.11111111111111112,0.16666666666666666,0.1,0.11111111111111112,0.0,0.11111111111111112,0.4
2012-12-01,0.01317671438754864,0.012510047720881974,0.16666666666666663,4,True,0.0006666666666666665,1.3494926665756446,-0.022888861866724786,0.0,0.0,0.0,0.16666666666666666,0.0,0.1,0.16666666666666666,0.0,0.16666666666666666,0.4
2013-01-01,0.0018140383059034122,0.0007029271947923013,0.27777777777777773,5,True,0.001111111111111111,1.322581106306838,-0.04237439590072678,0.0,0.11111111111111112,0.0,0.11111111111111112,0.16666666666666666,0.1,0.11111111111111112,0.0,0.0,0.4
2013-02-01,-0.0010536917712984238,-0.0023870251046317573,0.33333333333333337,5,True,0.0013333333333333335,1.3217434412501363,-0.04298091409619442,0.0,0.05555555555555556,0.0,0.05555555555555556,0.0,0.1,0.05555555555555556,0.3333333333333333,0.0,0.4
2013-03-01,0.012005230127083544,0.010005230127083544,0.5,5,True,0.002,1.3177100296001991,-0.045901338597522545,0.0,0.0,0.0,0.0,0.5,0.1,0.0,0.0,0.0,0.4
2013-04-01,0.018859595380300995,0.01819292871363433,0.16666666666666669,4,True,0.0006666666666666668,1.332640422118485,-0.03509086649370752,0.0,0.0,0.0,0.05555555555555556,0.3333333333333333,0.1,0.05555555555555556,0.0,0.05555555555555556,0.4
2013-05-01,0.0026367323533010995,0.0026367323533010995,0.0,0,False,0.0,1.3577734812670728,-0.01689307065702239,0.0,0.0,0.0,0.05555555555555556,0.3333333333333333,0.1,0.05555555555555556,0.0,0.05555555555555556,0.4
2013-06-01,-0.012620280446017108,-0.014620280446017108,0.5,5,True,0.002,1.3570304950108865,-0.017431035897131353,0.0,0.0,0.0,0.0,0.0,0.1,0.0,0.5,0.0,0.4
2013-07-01,0.023905553880601893,0.023905553880601893,0.0,0,False,0.0,1.337224580810872,-0.03177166911809837,0.0,0.0,0.0,0.0,0.0,0.1,0.0,0.5,0.0,0.4
2013-08-01,-0.011437420392454812,-0.011437420392454812,0.0,0,False,0.0,1.3691916750779118,-0.008625634585475606,0.0,0.0,0.0,0.0,0.0,0.1,0.0,0.5,0.0,0.4
2013-09-01,0.01851397003508386,0.01851397003508386,0.0,0,False,0.0,1.3535374647247775,-0.01996019287806894,0.0,0.0,0.0,0.0,0.0,0.1,0.0,0.5,0.0,0.4
2013-10-01,0.021596401605649462,0.021596401605649462,0.0,0,False,0.0,1.3785968167880556,-0.005071783721318113,0.0,0.0,0.0,0.0,0.0,0.1,0.0,0.5,0.0,0.4
2013-11-01,0.014373673175109715,0.014373673175109715,0.0,0,False,0.0,1.4083695472956799,-0.0026876653227465575,0.0,0.0,0.0,0.0,0.0,0.1,0.0,0.5,0.0,0.4
2013-12-01,0.013523562524501976,0.013523562524501976,0.0,0,False,0.0,1.4313000846865545,0.0,0.0,0.0,0.0,0.0,0.0,0.1,0.0,0.5,0.0,0.4
2014-01-01,-0.01799727556119306,-0.01799727556119306,0.0,0,False,0.0,1.4318268346410448,-0.015411490854202792,0.0,0.0,0.0,0.0,0.0,0.1,0.0,0.5,0.0,0.4
2014-02-01,0.03086739381434339,0.030200727147676725,0.16666666666666669,4,True,0.0006666666666666668,1.4208044522025292,-0.022990976606118818,0.0,0.0,0.0,0.05555555555555556,0.0,0.1,0.05555555555555556,0.3333333333333333,0.05555555555555556,0.4
2014-03-01,0.012164736697062696,0.01149807003039603,0.16666666666666669,4,True,0.0006666666666666668,1.4701622633380944,0.0,0.0,0.0,0.0,0.11111111111111112,0.0,0.1,0.11111111111111112,0.16666666666666666,0.11111111111111112,0.4
2014-04-01,0.001548091415288123,0.0008814247486214563,0.16666666666666669,4,True,0.0006666666666666668,1.4860629996606178,0.0,0.0,0.0,0.0,0.05555555555555556,0.0,0.1,0.05555555555555556,0.3333333333333333,0.05555555555555556,0.4
2014-05-01,0.018111741403503603,0.017222852514614712,0.22222222222222224,5,True,0.0008888888888888889,1.4870405712009402,0.0,0.0,0.11111111111111112,0.0,0.11111111111111112,0.0,0.1,0.11111111111111112,0.16666666666666666,0.0,0.4
2014-06-01,0.016269656977331622,0.015158545866220511,0.2777777777777778,4,True,0.0011111111111111111,1.5165757789170142,0.0,0.0,0.0,0.0,0.11111111111111112,0.16666666666666666,0.1,0.11111111111111112,0.0,0.11111111111111112,0.4
2014-07-01,-0.00021685551736282723,-0.0008835221840294938,0.16666666666666663,4,True,0.0006666666666666665,1.5385110883816489,0.0,0.0,0.0,0.0,0.16666666666666666,0.0,0.1,0.16666666666666666,0.0,0.16666666666666666,0.4
2014-08-01,0.02551088324682155,0.02417754991348822,0.33333333333333337,4,True,0.0013333333333333335,1.5361265504919246,-0.017977388408204065,0.0,0.0,0.0,0.05555555555555556,0.3333333333333333,0.1,0.05555555555555556,0.0,0.05555555555555556,0.4
2014-09-01,-0.009696310934241316,-0.009696310934241316,0.0,0,False,0.0,1.5802175973306298,0.0,0.0,0.0,0.0,0.05555555555555556,0.3333333333333333,0.1,0.05555555555555556,0.0,0.05555555555555556,0.4
2014-10-01,0.022670910798702017,0.022670910798702017,0.0,0,False,0.0,1.564895316163152,-0.009696310934241503,0.0,0.0,0.0,0.05555555555555556,0.3333333333333333,0.1,0.05555555555555556,0.0,0.05555555555555556,0.4
2014-11-01,0.01945093261847017,0.01945093261847017,0.0,0,False,0.0,1.5976875074451915,0.0,0.0,0.0,0.0,0.05555555555555556,0.3333333333333333,0.1,0.05555555555555556,0.0,0.05555555555555556,0.4
2014-12-01,0.0020415434383900836,0.0020415434383900836,0.0,0,False,0.0,1.6287640194978794,-0.00705611135961981,0.0,0.0,0.0,0.05555555555555556,0.3333333333333333,0.1,0.05555555555555556,0.0,0.05555555555555556,0.4
2015-01-01,0.008864212687711289,0.008864212687711289,0.0,0,False,0.0,1.5917641528637083,-0.030887061630606283,0.0,0.0,0.0,0.05555555555555556,0.3333333333333333,0.1,0.05555555555555556,0.0,0.05555555555555556,0.4
2015-02-01,0.014007346838899079,0.01311845795001019,0.22222222222222227,5,True,0.0008888888888888891,1.5981791635778508,-0.026981414005818993,0.0,0.0,0.11111111111111112,0.0,0.16666666666666666,0.1,0.11111111111111112,0.0,0.11111111111111112,0.4
2015-03-01,-0.010345644740082954,-0.011234533628971843,0.22222222222222227,5,True,0.0008888888888888891,1.6198235140029356,-0.013803695433746821,0.0,0.0,0.0,0.05555555555555556,0.3333333333333333,0.1,0.05555555555555556,0.0,0.05555555555555556,0.4
2015-04-01,0.024311499429904126,0.024311499429904126,0.0,0,False,0.0,1.6016404483673072,-0.024874081794066027,0.0,0.0,0.0,0.05555555555555556,0.3333333333333333,0.1,0.05555555555555556,0.0,0.05555555555555556,0.4
2015-05-01,0.0003314921788566752,0.0003314921788566752,0.0,0,False,0.0,1.6405787292147007,-0.0014232274595878946,0.0,0.0,0.0,0.05555555555555556,0.3333333333333333,0.1,0.05555555555555556,0.0,0.05555555555555556,0.4
2015-06-01,-0.028638676334434926,-0.028638676334434926,0.0,0,False,0.0,1.6411225682322337,-0.00157684373827649,0.0,0.0,0.0,0.05555555555555556,0.3333333333333333,0.1,0.05555555555555556,0.0,0.05555555555555556,0.4
2015-07-01,0.0200826481214188,0.019415981454752134,0.16666666666666669,4,True,0.0006666666666666668,1.5930602415153772,-0.030816914447690746,0.0,0.0,0.0,0.0,0.5,0.1,0.0,0.0,0.0,0.4
2015-08-01,-0.04072503937013936,-0.04072503937013936,0.0,0,False,0.0,1.6220361905701923,-0.013188579385459365,0.0,0.0,0.0,0.0,0.5,0.1,0.0,0.0,0.0,0.4
2015-09-01,0.0064081460040422596,0.0064081460040422596,0.0,0,False,0.0,1.5559787028494299,-0.05337651334089,0.0,0.0,0.0,0.0,0.5,0.1,0.0,0.0,0.0,0.4
2015-10-01,0.05990079408403806,0.05990079408403806,0.0,0,False,0.0,1.565949641556469,-0.047310411827522936,0.0,0.0,0.0,0.0,0.5,0.1,0.0,0.0,0.0,0.4
2015-11-01,0.0019893215949685784,0.0006559882616352449,0.33333333333333337,4,True,0.0013333333333333335,1.6529263279169455,-0.009496233521297914,0.0,0.0,0.0,0.11111111111111112,0.16666666666666666,0.1,0.11111111111111112,0.0,0.11111111111111112,0.4
2015-12-01,-0.01936059823856412,-0.020693931571897452,0.33333333333333337,4,True,0.0013333333333333335,1.6518009022574671,-0.010170636448868176,0.0,0.0,0.0,0.0,0.5,0.1,0.0,0.0,0.0,0.4
2016-01-01,-0.0003439061371411922,-0.0003439061371411922,0.0,0,False,0.0,1.618528568311634,-0.03010883425978772,0.0,0.0,0.0,0.0,0.5,0.1,0.0,0.0,0.0,0.4
2016-02-01,0.015642293034293722,0.015642293034293722,0.0,0,False,0.0,1.6179719464038533,-0.03044238578404468,0.0,0.0,0.0,0.0,0.5,0.1,0.0,0.0,0.0,0.4
2016-03-01,0.03521562251631357,0.0345489558496469,0.16666666666666669,4,True,0.0006666666666666668,1.6421852172189628,-0.015932763947868245,0.0,0.0,0.05555555555555556,0.0,0.3333333333333333,0.1,0.05555555555555556,0.0,0.05555555555555556,0.4
2016-04-01,-0.013280940217266047,-0.013947606883932713,0.16666666666666669,4,True,0.0006666666666666668,1.698882448069129,0.0,0.0,0.0,0.11111111111111112,0.0,0.16666666666666666,0.1,0.11111111111111112,0.0,0.11111111111111112,0.4
2016-05-01,0.01189098071280993,0.01189098071280993,0.0,0,False,0.0,1.6725504558017956,-0.018894870430428812,0.0,0.0,0.11111111111111112,0.0,0.16666666666666666,0.1,0.11111111111111112,0.0,0.11111111111111112,0.4
2016-06-01,0.01987986417233616,0.01876875306122505,0.27777777777777773,5,True,0.001111111111111111,1.6905582335451448,-0.008331647626080518,0.0,0.0,0.0,0.16666666666666666,0.0,0.1,0.16666666666666666,0.0,0.16666666666666666,0.4
2016-07-01,0.03326022066577362,0.03259355399910695,0.16666666666666666,2,True,0.0006666666666666666,1.7230168574023772,0.0,0.0,0.0,0.16666666666666666,0.0,0.0,0.1,0.16666666666666666,0.0,0.16666666666666666,0.4
2016-08-01,0.0022170306042990856,0.001550363937632419,0.16666666666666663,4,True,0.0006666666666666665,1.7791378951049013,-0.002295670952367157,0.0,0.0,0.11111111111111112,0.0,0.16666666666666666,0.1,0.11111111111111112,0.0,0.11111111111111112,0.4
2016-09-01,0.0036851271134232554,0.0025740160023121446,0.27777777777777773,5,True,0.001111111111111111,1.7811010957139863,-0.0054446345604872715,0.0,0.0,0.0,0.16666666666666666,0.0,0.1,0.16666666666666666,0.0,0.16666666666666666,0.4
2016-10-01,-0.018037533080888915,-0.018037533080888915,0.0,0,False,0.0,1.7922563937273286,-0.0016783539460486496,0.0,0.0,0.0,0.16666666666666666,0.0,0.1,0.16666666666666666,0.0,0.16666666666666666,0.4
2016-11-01,-0.00044008247353669126,-0.0011067491402033578,0.16666666666666666,2,True,0.0006666666666666666,1.7587552240628799,-0.020339156586339557,0.0,0.16666666666666666,0.0,0.16666666666666666,0.0,0.1,0.16666666666666666,0.0,0.0,0.4
2016-12-01,0.025466935579259765,0.023466935579259766,0.5,4,True,0.002,1.7544652642601015,-0.02272874757722909,0.0,0.0,0.0,0.0,0.0,0.1,0.0,0.5,0.0,0.4
2017-01-01,0.01730787512926072,0.016641208462594054,0.16666666666666669,4,True,0.0006666666666666668,1.7589927015867945,-0.025346242509468375,0.0,0.05555555555555556,0.0,0.05555555555555556,0.0,0.1,0.05555555555555556,0.3333333333333333,0.0,0.4
2017-02-01,0.027586525182177763,0.027586525182177763,0.0,0,False,0.0,1.7882441695340603,-0.009138072275903797,0.0,0.05555555555555556,0.0,0.05555555555555556,0.0,0.1,0.05555555555555556,0.3333333333333333,0.0,0.4
2017-03-01,-0.0017362877780834059,-0.0024029544447500724,0.16666666666666669,4,True,0.0006666666666666668,1.836350561940562,0.0,0.0,0.11111111111111112,0.0,0.11111111111111112,0.0,0.1,0.11111111111111112,0.16666666666666666,0.0,0.4
2017-04-01,0.032147418945033514,0.032147418945033514,0.0,0,False,0.0,1.8337344941507763,-0.0014246015134611323,0.0,0.11111111111111112,0.0,0.11111111111111112,0.0,0.1,0.11111111111111112,0.16666666666666666,0.0,0.4
2017-05-01,0.016873548186406375,0.015984659297517485,0.2222222222222222,5,True,0.0008888888888888889,1.8910019391013844,0.0,0.0,0.0,0.05555555555555556,0.05555555555555556,0.0,0.1,0.05555555555555556,0.3333333333333333,0.0,0.4
2017-06-01,-0.018403162498058713,-0.01906982916472538,0.16666666666666669,4,True,0.0006666666666666668,1.921627911540439,0.0,0.0,0.0,0.11111111111111112,0.11111111111111112,0.0,0.1,0.11111111111111112,0.16666666666666666,0.0,0.4
2017-07-01,0.027264422908406305,0.026375534019517415,0.22222222222222224,5,True,0.0008888888888888889,1.8948291393276497,-0.021498949744859663,0.0,0.0,0.0,0.05555555555555556,0.0,0.1,0.05555555555555556,0.3333333333333333,0.05555555555555556,0.4
2017-08-01,0.01202117414036012,0.011132285251471231,0.22222222222222224,5,True,0.0008888888888888889,1.9430316726229524,-0.001709824245964997,0.0,0.11111111111111112,0.0,0.11111111111111112,0.0,0.1,0.11111111111111112,0.16666666666666666,0.0,0.4
2017-09-01,0.0052947779930823564,0.00462811132641569,0.16666666666666663,4,True,0.0006666666666666665,1.965078268589974,0.0,0.0,0.16666666666666666,0.0,0.16666666666666666,0.0,0.1,0.16666666666666666,0.0,0.0,0.4
2017-10-01,0.032203215198697434,0.031536548532030764,0.16666666666666663,4,True,0.0006666666666666665,1.97680110527947,0.0,0.0,0.11111111111111112,0.0,0.11111111111111112,0.0,0.1,0.11111111111111112,0.16666666666666666,0.0,0.4
2017-11-01,0.006077154909433427,0.006077154909433427,0.0,0,False,0.0,2.03910014970669,0.0,0.0,0.11111111111111112,0.0,0.11111111111111112,0.0,0.1,0.11111111111111112,0.16666666666666666,0.0,0.4
2017-12-01,0.015043522646141456,0.01437685597947479,0.16666666666666663,4,True,0.0006666666666666665,2.050124415807512,-0.007335694330515841,0.0,0.16666666666666666,0.0,0.16666666666666666,0.0,0.1,0.16666666666666666,0.0,0.0,0.4
2018-01-01,0.023193662213619605,0.02252699554695294,0.16666666666666666,2,True,0.0006666666666666666,2.0094265423429776,-0.03042086983178338,0.0,0.16666666666666666,0.0,0.0,0.0,0.1,0.16666666666666666,0.0,0.16666666666666666,0.4
2018-02-01,-0.022000484247712865,-0.023333817581046197,0.3333333333333333,4,True,0.0013333333333333333,2.0519222653879905,-0.013093546820989954,0.0,0.16666666666666666,0.16666666666666666,0.16666666666666666,0.0,0.1,0.0,0.0,0.0,0.4
2018-03-01,-0.02102246208976659,-0.021689128756433255,0.16666666666666663,4,True,0.0006666666666666665,2.005441129256183,-0.03544942938698925,0.0,0.11111111111111112,0.11111111111111112,0.11111111111111112,0.0,0.1,0.0,0.16666666666666666,0.0,0.4
2018-04-01,0.021015569730918206,0.02034890306425154,0.16666666666666663,4,True,0.0006666666666666665,1.9865909605028527,-0.04451573443176504,0.0,0.16666666666666666,0.16666666666666666,0.16666666666666666,0.0,0.1,0.0,0.0,0.0,0.4
2018-05-01,0.03404871983711674,0.03271538650378341,0.3333333333333333,4,True,0.0013333333333333333,2.024285423726549,-0.02638594967719954,0.0,0.05555555555555556,0.05555555555555556,0.05555555555555556,0.0,0.1,0.0,0.3333333333333333,0.0,0.4
2018-06-01,-0.012808590658908246,-0.013697479547797134,0.22222222222222224,5,True,0.0008888888888888889,2.0913491200996046,0.0,0.0,0.11111111111111112,0.11111111111111112,0.0,0.0,0.1,0.0,0.16666666666666666,0.11111111111111112,0.4
2018-07-01,0.011489956772148124,0.01015662343881479,0.33333333333333337,4,True,0.0013333333333333335,2.0622354386035058,-0.020831163937663155,0.0,0.0,0.0,0.0,0.0,0.1,0.0,0.5,0.0,0.4
2018-08-01,0.025708757002804776,0.025708757002804776,0.0,0,False,0.0,2.0831491940675226,-0.016050659431505965,0.0,0.0,0.0,0.0,0.0,0.1,0.0,0.5,0.0,0.4
2018-09-01,0.00335060977549655,0.002683943108829883,0.16666666666666669,4,True,0.0006666666666666668,2.1408833161415672,-0.0007892107287587047,0.0,0.0,0.0,0.05555555555555556,0.0,0.1,0.05555555555555556,0.3333333333333333,0.05555555555555556,0.4
2018-10-01,-0.034781592279858276,-0.035448258946524945,0.16666666666666669,4,True,0.0006666666666666668,2.145193459959696,0.0,0.0,0.0,0.0,0.0,0.0,0.1,0.0,0.5,0.0,0.4
2018-11-01,-5.3025827044761616e-05,-5.3025827044761616e-05,0.0,0,False,0.0,2.070580215673961,-0.035794267931634094,0.0,0.0,0.0,0.0,0.0,0.1,0.0,0.5,0.0,0.4
2018-12-01,-0.04712158320766002,-0.04712158320766002,0.0,0,False,0.0,2.0500315842010464,-0.04536313568298356,0.0,0.0,0.0,0.0,0.0,0.1,0.0,0.5,0.0,0.4
2019-01-01,0.03863801856568185,0.03663801856568185,0.5,2,True,0.002,1.9522613387855823,-0.09089174179141046,0.0,0.0,0.0,0.0,0.5,0.1,0.0,0.0,0.0,0.4
2019-02-01,0.030350770928827396,0.029017437595494064,0.33333333333333337,4,True,0.0013333333333333335,2.020939279657444,-0.05891053007402358,0.0,0.0,0.11111111111111112,0.11111111111111112,0.16666666666666666,0.1,0.0,0.0,0.11111111111111112,0.4
2019-03-01,0.033833373258789025,0.033833373258789025,0.0,0,False,0.0,2.0822763447953965,-0.03034773914876876,0.0,0.0,0.11111111111111112,0.11111111111111112,0.16666666666666666,0.1,0.0,0.0,0.11111111111111112,0.4
2019-04-01,0.023191626290954854,0.02274718184651041,0.11111111111111112,2,True,0.00044444444444444447,2.151770010140096,0.0,0.0,0.0,0.0,0.11111111111111112,0.16666666666666666,0.1,0.11111111111111112,0.0,0.11111111111111112,0.4
2019-05-01,-0.03340224136074911,-0.03406890802741578,0.16666666666666669,4,True,0.0006666666666666668,2.200205274041962,-0.0007152621569679329,0.0,0.0,0.0,0.05555555555555556,0.3333333333333333,0.1,0.05555555555555556,0.0,0.05555555555555556,0.4
2019-06-01,0.07150315519875039,0.0706142663098615,0.22222222222222227,5,True,0.0008888888888888891,2.1376803023680297,-0.029112726095887997,0.0,0.0,0.11111111111111112,0.11111111111111112,0.16666666666666666,0.1,0.0,0.0,0.11111111111111112,0.4
2019-07-01,0.01038447537314039,0.009717808706473725,0.16666666666666663,4,True,0.0006666666666666665,2.2869694976294777,0.0,0.0,0.0,0.16666666666666666,0.16666666666666666,0.0,0.1,0.0,0.0,0.16666666666666666,0.4
2019-08-01,0.01953406416947003,0.018867397502803362,0.16666666666666663,4,True,0.0006666666666666665,2.309177997072695,-0.011435208990146384,0.0,0.0,0.11111111111111112,0.11111111111111112,0.16666666666666666,0.1,0.0,0.0,0.11111111111111112,0.4
2019-09-01,-0.001187429391335964,-0.001187429391335964,0.0,0,False,0.0,2.3574031198540157,-0.0007503377992877924,0.0,0.0,0.11111111111111112,0.11111111111111112,0.16666666666666666,0.1,0.0,0.0,0.11111111111111112,0.4
2019-10-01,0.02808879996139249,0.02808879996139249,0.0,0,False,0.0,2.3546038701022742,-0.013573723213988753,0.0,0.0,0.11111111111111112,0.11111111111111112,0.16666666666666666,0.1,0.0,0.0,0.11111111111111112,0.4
2019-11-01,0.0071290139391751335,0.0071290139391751335,0.0,0,False,0.0,2.420741867197898,0.0,0.0,0.0,0.11111111111111112,0.11111111111111112,0.16666666666666666,0.1,0.0,0.0,0.11111111111111112,0.4
2019-12-01,0.04177907631637286,0.04177907631637286,0.0,0,False,0.0,2.458758733835269,-0.0011170239173372565,0.0,0.0,0.11111111111111112,0.11111111111111112,0.16666666666666666,0.1,0.0,0.0,0.11111111111111112,0.4
2020-01-01,0.008504656869030063,0.007393545757918951,0.2777777777777778,5,True,0.0011111111111111111,2.435842112221824,-0.04149515158168671,0.0,0.16666666666666666,0.0,0.16666666666666666,0.0,0.1,0.0,0.0,0.16666666666666666,0.4
2020-02-01,-0.003668192334439827,-0.0047793034455509385,0.2777777777777778,5,True,0.0011111111111111111,2.4459577294440886,-0.03751465214634331,0.0,0.0,0.11111111111111112,0.11111111111111112,0.16666666666666666,0.1,0.0,0.0,0.11111111111111112,0.4
2020-03-01,-0.0826092075463889,-0.08305365199083334,0.11111111111111112,2,True,0.00044444444444444447,2.365382822825315,-0.06922091022745591,0.0,0.0,0.11111111111111112,0.0,0.16666666666666666,0.1,0.11111111111111112,0.0,0.11111111111111112,0.4
2020-04-01,0.0853237311941273,0.08465706452746063,0.16666666666666669,4,True,0.0006666666666666668,2.167569975886938,-0.14706034486015407,0.0,0.0,0.05555555555555556,0.0,0.3333333333333333,0.1,0.05555555555555556,0.0,0.05555555555555556,0.4
2020-05-01,0.05060085008647151,0.05060085008647151,0.0,0,False,0.0,2.3525151338539767,-0.07428435100018982,0.0,0.0,0.05555555555555556,0.0,0.3333333333333333,0.1,0.05555555555555556,0.0,0.05555555555555556,0.4
2020-06-01,0.03307972719827313,0.03307972719827313,0.0,0,False,0.0,2.4715543994682783,-0.027442352222449395,0.0,0.0,0.05555555555555556,0.0,0.3333333333333333,0.1,0.05555555555555556,0.0,0.05555555555555556,0.4
2020-07-01,0.060992277275837975,0.060325610609171305,0.16666666666666669,4,True,0.0006666666666666668,2.551610536261875,-0.0014904456562254698,0.0,0.0,0.11111111111111112,0.0,0.16666666666666666,0.1,0.11111111111111112,0.0,0.11111111111111112,0.4
2020-08-01,0.044789346783039266,0.044789346783039266,0.0,0,False,0.0,2.681548229179565,0.0,0.0,0.0,0.11111111111111112,0.0,0.16666666666666666,0.1,0.11111111111111112,0.0,0.11111111111111112,0.4
2020-09-01,-0.04180665186936872,-0.042917762980479834,0.27777777777777773,5,True,0.001111111111111111,2.7985400749286997,0.0,0.0,0.16666666666666666,0.16666666666666666,0.0,0.0,0.1,0.0,0.0,0.16666666666666666,0.4
2020-10-01,-0.026254520782694385,-0.026254520782694385,0.0,0,False,0.0,2.6815424842736784,-0.04561658940272928,0.0,0.16666666666666666,0.16666666666666666,0.0,0.0,0.1,0.0,0.0,0.16666666666666666,0.4
2020-11-01,0.06370534008426398,0.06259422897315288,0.27777777777777773,5,True,0.001111111111111111,2.5997158738757324,-0.07473936480800436,0.0,0.11111111111111112,0.11111111111111112,0.0,0.16666666666666666,0.1,0.11111111111111112,0.0,0.0,0.4
2020-12-01,0.02066194129953866,0.01955083018842755,0.27777777777777773,5,True,0.001111111111111111,2.759189890271496,-0.01798122781706324,0.0,0.16666666666666666,0.0,0.0,0.0,0.1,0.16666666666666666,0.0,0.16666666666666666,0.4
2021-01-01,0.00763351259614233,0.006966845929475663,0.16666666666666666,2,True,0.0006666666666666666,2.7582836607278707,-0.024711559461021104,0.0,0.16666666666666666,0.16666666666666666,0.0,0.0,0.1,0.0,0.0,0.16666666666666666,0.4
2021-02-01,0.010852230886179069,0.009741119775067957,0.27777777777777773,5,True,0.001111111111111111,2.774400065358693,-0.01901303636737295,0.0,0.11111111111111112,0.11111111111111112,0.11111111111111112,0.0,0.1,0.0,0.16666666666666666,0.0,0.4
2021-03-01,0.005657258683475519,0.004323925350142185,0.33333333333333337,4,True,0.0013333333333333335,2.8007691507780113,-0.01716891599584247,0.0,0.0,0.0,0.0,0.0,0.1,0.0,0.5,0.0,0.4
2021-04-01,0.015984860507175867,0.015984860507175867,0.0,0,False,0.0,2.8166138263766594,-0.011608786311470776,0.0,0.0,0.0,0.0,0.0,0.1,0.0,0.5,0.0,0.4
2021-05-01,-0.0010026280563580374,-0.0016692947230247041,0.16666666666666669,4,True,0.0006666666666666668,2.864193681142849,-0.01063994634052079,0.0,0.05555555555555556,0.0,0.05555555555555556,0.0,0.1,0.05555555555555556,0.3333333333333333,0.0,0.4
2021-06-01,0.027595922109279,0.02670703322039011,0.2222222222222222,5,True,0.0008888888888888889,2.8568727105260705,-0.013168782267344525,0.0,0.11111111111111112,0.11111111111111112,0.11111111111111112,0.0,0.1,0.0,0.16666666666666666,0.0,0.4
2021-07-01,0.017791002660323296,0.016902113771434406,0.2222222222222222,5,True,0.0008888888888888889,2.9331012266575867,0.0,0.0,0.05555555555555556,0.0,0.05555555555555556,0.0,0.1,0.05555555555555556,0.3333333333333333,0.0,0.4
2021-08-01,0.01713347349033432,0.01580014015700099,0.33333333333333337,5,True,0.0013333333333333335,2.989606863545309,-0.002859085727317523,0.0,0.11111111111111112,0.0,0.11111111111111112,0.16666666666666666,0.1,0.11111111111111112,0.0,0.0,0.4
2021-09-01,-0.019558205800275216,-0.019558205800275216,0.0,0,False,0.0,3.036774774537067,-0.0015331009764369963,0.0,0.11111111111111112,0.0,0.11111111111111112,0.16666666666666666,0.1,0.11111111111111112,0.0,0.0,0.4
2021-10-01,0.031750549520780054,0.03041721618744672,0.33333333333333337,5,True,0.0013333333333333335,2.9734110673162166,-0.023589849937240004,0.0,0.05555555555555556,0.0,0.05555555555555556,0.0,0.1,0.05555555555555556,0.3333333333333333,0.0,0.4
2021-11-01,0.001669631669059854,0.0010029650023931872,0.16666666666666669,4,True,0.0006666666666666668,3.0657732903195725,-0.0009448796236585233,0.0,0.11111111111111112,0.0,0.11111111111111112,0.0,0.1,0.11111111111111112,0.16666666666666666,0.0,0.4
2021-12-01,0.030670056499398708,0.02911450094384315,0.3888888888888889,6,True,0.0015555555555555555,3.066115059380255,-0.024221072828064072,0.0,0.05555555555555556,0.0,0.05555555555555556,0.3333333333333333,0.1,0.0,0.0,0.05555555555555556,0.4
2022-01-01,-0.0317852179414422,-0.03267410683033109,0.22222222222222224,5,True,0.0008888888888888889,3.0723172196871262,-0.03163103047759419,0.0,0.11111111111111112,0.11111111111111112,0.11111111111111112,0.16666666666666666,0.1,0.0,0.0,0.0,0.4
2022-02-01,-0.03402678144876579,-0.03602678144876579,0.5,5,True,0.002,2.966074764827239,-0.06511777327646329,0.0,0.0,0.0,0.0,0.0,0.1,0.0,0.5,0.0,0.4
2022-03-01,0.016801162703849206,0.016801162703849206,0.0,0,False,0.0,2.865148787043764,-0.09692880648552038,0.0,0.0,0.0,0.0,0.0,0.1,0.0,0.5,0.0,0.4
2022-04-01,-0.04720585148279524,-0.04720585148279524,0.0,0,False,0.0,2.913286617985622,-0.08175616043012446,0.0,0.0,0.0,0.0,0.0,0.1,0.0,0.5,0.0,0.4
2022-05-01,-0.009087118056488853,-0.009087118056488853,0.0,0,False,0.0,2.7586404047768527,-0.13049936740299317,0.0,0.0,0.0,0.0,0.0,0.1,0.0,0.5,0.0,0.4
2022-06-01,-0.04239006322942209,-0.04239006322942209,0.0,0,False,0.0,2.733572313743247,-0.13840062230159333,0.0,0.0,0.0,0.0,0.0,0.1,0.0,0.5,0.0,0.4
2022-07-01,0.0006684491978611318,-0.0013315508021388683,0.5,3,True,0.002,2.61246061850043,-0.17657402665185828,0.5,0.0,0.0,0.0,0.0,0.0,0.0,0.5,0.0,0.0
2022-08-01,-0.004482166698455137,-0.004482166698455137,0.0,0,False,0.0,2.614206915705309,-0.17602360822047614,0.5,0.0,0.0,0.0,0.0,0.0,0.0,0.5,0.0,0.0
2022-09-01,-0.0038491147036182616,-0.0038491147036182616,0.0,0,False,0.0,2.602489604524864,-0.17971680776402332,0.5,0.0,0.0,0.0,0.0,0.0,0.0,0.5,0.0,0.0
2022-10-01,-0.0018425135764157385,-0.0018425135764157385,0.0,0,False,0.0,2.589717571246307,-0.18374244698689046,0.5,0.0,0.0,0.0,0.0,0.0,0.0,0.5,0.0,0.0
2022-11-01,0.0033093245084681033,0.0033093245084681033,0.0,0,False,0.0,2.5849459814622047,-0.1852464126101685,0.5,0.0,0.0,0.0,0.0,0.0,0.0,0.5,0.0,0.0
2022-12-01,0.0009669309611293198,0.0009669309611293198,0.0,0,False,0.0,2.5935004065517244,-0.18255012859505682,0.5,0.0,0.0,0.0,0.0,0.0,0.0,0.5,0.0,0.0
2023-01-01,0.0426768228009744,0.0406768228009744,0.5,2,True,0.002,2.596258915976599,-0.18168066924624127,0.0,0.0,0.0,0.0,0.0,0.5,0.0,0.5,0.0,0.0
2023-02-01,-0.029133823933326346,-0.029800490599993013,0.16666666666666669,4,True,0.0006666666666666668,2.6998437830973674,-0.1490315761157902,0.0,0.0,0.05555555555555556,0.05555555555555556,0.0,0.5,0.05555555555555556,0.3333333333333333,0.0,0.0
2023-03-01,0.009676795045481024,0.007010128378814357,0.6666666666666667,6,True,0.002666666666666667,2.6141971776473274,-0.17602667757578638,0.5,0.0,0.0,0.0,0.0,0.0,0.0,0.5,0.0,0.0
2023-04-01,0.001174830275849402,-0.001491836390817265,0.6666666666666667,6,True,0.002666666666666667,2.636711552411273,-0.16893033291778792,0.0,0.0,0.05555555555555556,0.05555555555555556,0.0,0.0,0.05555555555555556,0.3333333333333333,0.0,0.5
2023-05-01,0.03650948756923075,0.035220598680341865,0.32222222222222224,7,True,0.001288888888888889,2.629376401985127,-0.17124231164639792,0.0,0.0,0.11111111111111112,0.11111111111111112,0.0,0.1,0.0,0.16666666666666666,0.11111111111111112,0.4
2023-06-01,0.020768597018454283,0.01943526368512095,0.33333333333333337,4,True,0.0013333333333333335,2.7217397555988345,-0.14213014673471347,0.0,0.0,0.0,0.0,0.0,0.1,0.0,0.5,0.0,0.4
2023-07-01,0.01646778144066505,0.015801114773998384,0.16666666666666669,4,True,0.0006666666666666668,2.781048624598585,-0.12343648190453149,0.0,0.0,0.05555555555555556,0.05555555555555556,0.0,0.1,0.05555555555555556,0.3333333333333333,0.0,0.4
2023-08-01,-0.0043896382464718164,-0.005056304913138483,0.16666666666666669,4,True,0.0006666666666666668,2.8230784534664473,-0.11018902756968274,0.0,0.0,0.0,0.0,0.0,0.1,0.0,0.5,0.0,0.4
2023-09-01,-0.03905686105151981,-0.04039019438485314,0.33333333333333337,4,True,0.0013333333333333335,2.8069385787672365,-0.11527618254526395,0.0,0.11111111111111112,0.11111111111111112,0.11111111111111112,0.0,0.1,0.0,0.16666666666666666,0.0,0.4
2023-10-01,0.005060419874880962,0.0037270865415476285,0.33333333333333337,4,True,0.0013333333333333335,2.6967433807267804,-0.15000879729252004,0.0,0.0,0.0,0.0,0.0,0.1,0.0,0.5,0.0,0.4
2023-11-01,0.05879504418234864,0.05879504418234864,0.0,0,False,0.0,2.706776181148692,-0.14684654160364297,0.0,0.0,0.0,0.0,0.0,0.1,0.0,0.5,0.0,0.4
2023-12-01,0.013738042619935052,0.013071375953268386,0.16666666666666669,4,True,0.0006666666666666668,2.8640105921735173,-0.09728755609202389,0.0,0.0,0.05555555555555556,0.05555555555555556,0.0,0.1,0.05555555555555556,0.3333333333333333,0.0,0.4
2024-01-01,0.03239888646181582,0.03150999757292693,0.22222222222222224,5,True,0.0008888888888888889,2.9387112655962486,-0.07374252184833763,0.0,0.0,0.11111111111111112,0.11111111111111112,0.0,0.1,0.0,0.16666666666666666,0.11111111111111112,0.4
2024-02-01,0.023323864792482458,0.022879420348038013,0.11111111111111112,2,True,0.00044444444444444447,3.029878207169945,-0.04500745611341983,0.0,0.0,0.11111111111111112,0.11111111111111112,0.0,0.1,0.11111111111111112,0.16666666666666666,0.0,0.4
2024-03-01,0.004581472304661972,0.003914805637995305,0.16666666666666669,4,True,0.0006666666666666668,3.0984796456937906,-0.023384850249219213,0.0,0.0,0.05555555555555556,0.05555555555555556,0.0,0.1,0.05555555555555556,0.3333333333333333,0.0,0.4
2024-04-01,-0.03325938226671049,-0.03325938226671049,0.0,0,False,0.0,3.112675244377096,-0.018910514988322524,0.0,0.0,0.05555555555555556,0.05555555555555556,0.0,0.1,0.05555555555555556,0.3333333333333333,0.0,0.4
2024-05-01,0.04574811440001461,0.04485922551112572,0.2222222222222222,5,True,0.0008888888888888889,3.006474788917962,-0.05238401992354702,0.0,0.11111111111111112,0.11111111111111112,0.11111111111111112,0.0,0.1,0.0,0.16666666666666666,0.0,0.4
2024-06-01,0.036882318807030974,0.036882318807030974,0.0,0,False,0.0,3.139179401817772,-0.01851566305327701,0.0,0.11111111111111112,0.11111111111111112,0.11111111111111112,0.0,0.1,0.0,0.16666666666666666,0.0,0.4
2024-07-01,-0.025695542293413684,-0.025695542293413684,0.0,0,False,0.0,3.2549596173080815,-0.00681040861325255,0.0,0.11111111111111112,0.11111111111111112,0.11111111111111112,0.0,0.1,0.0,0.16666666666666666,0.0,0.4
2024-08-01,0.0075462636679435756,0.007101819223499131,0.11111111111111112,2,True,0.00044444444444444447,3.1699121885027215,-0.04856516197826677,0.0,0.0,0.11111111111111112,0.11111111111111112,0.0,0.1,0.11111111111111112,0.16666666666666666,0.0,0.4
2024-09-01,0.03658834275592273,0.03658834275592273,0.0,0,False,0.0,3.2638131885145527,-0.020381200586410464,0.0,0.0,0.11111111111111112,0.11111111111111112,0.0,0.1,0.11111111111111112,0.16666666666666666,0.0,0.4
2024-10-01,-0.00522188478905626,-0.006777440344611816,0.38888888888888884,6,True,0.0015555555555555553,3.377967900829662,-0.013941750631278671,0.0,0.16666666666666666,0.16666666666666666,0.0,0.0,0.1,0.0,0.0,0.16666666666666666,0.4
2024-11-01,0.03008512820612612,0.028974017095015007,0.2777777777777778,5,True,0.0011111111111111111,3.35659484325081,-0.020784852877298032,0.0,0.0,0.11111111111111112,0.0,0.0,0.1,0.11111111111111112,0.16666666666666666,0.11111111111111112,0.4
2024-12-01,-0.00414635793336419,-0.005701913488919745,0.3888888888888889,6,True,0.0015555555555555555,3.4418126983187136,-0.003155487190955153,0.0,0.16666666666666666,0.16666666666666666,0.16666666666666666,0.0,0.1,0.0,0.0,0.0,0.4
2025-01-01,0.002760879509532196,0.0014275461761988626,0.3333333333333333,4,True,0.0013333333333333333,3.3446435077517527,-0.042069354471894416,0.0,0.05555555555555556,0.05555555555555556,0.05555555555555556,0.0,0.1,0.0,0.3333333333333333,0.0,0.4
2025-02-01,-0.013234781710081923,-0.01390144837674859,0.16666666666666669,4,True,0.0006666666666666668,3.366798968773019,-0.03572386652112014,0.0,0.11111111111111112,0.11111111111111112,0.11111111111111112,0.0,0.1,0.0,0.16666666666666666,0.0,0.4
2025-03-01,-0.00410485182109846,-0.004771518487765126,0.16666666666666663,4,True,0.0006666666666666665,3.3582392972397144,-0.03817541977587002,0.0,0.16666666666666666,0.16666666666666666,0.16666666666666666,0.0,0.1,0.0,0.0,0.0,0.4
2025-04-01,0.007286584394073748,0.006619917727407082,0.16666666666666663,4,True,0.0006666666666666665,3.339996436672126,-0.043400310009847676,0.0,0.11111111111111112,0.11111111111111112,0.11111111111111112,0.0,0.1,0.0,0.16666666666666666,0.0,0.4
2025-05-01,0.05272370305613873,0.05161259194502762,0.27777777777777773,5,True,0.001111111111111111,3.360595454136528,-0.03750059900890368,0.0,0.0,0.16666666666666666,0.16666666666666666,0.0,0.1,0.16666666666666666,0.0,0.0,0.4
2025-06-01,0.04096073631330446,0.040294069646637794,0.16666666666666663,4,True,0.0006666666666666665,3.512037652303123,-0.003345933742738283,0.0,0.0,0.11111111111111112,0.11111111111111112,0.0,0.1,0.11111111111111112,0.16666666666666666,0.0,0.4
2025-07-01,0.008845395978405906,0.007734284867294794,0.27777777777777773,5,True,0.001111111111111111,3.649396642703063,-0.0032244190994151767,0.0,0.16666666666666666,0.16666666666666666,0.16666666666666666,0.0,0.1,0.0,0.0,0.0,0.4
2025-08-01,0.01809501144003533,0.017428344773368663,0.16666666666666663,4,True,0.0006666666666666665,3.679222549755975,-0.01703450417575969,0.0,0.11111111111111112,0.11111111111111112,0.11111111111111112,0.0,0.1,0.0,0.16666666666666666,0.0,0.4
2025-09-01,0.05829708996139973,0.05829708996139973,0.0,0,False,0.0,3.7525465852102964,-0.004826862741415305,0.0,0.11111111111111112,0.11111111111111112,0.11111111111111112,0.0,0.1,0.0,0.16666666666666666,0.0,0.4
2025-10-01,0.0376222075488982,0.03695554088223153,0.16666666666666663,4,True,0.0006666666666666665,3.9686615916519297,0.0,0.0,0.16666666666666666,0.16666666666666666,0.16666666666666666,0.0,0.1,0.0,0.0,0.0,0.4
2025-11-01,-0.004368836604940668,-0.004368836604940668,0.0,0,False,0.0,4.1035161744691955,-0.006483096762764595,0.0,0.16666666666666666,0.16666666666666666,0.16666666666666666,0.0,0.1,0.0,0.0,0.0,0.4
2025-12-01,0.006596779459542338,0.006596779459542338,0.0,0,False,0.0,4.085588582797208,-0.010823609777254717,0.0,0.16666666666666666,0.16666666666666666,0.16666666666666666,0.0,0.1,0.0,0.0,0.0,0.4
2026-01-01,0.028676540014729864,0.028676540014729864,0.0,0,False,0.0,3.966500095309,-0.052138638635343626,0.0,0.16666666666666666,0.16666666666666666,0.16666666666666666,0.0,0.1,0.0,0.0,0.0,0.4
2026-02-01,0.0175923648530515,0.0175923648530515,0.0,0,False,0.0,4.1546276772966015,-0.02549403019545149,0.0,0.16666666666666666,0.16666666666666666,0.16666666666666666,0.0,0.1,0.0,0.0,0.0,0.4
2026-03-01,-0.03734304465514474,-0.03800971132181141,0.16666666666666666,2,True,0.0006666666666666666,4.198224920835387,-0.015267897459722235,0.0,0.0,0.16666666666666666,0.16666666666666666,0.0,0.1,0.16666666666666666,0.0,0.0,0.4
2026-04-01,0.0920264307602176,0.09047087520466204,0.38888888888888884,5,True,0.0015555555555555553,4.032473610344405,-0.054146385286456655,0.0,0.05555555555555556,0.05555555555555556,0.05555555555555556,0.0,0.1,0.0,0.3333333333333333,0.0,0.4
2026-05-01,0.08334337735791277,0.0826767106912461,0.16666666666666669,4,True,0.0006666666666666668,4.400632051996609,0.0,0.0,0.11111111111111112,0.11111111111111112,0.11111111111111112,0.0,0.1,0.0,0.16666666666666666,0.0,0.4
2026-06-01,-0.03278283247414093,-0.033227276918585374,0.11111111111111112,2,True,0.00044444444444444447,4.765276747235168,0.0,0.0,0.11111111111111112,0.0,0.11111111111111112,0.0,0.1,0.11111111111111112,0.16666666666666666,0.0,0.4
2026-07-01,0.0,-0.0011111111111111111,0.2777777777777778,4,True,0.0011111111111111111,4.603936302962153,-0.03862213646244583,0.0,0.11111111111111112,0.0,0.11111111111111112,0.16666666666666666,0.1,0.0,0.0,0.11111111111111112,0.4
2026-08-01,0.0,-0.00044444444444444447,0.11111111111111112,2,True,0.00044444444444444447,4.555262377171124,-0.04878605527184776,0.0,0.11111111111111112,0.0,0.11111111111111112,0.16666666666666666,0.1,0.11111111111111112,0.0,0.0,0.4
