date,gross_return,net_return,turnover,operations,signal_changed,trade_cost,equity,drawdown,w__CASH,w_dbc.us,w_gld.us,w_ief.us,w_qqq.us,w_shy.us,w_vnq.us,w_vt.us,w_vwo.us,w_xle.us
2008-07-01,0.006976766851237937,0.0029767668512379365,1.0,2,True,0.004,0.996,0.0,0.0,0.0,0.0,1.0,0.0,0.0,0.0,0.0,0.0,0.0
2008-08-01,0.01692770984387182,0.01692770984387182,0.0,0,False,0.0,1.002948859783833,-0.008033092445710821,0.0,0.0,0.0,1.0,0.0,0.0,0.0,0.0,0.0,0.0
2008-09-01,-0.0032508718618072807,-0.0032508718618072807,0.0,0,False,0.0,1.017813124007123,-0.002599594501307312,0.0,0.0,0.0,1.0,0.0,0.0,0.0,0.0,0.0,0.0
2008-10-01,-0.017705537004299554,-0.017705537004299554,0.0,0,False,0.0,1.0145043439617107,-0.028476315677875785,0.0,0.0,0.0,1.0,0.0,0.0,0.0,0.0,0.0,0.0
2008-11-01,0.007547652719179121,0.003547652719179121,1.0,2,True,0.004,0.9986924992110252,-0.04361827318603928,0.0,0.0,0.0,0.0,0.0,1.0,0.0,0.0,0.0,0.0
2008-12-01,0.018863802172838007,0.014863802172838007,1.0,2,True,0.004,0.9981965407859063,-0.04409321975409497,0.0,0.0,0.0,1.0,0.0,0.0,0.0,0.0,0.0,0.0
2009-01-01,-0.01976231053124622,-0.01976231053124622,0.0,0,False,0.0,1.025729382946721,-0.019110559949008454,0.0,0.0,0.0,1.0,0.0,0.0,0.0,0.0,0.0,0.0
2009-02-01,-0.008041777327458588,-0.008041777327458588,0.0,0,False,0.0,1.0002426587779802,-0.04348312742561811,0.0,0.0,0.0,1.0,0.0,0.0,0.0,0.0,0.0,0.0
2009-03-01,0.022508905287974112,0.022508905287974112,0.0,0,False,0.0,0.9849588064053054,-0.05809884346622385,0.0,0.0,0.0,1.0,0.0,0.0,0.0,0.0,0.0,0.0
2009-04-01,-0.0359734370959911,-0.0359734370959911,0.0,0,False,0.0,1.0071291508912392,-0.036897679543171025,0.0,0.0,0.0,1.0,0.0,0.0,0.0,0.0,0.0,0.0
2009-05-01,-0.03646668777491968,-0.03646668777491968,0.0,0,False,0.0,0.9708992537341139,-0.0715437802851282,0.0,0.0,0.0,1.0,0.0,0.0,0.0,0.0,0.0,0.0
2009-06-01,-0.012653278980504223,-0.016653278980504223,1.0,5,True,0.004,0.9317517986921404,-0.10897989734870395,0.0,0.0,0.16666666666666666,0.0,0.16666666666666666,0.5,0.0,0.0,0.16666666666666666,0.0
2009-07-01,-0.002588404368030761,-0.004588404368030761,0.49999999999999994,4,True,0.0019999999999999996,0.9181221590762167,-0.12201371483821877,0.0,0.0,0.0,0.0,0.0,1.0,0.0,0.0,0.0,0.0
2009-08-01,-0.00261744810127563,-0.00361744810127563,0.24999999999999997,4,True,0.0009999999999999998,0.9182172660879433,-0.1219227654464704,0.0,0.0,0.08333333333333333,0.0,0.08333333333333333,0.75,0.0,0.0,0.08333333333333333,0.0
2009-09-01,0.026024501784586408,0.024691168451253076,0.3333333333333333,5,True,0.0013333333333333333,0.91367820207999,-0.12626340346185638,0.0,0.0,0.16666666666666666,0.0,0.16666666666666666,0.5,0.16666666666666666,0.0,0.0,0.0
2009-10-01,0.012626151139030789,0.010626151139030789,0.5,5,True,0.002,0.9355813096363971,-0.10531779415829923,0.0,0.0,0.25,0.25,0.25,0.0,0.25,0.0,0.0,0.0
2009-11-01,0.07812537895259722,0.07612537895259722,0.5,5,True,0.002,0.9444415724216094,-0.09684485934080944,0.0,0.3333333333333333,0.3333333333333333,0.0,0.3333333333333333,0.0,0.0,0.0,0.0,0.0
2009-12-01,0.01077595386439597,0.009442620531062635,0.3333333333333333,2,True,0.0013333333333333333,1.0148350553422238,-0.029528640079469426,0.0,0.0,0.3333333333333333,0.0,0.3333333333333333,0.0,0.3333333333333333,0.0,0.0,0.0
2010-01-01,-0.038397402763141145,-0.038397402763141145,0.0,0,False,0.0,1.0150102947052535,-0.029361061336445338,0.0,0.0,0.3333333333333333,0.0,0.3333333333333333,0.0,0.3333333333333333,0.0,0.0,0.0
2010-02-01,0.026591772397614843,0.025591772397614843,0.24999999999999997,4,True,0.0009999999999999998,0.9750604990751105,-0.06756444452629584,0.0,0.0,0.25,0.0,0.25,0.25,0.25,0.0,0.0,0.0
2010-03-01,0.053125855429899366,0.052125855429899365,0.24999999999999997,4,True,0.0009999999999999998,0.9999880968544802,-0.043726561129235786,0.0,0.0,0.3333333333333333,0.0,0.3333333333333333,0.0,0.3333333333333333,0.0,0.0,0.0
2010-04-01,0.06261661676622188,0.06261661676622188,0.0,0,False,0.0,1.0531133199195915,-0.0013262821666255586,0.0,0.0,0.3333333333333333,0.0,0.3333333333333333,0.0,0.3333333333333333,0.0,0.0,0.0
2010-05-01,-0.05392061386125528,-0.05392061386125528,0.0,0,False,0.0,1.1004483824256666,-0.01413424829519394,0.0,0.0,0.3333333333333333,0.0,0.3333333333333333,0.0,0.3333333333333333,0.0,0.0,0.0
2010-06-01,0.009257560910433496,0.006257560910433496,0.75,4,True,0.003,1.037988195532281,-0.0700908566074695,0.0,0.0,0.08333333333333333,0.75,0.08333333333333333,0.0,0.08333333333333333,0.0,0.0,0.0
2010-07-01,0.0037699433048270503,0.0027699433048270503,0.24999999999999997,4,True,0.0009999999999999998,1.0465498370422552,-0.06242068390527278,0.0,0.0,0.0,1.0,0.0,0.0,0.0,0.0,0.0,0.0
2010-08-01,0.011935623947468305,0.008935623947468305,0.75,4,True,0.003,1.056464582655741,-0.053538297149743785,0.0,0.0,0.25,0.25,0.0,0.0,0.25,0.0,0.25,0.0
2010-09-01,0.005327340691075877,0.002327340691075877,0.75,4,True,0.003,1.0626693234156899,-0.04797961624191516,0.0,0.0,0.0,1.0,0.0,0.0,0.0,0.0,0.0,0.0
2010-10-01,0.04114824233492172,0.03714824233492172,0.9999999999999999,4,True,0.003999999999999999,1.064057202843707,-0.046736247795535424,0.0,0.3333333333333333,0.3333333333333333,0.0,0.0,0.0,0.3333333333333333,0.0,0.0,0.0
2010-11-01,-0.0015577482497180686,-0.0028910815830514016,0.3333333333333333,2,True,0.0013333333333333333,1.106364164769226,-0.008834438417515189,0.0,0.0,0.3333333333333333,0.0,0.0,0.0,0.3333333333333333,0.0,0.3333333333333333,0.0
2010-12-01,0.04388335956024976,0.04255002622691643,0.3333333333333333,2,True,0.0013333333333333333,1.103167873624102,-0.03959975012212602,0.0,0.0,0.3333333333333333,0.0,0.0,0.0,0.3333333333333333,0.0,0.0,0.3333333333333333
2011-01-01,0.015002054060780997,0.015002054060780997,0.0,0,False,0.0,1.1211873160542176,-0.02391231267374372,0.0,0.0,0.3333333333333333,0.0,0.0,0.0,0.3333333333333333,0.0,0.0,0.3333333333333333
2011-02-01,0.040247142242985756,0.040247142242985756,0.0,0,False,0.0,1.1380074287819248,-0.00926899242041257,0.0,0.0,0.3333333333333333,0.0,0.0,0.0,0.3333333333333333,0.0,0.0,0.3333333333333333
2011-03-01,0.016998085274306497,0.016998085274306497,0.0,0,False,0.0,1.1838089756416854,-0.010383081968717067,0.0,0.0,0.3333333333333333,0.0,0.0,0.0,0.3333333333333333,0.0,0.0,0.3333333333333333
2011-04-01,0.043540760749668506,0.043540760749668506,0.0,0,False,0.0,1.203931461558132,-4.923950926993825e-06,0.0,0.0,0.3333333333333333,0.0,0.0,0.0,0.3333333333333333,0.0,0.0,0.3333333333333333
2011-05-01,-0.024075798875898054,-0.024075798875898054,0.0,0,False,0.0,1.2667068458972912,0.0,0.0,0.0,0.3333333333333333,0.0,0.0,0.0,0.3333333333333333,0.0,0.0,0.3333333333333333
2011-06-01,-0.002085713981098098,-0.002085713981098098,0.0,0,False,0.0,1.2362098666407446,-0.02407579887589828,0.0,0.0,0.3333333333333333,0.0,0.0,0.0,0.3333333333333333,0.0,0.0,0.3333333333333333
2011-07-01,0.02508987885386856,0.02508987885386856,0.0,0,False,0.0,1.2336314864383204,-0.026111297626674856,0.0,0.0,0.3333333333333333,0.0,0.0,0.0,0.3333333333333333,0.0,0.0,0.3333333333333333
2011-08-01,-0.011802131898358104,-0.011802131898358104,0.0,0,False,0.0,1.2645831509833756,-0.02647378991133864,0.0,0.0,0.3333333333333333,0.0,0.0,0.0,0.3333333333333333,0.0,0.0,0.3333333333333333
2011-09-01,-0.038250964806369525,-0.04158429813970286,0.8333333333333333,6,True,0.0033333333333333327,1.2454928459262316,-0.04117026306714944,0.0,0.16666666666666666,0.16666666666666666,0.5,0.16666666666666666,0.0,0.0,0.0,0.0,0.0
2011-10-01,-0.010177837102964937,-0.012177837102964937,0.49999999999999994,4,True,0.0019999999999999996,1.1945835489884953,-0.08036225678265341,0.0,0.0,0.0,1.0,0.0,0.0,0.0,0.0,0.0,0.0
2011-11-01,0.0005229704639936137,-0.0004770295360063861,0.24999999999999997,4,True,0.0009999999999999998,1.1788803612548897,-0.09245119283143743,0.0,0.0,0.08333333333333333,0.75,0.08333333333333333,0.0,0.0,0.0,0.0,0.08333333333333333
2011-12-01,0.013805699674092287,0.012805699674092287,0.24999999999999997,4,True,0.0009999999999999998,1.1783173839835437,-0.092884595039045,0.0,0.0,0.0,1.0,0.0,0.0,0.0,0.0,0.0,0.0
2012-01-01,0.011608935389687325,0.011608935389687325,0.0,0,False,0.0,1.1868038548037176,-0.08635137358328915,0.0,0.0,0.0,1.0,0.0,0.0,0.0,0.0,0.0,0.0
2012-02-01,-0.010921407494721258,-0.010921407494721258,0.0,0,False,0.0,1.200581384074365,-0.07574488571034155,0.0,0.0,0.0,1.0,0.0,0.0,0.0,0.0,0.0,0.0
2012-03-01,0.028021218226985,0.024021218226985,0.9999999999999999,4,True,0.003999999999999999,1.1827194681661193,-0.08949569623280873,0.0,0.0,0.3333333333333333,0.0,0.3333333333333333,0.0,0.3333333333333333,0.0,0.0,0.0
2012-04-01,0.0007740346565503851,0.0007740346565503851,0.0,0,False,0.0,1.206832224797922,-0.0709327408745195,0.0,0.0,0.3333333333333333,0.0,0.3333333333333333,0.0,0.3333333333333333,0.0,0.0,0.0
2012-05-01,0.039337344968709775,0.03533734496870978,0.9999999999999999,4,True,0.003999999999999999,1.2029352893454994,-0.0739327561752191,0.0,0.0,0.0,1.0,0.0,0.0,0.0,0.0,0.0,0.0
2012-06-01,-0.008082217620756449,-0.008082217620756449,0.0,0,False,0.0,1.2502555697975184,-0.03750372954066117,0.0,0.0,0.0,1.0,0.0,0.0,0.0,0.0,0.0,0.0
2012-07-01,0.00565102998935707,0.00565102998935707,0.0,0,False,0.0,1.23451742928925,-0.04961957362014535,0.0,0.0,0.0,1.0,0.0,0.0,0.0,0.0,0.0,0.0
2012-08-01,0.00019339762013492745,0.00019339762013492745,0.0,0,False,0.0,1.241493724304548,-0.0442489453293744,0.0,0.0,0.0,1.0,0.0,0.0,0.0,0.0,0.0,0.0
2012-09-01,0.005214866241883054,0.0022148662418830537,0.75,4,True,0.003,1.2445763663275606,-0.04187580537144464,0.0,0.0,0.0,0.25,0.25,0.0,0.25,0.0,0.0,0.25
2012-10-01,-0.018036379001524733,-0.02003637900152473,0.4999999999999999,5,True,0.0019999999999999996,1.2448188386777326,-0.04168914054997308,0.0,0.0,0.3333333333333333,0.0,0.0,0.0,0.3333333333333333,0.0,0.0,0.3333333333333333
2012-11-01,-0.0033028026859818205,-0.0043028026859818205,0.24999999999999997,4,True,0.0009999999999999998,1.221144447500788,-0.059914624813878437,0.0,0.0,0.25,0.25,0.0,0.0,0.25,0.0,0.0,0.25
2012-12-01,0.052387622356884135,0.04938762235688413,0.7499999999999999,6,True,0.0029999999999999996,1.2175295815930915,-0.06269749180397066,0.0,0.0,0.0,0.0,0.3333333333333333,0.0,0.3333333333333333,0.0,0.3333333333333333,0.0
2013-01-01,0.008029931595500545,0.008029931595500545,0.0,0,False,0.0,1.2383617075507711,-0.04666009591118281,0.0,0.0,0.0,0.0,0.3333333333333333,0.0,0.3333333333333333,0.0,0.3333333333333333,0.0
2013-02-01,-0.0054829540874762606,-0.007482954087476261,0.4999999999999999,5,True,0.0019999999999999996,1.2458090560181847,-0.04092683201070091,0.0,0.0,0.0,0.0,0.0,0.25,0.25,0.0,0.25,0.25
2013-03-01,0.006162289060541966,0.004162289060541966,0.5,5,True,0.002,1.2365003854779508,-0.04809301538500155,0.0,0.0,0.0,0.5,0.0,0.0,0.16666666666666666,0.0,0.16666666666666666,0.16666666666666666
2013-04-01,0.017066845510600188,0.015733512177266856,0.3333333333333333,5,True,0.0013333333333333333,1.2424612315323689,-0.04350411993453873,0.0,0.0,0.0,0.75,0.08333333333333333,0.0,0.08333333333333333,0.0,0.0,0.08333333333333333
2013-05-01,-0.021661496407395602,-0.022994829740728934,0.3333333333333333,5,True,0.0013333333333333333,1.2619812372566104,-0.02847684618124513,0.0,0.0,0.0,0.5,0.16666666666666666,0.0,0.16666666666666666,0.0,0.16666666666666666,0.0
2013-06-01,-0.012432224491067232,-0.015098891157733899,0.6666666666666667,4,True,0.002666666666666667,1.2290615476430196,-0.053819727463423006,0.0,0.0,0.0,0.0,0.16666666666666666,0.5,0.16666666666666666,0.0,0.0,0.16666666666666666
2013-07-01,0.011970173675822796,0.010970173675822797,0.24999999999999997,4,True,0.0009999999999999998,1.2093342828655045,-0.06900655744714967,0.0,0.0,0.0,0.0,0.08333333333333333,0.75,0.08333333333333333,0.0,0.0,0.08333333333333333
2013-08-01,-0.009171045477222861,-0.009171045477222861,0.0,0,False,0.0,1.2238102242635311,-0.057862404248739896,0.0,0.0,0.0,0.0,0.08333333333333333,0.75,0.08333333333333333,0.0,0.0,0.08333333333333333
2013-09-01,0.0023031531750066225,0.0013031531750066227,0.24999999999999997,4,True,0.0009999999999999998,1.213045066607902,-0.06614984910781607,0.0,0.0,0.0,0.0,0.0,1.0,0.0,0.0,0.0,0.0
2013-10-01,0.016817695178541592,0.014817695178541592,0.49999999999999994,4,True,0.0019999999999999996,1.2121938101966634,-0.06680518001840297,0.0,0.0,0.0,0.0,0.16666666666666666,0.5,0.0,0.16666666666666666,0.0,0.16666666666666666
2013-11-01,-0.0039477578325619045,-0.0046144244992285715,0.16666666666666666,2,True,0.0006666666666666666,1.2317583961164031,-0.05174358666442935,0.0,0.0,0.0,0.0,0.16666666666666666,0.5,0.16666666666666666,0.0,0.0,0.16666666666666666
2013-12-01,0.0037408493919484547,0.002407516058615121,0.33333333333333337,5,True,0.0013333333333333335,1.229030273094456,-0.05384380384994747,0.0,0.0,0.0,0.0,0.08333333333333333,0.75,0.0,0.08333333333333333,0.0,0.08333333333333333
2014-01-01,-0.01071443103796942,-0.01071443103796942,0.0,0,False,0.0,1.235471753460858,-0.048884897064270794,0.0,0.0,0.0,0.0,0.08333333333333333,0.75,0.0,0.08333333333333333,0.0,0.08333333333333333
2014-02-01,0.01857877025514337,0.015245436921810037,0.8333333333333333,4,True,0.0033333333333333327,1.2280777925247448,-0.054577061128041726,0.0,0.0,0.0,0.75,0.08333333333333333,0.0,0.08333333333333333,0.08333333333333333,0.0,0.0
2014-03-01,0.0003818610021781854,-0.0009514723311551479,0.3333333333333333,5,True,0.0013333333333333333,1.2445361188063866,-0.041906789507777265,0.0,0.0,0.0,0.5,0.16666666666666666,0.0,0.16666666666666666,0.0,0.0,0.16666666666666666
2014-04-01,0.010679576235713011,0.008679576235713011,0.5,2,True,0.002,1.2408646407841972,-0.04473323874647406,0.0,0.0,0.0,0.0,0.16666666666666666,0.5,0.16666666666666666,0.0,0.0,0.16666666666666666
2014-05-01,0.02061593677657142,0.01961593677657142,0.25000000000000006,4,True,0.0010000000000000002,1.2528624327643392,-0.035496863149680036,0.0,0.0,0.0,0.0,0.25,0.25,0.25,0.0,0.0,0.25
2014-06-01,0.028350741025607834,0.027350741025607833,0.25,2,True,0.001,1.2786091933820614,-0.015675986786793494,0.0,0.0,0.0,0.25,0.25,0.0,0.25,0.0,0.0,0.25
2014-07-01,-0.011905677054781627,-0.013905677054781627,0.4999999999999999,5,True,0.0019999999999999996,1.3109167650795306,0.0,0.0,0.0,0.3333333333333333,0.0,0.3333333333333333,0.0,0.3333333333333333,0.0,0.0,0.0
2014-08-01,0.02387308904408055,0.02120642237741388,0.6666666666666666,5,True,0.0026666666666666666,1.2918552549929843,-0.023239750703841877,0.0,0.0,0.0,0.5,0.16666666666666666,0.0,0.16666666666666666,0.0,0.16666666666666666,0.0
2014-09-01,-0.02744865186595548,-0.02744865186595548,0.0,0,False,0.0,1.325763666363633,0.0,0.0,0.0,0.0,0.5,0.16666666666666666,0.0,0.16666666666666666,0.0,0.16666666666666666,0.0
2014-10-01,0.019719921453630974,0.018386588120297642,0.3333333333333333,5,True,0.0013333333333333333,1.2876540767077127,-0.03263045032165768,0.0,0.0,0.0,0.75,0.08333333333333333,0.0,0.08333333333333333,0.08333333333333333,0.0,0.0
2014-11-01,0.009591357630290592,0.00925802429695726,0.08333333333333333,2,True,0.0003333333333333333,1.3124450363249796,-0.014005867931978222,0.0,0.0,0.0,0.75,0.08333333333333333,0.0,0.08333333333333333,0.0,0.08333333333333333,0.0
2014-12-01,0.008510912768695533,0.007510912768695533,0.24999999999999997,4,True,0.0009999999999999998,1.3232668968281425,-0.005875781978774697,0.0,0.0,0.0,1.0,0.0,0.0,0.0,0.0,0.0,0.0
2015-01-01,0.03641001660767307,0.03641001660767307,0.0,0,False,0.0,1.310984924130692,-0.02171944053272923,0.0,0.0,0.0,1.0,0.0,0.0,0.0,0.0,0.0,0.0
2015-02-01,-0.024161626979329342,-0.025161626979329343,0.24999999999999997,4,True,0.0009999999999999998,1.3604841661831182,0.0,0.0,0.0,0.08333333333333333,0.75,0.08333333333333333,0.0,0.08333333333333333,0.0,0.0,0.0
2015-03-01,0.011152370539490438,0.010819037206157105,0.08333333333333333,2,True,0.0003333333333333333,1.3323407645056196,-0.020686313282466062,0.0,0.0,0.0,0.75,0.08333333333333333,0.0,0.08333333333333333,0.08333333333333333,0.0,0.0
2015-04-01,-0.010451259796076463,-0.010451259796076463,0.0,0,False,0.0,1.3467504558887893,-0.010094722625739405,0.0,0.0,0.0,0.75,0.08333333333333333,0.0,0.08333333333333333,0.08333333333333333,0.0,0.0
2015-05-01,-0.007535664416786991,-0.008868997750120325,0.3333333333333333,5,True,0.0013333333333333333,1.3308983167044852,-0.02174655921328139,0.0,0.0,0.0,0.5,0.16666666666666666,0.0,0.0,0.16666666666666666,0.16666666666666666,0.0
2015-06-01,-0.01917993924434192,-0.020513272577675254,0.3333333333333333,5,True,0.0013333333333333333,1.3191079547987774,-0.030412857725807374,0.0,0.0,0.0,0.75,0.08333333333333333,0.0,0.08333333333333333,0.08333333333333333,0.0,0.0
2015-07-01,0.001646679972916898,-0.002353320027083102,1.0,5,True,0.004,1.2886323141915332,-0.05281344228589413,0.0,0.0,0.0,0.0,0.0,1.0,0.0,0.0,0.0,0.0
2015-08-01,0.002275771135497706,-0.001724228864502294,1.0,2,True,0.004,1.2903334607308692,-0.05156304438960069,0.0,0.0,0.0,1.0,0.0,0.0,0.0,0.0,0.0,0.0
2015-09-01,0.012341228653527825,0.012341228653527825,0.0,0,False,0.0,1.288096884518463,-0.0532070004664148,0.0,0.0,0.0,1.0,0.0,0.0,0.0,0.0,0.0,0.0
2015-10-01,-0.010631374731913334,-0.010631374731913334,0.0,0,False,0.0,1.303993582698202,-0.04152241157161152,0.0,0.0,0.0,1.0,0.0,0.0,0.0,0.0,0.0,0.0
2015-11-01,0.0024418092348170717,0.0024418092348170717,0.0,0,False,0.0,1.294051808471474,-0.048829938166808806,0.0,0.0,0.0,1.0,0.0,0.0,0.0,0.0,0.0,0.0
2015-12-01,-0.005375195895454987,-0.005375195895454987,0.0,0,False,0.0,1.2972116361277313,-0.0465073623259431,0.0,0.0,0.0,1.0,0.0,0.0,0.0,0.0,0.0,0.0
2016-01-01,0.02694861403423232,0.02694861403423232,0.0,0,False,0.0,1.2847998438006956,-0.0556304323590604,0.0,0.0,0.0,1.0,0.0,0.0,0.0,0.0,0.0,0.0
2016-02-01,0.009314803386136106,0.009314803386136106,0.0,0,False,0.0,1.319423418902523,-0.03018098137502956,0.0,0.0,0.0,1.0,0.0,0.0,0.0,0.0,0.0,0.0
2016-03-01,0.00667594687663553,0.00667594687663553,0.0,0,False,0.0,1.3317135886326643,-0.021147307896401846,0.0,0.0,0.0,1.0,0.0,0.0,0.0,0.0,0.0,0.0
2016-04-01,0.0002824357541263414,-0.0017175642458736582,0.49999999999999994,4,True,0.0019999999999999996,1.3379228297296586,-0.016583314245219194,0.0,0.0,0.16666666666666666,0.5,0.16666666666666666,0.0,0.16666666666666666,0.0,0.0,0.0
2016-05-01,-0.003904909872067726,-0.005238243205401059,0.33333333333333337,5,True,0.0013333333333333335,1.3355489986868068,-0.01832815707533575,0.0,0.0,0.08333333333333333,0.75,0.0,0.0,0.08333333333333333,0.0,0.0,0.08333333333333333
2016-06-01,0.04811428584735722,0.045780952514023886,0.5833333333333334,5,True,0.0023333333333333335,1.3254600484326755,-0.025743862825470365,0.0,0.0,0.25,0.25,0.25,0.0,0.25,0.0,0.0,0.0
2016-07-01,-0.00957178562649765,-0.011238452293164317,0.4166666666666667,5,True,0.0016666666666666668,1.386918222728747,0.0,0.0,0.16666666666666666,0.16666666666666666,0.5,0.0,0.0,0.16666666666666666,0.0,0.0,0.0
2016-08-01,-0.01755703758876842,-0.019223704255435087,0.4166666666666667,5,True,0.0016666666666666668,1.371353533921272,-0.013315030545737572,0.0,0.0,0.25,0.25,0.25,0.0,0.25,0.0,0.0,0.0
2016-09-01,-0.005400006990123515,-0.006400006990123515,0.24999999999999997,4,True,0.0009999999999999998,1.3459293517503474,-0.031607657347075824,0.0,0.0,0.3333333333333333,0.0,0.3333333333333333,0.0,0.3333333333333333,0.0,0.0,0.0
2016-10-01,-0.022779961236884638,-0.02411329457021797,0.3333333333333333,2,True,0.0013333333333333333,1.348743507379031,-0.029582880371741505,0.0,0.0,0.3333333333333333,0.0,0.3333333333333333,0.0,0.0,0.0,0.0,0.3333333333333333
2016-11-01,-0.016316997567520863,-0.019316997567520863,0.7499999999999999,6,True,0.0029999999999999996,1.3123130381813966,-0.05579449940238601,0.0,0.25,0.0,0.25,0.25,0.0,0.0,0.0,0.25,0.0
2016-12-01,0.012639728263953097,0.00997306159728643,0.6666666666666667,6,True,0.002666666666666667,1.2874576294508193,-0.07367789533018676,0.0,0.16666666666666666,0.0,0.0,0.16666666666666666,0.5,0.0,0.0,0.0,0.16666666666666666
2017-01-01,0.004528492541870599,0.003528492541870599,0.25,4,True,0.001,1.3024367483404133,-0.0629004618686857,0.0,0.25,0.0,0.0,0.25,0.25,0.0,0.0,0.0,0.25
2017-02-01,0.011409989050209401,0.011409989050209401,0.0,0,False,0.0,1.3070264886180898,-0.059598156785668155,0.0,0.25,0.0,0.0,0.25,0.25,0.0,0.0,0.0,0.25
2017-03-01,-0.022569328044494442,-0.023569328044494443,0.24999999999999997,4,True,0.0009999999999999998,1.3206177068950142,-0.04981931386974414,0.0,0.3333333333333333,0.0,0.0,0.3333333333333333,0.0,0.0,0.0,0.0,0.3333333333333333
2017-04-01,0.017080830449399953,0.014080830449399954,0.7499999999999999,6,True,0.0029999999999999996,1.2934633973516168,-0.06935676239752608,0.0,0.0,0.0,0.0,0.25,0.25,0.0,0.25,0.25,0.0
2017-05-01,0.01261653583774569,0.01161653583774569,0.25000000000000006,4,True,0.0010000000000000002,1.3102985456994272,-0.057243921016777555,0.0,0.0,0.0,0.0,0.16666666666666666,0.5,0.0,0.16666666666666666,0.16666666666666666,0.0
2017-06-01,-0.009145573585789954,-0.011145573585789954,0.5,2,True,0.002,1.3241763143108711,-0.04725890594971316,0.0,0.0,0.0,0.5,0.16666666666666666,0.0,0.0,0.16666666666666666,0.16666666666666666,0.0
2017-07-01,0.013573374480368772,0.010573374480368773,0.75,5,True,0.003,1.3152249267774647,-0.053699403834833626,0.0,0.0,0.0,0.0,0.08333333333333333,0.75,0.0,0.08333333333333333,0.08333333333333333,0.0
2017-08-01,0.013475597971928321,0.011475597971928321,0.5000000000000001,4,True,0.0020000000000000005,1.3264195808601615,-0.04564488204419603,0.0,0.0,0.0,0.0,0.25,0.25,0.0,0.25,0.25,0.0
2017-09-01,-0.0010969679948810152,-0.002096967994881015,0.25,2,True,0.001,1.3429495839960532,-0.03375159177601894,0.0,0.0,0.0,0.25,0.25,0.0,0.0,0.25,0.25,0.0
2017-10-01,0.018253429883511113,0.01625342988351111,0.5,4,True,0.002,1.3404161250859776,-0.035574408260221846,0.0,0.0,0.0,0.0,0.25,0.25,0.0,0.0,0.25,0.25
2017-11-01,0.004032209607139459,0.0030322096071394586,0.25,2,True,0.001,1.3607913966560758,-0.020914458284172266,0.0,0.25,0.0,0.0,0.25,0.25,0.0,0.0,0.25,0.0
2017-12-01,0.02848631060196016,0.02648631060196016,0.4999999999999999,5,True,0.0019999999999999996,1.363545836013387,-0.01893264699634123,0.0,0.0,0.0,0.0,0.3333333333333333,0.0,0.3333333333333333,0.0,0.3333333333333333,0.0
2018-01-01,0.04879264326799836,0.04745930993466503,0.3333333333333333,2,True,0.0013333333333333333,1.3732010124642915,-0.012697101822024659,0.0,0.0,0.0,0.0,0.3333333333333333,0.0,0.0,0.0,0.3333333333333333,0.3333333333333333
2018-02-01,-0.04580594282786696,-0.04680594282786696,0.24999999999999997,4,True,0.0009999999999999998,1.4368445659258071,-0.025490372186697474,0.0,0.0,0.0,0.0,0.25,0.25,0.0,0.0,0.25,0.25
2018-03-01,-0.009744914625427795,-0.011411581292094462,0.4166666666666667,5,True,0.0016666666666666668,1.3687434983100009,-0.07167848997604698,0.0,0.16666666666666666,0.0,0.0,0.16666666666666666,0.5,0.0,0.0,0.16666666666666666,0.0
2018-04-01,0.008679515014297905,0.00801284834763124,0.16666666666666666,2,True,0.0006666666666666666,1.3681893361182922,-0.07205433883541346,0.0,0.16666666666666666,0.16666666666666666,0.0,0.16666666666666666,0.5,0.0,0.0,0.0,0.0
2018-05-01,0.03285092809307244,0.031184261426405773,0.4166666666666667,5,True,0.0016666666666666668,1.37684593877792,-0.0661831800225422,0.0,0.25,0.0,0.0,0.25,0.25,0.0,0.0,0.0,0.25
2018-06-01,-0.014979468533216262,-0.015979468533216263,0.24999999999999997,4,True,0.0009999999999999998,1.4206545291022443,-0.03647092438654376,0.0,0.3333333333333333,0.0,0.0,0.3333333333333333,0.0,0.0,0.0,0.0,0.3333333333333333
2018-07-01,0.00988756019331501,0.007220893526648343,0.6666666666666667,5,True,0.002666666666666667,1.4130131295427917,-0.041653543033855045,0.0,0.0,0.0,0.0,0.16666666666666666,0.5,0.16666666666666666,0.0,0.0,0.16666666666666666
2018-08-01,0.006947228571980989,0.006947228571980989,0.0,0,False,0.0,1.4231790902299835,-0.03475869386187336,0.0,0.0,0.0,0.0,0.16666666666666666,0.5,0.16666666666666666,0.0,0.0,0.16666666666666666
2018-09-01,0.002639547101371394,0.002639547101371394,0.0,0,False,0.0,1.4376928425138897,-0.02491504641956943,0.0,0.0,0.0,0.0,0.16666666666666666,0.5,0.16666666666666666,0.0,0.0,0.16666666666666666
2018-10-01,-0.02739122325406351,-0.028057889920730175,0.16666666666666666,2,True,0.0006666666666666666,1.4405267086886833,-0.02299303624758442,0.0,0.16666666666666666,0.0,0.0,0.16666666666666666,0.5,0.16666666666666666,0.0,0.0,0.0
2018-11-01,0.002457164633766551,0.0004571646337665513,0.49999999999999994,4,True,0.0019999999999999996,1.3982667821675352,-0.05165494320827646,0.0,0.0,0.0,0.0,0.0,1.0,0.0,0.0,0.0,0.0
2018-12-01,0.008519984942808811,0.008519984942808811,0.0,0,False,0.0,1.4028327189946705,-0.04855819252031068,0.0,0.0,0.0,0.0,0.0,1.0,0.0,0.0,0.0,0.0
2019-01-01,-0.0009837727186905454,-0.0049837727186905455,1.0,2,True,0.004,1.4067582684448716,-0.04589577111134413,0.0,0.0,0.0,1.0,0.0,0.0,0.0,0.0,0.0,0.0
2019-02-01,-0.002662678909285149,-0.003662678909285149,0.24999999999999997,4,True,0.0009999999999999998,1.3983530878457422,-0.05159640819597089,0.0,0.0,0.08333333333333333,0.75,0.0,0.0,0.08333333333333333,0.0,0.08333333333333333,0.0
2019-03-01,0.0246044032625482,0.024271069929214864,0.08333333333333333,2,True,0.0003333333333333333,1.3941648459968112,-0.05443699520321199,0.0,0.0,0.08333333333333333,0.75,0.08333333333333333,0.0,0.08333333333333333,0.0,0.0,0.0
2019-04-01,0.007353425107717415,0.005353425107717415,0.5000000000000001,4,True,0.0020000000000000005,1.4256105052020211,-0.03310963775959874,0.0,0.0,0.25,0.25,0.25,0.0,0.25,0.0,0.0,0.0
2019-05-01,0.014305082413594362,0.011971749080261029,0.5833333333333334,5,True,0.0023333333333333335,1.4327427401591344,-0.02827234930240563,0.0,0.0,0.0,0.75,0.08333333333333333,0.0,0.08333333333333333,0.0,0.08333333333333333,0.0
2019-06-01,0.006093604536350217,0.005093604536350217,0.24999999999999997,4,True,0.0009999999999999998,1.4495977849690942,-0.016840769412658108,0.0,0.0,0.0,1.0,0.0,0.0,0.0,0.0,0.0,0.0
2019-07-01,0.022177873120599264,0.018177873120599264,0.9999999999999999,4,True,0.003999999999999999,1.4511447390286705,-0.015791580335013822,0.0,0.0,0.3333333333333333,0.0,0.3333333333333333,0.0,0.3333333333333333,0.0,0.0,0.0
2019-08-01,0.030478844679715095,0.027478844679715096,0.75,4,True,0.003,1.4788780588016814,-0.0076920217219697,0.0,0.0,0.08333333333333333,0.75,0.08333333333333333,0.0,0.08333333333333333,0.0,0.0,0.0
2019-09-01,-0.011210797538307466,-0.011210797538307466,0.0,0,False,0.0,1.5196012615936052,-0.00031537095605305154,0.0,0.0,0.08333333333333333,0.75,0.08333333333333333,0.0,0.08333333333333333,0.0,0.0,0.0
2019-10-01,0.0066039209776593,0.0066039209776593,0.0,0,False,0.0,1.502565319510923,-0.01477696974149656,0.0,0.0,0.08333333333333333,0.75,0.08333333333333333,0.0,0.08333333333333333,0.0,0.0,0.0
2019-11-01,-0.016190195474407178,-0.01752352880774051,0.3333333333333333,5,True,0.0013333333333333333,1.5104714912885515,-0.009592940524693727,0.0,0.0,0.16666666666666666,0.5,0.0,0.0,0.16666666666666666,0.0,0.16666666666666666,0.0
2019-12-01,0.030477430618356505,0.028810763951689838,0.4166666666666667,5,True,0.0016666666666666668,1.4925698451906564,-0.02133094205192465,0.0,0.0,0.25,0.25,0.25,0.0,0.25,0.0,0.0,0.0
2020-01-01,0.02902517014753125,0.02802517014753125,0.24999999999999997,4,True,0.0009999999999999998,1.5056468843112367,-0.014422490019445955,0.0,0.0,0.3333333333333333,0.0,0.3333333333333333,0.0,0.3333333333333333,0.0,0.0,0.0
2020-02-01,0.00571583521930776,0.0037158352193077606,0.49999999999999994,4,True,0.0019999999999999996,1.5418124319833466,-0.009765441650801288,0.0,0.0,0.16666666666666666,0.5,0.16666666666666666,0.0,0.16666666666666666,0.0,0.0,0.0
2020-03-01,0.042161946894993196,0.040161946894993195,0.49999999999999994,4,True,0.0019999999999999996,1.5242756908643118,-0.033079617267555705,0.0,0.0,0.0,1.0,0.0,0.0,0.0,0.0,0.0,0.0
2020-04-01,-0.000988560937720706,-0.000988560937720706,0.0,0,False,0.0,1.58536503735267,0.0,0.0,0.0,0.0,1.0,0.0,0.0,0.0,0.0,0.0,0.0
2020-05-01,0.0014884664637695444,0.0014884664637695444,0.0,0,False,0.0,1.5837978074047154,-0.005762473647223931,0.0,0.0,0.0,1.0,0.0,0.0,0.0,0.0,0.0,0.0
2020-06-01,-0.0007389755639878315,-0.0007389755639878315,0.0,0,False,0.0,1.586155237326428,-0.004282584432227288,0.0,0.0,0.0,1.0,0.0,0.0,0.0,0.0,0.0,0.0
2020-07-01,0.02970482994468052,0.02870482994468052,0.24999999999999997,4,True,0.0009999999999999998,1.5833981242579875,-0.006013376875697696,0.0,0.0,0.08333333333333333,0.75,0.08333333333333333,0.0,0.0,0.0,0.08333333333333333,0.0
2020-08-01,0.007486897369005419,0.007486897369005419,0.0,0,False,0.0,1.6278699548346862,0.0,0.0,0.0,0.08333333333333333,0.75,0.08333333333333333,0.0,0.0,0.0,0.08333333333333333,0.0
2020-09-01,-0.023132234257417745,-0.024465567590751077,0.33333333333333337,5,True,0.0013333333333333335,1.637870906583132,-0.001952180894675526,0.0,0.16666666666666666,0.16666666666666666,0.5,0.16666666666666666,0.0,0.0,0.0,0.0,0.0
2020-10-01,-0.010971631159564177,-0.012638297826230844,0.4166666666666667,5,True,0.0016666666666666668,1.5973166542668276,-0.026664191418247496,0.0,0.0,0.25,0.25,0.25,0.0,0.0,0.0,0.25,0.0
2020-11-01,0.011305607967788362,0.009305607967788362,0.5000000000000001,4,True,0.0020000000000000005,1.5695749975344522,-0.043568759347765496,0.0,0.0,0.08333333333333333,0.75,0.08333333333333333,0.0,0.0,0.0,0.08333333333333333,0.0
2020-12-01,0.03686547775224225,0.034532144418908915,0.5833333333333334,5,True,0.0023333333333333335,1.5804490179716983,-0.03694260075450917,0.0,0.25,0.25,0.25,0.25,0.0,0.0,0.0,0.0,0.0
2021-01-01,0.01893933400300396,0.01793933400300396,0.24999999999999997,4,True,0.0009999999999999998,1.612417600246956,-0.017462326887094703,0.0,0.3333333333333333,0.3333333333333333,0.0,0.3333333333333333,0.0,0.0,0.0,0.0,0.0
2021-02-01,0.031034541809692968,0.029701208476359636,0.3333333333333333,2,True,0.0013333333333333333,1.6391243430012716,-0.004456934256548362,0.0,0.3333333333333333,0.0,0.0,0.3333333333333333,0.0,0.0,0.0,0.3333333333333333,0.0
2021-03-01,0.012715856604435583,0.010715856604435582,0.5,5,True,0.002,1.6866138283235195,-0.02725219282680158,0.0,0.25,0.0,0.0,0.25,0.25,0.0,0.0,0.0,0.25
2021-04-01,0.022431949113752958,0.021431949113752957,0.25,2,True,0.001,1.706352507343628,-0.01765436011664434,0.0,0.25,0.0,0.0,0.0,0.25,0.0,0.0,0.25,0.25
2021-05-01,0.02437560048166093,0.02337560048166093,0.25,2,True,0.001,1.7282983818073263,-0.01200935743931597,0.0,0.0,0.0,0.0,0.25,0.25,0.0,0.0,0.25,0.25
2021-06-01,-0.019127080877210045,-0.021127080877210044,0.4999999999999999,5,True,0.0019999999999999996,1.7651189534507221,0.0,0.0,0.0,0.3333333333333333,0.0,0.0,0.0,0.0,0.0,0.3333333333333333,0.3333333333333333
2021-07-01,-0.03038237481250497,-0.03238237481250497,0.4999999999999999,5,True,0.0019999999999999996,1.727894665709234,-0.0294652249049403,0.0,0.0,0.0,0.0,0.25,0.25,0.0,0.0,0.25,0.25
2021-08-01,0.012085502804059706,0.010085502804059706,0.5,4,True,0.002,1.6748754932247552,-0.059245368141755406,0.0,0.0,0.0,0.25,0.25,0.0,0.25,0.0,0.0,0.25
2021-09-01,-0.013086935969269103,-0.014086935969269104,0.25,2,True,0.001,1.6900352443119018,-0.05073034352604966,0.0,0.25,0.0,0.25,0.25,0.0,0.25,0.0,0.0,0.0
2021-10-01,0.04872353482127678,0.04672353482127678,0.5,4,True,0.002,1.6645820255612163,-0.06502706798841851,0.0,0.25,0.0,0.0,0.0,0.25,0.25,0.0,0.0,0.25
2021-11-01,-0.044884818792731984,-0.045884818792731985,0.25,2,True,0.001,1.7439406595006726,-0.02045240989682262,0.0,0.25,0.0,0.0,0.25,0.25,0.0,0.0,0.0,0.25
2021-12-01,0.034675362676125546,0.03300869600945888,0.4166666666666667,5,True,0.0016666666666666668,1.6628880920153513,-0.06597852726749864,0.0,0.0,0.0,0.0,0.16666666666666666,0.5,0.16666666666666666,0.0,0.0,0.16666666666666666
2022-01-01,0.00418056469123379,0.00318056469123379,0.25000000000000006,4,True,0.0010000000000000002,1.6932948738918963,-0.048899454222380956,0.0,0.0,0.0,0.0,0.25,0.25,0.25,0.0,0.0,0.25
2022-02-01,0.017529767501833122,0.015863100835166455,0.4166666666666667,5,True,0.0016666666666666668,1.6958423064694632,-0.04746859622345079,0.0,0.16666666666666666,0.0,0.0,0.0,0.5,0.16666666666666666,0.0,0.0,0.16666666666666666
2022-03-01,-0.0027427697713783934,-0.0040761031047117265,0.3333333333333333,5,True,0.0013333333333333333,1.72326926778455,-0.03206324758748369,0.0,0.08333333333333333,0.08333333333333333,0.0,0.0,0.75,0.0,0.0,0.0,0.08333333333333333
2022-04-01,0.005161772922655183,0.0031617729226551834,0.5,4,True,0.002,1.7151056514550664,-0.03664863910210214,0.0,0.25,0.25,0.0,0.0,0.25,0.0,0.0,0.0,0.25
2022-05-01,0.003379441569067998,0.0003794415690679979,0.75,4,True,0.003,1.7183039519695174,-0.03755514901820767,0.0,0.0,0.0,0.0,0.0,1.0,0.0,0.0,0.0,0.0
2022-06-01,-0.0020447208805207673,-0.0020447208805207673,0.0,0,False,0.0,1.7189385271937776,-0.03719971501222186,0.0,0.0,0.0,0.0,0.0,1.0,0.0,0.0,0.0,0.0
2022-07-01,0.0010842905995509522,0.0010842905995509522,0.0,0,False,0.0,1.7154237776948928,-0.03916837285870767,0.0,0.0,0.0,0.0,0.0,1.0,0.0,0.0,0.0,0.0
2022-08-01,-0.010005240495262968,-0.010005240495262968,0.0,0,False,0.0,1.7172837955712936,-0.03812655215764715,0.0,0.0,0.0,0.0,0.0,1.0,0.0,0.0,0.0,0.0
2022-09-01,-0.010349075474459735,-0.010349075474459735,0.0,0,False,0.0,1.7001019581979855,-0.04775032732931728,0.0,0.0,0.0,0.0,0.0,1.0,0.0,0.0,0.0,0.0
2022-10-01,-0.004430641056452078,-0.004430641056452078,0.0,0,False,0.0,1.681058029349751,-0.0584170846521056,0.0,0.0,0.0,0.0,0.0,1.0,0.0,0.0,0.0,0.0
2022-11-01,0.008046546174795832,0.008046546174795832,0.0,0,False,0.0,1.6736098646266357,-0.06258890057489974,0.0,0.0,0.0,0.0,0.0,1.0,0.0,0.0,0.0,0.0
2022-12-01,-0.0023332923983790943,-0.0023332923983790943,0.0,0,False,0.0,1.6870766436809475,-0.055045978878609625,0.0,0.0,0.0,0.0,0.0,1.0,0.0,0.0,0.0,0.0
2023-01-01,0.006770064007878052,0.006770064007878052,0.0,0,False,0.0,1.6816899320592227,-0.058063147557125716,0.0,0.0,0.0,0.0,0.0,1.0,0.0,0.0,0.0,0.0
2023-02-01,-0.04076060831303102,-0.043760608313031024,0.75,4,True,0.003,1.6879958552990448,-0.05453111625038465,0.0,0.0,0.25,0.0,0.0,0.25,0.0,0.0,0.25,0.25
2023-03-01,0.017352503718393475,0.014352503718393476,0.75,4,True,0.003,1.6143345410549594,-0.09578979608378202,0.0,0.0,0.0,0.0,0.0,1.0,0.0,0.0,0.0,0.0
2023-04-01,-0.009474031237111843,-0.013474031237111843,1.0,5,True,0.004,1.6439480155314266,-0.07920289596236385,0.0,0.0,0.16666666666666666,0.5,0.16666666666666666,0.0,0.0,0.0,0.0,0.16666666666666666
2023-05-01,0.0009889966480704695,0.0009889966480704695,0.0,0,False,0.0,1.6218597078773735,-0.0915748502631023,0.0,0.0,0.16666666666666666,0.5,0.16666666666666666,0.0,0.0,0.0,0.0,0.16666666666666666
2023-06-01,-0.010170322264428378,-0.014170322264428378,1.0,5,True,0.004,1.6169698668053365,-0.09431371515164955,0.0,0.0,0.0,0.0,0.0,1.0,0.0,0.0,0.0,0.0
2023-07-01,0.0195530176821771,0.0175530176821771,0.49999999999999994,4,True,0.0019999999999999996,1.6064687758923741,-0.10019551555563977,0.0,0.0,0.16666666666666666,0.0,0.16666666666666666,0.5,0.0,0.0,0.0,0.16666666666666666
2023-08-01,0.00711992277851084,0.00611992277851084,0.25,4,True,0.001,1.6329697237686205,-0.08535198289635937,0.0,0.0,0.25,0.0,0.25,0.25,0.0,0.0,0.0,0.25
2023-09-01,-0.030064530776775317,-0.030064530776775317,0.0,0,False,0.0,1.644596342101499,-0.0788397596450634,0.0,0.0,0.25,0.0,0.25,0.25,0.0,0.0,0.0,0.25
2023-10-01,-0.0023298175938389343,-0.004663150927172267,0.5833333333333334,5,True,0.0023333333333333335,1.605687768996831,-0.10063296788433584,0.0,0.08333333333333333,0.0,0.0,0.08333333333333333,0.75,0.0,0.0,0.0,0.08333333333333333
2023-11-01,0.008150160533465067,0.007150160533465067,0.24999999999999997,4,True,0.0009999999999999998,1.596610724560357,-0.10571714095511531,0.0,0.0,0.0,0.0,0.0,1.0,0.0,0.0,0.0,0.0
2023-12-01,0.00943500572446515,0.006435005724465151,0.75,4,True,0.003,1.60479448820015,-0.10113330631529927,0.0,0.0,0.25,0.0,0.25,0.25,0.0,0.0,0.0,0.25
2024-01-01,0.004890183924809813,0.002223517258143146,0.6666666666666667,6,True,0.002666666666666667,1.6242238963864357,-0.0902506368987035,0.0,0.0,0.16666666666666666,0.5,0.16666666666666666,0.0,0.16666666666666666,0.0,0.0,0.0
2024-02-01,0.004534020185771629,0.0012006868524382952,0.8333333333333334,6,True,0.0033333333333333335,1.622388158222988,-0.09127885821026827,0.0,0.0,0.08333333333333333,0.0,0.08333333333333333,0.75,0.0,0.08333333333333333,0.0,0.0
2024-03-01,0.043402344309318414,0.04106901097598508,0.5833333333333334,5,True,0.0023333333333333335,1.6259413626508044,-0.08928866124766577,0.0,0.0,0.25,0.0,0.25,0.25,0.0,0.0,0.0,0.25
2024-04-01,-0.014969871683577884,-0.014969871683577884,0.0,0,False,0.0,1.6965110294993373,-0.0497616541567365,0.0,0.0,0.25,0.0,0.25,0.25,0.0,0.0,0.0,0.25
2024-05-01,0.020078809659418217,0.020078809659418217,0.0,0,False,0.0,1.6711144770779576,-0.06398660026282543,0.0,0.0,0.25,0.0,0.25,0.25,0.0,0.0,0.0,0.25
2024-06-01,0.023515753121105615,0.022515753121105615,0.24999999999999997,4,True,0.0009999999999999998,1.710471200168362,-0.04194237726813388,0.0,0.0,0.3333333333333333,0.0,0.3333333333333333,0.0,0.0,0.0,0.0,0.3333333333333333
2024-07-01,0.0017878439501557153,0.0007878439501557155,0.24999999999999997,4,True,0.0009999999999999998,1.7471945808892362,-0.02137312428763649,0.0,0.0,0.25,0.0,0.25,0.25,0.0,0.0,0.0,0.25
2024-08-01,0.0025948338796905057,0.0025948338796905057,0.0,0,False,0.0,1.7503182921504234,-0.024870570239217016,0.0,0.0,0.25,0.0,0.25,0.25,0.0,0.0,0.0,0.25
2024-09-01,0.034004243192246764,0.03200424319224676,0.5,4,True,0.002,1.7825734095338182,-0.0069007447726190385,0.0,0.0,0.25,0.25,0.25,0.0,0.25,0.0,0.0,0.0
2024-10-01,-0.022565001799872014,-0.023565001799872014,0.25000000000000006,4,True,0.0010000000000000002,1.8376625902287977,-0.009609223129050215,0.0,0.0,0.16666666666666666,0.5,0.16666666666666666,0.0,0.16666666666666666,0.0,0.0,0.0
2024-11-01,0.01832295774064502,0.017322957740645017,0.25000000000000006,4,True,0.0010000000000000002,1.7943995348421549,-0.032925435398928005,0.0,0.0,0.25,0.25,0.25,0.0,0.25,0.0,0.0,0.0
2024-12-01,-0.025185499560872376,-0.026185499560872377,0.25,2,True,0.001,1.834316851753153,-0.011412377062595902,0.0,0.0,0.25,0.25,0.25,0.0,0.0,0.0,0.0,0.25
2025-01-01,0.0,-0.004,1.0,5,True,0.004,1.7602056371574093,-0.0513539113728686,0.0,0.0,0.0,0.0,0.0,1.0,0.0,0.0,0.0,0.0
2025-02-01,-0.00394644372998762,-0.00694644372998762,0.75,4,True,0.003,1.7602236773323146,-0.05134418879216518,0.0,0.0,0.25,0.0,0.25,0.25,0.0,0.25,0.0,0.0
2025-03-01,0.014076090623159926,0.013076090623159925,0.25,2,True,0.001,1.757323103202176,-0.0529074256352039,0.0,0.0,0.25,0.0,0.25,0.25,0.0,0.0,0.25,0.0
2025-04-01,-0.013738256926441723,-0.01640492359310839,0.6666666666666666,6,True,0.0026666666666666666,1.7755298770262593,-0.04309505802875313,0.0,0.08333333333333333,0.08333333333333333,0.0,0.0,0.75,0.0,0.0,0.0,0.08333333333333333
2025-05-01,0.004021747185558014,0.00035508051889134766,0.9166666666666666,6,True,0.0036666666666666666,1.7447163550266511,-0.05970171267449109,0.0,0.0,0.08333333333333333,0.75,0.08333333333333333,0.0,0.0,0.0,0.08333333333333333,0.0
2025-06-01,0.008610704696370985,0.005610704696370985,0.75,2,True,0.003,1.7541370551162934,-0.05462451595183959,0.0,0.0,0.08333333333333333,0.0,0.08333333333333333,0.75,0.0,0.0,0.08333333333333333,0.0
2025-07-01,0.004588405147726163,0.001588405147726163,0.75,5,True,0.003,1.758641885999793,-0.052196680188025146,0.0,0.0,0.16666666666666666,0.5,0.16666666666666666,0.0,0.0,0.0,0.16666666666666666,0.0
2025-08-01,0.028377199095159733,0.02637719909515973,0.5,5,True,0.002,1.7631778249875565,-0.04975207900725498,0.0,0.0,0.25,0.0,0.25,0.25,0.0,0.0,0.25,0.0
2025-09-01,0.07316141361677833,0.07216141361677833,0.24999999999999997,4,True,0.0009999999999999998,1.8085149629552375,-0.02531805965480871,0.0,0.0,0.3333333333333333,0.0,0.3333333333333333,0.0,0.0,0.0,0.3333333333333333,0.0
2025-10-01,0.023540309227237988,0.022540309227237987,0.24999999999999997,4,True,0.0009999999999999998,1.9369487580722267,0.0,0.0,0.0,0.25,0.25,0.25,0.0,0.0,0.0,0.25,0.0
2025-11-01,0.004998879943872436,0.004998879943872436,0.0,0,False,0.0,1.9799219578581941,-0.018572572826078937,0.0,0.0,0.25,0.25,0.25,0.0,0.0,0.0,0.25,0.0
2025-12-01,0.00560557333742176,0.00460557333742176,0.25,2,True,0.001,1.9878295306737395,-0.01465286840906932,0.0,0.0,0.25,0.25,0.25,0.0,0.0,0.25,0.0,0.0
2026-01-01,0.02887801597246281,0.02887801597246281,0.0,0,False,0.0,1.949695766672044,-0.04165969586115037,0.0,0.0,0.25,0.25,0.25,0.0,0.0,0.25,0.0,0.0
2026-02-01,0.04127937698681746,0.04027937698681746,0.24999999999999997,4,True,0.0009999999999999998,2.024548469757938,-0.03533819153732842,0.0,0.0,0.3333333333333333,0.0,0.3333333333333333,0.0,0.0,0.3333333333333333,0.0,0.0
2026-03-01,-0.06500013622418677,-0.06500013622418677,0.0,0,False,0.0,2.0993916606459178,0.0,0.0,0.0,0.3333333333333333,0.0,0.3333333333333333,0.0,0.0,0.3333333333333333,0.0,0.0
2026-04-01,0.009486027482935061,0.006486027482935061,0.75,6,True,0.003,1.9570421239658617,-0.06780513581551495,0.0,0.25,0.25,0.0,0.0,0.25,0.0,0.0,0.0,0.25
2026-05-01,0.016263350746499504,0.014263350746499504,0.5,5,True,0.002,1.971655465980386,-0.06084438509498091,0.0,0.3333333333333333,0.0,0.0,0.3333333333333333,0.0,0.0,0.0,0.0,0.3333333333333333
2026-06-01,-0.07335150372803903,-0.07335150372803903,0.0,0,False,0.0,2.0037211903748773,-0.04557056792423653,0.0,0.3333333333333333,0.0,0.0,0.3333333333333333,0.0,0.0,0.0,0.0,0.3333333333333333
2026-07-01,0.0,-0.002,0.5,5,True,0.002,1.8530317375531247,-0.11734824316535375,0.0,0.0,0.0,0.0,0.25,0.25,0.0,0.25,0.0,0.25
2026-08-01,0.0,-0.0009999999999999998,0.24999999999999997,4,True,0.0009999999999999998,1.8493126923974572,-0.11911973022295375,0.0,0.0,0.0,0.0,0.3333333333333333,0.0,0.0,0.3333333333333333,0.0,0.3333333333333333
