date,gross_return,net_return,turnover,operations,signal_changed,trade_cost,equity,drawdown,w__CASH,w_dbc.us,w_gld.us,w_hyg.us,w_ief.us,w_lqd.us,w_qqq.us,w_rsp.us,w_shy.us,w_spy.us,w_tlt.us,w_vnq.us,w_vwo.us,w_xle.us,w_xlp.us,w_xlv.us
2007-05-01,-0.014109111083050845,-0.018109111083050845,1.0,5,True,0.004,,,0.0,0.0,0.0,0.0,0.16666666666666666,0.0,0.0,0.0,0.0,0.0,0.0,0.0,0.0,0.2777777777777778,0.2777777777777778,0.2777777777777778
2007-06-01,0.0161095408776251,0.013442874210958432,0.6666666666666667,6,True,0.002666666666666667,1.000871872523501,0.0,0.0,0.0,0.0,0.0,0.0,0.0,0.0,0.0,0.5,0.0,0.0,0.0,0.16666666666666666,0.0,0.16666666666666666,0.16666666666666666
2007-07-01,-0.023681040489871966,-0.025236596045427523,0.38888888888888884,6,True,0.0015555555555555553,0.9801457674779765,-0.02568503713492154,0.0,0.0,0.0,0.0,0.0,0.0,0.11111111111111112,0.0,0.6666666666666666,0.0,0.0,0.0,0.11111111111111112,0.11111111111111112,0.0,0.0
2007-08-01,0.04051810982946481,0.04007366538502037,0.11111111111111112,2,True,0.00044444444444444447,0.9755901365441633,-0.030213567004031106,0.0,0.11111111111111112,0.0,0.0,0.0,0.0,0.0,0.0,0.6666666666666666,0.0,0.0,0.0,0.11111111111111112,0.11111111111111112,0.0,0.0
2007-09-01,0.0354106057534421,0.032299494642330985,0.7777777777777778,6,True,0.003111111111111111,0.9881084722472755,-0.01776970182559534,0.0,0.0,0.0,0.0,0.3333333333333333,0.0,0.22222222222222224,0.0,0.0,0.0,0.0,0.0,0.22222222222222224,0.22222222222222224,0.0,0.0
2007-10-01,0.023489235471120497,0.022600346582231607,0.22222222222222224,2,True,0.0008888888888888889,1.0389822362838945,0.0,0.0,0.22222222222222224,0.0,0.0,0.3333333333333333,0.0,0.0,0.0,0.0,0.0,0.0,0.0,0.22222222222222224,0.22222222222222224,0.0,0.0
2007-11-01,0.00802604418591504,0.007359377519248373,0.16666666666666669,4,True,0.0006666666666666668,1.0651155136772503,-0.018079730299910612,0.0,0.2777777777777778,0.0,0.0,0.16666666666666666,0.0,0.0,0.0,0.0,0.0,0.0,0.0,0.2777777777777778,0.2777777777777778,0.0,0.0
2007-12-01,0.023648329543352845,0.0212038850989084,0.6111111111111112,5,True,0.002444444444444445,1.0583443276503284,-0.027356066287749448,0.0,0.11111111111111112,0.0,0.0,0.6666666666666666,0.0,0.0,0.0,0.0,0.0,0.11111111111111112,0.0,0.11111111111111112,0.0,0.0,0.0
2008-01-01,0.017978464971785277,0.017089576082896386,0.22222222222222224,4,True,0.0008888888888888889,1.0611339949747238,-0.03181202319859233,0.0,0.11111111111111112,0.11111111111111112,0.0,0.6666666666666666,0.0,0.0,0.0,0.0,0.0,0.0,0.0,0.0,0.11111111111111112,0.0,0.0
2008-02-01,0.04939364586846229,0.048060312535128956,0.33333333333333337,4,True,0.0013333333333333335,1.0864439310319751,-0.008719015246447026,0.0,0.0,0.0,0.0,1.0,0.0,0.0,0.0,0.0,0.0,0.0,0.0,0.0,0.0,0.0,0.0
2008-03-01,-0.03275724640369737,-0.03275724640369737,0.0,0,False,0.0,1.1292545879618705,0.0,0.0,0.0,0.0,0.0,1.0,0.0,0.0,0.0,0.0,0.0,0.0,0.0,0.0,0.0,0.0,0.0
2008-04-01,-0.004659793410951241,-0.004659793410951241,0.0,0,False,0.0,1.1281145213752122,-0.020726858118779612,0.0,0.0,0.0,0.0,1.0,0.0,0.0,0.0,0.0,0.0,0.0,0.0,0.0,0.0,0.0,0.0
2008-05-01,-0.021294038077206784,-0.02196070474387345,0.16666666666666663,4,True,0.0006666666666666665,1.10795503124737,-0.03822654176095941,0.0,0.055555555555555546,0.055555555555555546,0.0,0.8333333333333334,0.0,0.0,0.0,0.0,0.0,0.0,0.0,0.0,0.055555555555555546,0.0,0.0
2008-06-01,0.004827121178616611,0.0008271211786166112,1.0,5,True,0.004,1.0857013411650982,-0.05754412042199075,0.0,0.0,0.0,0.0,0.0,0.0,0.0,0.0,1.0,0.0,0.0,0.0,0.0,0.0,0.0,0.0
2008-07-01,0.02263387851505927,0.01863387851505927,1.0,2,True,0.004,1.0836403385803666,-0.05933319807176263,0.0,0.0,0.0,0.0,1.0,0.0,0.0,0.0,0.0,0.0,0.0,0.0,0.0,0.0,0.0,0.0
2008-08-01,-0.002506965347827128,-0.002506965347827128,0.0,0,False,0.0,1.089737904338144,-0.05404013405715613,0.0,0.0,0.0,0.0,1.0,0.0,0.0,0.0,0.0,0.0,0.0,0.0,0.0,0.0,0.0,0.0
2008-09-01,-0.010007847533730296,-0.010007847533730296,0.0,0,False,0.0,1.106828501645965,-0.03920443909433069,0.0,0.0,0.0,0.0,1.0,0.0,0.0,0.0,0.0,0.0,0.0,0.0,0.0,0.0,0.0,0.0
2008-10-01,0.012326285623889266,0.008326285623889266,1.0,2,True,0.004,1.1066287219536715,-0.039377860217141736,0.0,0.0,0.0,0.0,0.0,0.0,0.0,0.0,1.0,0.0,0.0,0.0,0.0,0.0,0.0,0.0
2008-11-01,-0.0003844331568928494,-0.0003844331568928494,0.0,0,False,0.0,1.092755011889827,-0.05142109819196006,0.0,0.0,0.0,0.0,0.0,0.0,0.0,0.0,1.0,0.0,0.0,0.0,0.0,0.0,0.0,0.0
2008-12-01,-0.014645071922776753,-0.018645071922776753,1.0,2,True,0.004,1.1000204739049886,-0.045114228029405457,0.0,0.0,0.0,0.0,1.0,0.0,0.0,0.0,0.0,0.0,0.0,0.0,0.0,0.0,0.0,0.0
2009-01-01,-0.024957231796039925,-0.024957231796039925,0.0,0,False,0.0,1.0831792840873888,-0.0597334218729475,0.0,0.0,0.0,0.0,1.0,0.0,0.0,0.0,0.0,0.0,0.0,0.0,0.0,0.0,0.0,0.0
2009-02-01,0.018467647026964906,0.018467647026964906,0.0,0,False,0.0,1.0421250618710334,-0.09537102463006031,0.0,0.0,0.0,0.0,1.0,0.0,0.0,0.0,0.0,0.0,0.0,0.0,0.0,0.0,0.0,0.0
2009-03-01,-0.014230010822425365,-0.014230010822425365,0.0,0,False,0.0,1.032429428394755,-0.10378743384822153,0.0,0.0,0.0,0.0,1.0,0.0,0.0,0.0,0.0,0.0,0.0,0.0,0.0,0.0,0.0,0.0
2009-04-01,-0.02257438669493017,-0.02257438669493017,0.0,0,False,0.0,1.0644936538558107,-0.07595370401469492,0.0,0.0,0.0,0.0,1.0,0.0,0.0,0.0,0.0,0.0,0.0,0.0,0.0,0.0,0.0,0.0
2009-05-01,-0.03795133810109552,-0.03795133810109552,0.0,0,False,0.0,1.0271348271278378,-0.10838347504742696,0.0,0.0,0.0,0.0,1.0,0.0,0.0,0.0,0.0,0.0,0.0,0.0,0.0,0.0,0.0,0.0
2009-06-01,0.023147936703042913,0.019147936703042913,1.0,5,True,0.004,0.9906100877959153,-0.1400892066591095,0.0,0.0,0.11111111111111112,0.0,0.0,0.11111111111111112,0.0,0.0,0.6666666666666666,0.0,0.0,0.0,0.11111111111111112,0.0,0.0,0.0
2009-07-01,0.0014981010003329853,0.00016476766699965182,0.33333333333333337,4,True,0.0013333333333333335,0.9991809600882894,-0.13264915967860957,0.0,0.0,0.0,0.0,0.0,0.0,0.0,0.0,1.0,0.0,0.0,0.0,0.0,0.0,0.0,0.0
2009-08-01,0.02109309352927475,0.019759760195941417,0.33333333333333337,4,True,0.0013333333333333335,1.0068434607797399,-0.12599763540105968,0.0,0.0,0.11111111111111112,0.0,0.0,0.11111111111111112,0.0,0.0,0.6666666666666666,0.0,0.0,0.0,0.11111111111111112,0.0,0.0,0.0
2009-09-01,0.0008794571844503232,-0.0008983205933274546,0.4444444444444445,5,True,0.0017777777777777779,1.0086145380099043,-0.12446023088154057,0.0,0.0,0.22222222222222224,0.0,0.0,0.22222222222222224,0.0,0.0,0.3333333333333333,0.0,0.0,0.22222222222222224,0.0,0.0,0.0,0.0
2009-10-01,0.029659105687265007,0.02810355013170945,0.3888888888888889,5,True,0.0015555555555555555,1.0068295132910672,-0.1260097426834278,0.0,0.0,0.2777777777777778,0.2777777777777778,0.0,0.2777777777777778,0.0,0.0,0.16666666666666666,0.0,0.0,0.0,0.0,0.0,0.0,0.0
2009-11-01,-0.02266256033740126,-0.02444033811517904,0.4444444444444444,4,True,0.0017777777777777779,1.0218923498372445,-0.11293426941300422,0.0,0.0,0.2777777777777778,0.0,0.16666666666666666,0.2777777777777778,0.0,0.0,0.0,0.0,0.0,0.0,0.2777777777777778,0.0,0.0,0.0
2009-12-01,0.02049923093263565,0.019388119821524538,0.2777777777777778,2,True,0.0011111111111111111,1.0736339781948594,-0.06801933745552491,0.0,0.2777777777777778,0.2777777777777778,0.0,0.16666666666666666,0.0,0.0,0.0,0.0,0.0,0.0,0.0,0.2777777777777778,0.0,0.0,0.0
2010-01-01,-0.009553392859373788,-0.011331170637151566,0.4444444444444444,4,True,0.0017777777777777779,1.0468056335705243,-0.09130799905321263,0.0,0.2777777777777778,0.2777777777777778,0.0,0.0,0.0,0.2777777777777778,0.0,0.16666666666666666,0.0,0.0,0.0,0.0,0.0,0.0,0.0
2010-02-01,0.03613273709387362,0.03368829264942918,0.6111111111111112,6,True,0.002444444444444445,1.0202779901785222,-0.1143356333926081,0.0,0.0,0.22222222222222224,0.0,0.0,0.0,0.0,0.0,0.3333333333333333,0.0,0.0,0.22222222222222224,0.22222222222222224,0.0,0.0,0.0
2010-03-01,0.010207719591451682,0.008652164035896127,0.3888888888888889,5,True,0.0015555555555555555,1.042523153058792,-0.09502545687004571,0.0,0.0,0.2777777777777778,0.0,0.0,0.0,0.0,0.0,0.16666666666666666,0.0,0.0,0.2777777777777778,0.0,0.0,0.0,0.2777777777777778
2010-04-01,-0.03539918096016753,-0.03539918096016753,0.0,0,False,0.0,1.0737944400450092,-0.06788004665022906,0.0,0.0,0.2777777777777778,0.0,0.0,0.0,0.0,0.0,0.16666666666666666,0.0,0.0,0.2777777777777778,0.0,0.0,0.0,0.2777777777777778
2010-05-01,0.04997991984024069,0.048868808729129576,0.2777777777777778,2,True,0.0011111111111111111,1.0951260346307867,-0.04936290388188158,0.0,0.0,0.2777777777777778,0.0,0.0,0.0,0.2777777777777778,0.0,0.16666666666666666,0.0,0.0,0.2777777777777778,0.0,0.0,0.0,0.0
2010-06-01,0.0050520281800761815,0.0023853615134095145,0.6666666666666667,6,True,0.002666666666666667,1.0695910961825246,-0.0715288089634778,0.0,0.0,0.16666666666666666,0.0,0.5,0.0,0.0,0.0,0.0,0.0,0.16666666666666666,0.16666666666666666,0.0,0.0,0.0,0.0
2010-07-01,0.028056700794694578,0.02605670079469458,0.49999999999999994,4,True,0.0019999999999999996,1.0906077907451839,-0.05328501888155923,0.0,0.0,0.0,0.0,1.0,0.0,0.0,0.0,0.0,0.0,0.0,0.0,0.0,0.0,0.0,0.0
2010-08-01,0.022715558151033346,0.020048891484366678,0.6666666666666667,4,True,0.002666666666666667,1.1027651108971024,-0.04273171345339044,0.0,0.0,0.22222222222222224,0.0,0.3333333333333333,0.0,0.0,0.0,0.0,0.0,0.22222222222222224,0.22222222222222224,0.0,0.0,0.0,0.0
2010-09-01,0.021082924574053807,0.01841625790738714,0.6666666666666667,4,True,0.002666666666666667,1.139889396307703,-0.010505538782917934,0.0,0.0,0.0,0.0,1.0,0.0,0.0,0.0,0.0,0.0,0.0,0.0,0.0,0.0,0.0,0.0
2010-10-01,-0.014139257359307099,-0.018139257359307097,0.9999999999999999,4,True,0.003999999999999999,1.1611228047294364,-0.005396434790470361,0.0,0.0,0.3333333333333333,0.0,0.0,0.3333333333333333,0.0,0.0,0.0,0.0,0.3333333333333333,0.0,0.0,0.0,0.0,0.0
2010-11-01,-0.016673629448216005,-0.016673629448216005,0.0,0,False,0.0,1.157500117917911,-0.015869032669533434,0.0,0.0,0.3333333333333333,0.0,0.0,0.3333333333333333,0.0,0.0,0.0,0.0,0.3333333333333333,0.0,0.0,0.0,0.0,0.0
2010-12-01,-0.0011425094669513004,-0.002920287244729078,0.44444444444444436,5,True,0.0017777777777777774,1.1453892796326766,-0.02616592233056403,0.0,0.0,0.2777777777777778,0.0,0.16666666666666666,0.2777777777777778,0.0,0.0,0.0,0.0,0.0,0.2777777777777778,0.0,0.0,0.0,0.0
2011-01-01,0.05135861412181096,0.04958083634403318,0.4444444444444444,4,True,0.0017777777777777779,1.1328078994826,-0.03686287659068033,0.0,0.0,0.2777777777777778,0.0,0.0,0.0,0.0,0.0,0.16666666666666666,0.0,0.0,0.2777777777777778,0.0,0.2777777777777778,0.0,0.0
2011-02-01,0.010434915942847383,0.010434915942847383,0.0,0,False,0.0,1.1434035915075964,-0.027854196176157142,0.0,0.0,0.2777777777777778,0.0,0.0,0.0,0.0,0.0,0.16666666666666666,0.0,0.0,0.2777777777777778,0.0,0.2777777777777778,0.0,0.0
2011-03-01,0.029926220180217858,0.029926220180217858,0.0,0,False,0.0,1.182303302681071,-0.008738839144919908,0.0,0.0,0.2777777777777778,0.0,0.0,0.0,0.0,0.0,0.16666666666666666,0.0,0.0,0.2777777777777778,0.0,0.2777777777777778,0.0,0.0
2011-04-01,-0.005788473087516892,-0.005788473087516892,0.0,0,False,0.0,1.1995034202028385,0.0,0.0,0.0,0.2777777777777778,0.0,0.0,0.0,0.0,0.0,0.16666666666666666,0.0,0.0,0.2777777777777778,0.0,0.2777777777777778,0.0,0.0
2011-05-01,-0.003964617634803677,-0.005742395412581454,0.4444444444444444,5,True,0.0017777777777777779,1.2526984668375543,0.0,0.0,0.0,0.3333333333333333,0.0,0.0,0.3333333333333333,0.0,0.0,0.0,0.0,0.0,0.0,0.0,0.3333333333333333,0.0,0.0
2011-06-01,0.01418975381702085,0.012856420483687516,0.3333333333333333,2,True,0.0013333333333333333,1.2226718742742586,-0.023969529266765988,0.0,0.0,0.3333333333333333,0.0,0.0,0.3333333333333333,0.0,0.0,0.0,0.0,0.3333333333333333,0.0,0.0,0.0,0.0,0.0
2011-07-01,0.014500395794426905,0.012722618016649128,0.44444444444444436,5,True,0.0017777777777777774,1.1736510712666124,-0.06310169419341394,0.0,0.0,0.2777777777777778,0.0,0.16666666666666666,0.2777777777777778,0.0,0.0,0.0,0.0,0.0,0.0,0.0,0.2777777777777778,0.0,0.0
2011-08-01,-0.0006639239146042364,-0.002441701692382014,0.44444444444444436,5,True,0.0017777777777777774,1.2223883982012802,-0.02419582161123901,0.0,0.0,0.3333333333333333,0.0,0.0,0.3333333333333333,0.0,0.0,0.0,0.0,0.3333333333333333,0.0,0.0,0.0,0.0,0.0
2011-09-01,-0.025762955586771014,-0.027762955586771013,0.49999999999999994,4,True,0.0019999999999999996,1.2098105091714733,-0.03423645737697112,0.0,0.0,0.16666666666666666,0.0,0.5,0.16666666666666666,0.0,0.0,0.0,0.0,0.16666666666666666,0.0,0.0,0.0,0.0,0.0
2011-10-01,0.020406740431343273,0.018406740431343275,0.49999999999999994,4,True,0.0019999999999999996,1.2185158632051833,-0.02728717607411557,0.0,0.0,0.0,0.0,1.0,0.0,0.0,0.0,0.0,0.0,0.0,0.0,0.0,0.0,0.0,0.0
2011-11-01,1.0882722109743998e-05,-0.0026557839445569232,0.6666666666666667,4,True,0.002666666666666667,1.2173823019998489,-0.028192071573984845,0.0,0.0,0.22222222222222224,0.0,0.3333333333333333,0.22222222222222224,0.0,0.0,0.0,0.0,0.22222222222222224,0.0,0.0,0.0,0.0,0.0
2011-12-01,-0.0009288807665159087,-0.0027066585442936863,0.4444444444444445,5,True,0.0017777777777777779,1.2155671935898222,-0.02964103032828813,0.0,0.0,0.11111111111111112,0.0,0.6666666666666666,0.0,0.0,0.0,0.0,0.0,0.11111111111111112,0.0,0.0,0.0,0.11111111111111112,0.0
2012-01-01,0.0054449638704816925,0.004333852759370581,0.27777777777777773,5,True,0.001111111111111111,1.201664159213047,-0.0407394987505203,0.0,0.0,0.0,0.0,0.5,0.16666666666666666,0.0,0.0,0.0,0.0,0.16666666666666666,0.0,0.0,0.0,0.16666666666666666,0.0
2012-02-01,-0.028845615575864843,-0.02951228224253151,0.16666666666666666,2,True,0.0006666666666666666,1.2135052288904338,-0.03128704870699173,0.0,0.0,0.16666666666666666,0.0,0.5,0.16666666666666666,0.0,0.0,0.0,0.0,0.16666666666666666,0.0,0.0,0.0,0.0,0.0
2012-03-01,0.035488182867558685,0.03282151620089202,0.6666666666666666,5,True,0.0026666666666666666,1.20272672522671,-0.03989127705807627,0.0,0.0,0.0,0.0,0.0,0.3333333333333333,0.0,0.0,0.0,0.0,0.3333333333333333,0.0,0.0,0.0,0.3333333333333333,0.0
2012-04-01,0.006515025658176519,0.005181692324843186,0.3333333333333333,2,True,0.0013333333333333333,1.1799870666796524,-0.05804381667478398,0.0,0.0,0.0,0.0,0.0,0.0,0.0,0.0,0.0,0.0,0.3333333333333333,0.0,0.0,0.0,0.3333333333333333,0.3333333333333333
2012-05-01,0.012993737060351599,0.009882625949240487,0.7777777777777778,5,True,0.003111111111111111,1.2057384050557403,-0.037487123218379104,0.0,0.0,0.0,0.0,0.6666666666666666,0.11111111111111112,0.0,0.0,0.0,0.0,0.11111111111111112,0.0,0.0,0.0,0.11111111111111112,0.0
2012-06-01,0.017464780020529425,0.016131446687196092,0.33333333333333337,4,True,0.0013333333333333335,1.2337848493003944,-0.015098300219770655,0.0,0.0,0.0,0.0,1.0,0.0,0.0,0.0,0.0,0.0,0.0,0.0,0.0,0.0,0.0,0.0
2012-07-01,-0.01880695029398869,-0.02080695029398869,0.49999999999999994,4,True,0.0019999999999999996,1.2230665319549778,-0.02365448323520536,0.0,0.0,0.0,0.0,0.5,0.16666666666666666,0.0,0.0,0.0,0.0,0.16666666666666666,0.0,0.0,0.0,0.16666666666666666,0.0
2012-08-01,0.00906924251229773,0.008402575845631064,0.1666666666666666,4,True,0.0006666666666666664,1.2390467635541695,-0.010897836666032279,0.0,0.0,0.0,0.0,0.6666666666666666,0.11111111111111112,0.0,0.0,0.0,0.0,0.11111111111111112,0.0,0.0,0.0,0.11111111111111112,0.0
2012-09-01,0.0022425665615584066,0.00024256656155840616,0.5000000000000001,4,True,0.0020000000000000005,1.240629944511983,-0.009634020193253878,0.0,0.0,0.0,0.0,0.16666666666666666,0.2777777777777778,0.0,0.0,0.0,0.0,0.2777777777777778,0.0,0.0,0.0,0.2777777777777778,0.0
2012-10-01,0.00400389925833337,0.003337232591666704,0.1666666666666666,4,True,0.0006666666666666664,1.240441345796345,-0.009784574153868353,0.0,0.0,0.0,0.0,0.0,0.3333333333333333,0.0,0.0,0.0,0.0,0.3333333333333333,0.0,0.0,0.0,0.3333333333333333,0.0
2012-11-01,-0.0028419654544344,-0.0035086321211010665,0.1666666666666666,4,True,0.0006666666666666664,1.2300751013496987,-0.01805970557700809,0.0,0.0,0.0,0.0,0.16666666666666666,0.2777777777777778,0.0,0.0,0.0,0.0,0.2777777777777778,0.0,0.0,0.0,0.2777777777777778,0.0
2012-12-01,0.01678431805674907,0.015006540278971293,0.4444444444444444,5,True,0.0017777777777777779,1.2435924773106735,-0.007269099282821823,0.0,0.0,0.0,0.3333333333333333,0.0,0.3333333333333333,0.0,0.0,0.0,0.0,0.0,0.0,0.0,0.0,0.3333333333333333,0.0
2013-01-01,0.012708981534649864,0.010931203756872086,0.4444444444444444,5,True,0.0017777777777777779,1.216816871837725,-0.028643441298697003,0.0,0.0,0.0,0.0,0.16666666666666666,0.2777777777777778,0.0,0.0,0.0,0.0,0.0,0.2777777777777778,0.0,0.0,0.2777777777777778,0.0
2013-02-01,0.019332924255651376,0.017110702033429154,0.5555555555555556,6,True,0.0022222222222222222,1.240832327244679,-0.00947246277296987,0.0,0.0,0.0,0.0,0.0,0.0,0.0,0.0,0.3333333333333333,0.0,0.0,0.22222222222222224,0.0,0.0,0.22222222222222224,0.22222222222222224
2013-03-01,0.03502495960091049,0.032358292934243825,0.6666666666666667,6,True,0.002666666666666667,1.2581587611026588,0.0,0.0,0.0,0.0,0.0,0.5,0.16666666666666666,0.0,0.0,0.0,0.0,0.0,0.16666666666666666,0.0,0.0,0.16666666666666666,0.0
2013-04-01,-0.004354825353634481,-0.005021492020301148,0.16666666666666666,2,True,0.0006666666666666666,1.2891695904146776,0.0,0.0,0.0,0.0,0.0,0.5,0.16666666666666666,0.0,0.0,0.0,0.0,0.0,0.0,0.0,0.0,0.16666666666666666,0.16666666666666666
2013-05-01,-0.04669338145542221,-0.048026714788755545,0.33333333333333337,5,True,0.0013333333333333335,1.316764910111918,-0.0027518696949618837,0.0,0.0,0.0,0.0,0.3333333333333333,0.22222222222222224,0.0,0.0,0.0,0.0,0.22222222222222224,0.0,0.0,0.0,0.22222222222222224,0.0
2013-06-01,0.037623929360445896,0.03362392936044589,1.0,8,True,0.004,1.2828830724627338,-0.028412182319844992,0.0,0.0,0.0,0.0,0.0,0.0,0.16666666666666666,0.16666666666666666,0.5,0.0,0.0,0.0,0.0,0.0,0.0,0.16666666666666666
2013-07-01,-0.003788414163152342,-0.0053439697187078975,0.38888888888888895,5,True,0.0015555555555555557,1.255603577644795,-0.04907222952640622,0.0,0.0,0.0,0.0,0.0,0.0,0.0,0.055555555555555546,0.8333333333333334,0.0,0.0,0.0,0.0,0.0,0.055555555555555546,0.055555555555555546
2013-08-01,0.008299660543581456,0.008077438321359234,0.055555555555555546,2,True,0.00022222222222222218,1.2902245272283361,-0.022852152596624542,0.0,0.0,0.0,0.0,0.0,0.0,0.055555555555555546,0.0,0.8333333333333334,0.0,0.0,0.0,0.0,0.0,0.055555555555555546,0.055555555555555546
2013-09-01,0.0020297045300181615,0.001363037863351495,0.16666666666666663,4,True,0.0006666666666666665,1.2822683399245491,-0.028877748245572876,0.0,0.0,0.0,0.0,0.0,0.0,0.0,0.0,1.0,0.0,0.0,0.0,0.0,0.0,0.0,0.0
2013-10-01,0.0031648023170801247,0.0011648023170801251,0.49999999999999994,4,True,0.0019999999999999996,1.2947349549944793,-0.019436193056603157,0.0,0.0,0.0,0.16666666666666666,0.0,0.0,0.16666666666666666,0.0,0.5,0.0,0.0,0.0,0.0,0.16666666666666666,0.0,0.0
2013-11-01,0.01098906234493683,0.010322395678270164,0.16666666666666666,2,True,0.0006666666666666666,1.2942176922741582,-0.019827940495159124,0.0,0.0,0.0,0.0,0.0,0.0,0.16666666666666666,0.0,0.5,0.0,0.0,0.0,0.0,0.16666666666666666,0.0,0.16666666666666666
2013-12-01,0.01206236344592419,0.01206236344592419,0.0,0,False,0.0,1.3076083703731884,-0.009686548819829999,0.0,0.0,0.0,0.0,0.0,0.0,0.16666666666666666,0.0,0.5,0.0,0.0,0.0,0.0,0.16666666666666666,0.0,0.16666666666666666
2014-01-01,0.009519097411567756,0.009519097411567756,0.0,0,False,0.0,1.3014176445737526,-0.014375077258967806,0.0,0.0,0.0,0.0,0.0,0.0,0.16666666666666666,0.0,0.5,0.0,0.0,0.0,0.0,0.16666666666666666,0.0,0.16666666666666666
2014-02-01,0.005192693237452657,0.0025260265707859907,0.6666666666666666,4,True,0.0026666666666666666,1.2886214532507012,-0.0240662360785433,0.0,0.0,0.0,0.0,0.5,0.0,0.16666666666666666,0.16666666666666666,0.0,0.0,0.0,0.0,0.0,0.0,0.0,0.16666666666666666
2014-03-01,-0.0031699156579920234,-0.0058365823246586904,0.6666666666666667,6,True,0.002666666666666667,1.3266412964953558,-0.00013180009327440345,0.0,0.0,0.0,0.0,0.0,0.0,0.22222222222222224,0.0,0.3333333333333333,0.0,0.0,0.22222222222222224,0.0,0.0,0.0,0.22222222222222224
2014-04-01,0.012655922192054879,0.012655922192054879,0.0,0,False,0.0,1.3221479933423828,-0.0066362810232516445,0.0,0.0,0.0,0.0,0.0,0.0,0.22222222222222224,0.0,0.3333333333333333,0.0,0.0,0.22222222222222224,0.0,0.0,0.0,0.22222222222222224
2014-05-01,0.052520459153882065,0.05096490359832651,0.3888888888888889,5,True,0.0015555555555555555,1.3256647570889757,-0.003994046166284737,0.0,0.0,0.0,0.0,0.0,0.0,0.2777777777777778,0.0,0.16666666666666666,0.0,0.0,0.0,0.0,0.2777777777777778,0.0,0.2777777777777778
2014-06-01,0.018954862155209203,0.016065973266320314,0.7222222222222221,6,True,0.0028888888888888888,1.3609985840356036,0.0,0.0,0.0,0.0,0.0,0.16666666666666666,0.0,0.0,0.0,0.0,0.0,0.2777777777777778,0.2777777777777778,0.0,0.0,0.0,0.2777777777777778
2014-07-01,0.003981416119846998,0.0022036383420692206,0.4444444444444445,5,True,0.0017777777777777779,1.4063590713057375,0.0,0.0,0.0,0.3333333333333333,0.0,0.0,0.0,0.0,0.0,0.0,0.0,0.3333333333333333,0.3333333333333333,0.0,0.0,0.0,0.0
2014-08-01,-0.012107677854087852,-0.015218788965198963,0.7777777777777778,6,True,0.003111111111111111,1.4012619170516636,-0.014696283322606085,0.0,0.0,0.0,0.0,0.3333333333333333,0.0,0.22222222222222224,0.0,0.0,0.0,0.22222222222222224,0.0,0.22222222222222224,0.0,0.0,0.0
2014-09-01,0.026866973423922143,0.025978084535033252,0.22222222222222224,2,True,0.0008888888888888889,1.4363757976739473,0.0,0.0,0.0,0.0,0.0,0.3333333333333333,0.0,0.0,0.0,0.0,0.0,0.22222222222222224,0.22222222222222224,0.22222222222222224,0.0,0.0,0.0
2014-10-01,0.02577567669530806,0.023775676695308057,0.5,6,True,0.002,1.4017375801690903,-0.024115010543166893,0.0,0.0,0.0,0.0,0.5,0.0,0.16666666666666666,0.0,0.0,0.0,0.16666666666666666,0.0,0.0,0.0,0.0,0.16666666666666666
2014-11-01,0.03197314410190436,0.03130647743523769,0.16666666666666666,2,True,0.0006666666666666666,1.4623456325237438,0.0,0.0,0.0,0.0,0.0,0.5,0.0,0.0,0.0,0.0,0.0,0.16666666666666666,0.16666666666666666,0.0,0.0,0.0,0.16666666666666666
2014-12-01,0.031120642186226604,0.030453975519559938,0.16666666666666666,2,True,0.0006666666666666666,1.4948219131184055,-0.002964804244697916,0.0,0.0,0.0,0.0,0.5,0.0,0.0,0.0,0.0,0.0,0.16666666666666666,0.0,0.0,0.0,0.16666666666666666,0.16666666666666666
2015-01-01,-0.02368390255301891,-0.024795013664130023,0.27777777777777773,5,True,0.001111111111111111,1.470939797189914,-0.03131526322864031,0.0,0.0,0.0,0.0,0.6666666666666666,0.0,0.0,0.0,0.0,0.0,0.11111111111111112,0.11111111111111112,0.0,0.0,0.11111111111111112,0.0
2015-02-01,0.020049923101295386,0.01938325643462872,0.1666666666666666,4,True,0.0006666666666666664,1.5335363609768415,0.0,0.0,0.0,0.0,0.0,0.5,0.0,0.0,0.0,0.0,0.0,0.16666666666666666,0.16666666666666666,0.0,0.0,0.16666666666666666,0.0
2015-03-01,-0.005837563068041266,-0.005837563068041266,0.0,0,False,0.0,1.4972997630750382,-0.023629435091269135,0.0,0.0,0.0,0.0,0.5,0.0,0.0,0.0,0.0,0.0,0.16666666666666666,0.16666666666666666,0.0,0.0,0.16666666666666666,0.0
2015-04-01,-0.008355852852639012,-0.009022519519305678,0.16666666666666666,2,True,0.0006666666666666666,1.513496567838628,-0.013067700022090345,0.0,0.0,0.0,0.0,0.5,0.0,0.0,0.0,0.0,0.0,0.16666666666666666,0.16666666666666666,0.0,0.0,0.0,0.16666666666666666
2015-05-01,0.004330963868758753,0.002997630535425419,0.33333333333333337,5,True,0.0013333333333333335,1.5041434946496302,-0.019166722795205593,0.0,0.0,0.0,0.0,0.3333333333333333,0.0,0.22222222222222224,0.0,0.0,0.0,0.22222222222222224,0.0,0.0,0.0,0.0,0.22222222222222224
2015-06-01,0.0027329866946917774,0.0013996533613584439,0.33333333333333337,5,True,0.0013333333333333335,1.5041762842211115,-0.019145341123198434,0.0,0.0,0.0,0.0,0.5,0.0,0.16666666666666666,0.0,0.0,0.0,0.0,0.0,0.0,0.0,0.16666666666666666,0.16666666666666666
2015-07-01,0.02860161497245506,0.02660161497245506,0.49999999999999994,4,True,0.0019999999999999996,1.4682629360491672,-0.0425639890834385,0.0,0.0,0.0,0.0,1.0,0.0,0.0,0.0,0.0,0.0,0.0,0.0,0.0,0.0,0.0,0.0
2015-08-01,-0.013559510882237065,-0.014226177548903731,0.16666666666666663,4,True,0.0006666666666666665,1.516803085354474,-0.010911561048157048,0.0,0.0,0.0,0.0,0.8333333333333334,0.0,0.055555555555555546,0.0,0.0,0.0,0.0,0.0,0.0,0.0,0.055555555555555546,0.055555555555555546
2015-09-01,0.02342302275591135,0.022756356089244683,0.16666666666666663,4,True,0.0006666666666666665,1.516367468134949,-0.01502984097025617,0.0,0.0,0.0,0.0,1.0,0.0,0.0,0.0,0.0,0.0,0.0,0.0,0.0,0.0,0.0,0.0
2015-10-01,-0.019917433186065092,-0.019917433186065092,0.0,0,False,0.0,1.516606883672144,-0.01487432644973219,0.0,0.0,0.0,0.0,1.0,0.0,0.0,0.0,0.0,0.0,0.0,0.0,0.0,0.0,0.0,0.0
2015-11-01,0.013523644708385555,0.011523644708385555,0.49999999999999994,4,True,0.0019999999999999996,1.5334693128879784,-0.012666473653734744,0.0,0.0,0.0,0.0,0.5,0.0,0.0,0.0,0.0,0.0,0.16666666666666666,0.16666666666666666,0.0,0.0,0.16666666666666666,0.0
2015-12-01,0.010773866298863186,0.009218310743307631,0.38888888888888895,5,True,0.0015555555555555557,1.5344267223062795,-0.012050039787609212,0.0,0.0,0.0,0.0,0.8333333333333334,0.055555555555555546,0.0,0.0,0.0,0.0,0.0,0.055555555555555546,0.0,0.0,0.055555555555555546,0.0
2016-01-01,0.017975266033937398,0.017308599367270732,0.16666666666666663,4,True,0.0006666666666666665,1.516394932102672,-0.023659917375922213,0.0,0.0,0.0,0.0,1.0,0.0,0.0,0.0,0.0,0.0,0.0,0.0,0.0,0.0,0.0,0.0
2016-02-01,-0.010100296652069574,-0.010100296652069574,0.0,0,False,0.0,1.5439842857634527,-0.005896344534538023,0.0,0.0,0.0,0.0,1.0,0.0,0.0,0.0,0.0,0.0,0.0,0.0,0.0,0.0,0.0,0.0
2016-03-01,0.012094184801997754,0.012094184801997754,0.0,0,False,0.0,1.5612689322348632,-0.018356612908843717,0.0,0.0,0.0,0.0,1.0,0.0,0.0,0.0,0.0,0.0,0.0,0.0,0.0,0.0,0.0,0.0
2016-04-01,-0.006030355905492033,-0.008697022572158701,0.6666666666666667,4,True,0.002666666666666667,1.5684708682646176,-0.013828416176111635,0.0,0.0,0.22222222222222224,0.0,0.3333333333333333,0.0,0.0,0.0,0.0,0.0,0.22222222222222224,0.22222222222222224,0.0,0.0,0.0,0.0
2016-05-01,0.026458870933713054,0.025792204267046388,0.1666666666666667,4,True,0.0006666666666666669,1.5676175724466712,-0.01436492348732843,0.0,0.0,0.16666666666666666,0.0,0.5,0.0,0.0,0.0,0.0,0.0,0.16666666666666666,0.16666666666666666,0.0,0.0,0.0,0.0
2016-06-01,0.03458589326542552,0.03258589326542552,0.5,5,True,0.002,1.5564901500794397,-0.021361258555962048,0.0,0.0,0.0,0.0,0.16666666666666666,0.0,0.0,0.0,0.0,0.0,0.2777777777777778,0.2777777777777778,0.0,0.0,0.2777777777777778,0.0
2016-07-01,0.00633770458288923,0.004782149027333675,0.3888888888888889,5,True,0.0015555555555555555,1.6484850674794556,0.0,0.0,0.0,0.22222222222222224,0.0,0.3333333333333333,0.0,0.0,0.0,0.0,0.0,0.22222222222222224,0.0,0.0,0.0,0.22222222222222224,0.0
2016-08-01,-0.022320950340040963,-0.02387650589559652,0.3888888888888889,5,True,0.0015555555555555555,1.6617863690574044,-0.004327775579527016,0.0,0.0,0.2777777777777778,0.0,0.16666666666666666,0.0,0.0,0.0,0.0,0.0,0.2777777777777778,0.2777777777777778,0.0,0.0,0.0,0.0
2016-09-01,-0.02137093616289487,-0.02314871394067265,0.4444444444444444,5,True,0.0017777777777777779,1.6465907437598155,-0.0134323526318062,0.0,0.0,0.3333333333333333,0.0,0.0,0.0,0.0,0.0,0.0,0.0,0.3333333333333333,0.0,0.0,0.0,0.3333333333333333,0.0
2016-10-01,-0.04149862427364755,-0.04283195760698088,0.3333333333333333,2,True,0.0013333333333333333,1.6328263990092091,-0.02167936681528404,0.0,0.0,0.3333333333333333,0.0,0.0,0.0,0.3333333333333333,0.0,0.0,0.0,0.3333333333333333,0.0,0.0,0.0,0.0,0.0
2016-11-01,0.0164328616509971,0.013321750539885989,0.7777777777777778,6,True,0.003111111111111111,1.576340002737481,-0.05552363035757635,0.0,0.0,0.0,0.22222222222222224,0.0,0.0,0.22222222222222224,0.0,0.3333333333333333,0.0,0.0,0.0,0.0,0.0,0.22222222222222224,0.0
2016-12-01,0.0033459426310851192,0.0006792759644184522,0.6666666666666667,4,True,0.002666666666666667,1.4985218890523768,-0.1021489582551699,0.0,0.0,0.0,0.0,0.0,0.0,0.0,0.0,1.0,0.0,0.0,0.0,0.0,0.0,0.0,0.0
2017-01-01,0.0034031897172823477,0.002069856383949014,0.33333333333333337,4,True,0.0013333333333333335,1.5299015801242224,-0.08334757235329016,0.0,0.11111111111111112,0.0,0.0,0.0,0.0,0.11111111111111112,0.0,0.6666666666666666,0.0,0.0,0.0,0.0,0.11111111111111112,0.0,0.0
2017-02-01,-0.01526574944189781,-0.016599082775231144,0.33333333333333337,4,True,0.0013333333333333335,1.5274677836014703,-0.08480580046414532,0.0,0.22222222222222224,0.0,0.0,0.0,0.0,0.22222222222222224,0.0,0.3333333333333333,0.0,0.0,0.0,0.0,0.22222222222222224,0.0,0.0
2017-03-01,0.00674912108919359,0.005193565533638035,0.3888888888888889,5,True,0.0015555555555555555,1.5371713060676742,-0.07899185952773036,0.0,0.2777777777777778,0.0,0.0,0.0,0.0,0.2777777777777778,0.0,0.16666666666666666,0.2777777777777778,0.0,0.0,0.0,0.0,0.0,0.0
2017-04-01,0.021305058388566965,0.020193947277455854,0.2777777777777778,2,True,0.0011111111111111111,1.5144113557222862,-0.09262866074962617,0.0,0.0,0.0,0.0,0.0,0.0,0.2777777777777778,0.2777777777777778,0.16666666666666666,0.2777777777777778,0.0,0.0,0.0,0.0,0.0,0.0
2017-05-01,0.004559158277662974,0.002559158277662974,0.5,5,True,0.002,1.536587999742727,-0.07934135204788395,0.0,0.0,0.0,0.16666666666666666,0.0,0.0,0.16666666666666666,0.16666666666666666,0.5,0.0,0.0,0.0,0.0,0.0,0.0,0.0
2017-06-01,0.02237804327503401,0.021044709941700677,0.33333333333333337,5,True,0.0013333333333333335,1.554355726103117,-0.06869568064417741,0.0,0.0,0.0,0.22222222222222224,0.0,0.0,0.22222222222222224,0.0,0.3333333333333333,0.0,0.0,0.0,0.22222222222222224,0.0,0.0,0.0
2017-07-01,-0.004396625971462527,-0.00572995930479586,0.33333333333333337,5,True,0.0013333333333333335,1.5473550715746824,-0.07289017723923574,0.0,0.0,0.0,0.16666666666666666,0.0,0.0,0.0,0.16666666666666666,0.5,0.0,0.0,0.0,0.16666666666666666,0.0,0.0,0.0
2017-08-01,0.02015511844295733,0.018821785109623998,0.33333333333333337,5,True,0.0013333333333333335,1.5850272521838618,-0.05031859730312915,0.0,0.22222222222222224,0.0,0.22222222222222224,0.0,0.0,0.0,0.0,0.3333333333333333,0.0,0.0,0.0,0.22222222222222224,0.0,0.0,0.0
2017-09-01,0.003763782023674593,0.003097115357007926,0.16666666666666669,4,True,0.0006666666666666668,1.5948628037599655,-0.04442555009891114,0.0,0.2777777777777778,0.0,0.2777777777777778,0.0,0.0,0.0,0.0,0.16666666666666666,0.0,0.0,0.0,0.2777777777777778,0.0,0.0,0.0
2017-10-01,0.00078514962412721,-0.00032596148698390106,0.2777777777777778,2,True,0.0011111111111111111,1.588185713972434,-0.048426180363544735,0.0,0.2777777777777778,0.0,0.2777777777777778,0.0,0.0,0.0,0.2777777777777778,0.16666666666666666,0.0,0.0,0.0,0.0,0.0,0.0,0.0
2017-11-01,0.020349798910188264,0.01812757668796604,0.5555555555555556,4,True,0.0022222222222222222,1.6097333916048953,-0.0355157217637565,0.0,0.0,0.0,0.0,0.0,0.0,0.0,0.2777777777777778,0.16666666666666666,0.2777777777777778,0.0,0.0,0.2777777777777778,0.0,0.0,0.0
2017-12-01,0.0724510255437815,0.07067324776600371,0.4444444444444444,5,True,0.0017777777777777779,1.6139178166067005,-0.03300859098747555,0.0,0.0,0.0,0.0,0.0,0.0,0.3333333333333333,0.3333333333333333,0.0,0.0,0.0,0.0,0.3333333333333333,0.0,0.0,0.0
2018-01-01,-0.05266651442048353,-0.05399984775381686,0.3333333333333333,2,True,0.0013333333333333333,1.6289930948114622,-0.023976120831635694,0.0,0.0,0.0,0.0,0.0,0.0,0.3333333333333333,0.0,0.0,0.0,0.0,0.0,0.3333333333333333,0.3333333333333333,0.0,0.0
2018-02-01,0.0018623084387035718,0.0018623084387035718,0.0,0,False,0.0,1.714361196008345,-0.021096235704301747,0.0,0.0,0.0,0.0,0.0,0.0,0.3333333333333333,0.0,0.0,0.0,0.0,0.0,0.3333333333333333,0.3333333333333333,0.0,0.0
2018-03-01,0.0016073640934154048,-0.001948191462140151,0.8888888888888888,6,True,0.0035555555555555557,1.624191694104406,-0.07258320650365968,0.0,0.11111111111111112,0.0,0.11111111111111112,0.0,0.0,0.11111111111111112,0.0,0.6666666666666666,0.0,0.0,0.0,0.0,0.0,0.0,0.0
2018-04-01,0.0072449092327553175,0.006578242566088651,0.16666666666666663,4,True,0.0006666666666666665,1.6262606528838537,-0.07140182679086071,0.0,0.16666666666666666,0.0,0.16666666666666666,0.0,0.0,0.16666666666666666,0.0,0.5,0.0,0.0,0.0,0.0,0.0,0.0,0.0
2018-05-01,-0.0013137815038879205,-0.0024248926149990314,0.27777777777777773,5,True,0.001111111111111111,1.6289302244017503,-0.0698774959707219,0.0,0.11111111111111112,0.0,0.0,0.0,0.0,0.11111111111111112,0.0,0.6666666666666666,0.0,0.0,0.0,0.0,0.11111111111111112,0.0,0.0
2018-06-01,-0.003710022686445886,-0.00504335601977922,0.33333333333333337,4,True,0.0013333333333333335,1.6473602219101675,-0.05935392953737262,0.0,0.22222222222222224,0.0,0.0,0.0,0.0,0.22222222222222224,0.0,0.3333333333333333,0.0,0.0,0.0,0.0,0.22222222222222224,0.0,0.0
2018-07-01,0.0032120922131100233,0.000989869990887801,0.5555555555555556,5,True,0.0022222222222222222,1.6428251447213904,-0.06194346792741667,0.0,0.0,0.0,0.0,0.0,0.0,0.055555555555555546,0.0,0.8333333333333334,0.0,0.0,0.055555555555555546,0.0,0.055555555555555546,0.0,0.0
2018-08-01,0.0003056439530969995,0.0003056439530969995,0.0,0,False,0.0,1.6303142241051312,-0.06908722929729383,0.0,0.0,0.0,0.0,0.0,0.0,0.055555555555555546,0.0,0.8333333333333334,0.0,0.0,0.055555555555555546,0.0,0.055555555555555546,0.0,0.0
2018-09-01,-0.0237616836686112,-0.025095017001944532,0.33333333333333337,4,True,0.0013333333333333335,1.6407904254702461,-0.06310529679922483,0.0,0.0,0.0,0.0,0.0,0.0,0.16666666666666666,0.0,0.5,0.0,0.0,0.16666666666666666,0.0,0.16666666666666666,0.0,0.0
2018-10-01,-0.014807475770294091,-0.0159185868814052,0.27777777777777773,5,True,0.001111111111111111,1.6439707890227078,-0.061289302678159574,0.0,0.0,0.0,0.0,0.0,0.0,0.11111111111111112,0.0,0.6666666666666666,0.0,0.0,0.0,0.0,0.11111111111111112,0.0,0.11111111111111112
2018-11-01,0.004370282081843424,0.0030369487485100905,0.33333333333333337,4,True,0.0013333333333333335,1.5806142604964626,-0.09746601060380222,0.0,0.0,0.0,0.0,0.0,0.0,0.0,0.0,1.0,0.0,0.0,0.0,0.0,0.0,0.0,0.0
2018-12-01,0.0031645569620253333,0.0031645569620253333,0.0,0,False,0.0,1.567730362854295,-0.10482274262158464,0.0,0.0,0.0,0.0,0.0,0.0,0.0,0.0,1.0,0.0,0.0,0.0,0.0,0.0,0.0,0.0
2019-01-01,0.011099252934898551,0.007099252934898551,1.0,2,True,0.004,1.5795646405238346,-0.09806534576413939,0.0,0.0,0.0,0.0,1.0,0.0,0.0,0.0,0.0,0.0,0.0,0.0,0.0,0.0,0.0,0.0
2019-02-01,0.0019146994915185864,-8.530050848141318e-05,0.49999999999999994,4,True,0.0019999999999999996,1.5845518166524641,-0.09521765795080794,0.0,0.0,0.16666666666666666,0.0,0.5,0.0,0.0,0.0,0.0,0.0,0.16666666666666666,0.16666666666666666,0.0,0.0,0.0,0.0
2019-03-01,0.0014887353420078668,0.0014887353420078668,0.0,0,False,0.0,1.5672436869148358,-0.10510063558267002,0.0,0.0,0.16666666666666666,0.0,0.5,0.0,0.0,0.0,0.0,0.0,0.16666666666666666,0.16666666666666666,0.0,0.0,0.0,0.0
2019-04-01,0.020781744988645788,0.018781744988645786,0.5,5,True,0.002,1.6071449844699366,-0.08231691271964925,0.0,0.0,0.0,0.0,0.16666666666666666,0.0,0.0,0.0,0.0,0.0,0.2777777777777778,0.2777777777777778,0.0,0.0,0.2777777777777778,0.0
2019-05-01,0.04259706854628172,0.04126373521294839,0.3333333333333334,4,True,0.0013333333333333337,1.6154147864563817,-0.07759483879884421,0.0,0.0,0.0,0.0,0.5,0.0,0.0,0.0,0.0,0.0,0.16666666666666666,0.16666666666666666,0.0,0.0,0.16666666666666666,0.0
2019-06-01,-0.002052300562727538,-0.004052300562727538,0.49999999999999994,4,True,0.0019999999999999996,1.6392004939690212,-0.06401315095221494,0.0,0.0,0.0,0.0,1.0,0.0,0.0,0.0,0.0,0.0,0.0,0.0,0.0,0.0,0.0,0.0
2019-07-01,0.06369210842531745,0.06035877509198411,0.8333333333333333,4,True,0.0033333333333333327,1.6811417141162042,-0.04006462809902267,0.0,0.0,0.2777777777777778,0.0,0.16666666666666666,0.0,0.0,0.0,0.0,0.0,0.2777777777777778,0.2777777777777778,0.0,0.0,0.0,0.0
2019-08-01,-0.00966770631573786,-0.011001039649071193,0.3333333333333334,4,True,0.0013333333333333337,1.6912085579390737,-0.03431643959841457,0.0,0.0,0.16666666666666666,0.0,0.5,0.0,0.0,0.0,0.0,0.0,0.16666666666666666,0.16666666666666666,0.0,0.0,0.0,0.0
2019-09-01,-0.0006185668565482885,-0.0017296779676593994,0.27777777777777773,5,True,0.001111111111111111,1.795608597816973,-0.002734189283722266,0.0,0.0,0.11111111111111112,0.0,0.6666666666666666,0.11111111111111112,0.0,0.0,0.0,0.0,0.11111111111111112,0.0,0.0,0.0,0.0,0.0
2019-10-01,-0.0012273409648338885,-0.0016717854092783329,0.11111111111111112,2,True,0.00044444444444444447,1.7805712412251584,-0.017509486519315165,0.0,0.0,0.11111111111111112,0.0,0.6666666666666666,0.0,0.0,0.0,0.0,0.0,0.11111111111111112,0.11111111111111112,0.0,0.0,0.0,0.0
2019-11-01,-0.005315257180935519,-0.007093034958713296,0.4444444444444445,5,True,0.0017777777777777779,1.7658114397074445,-0.025653707113394764,0.0,0.0,0.22222222222222224,0.0,0.3333333333333333,0.22222222222222224,0.0,0.0,0.0,0.0,0.22222222222222224,0.0,0.0,0.0,0.0,0.0
2019-12-01,0.024643787665856606,0.024643787665856606,0.0,0,False,0.0,1.754980793190338,-0.031629883304243434,0.0,0.0,0.22222222222222224,0.0,0.3333333333333333,0.22222222222222224,0.0,0.0,0.0,0.0,0.22222222222222224,0.0,0.0,0.0,0.0,0.0
2020-01-01,0.04401256266004627,0.04179034043782405,0.5555555555555555,5,True,0.002222222222222222,1.7363024513688028,-0.04193629128294407,0.0,0.0,0.3333333333333333,0.0,0.0,0.0,0.0,0.0,0.0,0.0,0.3333333333333333,0.3333333333333333,0.0,0.0,0.0,0.0
2020-02-01,-0.037541571100457076,-0.03954157110045708,0.49999999999999994,4,True,0.0019999999999999996,1.7899193684671795,-0.012351340570728175,0.0,0.0,0.16666666666666666,0.0,0.5,0.0,0.0,0.0,0.0,0.0,0.16666666666666666,0.16666666666666666,0.0,0.0,0.0,0.0
2020-03-01,0.03857930189834646,0.03657930189834646,0.49999999999999994,4,True,0.0019999999999999996,1.83456669262196,-0.015190032924186525,0.0,0.0,0.0,0.0,1.0,0.0,0.0,0.0,0.0,0.0,0.0,0.0,0.0,0.0,0.0,0.0
2020-04-01,-0.003950471698113134,-0.003950471698113134,0.0,0,False,0.0,1.8283322946709681,-0.05322917373618552,0.0,0.0,0.0,0.0,1.0,0.0,0.0,0.0,0.0,0.0,0.0,0.0,0.0,0.0,0.0,0.0
2020-05-01,0.0042621204049013706,0.0042621204049013706,0.0,0,False,0.0,1.8274696194508335,-0.0536758954471922,0.0,0.0,0.0,0.0,1.0,0.0,0.0,0.0,0.0,0.0,0.0,0.0,0.0,0.0,0.0,0.0
2020-06-01,0.004067197170645409,0.004067197170645409,0.0,0,False,0.0,1.8297341419036852,-0.05250325095580055,0.0,0.0,0.0,0.0,1.0,0.0,0.0,0.0,0.0,0.0,0.0,0.0,0.0,0.0,0.0,0.0
2020-07-01,0.027249910333360505,0.024583243666693837,0.6666666666666667,4,True,0.002666666666666667,1.8297341419036848,-0.05250325095580077,0.0,0.0,0.22222222222222224,0.0,0.3333333333333333,0.0,0.22222222222222224,0.0,0.0,0.0,0.22222222222222224,0.0,0.0,0.0,0.0,0.0
2020-08-01,-0.01977511218592482,-0.01977511218592482,0.0,0,False,0.0,1.8823470995410883,-0.02525852442565335,0.0,0.0,0.22222222222222224,0.0,0.3333333333333333,0.0,0.22222222222222224,0.0,0.0,0.0,0.22222222222222224,0.0,0.0,0.0,0.0,0.0
2020-09-01,0.0168969446945562,0.016230278027889535,0.16666666666666669,4,True,0.0006666666666666668,1.9090970311321775,-0.011406526674033524,0.0,0.0,0.2777777777777778,0.0,0.16666666666666666,0.0,0.2777777777777778,0.0,0.0,0.0,0.2777777777777778,0.0,0.0,0.0,0.0,0.0
2020-10-01,0.004144554565038521,0.004144554565038521,0.0,0,False,0.0,1.8815143084181742,-0.025689771164468023,0.0,0.0,0.2777777777777778,0.0,0.16666666666666666,0.0,0.2777777777777778,0.0,0.0,0.0,0.2777777777777778,0.0,0.0,0.0,0.0,0.0
2020-11-01,0.012635211391278395,0.010635211391278395,0.5,5,True,0.002,1.834254844690554,-0.05016228179757265,0.0,0.16666666666666666,0.16666666666666666,0.0,0.5,0.0,0.16666666666666666,0.0,0.0,0.0,0.0,0.0,0.0,0.0,0.0,0.0
2020-12-01,0.04509809468344461,0.04176476135011128,0.8333333333333333,6,True,0.0033333333333333327,1.8790467496325136,-0.026967554572420616,0.0,0.0,0.0,0.0,0.0,0.0,0.3333333333333333,0.0,0.0,0.0,0.3333333333333333,0.0,0.3333333333333333,0.0,0.0,0.0
2021-01-01,-0.004263042103123595,-0.006929708769790261,0.6666666666666666,4,True,0.0026666666666666666,1.8982990705429177,-0.017408186018998628,0.0,0.3333333333333333,0.3333333333333333,0.0,0.0,0.0,0.0,0.0,0.0,0.0,0.3333333333333333,0.0,0.0,0.0,0.0,0.0
2021-02-01,-0.003318100873169214,-0.006206989762058103,0.7222222222222221,6,True,0.0028888888888888888,1.9451185710407806,0.0,0.0,0.2777777777777778,0.0,0.0,0.0,0.0,0.2777777777777778,0.0,0.16666666666666666,0.0,0.0,0.0,0.0,0.0,0.0,0.2777777777777778
2021-03-01,0.005243511237429424,0.0032435112374294243,0.5,5,True,0.002,1.9169747688918082,-0.015949603244204913,0.0,0.16666666666666666,0.0,0.0,0.0,0.0,0.16666666666666666,0.0,0.5,0.0,0.0,0.0,0.0,0.16666666666666666,0.0,0.0
2021-04-01,0.027278986883749412,0.026612320217082746,0.16666666666666666,2,True,0.0006666666666666666,1.915713408314997,-0.016597103877080133,0.0,0.16666666666666666,0.0,0.0,0.0,0.0,0.0,0.0,0.5,0.0,0.0,0.0,0.16666666666666666,0.16666666666666666,0.0,0.0
2021-05-01,0.022152873944038642,0.02081954061070531,0.33333333333333337,5,True,0.0013333333333333335,1.9573042061851267,-0.005336780431109078,0.0,0.22222222222222224,0.0,0.0,0.0,0.0,0.0,0.0,0.3333333333333333,0.0,0.0,0.22222222222222224,0.0,0.22222222222222224,0.0,0.0
2021-06-01,-0.0177376577146513,-0.019293213270206857,0.3888888888888889,5,True,0.0015555555555555555,2.0169001169640732,0.0,0.0,0.2777777777777778,0.2777777777777778,0.0,0.0,0.0,0.0,0.0,0.16666666666666666,0.0,0.0,0.0,0.0,0.2777777777777778,0.0,0.0
2021-07-01,-0.007877993664763988,-0.009433549220319543,0.3888888888888889,5,True,0.0015555555555555555,2.0464012062219332,-0.005361417436126725,0.0,0.22222222222222224,0.0,0.0,0.0,0.0,0.0,0.0,0.3333333333333333,0.0,0.0,0.22222222222222224,0.0,0.22222222222222224,0.0,0.0
2021-08-01,0.005673668960685465,0.0034514467384632428,0.5555555555555556,6,True,0.0022222222222222222,2.0077560124757623,-0.02414463580685966,0.0,0.2777777777777778,0.0,0.0,0.16666666666666666,0.0,0.0,0.0,0.0,0.0,0.0,0.2777777777777778,0.0,0.0,0.2777777777777778,0.0
2021-09-01,0.02237511889010639,0.02237511889010639,0.0,0,False,0.0,1.9888805267091119,-0.03331892985587792,0.0,0.2777777777777778,0.0,0.0,0.16666666666666666,0.0,0.0,0.0,0.0,0.0,0.0,0.2777777777777778,0.0,0.0,0.2777777777777778,0.0
2021-10-01,-0.006791054862849527,-0.00901327708507175,0.5555555555555556,6,True,0.0022222222222222222,1.9462349428463752,-0.05404650906022723,0.0,0.22222222222222224,0.0,0.0,0.0,0.0,0.0,0.0,0.3333333333333333,0.0,0.0,0.22222222222222224,0.0,0.22222222222222224,0.0,0.0
2021-11-01,-0.029393513270105524,-0.03006017993677219,0.16666666666666669,4,True,0.0006666666666666668,2.009971047174246,-0.02306803412868863,0.0,0.2777777777777778,0.0,0.0,0.0,0.0,0.0,0.0,0.16666666666666666,0.0,0.0,0.2777777777777778,0.0,0.2777777777777778,0.0,0.0
2021-12-01,0.05551155627460128,0.05351155627460128,0.5,5,True,0.002,1.9578403143497984,-0.04840580174086295,0.0,0.16666666666666666,0.0,0.0,0.0,0.0,0.16666666666666666,0.0,0.5,0.0,0.0,0.0,0.0,0.16666666666666666,0.0,0.0
2022-01-01,0.0013975333012171314,0.0007308666345504645,0.1666666666666667,4,True,0.0006666666666666669,1.9613150755110718,-0.04671691907910103,0.0,0.22222222222222224,0.0,0.0,0.0,0.0,0.22222222222222224,0.0,0.3333333333333333,0.0,0.0,0.0,0.0,0.22222222222222224,0.0,0.0
2022-02-01,-0.008283132530120585,-0.010949799196787253,0.6666666666666667,4,True,0.002666666666666667,2.0355418996586057,-0.010639505259245174,0.0,0.0,0.0,0.0,0.0,0.0,0.0,0.0,1.0,0.0,0.0,0.0,0.0,0.0,0.0,0.0
2022-03-01,-0.0003496107278585098,-0.0010162773945251763,0.16666666666666663,4,True,0.0006666666666666665,2.023863974180112,-0.016315476916171412,0.0,0.055555555555555546,0.055555555555555546,0.0,0.0,0.0,0.0,0.0,0.8333333333333334,0.0,0.0,0.0,0.0,0.055555555555555546,0.0,0.0
2022-04-01,-0.002582390778301716,-0.003249057444968383,0.16666666666666674,4,True,0.000666666666666667,1.987137902215567,-0.034165919952898305,0.0,0.11111111111111112,0.11111111111111112,0.0,0.0,0.0,0.0,0.0,0.6666666666666666,0.0,0.0,0.0,0.0,0.11111111111111112,0.0,0.0
2022-05-01,-0.009629135284583978,-0.010962468617917312,0.33333333333333337,4,True,0.0013333333333333335,1.9776909307188255,-0.038757552478559165,0.0,0.0,0.0,0.0,0.0,0.0,0.0,0.0,1.0,0.0,0.0,0.0,0.0,0.0,0.0,0.0
2022-06-01,0.002214093184443655,0.002214093184443655,0.0,0,False,0.0,1.9865257664497458,-0.03446344413759972,0.0,0.0,0.0,0.0,0.0,0.0,0.0,0.0,1.0,0.0,0.0,0.0,0.0,0.0,0.0,0.0
2022-07-01,0.0006723657669771566,0.0006723657669771566,0.0,0,False,0.0,1.983873529111361,-0.03575254501325076,0.0,0.0,0.0,0.0,0.0,0.0,0.0,0.0,1.0,0.0,0.0,0.0,0.0,0.0,0.0,0.0
2022-08-01,-0.009790746784411497,-0.009790746784411497,0.0,0,False,0.0,1.986525766449747,-0.03446344413759905,0.0,0.0,0.0,0.0,0.0,0.0,0.0,0.0,1.0,0.0,0.0,0.0,0.0,0.0,0.0,0.0
2022-09-01,-0.007173322993408338,-0.007173322993408338,0.0,0,False,0.0,1.968717887177737,-0.04311883573125497,0.0,0.0,0.0,0.0,0.0,0.0,0.0,0.0,1.0,0.0,0.0,0.0,0.0,0.0,0.0,0.0
2022-10-01,0.005272407732864526,0.005272407732864526,0.0,0,False,0.0,1.9493944437123665,-0.05251085639671038,0.0,0.0,0.0,0.0,0.0,0.0,0.0,0.0,1.0,0.0,0.0,0.0,0.0,0.0,0.0,0.0
2022-11-01,0.007575757575757791,0.007575757575757791,0.0,0,False,0.0,1.9463633153256417,-0.05398411454031127,0.0,0.0,0.0,0.0,0.0,0.0,0.0,0.0,1.0,0.0,0.0,0.0,0.0,0.0,0.0,0.0
2022-12-01,0.005205320994794871,0.005205320994794871,0.0,0,False,0.0,1.9592456109692231,-0.04772276743000714,0.0,0.0,0.0,0.0,0.0,0.0,0.0,0.0,1.0,0.0,0.0,0.0,0.0,0.0,0.0,0.0
2023-01-01,-0.006520905255082754,-0.006520905255082754,0.0,0,False,0.0,1.9630147284728883,-0.045890814985899975,0.0,0.0,0.0,0.0,0.0,0.0,0.0,0.0,1.0,0.0,0.0,0.0,0.0,0.0,0.0,0.0
2023-02-01,0.0110974201664868,0.010430753499820134,0.16666666666666663,4,True,0.0006666666666666665,1.9755155941694535,-0.03981485915697991,0.0,0.0,0.055555555555555546,0.0,0.0,0.0,0.0,0.0,0.8333333333333334,0.0,0.0,0.0,0.055555555555555546,0.055555555555555546,0.0,0.0
2023-03-01,-2.220446049250313e-16,-0.0006666666666668886,0.16666666666666663,4,True,0.0006666666666666665,1.9569848370526017,-0.04882160032606331,0.0,0.0,0.0,0.0,0.0,0.0,0.0,0.0,1.0,0.0,0.0,0.0,0.0,0.0,0.0,0.0
2023-04-01,-0.010079095115990047,-0.011412428449323381,0.33333333333333337,4,True,0.0013333333333333335,1.9787532702091908,-0.038241210012728954,0.0,0.0,0.11111111111111112,0.0,0.0,0.0,0.0,0.0,0.6666666666666666,0.0,0.0,0.0,0.0,0.11111111111111112,0.11111111111111112,0.0
2023-05-01,-0.006969409403008423,-0.009636076069675089,0.6666666666666667,5,True,0.002666666666666667,1.9861653047006351,-0.03463864397725669,0.0,0.0,0.16666666666666666,0.0,0.5,0.0,0.0,0.0,0.0,0.0,0.0,0.0,0.0,0.16666666666666666,0.16666666666666666,0.0
2023-06-01,0.000572300648607138,-0.003427699351392862,1.0,5,True,0.004,1.9447344506390094,-0.05477581250167596,0.0,0.0,0.0,0.0,0.0,0.0,0.0,0.0,1.0,0.0,0.0,0.0,0.0,0.0,0.0,0.0
2023-07-01,-0.0013888783315857047,-0.004055544998252372,0.6666666666666667,4,True,0.002666666666666667,1.9270437361790005,-0.06337425698145183,0.0,0.0,0.0,0.0,0.0,0.0,0.22222222222222224,0.0,0.3333333333333333,0.0,0.0,0.0,0.0,0.22222222222222224,0.0,0.22222222222222224
2023-08-01,0.012476835508171198,0.01069905773039342,0.4444444444444445,5,True,0.0017777777777777779,1.9405343047616588,-0.05681726318559266,0.0,0.0,0.11111111111111112,0.0,0.0,0.0,0.11111111111111112,0.0,0.6666666666666666,0.0,0.0,0.0,0.0,0.11111111111111112,0.0,0.0
2023-09-01,-0.01649141389410194,-0.01826919167187972,0.4444444444444445,5,True,0.0017777777777777779,1.9470121107330165,-0.053668772200596404,0.0,0.0,0.0,0.0,0.0,0.0,0.22222222222222224,0.0,0.3333333333333333,0.0,0.0,0.0,0.0,0.22222222222222224,0.0,0.22222222222222224
2023-10-01,0.011937896569077703,0.00971567434685548,0.5555555555555557,5,True,0.0022222222222222227,1.9208430014197482,-0.06638807949731307,0.0,0.0,0.0,0.0,0.0,0.0,0.055555555555555546,0.0,0.8333333333333334,0.055555555555555546,0.0,0.0,0.0,0.055555555555555546,0.0,0.0
2023-11-01,0.012793979303856728,0.012127312637190062,0.16666666666666663,4,True,0.0006666666666666665,1.9026904836807634,-0.07521098013819116,0.0,0.0,0.0,0.0,0.0,0.0,0.0,0.0,1.0,0.0,0.0,0.0,0.0,0.0,0.0,0.0
2023-12-01,0.0073243225766978694,0.0059909892433645355,0.33333333333333337,4,True,0.0013333333333333335,1.9411845875498102,-0.056501197915152956,0.0,0.0,0.11111111111111112,0.0,0.0,0.0,0.11111111111111112,0.0,0.6666666666666666,0.11111111111111112,0.0,0.0,0.0,0.0,0.0,0.0
2024-01-01,-0.0016742942158816233,-0.0034520719936594014,0.4444444444444445,5,True,0.0017777777777777779,1.9584643745487227,-0.04810248177124743,0.0,0.0,0.22222222222222224,0.0,0.0,0.0,0.22222222222222224,0.0,0.3333333333333333,0.0,0.0,0.22222222222222224,0.0,0.0,0.0,0.0
2024-02-01,0.021133968954761904,0.020245080065873014,0.22222222222222224,2,True,0.0008888888888888889,1.9582079161407362,-0.04822713153524805,0.0,0.0,0.22222222222222224,0.0,0.0,0.0,0.22222222222222224,0.0,0.3333333333333333,0.0,0.0,0.0,0.0,0.0,0.0,0.22222222222222224
2024-03-01,0.01607281719002597,0.015183928301137082,0.22222222222222224,2,True,0.0008888888888888889,1.9844777252993717,-0.03545887980321938,0.0,0.0,0.22222222222222224,0.0,0.0,0.0,0.22222222222222224,0.0,0.3333333333333333,0.0,0.0,0.0,0.0,0.22222222222222224,0.0,0.0
2024-04-01,0.029611649757919772,0.029611649757919772,0.0,0,False,0.0,2.027689536860547,-0.01445608970001444,0.0,0.0,0.22222222222222224,0.0,0.0,0.0,0.22222222222222224,0.0,0.3333333333333333,0.0,0.0,0.0,0.0,0.22222222222222224,0.0,0.0
2024-05-01,-0.00043188808497666466,-0.00043188808497666466,0.0,0,False,0.0,2.013413089394894,-0.030099680213585223,0.0,0.0,0.22222222222222224,0.0,0.0,0.0,0.22222222222222224,0.0,0.3333333333333333,0.0,0.0,0.0,0.0,0.22222222222222224,0.0,0.0
2024-06-01,0.0008325748755216977,-0.0007229806800338578,0.3888888888888889,5,True,0.0015555555555555555,2.0443452602149783,-0.02055243750491942,0.0,0.2777777777777778,0.2777777777777778,0.0,0.0,0.0,0.0,0.0,0.16666666666666666,0.0,0.0,0.0,0.0,0.2777777777777778,0.0,0.0
2024-07-01,0.005120040066885158,0.005120040066885158,0.0,0,False,0.0,2.0817220592725376,-0.0026451811117673696,0.0,0.2777777777777778,0.2777777777777778,0.0,0.0,0.0,0.0,0.0,0.16666666666666666,0.0,0.0,0.0,0.0,0.2777777777777778,0.0,0.0
2024-08-01,0.011176194353122702,0.01006508324201159,0.2777777777777778,2,True,0.0011111111111111111,2.0890417016573246,-0.0181308493568636,0.0,0.0,0.2777777777777778,0.0,0.0,0.0,0.2777777777777778,0.0,0.16666666666666666,0.0,0.0,0.0,0.0,0.2777777777777778,0.0,0.0
2024-09-01,0.026137939119415247,0.026137939119415247,0.0,0,False,0.0,2.0921756250372385,-0.01665787603863078,0.0,0.0,0.2777777777777778,0.0,0.0,0.0,0.2777777777777778,0.0,0.16666666666666666,0.0,0.0,0.0,0.0,0.2777777777777778,0.0,0.0
2024-10-01,-0.0038365440656099414,-0.004947655176721052,0.2777777777777778,2,True,0.0011111111111111111,2.1440978842318623,0.0,0.0,0.2777777777777778,0.2777777777777778,0.0,0.0,0.0,0.2777777777777778,0.0,0.16666666666666666,0.0,0.0,0.0,0.0,0.0,0.0,0.0
2024-11-01,0.013085750910127258,0.011974639799016147,0.2777777777777778,2,True,0.0011111111111111111,2.167320501773484,-0.011793508195023006,0.0,0.0,0.2777777777777778,0.0,0.0,0.0,0.2777777777777778,0.0,0.16666666666666666,0.0,0.0,0.0,0.0,0.0,0.2777777777777778,0.0
2024-12-01,0.054832890852240926,0.053055113074463145,0.44444444444444436,5,True,0.0017777777777777774,2.2005172862806326,0.0,0.0,0.0,0.3333333333333333,0.0,0.0,0.0,0.3333333333333333,0.0,0.0,0.0,0.0,0.0,0.0,0.3333333333333333,0.0,0.0
2025-01-01,0.003909720988093168,-9.027901190683096e-05,0.9999999999999999,4,True,0.003999999999999999,2.142917120874777,-0.04202710736084114,0.0,0.0,0.0,0.0,0.0,0.0,0.0,0.0,1.0,0.0,0.0,0.0,0.0,0.0,0.0,0.0
2025-02-01,-0.023367215177790498,-0.026700548511123832,0.8333333333333334,4,True,0.0033333333333333335,2.255313127284222,0.0,0.0,0.2777777777777778,0.2777777777777778,0.0,0.0,0.0,0.2777777777777778,0.0,0.16666666666666666,0.0,0.0,0.0,0.0,0.0,0.0,0.0
2025-03-01,-0.0022802050430475985,-0.0022802050430475985,0.0,0,False,0.0,2.1666859393844504,-0.04099682308670105,0.0,0.2777777777777778,0.2777777777777778,0.0,0.0,0.0,0.2777777777777778,0.0,0.16666666666666666,0.0,0.0,0.0,0.0,0.0,0.0,0.0
2025-04-01,8.397202528670478e-05,-0.0028049168636021843,0.7222222222222223,5,True,0.002888888888888889,2.21496468034632,-0.01962802887513182,0.0,0.055555555555555546,0.055555555555555546,0.0,0.0,0.0,0.0,0.0,0.8333333333333334,0.0,0.0,0.0,0.0,0.055555555555555546,0.0,0.0
2025-05-01,0.006977592919901661,0.006755370697679439,0.055555555555555546,2,True,0.00022222222222222218,2.1854512835004347,-0.032691039449127435,0.0,0.055555555555555546,0.055555555555555546,0.0,0.0,0.0,0.0,0.0,0.8333333333333334,0.0,0.0,0.0,0.0,0.0,0.055555555555555546,0.0
2025-06-01,0.027489035565501564,0.025711257787723787,0.4444444444444445,6,True,0.0017777777777777779,2.187901538535332,-0.03160652492858651,0.0,0.0,0.16666666666666666,0.0,0.0,0.0,0.16666666666666666,0.0,0.5,0.0,0.0,0.0,0.16666666666666666,0.0,0.0,0.0
2025-07-01,-0.002377872241495672,-0.003044538908162339,0.1666666666666667,4,True,0.0006666666666666669,2.226856651803349,-0.014364488737748982,0.0,0.0,0.22222222222222224,0.0,0.0,0.0,0.22222222222222224,0.0,0.3333333333333333,0.0,0.0,0.0,0.22222222222222224,0.0,0.0,0.0
2025-08-01,0.05675901525118731,0.05675901525118731,0.0,0,False,0.0,2.2275960079632147,-0.014037240153497166,0.0,0.0,0.22222222222222224,0.0,0.0,0.0,0.22222222222222224,0.0,0.3333333333333333,0.0,0.0,0.0,0.22222222222222224,0.0,0.0,0.0
2025-09-01,0.03867828456041874,0.03801161789375207,0.1666666666666667,4,True,0.0006666666666666669,2.2756580801061457,-0.0006311079593682711,0.0,0.0,0.16666666666666666,0.0,0.0,0.0,0.16666666666666666,0.0,0.5,0.0,0.0,0.0,0.16666666666666666,0.0,0.0,0.0
2025-10-01,-0.02210300560318785,-0.022769672269854515,0.1666666666666667,4,True,0.0006666666666666669,2.3960065528252845,0.0,0.0,0.0,0.22222222222222224,0.0,0.0,0.0,0.22222222222222224,0.0,0.3333333333333333,0.0,0.0,0.0,0.22222222222222224,0.0,0.0,0.0
2025-11-01,0.031651986046167604,0.031651986046167604,0.0,0,False,0.0,2.4380544301835405,-0.01202424393528101,0.0,0.0,0.22222222222222224,0.0,0.0,0.0,0.22222222222222224,0.0,0.3333333333333333,0.0,0.0,0.0,0.22222222222222224,0.0,0.0,0.0
2025-12-01,0.0416966361803109,0.04036330284697757,0.33333333333333326,4,True,0.001333333333333333,2.454507440635938,-0.005356970538917816,0.0,0.0,0.3333333333333333,0.0,0.0,0.0,0.3333333333333333,0.0,0.0,0.0,0.0,0.0,0.3333333333333333,0.0,0.0,0.0
2026-01-01,0.04400358083994608,0.04400358083994608,0.0,0,False,0.0,2.4108888563245396,-0.03874276126560372,0.0,0.0,0.3333333333333333,0.0,0.0,0.0,0.3333333333333333,0.0,0.0,0.0,0.0,0.0,0.3333333333333333,0.0,0.0,0.0
2026-02-01,-0.08279685976072478,-0.08413019309405811,0.3333333333333333,2,True,0.0013333333333333333,2.606101168841739,-0.028928931549041303,0.0,0.0,0.3333333333333333,0.0,0.0,0.0,0.0,0.0,0.0,0.0,0.0,0.0,0.3333333333333333,0.0,0.3333333333333333,0.0
2026-03-01,0.0645103057491927,0.0645103057491927,0.0,0,False,0.0,2.694394394344181,0.0,0.0,0.0,0.3333333333333333,0.0,0.0,0.0,0.0,0.0,0.0,0.0,0.0,0.0,0.3333333333333333,0.0,0.3333333333333333,0.0
2026-04-01,0.007901694098387925,0.00434613854283237,0.8888888888888888,6,True,0.0035555555555555557,2.4739996507231368,-0.08179750673608732,0.0,0.11111111111111112,0.11111111111111112,0.0,0.0,0.0,0.0,0.0,0.6666666666666666,0.0,0.0,0.0,0.0,0.11111111111111112,0.0,0.0
2026-05-01,-0.04828931397276032,-0.05073375841720476,0.6111111111111112,5,True,0.002444444444444445,2.579611224423907,-0.042600730672991305,0.0,0.2777777777777778,0.0,0.0,0.0,0.0,0.2777777777777778,0.0,0.16666666666666666,0.0,0.0,0.0,0.0,0.2777777777777778,0.0,0.0
2026-06-01,-0.011608221003451479,-0.012274887670118145,0.16666666666666669,4,True,0.0006666666666666668,2.5531530741276787,-0.05242043277442332,0.0,0.22222222222222224,0.0,0.0,0.0,0.0,0.22222222222222224,0.0,0.3333333333333333,0.0,0.0,0.0,0.0,0.22222222222222224,0.0,0.0
2026-07-01,0.0,-0.0022222222222222222,0.5555555555555556,6,True,0.0022222222222222222,2.4274946016889647,-0.09905743317142701,0.0,0.0,0.0,0.0,0.16666666666666666,0.0,0.2777777777777778,0.0,0.0,0.0,0.0,0.0,0.0,0.2777777777777778,0.0,0.2777777777777778
2026-08-01,0.0,-0.0006666666666666666,0.16666666666666666,2,True,0.0006666666666666666,2.4145257404869027,-0.10387070818019517,0.0,0.0,0.0,0.0,0.0,0.0,0.2777777777777778,0.0,0.16666666666666666,0.0,0.0,0.0,0.0,0.2777777777777778,0.0,0.2777777777777778
