date,gross_return,net_return,turnover,operations,signal_changed,trade_cost,equity,drawdown,w__CASH,w_dbc.us,w_gld.us,w_hyg.us,w_ief.us,w_lqd.us,w_qqq.us,w_shy.us,w_spy.us,w_tlt.us,w_vnq.us,w_vwo.us,w_xle.us
2007-05-01,0.03177429085401198,0.02857429085401198,0.7999999999999999,4,True,0.0031999999999999997,0.9968,0.0,0.2,0.0,0.0,0.0,0.0,0.0,0.26666666666666666,0.0,0.0,0.0,0.26666666666666666,0.0,0.26666666666666666
2007-06-01,0.005607918332799573,0.002941251666132907,0.6666666666666666,6,True,0.0026666666666666666,1.0257300194882835,-0.000888095845639203,0.6,0.0,0.0,0.0,0.0,0.0,0.13333333333333333,0.0,0.13333333333333333,0.0,0.0,0.13333333333333333,0.0
2007-07-01,-0.001635295869539743,-0.0027019625362064096,0.26666666666666666,5,True,0.0010666666666666665,1.0261082768979501,-0.00413137167152533,0.8,0.0,0.0,0.0,0.0,0.0,0.06666666666666665,0.0,0.0,0.0,0.0,0.06666666666666665,0.06666666666666665
2007-08-01,0.013371465281427495,0.012571465281427495,0.2,4,True,0.0008,1.0225188905838432,-0.014243106131935246,0.6,0.0,0.0,0.0,0.0,0.0,0.13333333333333333,0.0,0.0,0.0,0.0,0.13333333333333333,0.13333333333333333
2007-09-01,0.04843267320510315,0.04763267320510315,0.19999999999999996,4,True,0.0007999999999999998,1.029434240126211,-0.007576379925044119,0.4,0.0,0.0,0.0,0.0,0.0,0.19999999999999998,0.0,0.0,0.0,0.0,0.19999999999999998,0.19999999999999998
2007-10-01,0.022111587181845048,0.02131158718184505,0.19999999999999998,2,True,0.0007999999999999999,1.0775663150239596,0.0,0.4,0.19999999999999998,0.0,0.0,0.0,0.0,0.0,0.0,0.0,0.0,0.0,0.19999999999999998,0.19999999999999998
2007-11-01,-0.012180283992282347,-0.012980283992282347,0.2,4,True,0.0008,1.1005119021295968,-0.016672693514451442,0.2,0.26666666666666666,0.0,0.0,0.0,0.0,0.0,0.0,0.0,0.0,0.0,0.26666666666666666,0.26666666666666666
2007-12-01,0.00697687739564555,0.004843544062312218,0.5333333333333333,5,True,0.002133333333333333,1.0832681594344395,-0.040423702946047246,0.6,0.13333333333333333,0.0,0.0,0.0,0.0,0.0,0.0,0.0,0.13333333333333333,0.0,0.13333333333333333,0.0
2008-01-01,-0.014722954199299136,-0.01525628753263247,0.13333333333333333,2,True,0.0005333333333333333,1.066954329655613,-0.054874754824197014,0.6,0.13333333333333333,0.0,0.0,0.0,0.0,0.0,0.0,0.0,0.13333333333333333,0.0,0.0,0.13333333333333333
2008-02-01,0.0,-0.0015999999999999999,0.39999999999999997,4,True,0.0015999999999999999,1.0490038496890914,-0.07077557766903053,1.0,0.0,0.0,0.0,0.0,0.0,0.0,0.0,0.0,0.0,0.0,0.0,0.0
2008-03-01,-0.010424065120142073,-0.011224065120142073,0.19999999999999996,4,True,0.0007999999999999998,1.0490038496890914,-0.07077557766903053,0.8,0.06666666666666665,0.06666666666666665,0.0,0.0,0.0,0.0,0.0,0.0,0.0,0.0,0.0,0.06666666666666665
2008-04-01,0.0,-0.0007999999999999998,0.19999999999999996,4,True,0.0007999999999999998,1.0364087192683924,-0.08193254605654032,1.0,0.0,0.0,0.0,0.0,0.0,0.0,0.0,0.0,0.0,0.0,0.0,0.0
2008-05-01,0.031669485238310424,0.030069485238310423,0.39999999999999997,4,True,0.0015999999999999999,1.034750465317563,-0.08340145398284982,0.6,0.13333333333333333,0.13333333333333333,0.0,0.0,0.0,0.0,0.0,0.0,0.0,0.0,0.0,0.13333333333333333
2008-06-01,0.012587758221691038,0.011787758221691038,0.2,4,True,0.0008,1.0638090588213995,-0.057660886138074074,0.8,0.06666666666666665,0.06666666666666665,0.0,0.0,0.0,0.0,0.0,0.0,0.0,0.0,0.0,0.06666666666666665
2008-07-01,0.0,-0.0007999999999999998,0.19999999999999996,4,True,0.0007999999999999998,1.0754771994078307,-0.047325060202529134,1.0,0.0,0.0,0.0,0.0,0.0,0.0,0.0,0.0,0.0,0.0,0.0,0.0
2008-08-01,0.0,0.0,0.0,0,False,0.0,1.0754771994078307,-0.047325060202529134,1.0,0.0,0.0,0.0,0.0,0.0,0.0,0.0,0.0,0.0,0.0,0.0,0.0
2008-09-01,0.0,0.0,0.0,0,False,0.0,1.0754771994078307,-0.047325060202529134,1.0,0.0,0.0,0.0,0.0,0.0,0.0,0.0,0.0,0.0,0.0,0.0,0.0
2008-10-01,0.0,0.0,0.0,0,False,0.0,1.0754771994078307,-0.047325060202529134,1.0,0.0,0.0,0.0,0.0,0.0,0.0,0.0,0.0,0.0,0.0,0.0,0.0
2008-11-01,0.0,0.0,0.0,0,False,0.0,1.0754771994078307,-0.047325060202529134,1.0,0.0,0.0,0.0,0.0,0.0,0.0,0.0,0.0,0.0,0.0,0.0,0.0
2008-12-01,0.0,0.0,0.0,0,False,0.0,1.0754771994078307,-0.047325060202529134,1.0,0.0,0.0,0.0,0.0,0.0,0.0,0.0,0.0,0.0,0.0,0.0,0.0
2009-01-01,0.0,0.0,0.0,0,False,0.0,1.0738578541549093,-0.048759502180646064,1.0,0.0,0.0,0.0,0.0,0.0,0.0,0.0,0.0,0.0,0.0,0.0,0.0
2009-02-01,0.0,0.0,0.0,0,False,0.0,1.0738578541549093,-0.048759502180646064,1.0,0.0,0.0,0.0,0.0,0.0,0.0,0.0,0.0,0.0,0.0,0.0,0.0
2009-03-01,0.0,0.0,0.0,0,False,0.0,1.0738578541549093,-0.048759502180646064,1.0,0.0,0.0,0.0,0.0,0.0,0.0,0.0,0.0,0.0,0.0,0.0,0.0
2009-04-01,0.0,0.0,0.0,0,False,0.0,1.0738578541549093,-0.048759502180646064,1.0,0.0,0.0,0.0,0.0,0.0,0.0,0.0,0.0,0.0,0.0,0.0,0.0
2009-05-01,0.0,0.0,0.0,0,False,0.0,1.0738578541549093,-0.048759502180646064,1.0,0.0,0.0,0.0,0.0,0.0,0.0,0.0,0.0,0.0,0.0,0.0,0.0
2009-06-01,-0.006713286690840148,-0.008313286690840149,0.39999999999999997,4,True,0.0015999999999999999,1.0721396815882613,-0.050281486977157064,0.6,0.0,0.13333333333333333,0.0,0.0,0.13333333333333333,0.0,0.0,0.0,0.0,0.0,0.13333333333333333,0.0
2009-07-01,0.0,-0.0015999999999999999,0.39999999999999997,4,True,0.0015999999999999999,1.0632381931722807,-0.058166568079268344,1.0,0.0,0.0,0.0,0.0,0.0,0.0,0.0,0.0,0.0,0.0,0.0,0.0
2009-08-01,-0.0002747231495385434,-0.001074723149538543,0.19999999999999996,4,True,0.0007999999999999998,1.0632381931722807,-0.058166568079268344,0.8,0.0,0.06666666666666665,0.0,0.0,0.06666666666666665,0.06666666666666665,0.0,0.0,0.0,0.0,0.0,0.0
2009-09-01,0.023784566497295587,0.02191789983062892,0.4666666666666666,5,True,0.0018666666666666664,1.0601131614345753,-0.060934771277088684,0.4,0.0,0.19999999999999998,0.0,0.0,0.19999999999999998,0.0,0.0,0.0,0.0,0.19999999999999998,0.0,0.0
2009-10-01,0.01739649411622969,0.016596494116229692,0.2,4,True,0.0008,1.0844592314226402,-0.039368632289711325,0.2,0.0,0.26666666666666666,0.0,0.0,0.26666666666666666,0.0,0.0,0.0,0.0,0.26666666666666666,0.0,0.0
2009-11-01,0.059095448411650445,0.05802878174498378,0.26666666666666666,2,True,0.0010666666666666665,1.1008820609341015,-0.024821026701466242,0.2,0.0,0.26666666666666666,0.0,0.0,0.26666666666666666,0.0,0.0,0.0,0.0,0.0,0.26666666666666666,0.0
2009-12-01,-0.005759830674559475,-0.006826497341226141,0.26666666666666666,2,True,0.0010666666666666665,1.1634531696357566,-0.001103412423832384,0.2,0.26666666666666666,0.26666666666666666,0.0,0.0,0.0,0.0,0.0,0.0,0.0,0.0,0.26666666666666666,0.0
2010-01-01,-0.04287540646112153,-0.043942073127788195,0.26666666666666666,2,True,0.0010666666666666665,1.1208468752894019,-0.039941802298665174,0.2,0.26666666666666666,0.26666666666666666,0.0,0.0,0.0,0.26666666666666666,0.0,0.0,0.0,0.0,0.0,0.0
2010-02-01,0.013018753499998679,0.01061875349999868,0.6,6,True,0.0024,1.0690738505589454,-0.08428783912857096,0.4,0.0,0.19999999999999998,0.0,0.0,0.0,0.0,0.0,0.0,0.0,0.19999999999999998,0.19999999999999998,0.0
2010-03-01,0.04306010613687447,0.041460106136874474,0.4,5,True,0.0016,1.0812590725174789,-0.07385062197606762,0.2,0.0,0.26666666666666666,0.0,0.0,0.0,0.26666666666666666,0.0,0.0,0.0,0.26666666666666666,0.0,0.0
2010-04-01,0.05068052747336266,0.05068052747336266,0.0,0,False,0.0,1.1278182029415402,-0.03397053145975659,0.2,0.0,0.26666666666666666,0.0,0.0,0.0,0.26666666666666666,0.0,0.0,0.0,0.26666666666666666,0.0,0.0
2010-05-01,-0.04269789866660488,-0.04269789866660488,0.0,0,False,0.0,1.1689538564545765,-0.011428128926380787,0.2,0.0,0.26666666666666666,0.0,0.0,0.0,0.26666666666666666,0.0,0.0,0.0,0.26666666666666666,0.0,0.0
2010-06-01,-0.003435504677168622,-0.005035504677168622,0.4,5,True,0.0016,1.1172515159727088,-0.055152249589334845,0.4,0.0,0.19999999999999998,0.0,0.0,0.0,0.0,0.0,0.0,0.19999999999999998,0.19999999999999998,0.0,0.0
2010-07-01,-0.001663075741559394,-0.0035297424082260604,0.4666666666666666,5,True,0.0018666666666666664,1.1113348218701042,-0.06015593500196714,0.8,0.0,0.06666666666666665,0.0,0.0,0.06666666666666665,0.0,0.0,0.0,0.06666666666666665,0.0,0.0,0.0
2010-08-01,0.03071748793609519,0.02805082126942852,0.6666666666666666,5,True,0.0026666666666666666,1.1111630133632546,-0.06030123163292034,0.2,0.0,0.26666666666666666,0.0,0.0,0.0,0.0,0.0,0.0,0.26666666666666666,0.26666666666666666,0.0,0.0
2010-09-01,0.003447115289642839,0.0007804486229761724,0.6666666666666666,5,True,0.0026666666666666666,1.1391950533432942,-0.03659483290720211,0.8,0.0,0.06666666666666665,0.0,0.0,0.06666666666666665,0.0,0.0,0.0,0.06666666666666665,0.0,0.0,0.0
2010-10-01,-0.007938198011527696,-0.011138198011527696,0.7999999999999999,4,True,0.0031999999999999997,1.1394639996614648,-0.03636738786007365,0.0,0.0,0.3333333333333333,0.0,0.0,0.3333333333333333,0.0,0.0,0.0,0.3333333333333333,0.0,0.0,0.0
2010-11-01,-0.010467931720842963,-0.010467931720842963,0.0,0,False,0.0,1.1304187088051447,-0.04401689434560607,0.0,0.0,0.3333333333333333,0.0,0.0,0.3333333333333333,0.0,0.0,0.0,0.3333333333333333,0.0,0.0,0.0
2010-12-01,0.017466657227496452,0.015599990560829785,0.4666666666666667,5,True,0.0018666666666666669,1.1164975365612442,-0.05578988197612833,0.2,0.0,0.26666666666666666,0.0,0.0,0.26666666666666666,0.0,0.0,0.0,0.0,0.26666666666666666,0.0,0.0
2011-01-01,0.012385265608993883,0.011318598942327215,0.26666666666666666,2,True,0.0010666666666666665,1.1287512540371252,-0.04542704314733148,0.2,0.0,0.26666666666666666,0.0,0.0,0.0,0.0,0.0,0.0,0.0,0.26666666666666666,0.0,0.26666666666666666
2011-02-01,0.03257839666152034,0.03257839666152034,0.0,0,False,0.0,1.1415122249108605,-0.03463522550311249,0.2,0.0,0.26666666666666666,0.0,0.0,0.0,0.0,0.0,0.0,0.0,0.26666666666666666,0.0,0.26666666666666666
2011-03-01,0.01401672540408973,0.01401672540408973,0.0,0,False,0.0,1.1787008629679812,-0.008382321349072908,0.2,0.0,0.26666666666666666,0.0,0.0,0.0,0.0,0.0,0.0,0.0,0.26666666666666666,0.0,0.26666666666666666
2011-04-01,0.03528424411761731,0.03528424411761731,0.0,0,False,0.0,1.1952223892977667,0.0,0.2,0.0,0.26666666666666666,0.0,0.0,0.0,0.0,0.0,0.0,0.0,0.26666666666666666,0.0,0.26666666666666666
2011-05-01,-0.01284246430635257,-0.014709130973019237,0.4666666666666667,5,True,0.0018666666666666669,1.2455645716410286,0.0,0.0,0.0,0.3333333333333333,0.0,0.0,0.3333333333333333,0.0,0.0,0.0,0.0,0.0,0.0,0.3333333333333333
2011-06-01,-0.027323409501372686,-0.02865674283470602,0.3333333333333333,2,True,0.0013333333333333333,1.2256368942978493,-0.015998911495150092,0.0,0.0,0.3333333333333333,0.0,0.0,0.3333333333333333,0.0,0.0,0.0,0.3333333333333333,0.0,0.0,0.0
2011-07-01,0.0321467867538684,0.030280120087201736,0.4666666666666667,5,True,0.0018666666666666669,1.1899229720126263,-0.04467179052395065,0.2,0.0,0.26666666666666666,0.0,0.0,0.26666666666666666,0.0,0.0,0.0,0.0,0.0,0.0,0.26666666666666666
2011-08-01,0.07992031649869576,0.07805364983202909,0.4666666666666667,5,True,0.0018666666666666669,1.225882578392957,-0.015801664318487063,0.0,0.0,0.3333333333333333,0.0,0.0,0.3333333333333333,0.0,0.0,0.0,0.3333333333333333,0.0,0.0,0.0
2011-09-01,0.010097070600763682,0.00849707060076368,0.39999999999999997,4,True,0.0015999999999999999,1.321737333245082,-0.020849808173517115,0.4,0.0,0.19999999999999998,0.0,0.0,0.19999999999999998,0.0,0.0,0.0,0.19999999999999998,0.0,0.0,0.0
2011-10-01,0.0,-0.0024,0.6,4,True,0.0024,1.3223287266082333,-0.02041170075957821,1.0,0.0,0.0,0.0,0.0,0.0,0.0,0.0,0.0,0.0,0.0,0.0,0.0
2011-11-01,-0.00748903248250361,-0.009889032482503609,0.6,4,True,0.0024,1.3159891653339792,-0.025108082167328405,0.4,0.0,0.19999999999999998,0.0,0.0,0.19999999999999998,0.0,0.0,0.0,0.19999999999999998,0.0,0.0,0.0
2011-12-01,-0.002956899489547974,-0.003756899489547974,0.19999999999999996,4,True,0.0007999999999999998,1.305088772784388,-0.033183152143381744,0.6,0.0,0.13333333333333333,0.0,0.0,0.13333333333333333,0.0,0.0,0.0,0.13333333333333333,0.0,0.0,0.0
2012-01-01,0.005941694099324687,0.005408360765991354,0.13333333333333333,2,True,0.0005333333333333333,1.2673479445473557,-0.06114176258623927,0.6,0.0,0.0,0.13333333333333333,0.0,0.13333333333333333,0.0,0.0,0.0,0.13333333333333333,0.0,0.0,0.0
2012-02-01,-0.0040121841441591,-0.004545517477492433,0.13333333333333333,2,True,0.0005333333333333333,1.273518630969026,-0.0565704845860594,0.6,0.0,0.13333333333333333,0.0,0.0,0.13333333333333333,0.0,0.0,0.0,0.13333333333333333,0.0,0.0,0.0
2012-03-01,-0.01375849644373587,-0.016691829777069202,0.7333333333333333,5,True,0.0029333333333333334,1.2646883731940766,-0.06311198748285007,0.0,0.0,0.0,0.3333333333333333,0.0,0.3333333333333333,0.0,0.0,0.0,0.3333333333333333,0.0,0.0,0.0
2012-04-01,0.011778712150883625,0.010445378817550291,0.3333333333333333,2,True,0.0013333333333333333,1.2429205906865315,-0.0792376789359096,0.0,0.0,0.3333333333333333,0.0,0.0,0.3333333333333333,0.0,0.0,0.0,0.3333333333333333,0.0,0.0,0.0
2012-05-01,0.0028370966300196743,-0.0006295700366469922,0.8666666666666666,5,True,0.0034666666666666665,1.2515301164213175,-0.07285969553276728,0.8,0.0,0.0,0.0,0.0,0.06666666666666665,0.06666666666666665,0.0,0.0,0.06666666666666665,0.0,0.0,0.0
2012-06-01,0.0,-0.0007999999999999998,0.19999999999999996,4,True,0.0007999999999999998,1.2540767636343468,-0.07097312545228851,1.0,0.0,0.0,0.0,0.0,0.0,0.0,0.0,0.0,0.0,0.0,0.0,0.0
2012-07-01,0.00776154505391465,0.0061615450539146506,0.39999999999999997,4,True,0.0015999999999999999,1.2540767636343468,-0.07097312545228851,0.6,0.0,0.0,0.0,0.0,0.13333333333333333,0.0,0.0,0.0,0.13333333333333333,0.13333333333333333,0.0,0.0
2012-08-01,0.00036698740004696966,-0.0004330125999530304,0.2,4,True,0.0008,1.2607788098049462,-0.06600821326549211,0.8,0.0,0.0,0.0,0.0,0.06666666666666665,0.0,0.0,0.0,0.06666666666666665,0.06666666666666665,0.0,0.0
2012-09-01,-0.009092361532684261,-0.01149236153268426,0.6,4,True,0.0024,1.260893071373622,-0.06592356767512153,0.2,0.0,0.0,0.0,0.0,0.26666666666666666,0.0,0.0,0.0,0.26666666666666666,0.26666666666666666,0.0,0.0
2012-10-01,-0.013205771719605795,-0.015072438386272462,0.4666666666666667,5,True,0.0018666666666666669,1.244103277898273,-0.07836153782895894,0.0,0.0,0.3333333333333333,0.0,0.0,0.3333333333333333,0.0,0.0,0.0,0.3333333333333333,0.0,0.0,0.0
2012-11-01,0.00857812226709882,0.006711455600432153,0.4666666666666667,5,True,0.0018666666666666669,1.2253822760045738,-0.09223015766312426,0.2,0.0,0.0,0.26666666666666666,0.0,0.26666666666666666,0.0,0.0,0.0,0.26666666666666666,0.0,0.0,0.0
2012-12-01,-0.005932911358813168,-0.006732911358813168,0.19999999999999998,4,True,0.0007999999999999999,1.2343298637194926,-0.08560173610985145,0.0,0.0,0.0,0.3333333333333333,0.0,0.3333333333333333,0.0,0.0,0.0,0.3333333333333333,0.0,0.0,0.0
2013-01-01,0.004479888460610404,0.002613221793943738,0.4666666666666667,5,True,0.0018666666666666669,1.2267300418550215,-0.09123172540445224,0.2,0.0,0.0,0.26666666666666666,0.0,0.26666666666666666,0.0,0.0,0.0,0.0,0.26666666666666666,0.0,0.0
2013-02-01,8.490251199626524e-05,-0.0015150974880037346,0.39999999999999997,5,True,0.0015999999999999999,1.2279576202549756,-0.09032232866157142,0.4,0.0,0.0,0.0,0.0,0.19999999999999998,0.0,0.0,0.0,0.0,0.19999999999999998,0.19999999999999998,0.0
2013-03-01,0.005301758895065381,0.003968425561732048,0.33333333333333326,5,True,0.001333333333333333,1.2264244611056383,-0.09145810128251142,0.6,0.0,0.0,0.13333333333333333,0.0,0.13333333333333333,0.0,0.0,0.0,0.0,0.13333333333333333,0.0,0.0
2013-04-01,0.014265027928866334,0.014265027928866334,0.0,0,False,0.0,1.2329266679014308,-0.08664123118944644,0.6,0.0,0.0,0.13333333333333333,0.0,0.13333333333333333,0.0,0.0,0.0,0.0,0.13333333333333333,0.0,0.0
2013-05-01,-0.030706873041347067,-0.0320402063746804,0.33333333333333326,5,True,0.001333333333333333,1.2488470487182841,-0.07484732665283145,0.4,0.0,0.0,0.0,0.0,0.19999999999999998,0.0,0.0,0.0,0.19999999999999998,0.19999999999999998,0.0,0.0
2013-06-01,-0.0077844232582956994,-0.010184423258295699,0.5999999999999999,7,True,0.0023999999999999994,1.2084650390813858,-0.1047625386149772,0.6,0.0,0.0,0.0,0.0,0.0,0.13333333333333333,0.0,0.13333333333333333,0.0,0.0,0.0,0.13333333333333333
2013-07-01,0.0,-0.0015999999999999999,0.39999999999999997,4,True,0.0015999999999999999,1.1942662087635154,-0.11528110919610834,1.0,0.0,0.0,0.0,0.0,0.0,0.0,0.0,0.0,0.0,0.0,0.0,0.0
2013-08-01,0.0,0.0,0.0,0,False,0.0,1.1942662087635154,-0.11528110919610834,1.0,0.0,0.0,0.0,0.0,0.0,0.0,0.0,0.0,0.0,0.0,0.0,0.0
2013-09-01,0.0,0.0,0.0,0,False,0.0,1.1942662087635154,-0.11528110919610834,1.0,0.0,0.0,0.0,0.0,0.0,0.0,0.0,0.0,0.0,0.0,0.0,0.0
2013-10-01,0.014728277607471883,0.013128277607471883,0.39999999999999997,4,True,0.0015999999999999999,1.192355382829494,-0.11669665942139451,0.6,0.0,0.0,0.0,0.0,0.0,0.13333333333333333,0.0,0.13333333333333333,0.0,0.0,0.0,0.13333333333333333
2013-11-01,0.008072241708094788,0.008072241708094788,0.0,0,False,0.0,1.2099167239145703,-0.10368712260974544,0.6,0.0,0.0,0.0,0.0,0.0,0.13333333333333333,0.0,0.13333333333333333,0.0,0.0,0.0,0.13333333333333333
2013-12-01,0.0073985990312153286,0.0073985990312153286,0.0,0,False,0.0,1.2205317317862858,-0.09582346715233947,0.6,0.0,0.0,0.0,0.0,0.0,0.13333333333333333,0.0,0.13333333333333333,0.0,0.0,0.0,0.13333333333333333
2014-01-01,-0.01926555241480908,-0.01926555241480908,0.0,0,False,0.0,1.2348862573094757,-0.08518955671787998,0.6,0.0,0.0,0.0,0.0,0.0,0.13333333333333333,0.0,0.13333333333333333,0.0,0.0,0.0,0.13333333333333333
2014-02-01,0.018565327836929206,0.018031994503595872,0.13333333333333333,2,True,0.0005333333333333333,1.2212527186689028,-0.09528935615565182,0.6,0.0,0.0,0.0,0.0,0.13333333333333333,0.13333333333333333,0.0,0.13333333333333333,0.0,0.0,0.0,0.0
2014-03-01,0.005944032439100421,0.004610699105767088,0.33333333333333326,5,True,0.001333333333333333,1.2452808726452422,-0.07748916924755711,0.4,0.0,0.0,0.0,0.0,0.0,0.19999999999999998,0.0,0.19999999999999998,0.0,0.19999999999999998,0.0,0.0
2014-04-01,0.0034401781149415054,0.0034401781149415054,0.0,0,False,0.0,1.251012618731306,-0.07324306063088437,0.4,0.0,0.0,0.0,0.0,0.0,0.19999999999999998,0.0,0.19999999999999998,0.0,0.19999999999999998,0.0,0.0
2014-05-01,0.021743173241235425,0.020143173241235424,0.4,5,True,0.0016,1.2533078188438387,-0.07154276392749259,0.2,0.0,0.0,0.0,0.0,0.0,0.26666666666666666,0.0,0.26666666666666666,0.0,0.0,0.0,0.26666666666666666
2014-06-01,0.014792667170436355,0.012659333837103022,0.5333333333333333,4,True,0.002133333333333333,1.2809519059511985,-0.051063874126003994,0.2,0.0,0.0,0.0,0.0,0.0,0.26666666666666666,0.0,0.0,0.26666666666666666,0.26666666666666666,0.0,0.0
2014-07-01,-0.0017765488042087076,-0.0036432154708753743,0.4666666666666667,5,True,0.0018666666666666669,1.2947061752457019,-0.040874636764386074,0.0,0.0,0.3333333333333333,0.0,0.0,0.0,0.3333333333333333,0.0,0.0,0.3333333333333333,0.0,0.0,0.0
2014-08-01,0.02265123166818972,0.02025123166818972,0.6,5,True,0.0024,1.2893042919785764,-0.04487638121405224,0.4,0.0,0.0,0.0,0.0,0.0,0.19999999999999998,0.0,0.0,0.19999999999999998,0.0,0.19999999999999998,0.0
2014-09-01,-0.02038486737307894,-0.02038486737307894,0.0,0,False,0.0,1.3217155210403553,-0.020865966773191302,0.4,0.0,0.0,0.0,0.0,0.0,0.19999999999999998,0.0,0.0,0.19999999999999998,0.0,0.19999999999999998,0.0
2014-10-01,0.012403032440193171,0.01106969910685984,0.33333333333333326,5,True,0.001333333333333333,1.2930461620717562,-0.04210438353541268,0.6,0.0,0.0,0.0,0.0,0.0,0.13333333333333333,0.0,0.13333333333333333,0.13333333333333333,0.0,0.0,0.0
2014-11-01,0.008621866404172824,0.00808853307083949,0.13333333333333333,2,True,0.0005333333333333333,1.308459316936377,-0.030686234737805518,0.6,0.0,0.0,0.0,0.0,0.0,0.13333333333333333,0.0,0.0,0.13333333333333333,0.13333333333333333,0.0,0.0
2014-12-01,0.010010203505464346,0.010010203505464346,0.0,0,False,0.0,1.3190368166671707,-0.022850365514816118,0.6,0.0,0.0,0.0,0.0,0.0,0.13333333333333333,0.0,0.0,0.13333333333333333,0.13333333333333333,0.0,0.0
2015-01-01,0.008287893357629389,0.007487893357629389,0.2,4,True,0.0008,1.3164537350975662,-0.024763926364438138,0.8,0.0,0.0,0.0,0.0,0.0,0.06666666666666665,0.0,0.0,0.06666666666666665,0.06666666666666665,0.0,0.0
2015-02-01,-0.003938784102629801,-0.004738784102629802,0.2,4,True,0.0008,1.3261271089499844,-0.01759783850040697,0.6,0.0,0.0,0.0,0.0,0.0,0.13333333333333333,0.0,0.0,0.13333333333333333,0.13333333333333333,0.0,0.0
2015-03-01,0.0023521655506020395,0.0023521655506020395,0.0,0,False,0.0,1.3201315892330698,-0.022039352054770478,0.6,0.0,0.0,0.0,0.0,0.0,0.13333333333333333,0.0,0.0,0.13333333333333333,0.13333333333333333,0.0,0.0
2015-04-01,-0.009686138008951684,-0.009686138008951684,0.0,0,False,0.0,1.3232367572795252,-0.019739026708829432,0.6,0.0,0.0,0.0,0.0,0.0,0.13333333333333333,0.0,0.0,0.13333333333333333,0.13333333333333333,0.0,0.0
2015-05-01,0.0002771636847786361,-0.001056169648554697,0.33333333333333326,5,True,0.001333333333333333,1.3086724771587581,-0.03052832448787568,0.4,0.0,0.0,0.0,0.0,0.0,0.19999999999999998,0.0,0.19999999999999998,0.19999999999999998,0.0,0.0,0.0
2015-06-01,-0.009330081351249546,-0.01066341468458288,0.33333333333333326,5,True,0.001333333333333333,1.3072898133865027,-0.03155260931647441,0.6,0.0,0.0,0.0,0.0,0.0,0.13333333333333333,0.0,0.13333333333333333,0.0,0.13333333333333333,0.0,0.0
2015-07-01,0.0,-0.0015999999999999999,0.39999999999999997,4,True,0.0015999999999999999,1.2930205447690226,-0.042123360972347146,1.0,0.0,0.0,0.0,0.0,0.0,0.0,0.0,0.0,0.0,0.0,0.0,0.0
2015-08-01,0.0,0.0,0.0,0,False,0.0,1.2930205447690226,-0.042123360972347146,1.0,0.0,0.0,0.0,0.0,0.0,0.0,0.0,0.0,0.0,0.0,0.0,0.0
2015-09-01,0.0,0.0,0.0,0,False,0.0,1.2930205447690226,-0.042123360972347146,1.0,0.0,0.0,0.0,0.0,0.0,0.0,0.0,0.0,0.0,0.0,0.0,0.0
2015-10-01,0.0,0.0,0.0,0,False,0.0,1.2930205447690226,-0.042123360972347146,1.0,0.0,0.0,0.0,0.0,0.0,0.0,0.0,0.0,0.0,0.0,0.0,0.0
2015-11-01,0.0006683247486171625,-0.0009316752513828374,0.39999999999999997,4,True,0.0015999999999999999,1.2930205447690226,-0.042123360972347146,0.6,0.0,0.0,0.0,0.0,0.0,0.13333333333333333,0.0,0.0,0.13333333333333333,0.13333333333333333,0.0,0.0
2015-12-01,0.0,-0.0015999999999999999,0.39999999999999997,4,True,0.0015999999999999999,1.2897475836967212,-0.04454798830273843,1.0,0.0,0.0,0.0,0.0,0.0,0.0,0.0,0.0,0.0,0.0,0.0,0.0
2016-01-01,0.0,0.0,0.0,0,False,0.0,1.2897475836967212,-0.04454798830273843,1.0,0.0,0.0,0.0,0.0,0.0,0.0,0.0,0.0,0.0,0.0,0.0,0.0
2016-02-01,0.0,0.0,0.0,0,False,0.0,1.2897475836967212,-0.04454798830273843,1.0,0.0,0.0,0.0,0.0,0.0,0.0,0.0,0.0,0.0,0.0,0.0,0.0
2016-03-01,0.0,0.0,0.0,0,False,0.0,1.2897475836967212,-0.04454798830273843,1.0,0.0,0.0,0.0,0.0,0.0,0.0,0.0,0.0,0.0,0.0,0.0,0.0
2016-04-01,0.006001280455124882,0.002801280455124882,0.7999999999999999,4,True,0.0031999999999999997,1.285620391428892,-0.04760543474016943,0.2,0.0,0.26666666666666666,0.0,0.0,0.0,0.0,0.0,0.0,0.26666666666666666,0.26666666666666666,0.0,0.0
2016-05-01,-0.0029280047080355426,-0.004528004708035542,0.39999999999999997,4,True,0.0015999999999999999,1.2968825465531513,-0.03926236908488967,0.6,0.0,0.13333333333333333,0.0,0.0,0.0,0.0,0.0,0.0,0.13333333333333333,0.13333333333333333,0.0,0.0
2016-06-01,0.06693160124571916,0.06533160124571916,0.39999999999999997,4,True,0.0015999999999999999,1.288950705790638,-0.04513831978160199,0.2,0.0,0.26666666666666666,0.0,0.0,0.0,0.0,0.0,0.0,0.26666666666666666,0.26666666666666666,0.0,0.0
2016-07-01,0.0075310097004283915,0.006731009700428391,0.2,4,True,0.0008,1.374122062663641,0.0,0.4,0.0,0.19999999999999998,0.0,0.0,0.0,0.0,0.0,0.0,0.19999999999999998,0.19999999999999998,0.0,0.0
2016-08-01,-0.018548102794061213,-0.01934810279406121,0.2,4,True,0.0008,1.3833630127757361,-0.002195893568861629,0.2,0.0,0.26666666666666666,0.0,0.0,0.0,0.0,0.0,0.0,0.26666666666666666,0.26666666666666666,0.0,0.0
2016-09-01,-0.015449954316149001,-0.016249954316149,0.19999999999999998,4,True,0.0007999999999999999,1.356618090010539,-0.02148670408992026,0.0,0.0,0.3333333333333333,0.0,0.0,0.0,0.0,0.0,0.0,0.3333333333333333,0.3333333333333333,0.0,0.0
2016-10-01,-0.02525818134820912,-0.02659151468154245,0.3333333333333333,2,True,0.0013333333333333333,1.3496746272877291,-0.02649494527729268,0.0,0.0,0.3333333333333333,0.0,0.0,0.0,0.3333333333333333,0.0,0.0,0.3333333333333333,0.0,0.0,0.0
2016-11-01,-0.010838503054865712,-0.013771836388199045,0.7333333333333333,6,True,0.0029333333333333334,1.3099762865036226,-0.05512890981665386,0.2,0.0,0.0,0.26666666666666666,0.0,0.0,0.26666666666666666,0.0,0.0,0.0,0.0,0.26666666666666666,0.0
2016-12-01,0.0030521873141359894,-0.00014781268586401032,0.7999999999999999,7,True,0.0031999999999999997,1.2916316145860862,-0.06836071434041502,0.8,0.06666666666666665,0.0,0.0,0.0,0.0,0.0,0.0,0.06666666666666665,0.0,0.0,0.0,0.06666666666666665
2017-01-01,0.002147966451206045,0.0010812997845393785,0.26666666666666666,5,True,0.0010666666666666665,1.2965378300315724,-0.06482191658933212,0.6,0.13333333333333333,0.0,0.0,0.0,0.0,0.13333333333333333,0.0,0.0,0.0,0.0,0.0,0.13333333333333333
2017-02-01,0.00920132791867998,0.00840132791867998,0.19999999999999996,4,True,0.0007999999999999998,1.296898456082332,-0.06456180109469278,0.4,0.19999999999999998,0.0,0.0,0.0,0.0,0.19999999999999998,0.0,0.0,0.0,0.0,0.0,0.19999999999999998
2017-03-01,-0.013099190671749916,-0.014699190671749917,0.4,5,True,0.0016,1.3067375134234889,-0.05746500023493939,0.2,0.26666666666666666,0.0,0.0,0.0,0.0,0.26666666666666666,0.0,0.26666666666666666,0.0,0.0,0.0,0.0
2017-04-01,0.015793969680327535,0.014727303013660868,0.26666666666666666,2,True,0.0010666666666666665,1.295036106769283,-0.06590509260603716,0.2,0.0,0.0,0.0,0.0,0.0,0.26666666666666666,0.0,0.26666666666666666,0.0,0.0,0.26666666666666666,0.0
2017-05-01,0.008405202304727945,0.006271868971394612,0.5333333333333333,5,True,0.002133333333333333,1.3112832936679244,-0.05418618032075784,0.6,0.0,0.0,0.13333333333333333,0.0,0.0,0.13333333333333333,0.0,0.13333333333333333,0.0,0.0,0.0,0.0
2017-06-01,-0.0036438435318169927,-0.004443843531816993,0.19999999999999996,4,True,0.0007999999999999998,1.3212470511139895,-0.04699943468468715,0.4,0.0,0.0,0.19999999999999998,0.0,0.0,0.19999999999999998,0.0,0.19999999999999998,0.0,0.0,0.0,0.0
2017-07-01,0.01000635627453293,0.008673022941199596,0.33333333333333326,5,True,0.001333333333333333,1.3154062229191676,-0.051212358048929874,0.6,0.0,0.0,0.13333333333333333,0.0,0.0,0.0,0.0,0.13333333333333333,0.0,0.0,0.13333333333333333,0.0
2017-08-01,0.009025080751113412,0.007691747417780079,0.33333333333333326,5,True,0.001333333333333333,1.3250281584079664,-0.0442721647273846,0.4,0.19999999999999998,0.0,0.19999999999999998,0.0,0.0,0.0,0.0,0.0,0.0,0.0,0.19999999999999998,0.0
2017-09-01,-0.004231602843445615,-0.005031602843445615,0.2,4,True,0.0008,1.3359170552194695,-0.03641812652289189,0.2,0.26666666666666666,0.0,0.26666666666666666,0.0,0.0,0.0,0.0,0.0,0.0,0.0,0.26666666666666666,0.0
2017-10-01,0.01916845102419072,0.017035117690857384,0.5333333333333333,4,True,0.002133333333333333,1.3336881971914,-0.038025776628121566,0.2,0.26666666666666666,0.0,0.0,0.0,0.0,0.0,0.0,0.26666666666666666,0.0,0.0,0.0,0.26666666666666666
2017-11-01,0.00162170720422079,-0.000511626129112543,0.5333333333333333,4,True,0.002133333333333333,1.3534596410065243,-0.02376485765991887,0.2,0.0,0.0,0.0,0.0,0.0,0.26666666666666666,0.0,0.26666666666666666,0.0,0.0,0.26666666666666666,0.0
2017-12-01,0.040488821544328424,0.03968882154432842,0.19999999999999998,4,True,0.0007999999999999999,1.3545700326119614,-0.022963944744494924,0.0,0.0,0.0,0.0,0.0,0.0,0.3333333333333333,0.0,0.3333333333333333,0.0,0.0,0.3333333333333333,0.0
2018-01-01,0.05218961566989792,0.050856282336564584,0.3333333333333333,2,True,0.0013333333333333333,1.3861666545098175,-0.007451051546480625,0.0,0.0,0.0,0.0,0.0,0.0,0.3333333333333333,0.0,0.0,0.0,0.0,0.3333333333333333,0.3333333333333333
2018-02-01,-0.052969967236506446,-0.052969967236506446,0.0,0,False,0.0,1.4565654792504958,-0.021125942837053935,0.0,0.0,0.0,0.0,0.0,0.0,0.3333333333333333,0.0,0.0,0.0,0.0,0.3333333333333333,0.3333333333333333
2018-03-01,-0.007275241199182561,-0.010208574532515894,0.7333333333333333,5,True,0.0029333333333333334,1.3753649805263959,-0.07569613742289227,0.6,0.0,0.0,0.13333333333333333,0.0,0.0,0.13333333333333333,0.0,0.0,0.0,0.0,0.13333333333333333,0.0
2018-04-01,0.008597550787032348,0.007264217453699015,0.33333333333333326,5,True,0.001333333333333333,1.3653588685561573,-0.0824206709644768,0.4,0.19999999999999998,0.0,0.19999999999999998,0.0,0.0,0.19999999999999998,0.0,0.0,0.0,0.0,0.0,0.0
2018-05-01,0.01801181434424963,0.016678481010916298,0.33333333333333326,5,True,0.001333333333333333,1.3734277986492347,-0.07699800617549724,0.6,0.13333333333333333,0.0,0.0,0.0,0.0,0.13333333333333333,0.0,0.0,0.0,0.0,0.0,0.13333333333333333
2018-06-01,-0.018176970546798427,-0.019776970546798427,0.39999999999999997,4,True,0.0015999999999999999,1.395928660013458,-0.06187646871836083,0.2,0.26666666666666666,0.0,0.0,0.0,0.0,0.26666666666666666,0.0,0.0,0.0,0.0,0.0,0.26666666666666666
2018-07-01,0.004008421783753549,0.0013417551170868823,0.6666666666666666,5,True,0.0026666666666666666,1.3869036115065905,-0.06794168581560778,0.8,0.0,0.0,0.0,0.0,0.0,0.06666666666666665,0.0,0.0,0.0,0.06666666666666665,0.0,0.06666666666666665
2018-08-01,0.0,-0.0007999999999999998,0.19999999999999996,4,True,0.0007999999999999998,1.3876386720011162,-0.06744769384697558,1.0,0.0,0.0,0.0,0.0,0.0,0.0,0.0,0.0,0.0,0.0,0.0,0.0
2018-09-01,0.003689190935485683,0.002089190935485683,0.39999999999999997,4,True,0.0015999999999999999,1.3876386720011162,-0.06744769384697558,0.6,0.0,0.0,0.0,0.0,0.0,0.13333333333333333,0.0,0.0,0.0,0.13333333333333333,0.0,0.13333333333333333
2018-10-01,-0.018591801516291105,-0.019658468182957772,0.26666666666666666,5,True,0.0010666666666666665,1.3890462918224384,-0.06650171335720745,0.8,0.0,0.0,0.0,0.0,0.0,0.06666666666666665,0.0,0.06666666666666665,0.0,0.0,0.0,0.06666666666666665
2018-11-01,0.0,-0.0007999999999999998,0.19999999999999996,4,True,0.0007999999999999998,1.362130841732841,-0.08459004251569358,1.0,0.0,0.0,0.0,0.0,0.0,0.0,0.0,0.0,0.0,0.0,0.0,0.0
2018-12-01,0.0,0.0,0.0,0,False,0.0,1.362130841732841,-0.08459004251569358,1.0,0.0,0.0,0.0,0.0,0.0,0.0,0.0,0.0,0.0,0.0,0.0,0.0
2019-01-01,0.0,0.0,0.0,0,False,0.0,1.362130841732841,-0.08459004251569358,1.0,0.0,0.0,0.0,0.0,0.0,0.0,0.0,0.0,0.0,0.0,0.0,0.0
2019-02-01,-0.0016332049096295259,-0.004033204909629526,0.6,4,True,0.0024,1.358861727712682,-0.08678702641365599,0.4,0.0,0.19999999999999998,0.0,0.0,0.0,0.0,0.0,0.0,0.19999999999999998,0.19999999999999998,0.0,0.0
2019-03-01,0.011740147015709305,0.010940147015709304,0.19999999999999996,4,True,0.0007999999999999998,1.35555711412502,-0.08900786753339407,0.6,0.0,0.13333333333333333,0.0,0.0,0.0,0.0,0.0,0.0,0.13333333333333333,0.13333333333333333,0.0,0.0
2019-04-01,0.006503723698451699,0.004370390365118366,0.5333333333333333,5,True,0.002133333333333333,1.3685457479513143,-0.08027895223801651,0.2,0.0,0.0,0.0,0.0,0.26666666666666666,0.0,0.0,0.0,0.26666666666666666,0.26666666666666666,0.0,0.0
2019-05-01,-0.0036430080182272566,-0.00577634135156059,0.5333333333333333,5,True,0.002133333333333333,1.3745078390631023,-0.07627217300363975,0.6,0.0,0.0,0.0,0.0,0.0,0.13333333333333333,0.0,0.0,0.13333333333333333,0.13333333333333333,0.0,0.0
2019-06-01,0.003168704093274528,0.002102037426607861,0.26666666666666666,5,True,0.0010666666666666665,1.371111379638295,-0.0785547384389137,0.8,0.0,0.0,0.0,0.0,0.06666666666666665,0.0,0.0,0.0,0.06666666666666665,0.06666666666666665,0.0,0.0
2019-07-01,0.017357355685666855,0.014690689019000188,0.6666666666666666,5,True,0.0026666666666666666,1.3703249024575923,-0.07908328461119885,0.2,0.0,0.26666666666666666,0.0,0.0,0.0,0.0,0.0,0.0,0.26666666666666666,0.26666666666666666,0.0,0.0
2019-08-01,0.034420295597351616,0.03282029559735162,0.39999999999999997,4,True,0.0015999999999999999,1.3918795430037638,-0.06459764785631916,0.6,0.0,0.13333333333333333,0.0,0.0,0.0,0.0,0.0,0.0,0.13333333333333333,0.13333333333333333,0.0,0.0
2019-09-01,-0.011088461490321085,-0.011088461490321085,0.0,0,False,0.0,1.4321943977376266,-0.037504347912414415,0.6,0.0,0.13333333333333333,0.0,0.0,0.0,0.0,0.0,0.0,0.13333333333333333,0.13333333333333333,0.0,0.0
2019-10-01,-0.001406863922448324,-0.001406863922448324,0.0,0,False,0.0,1.4163135653116594,-0.048176943885189005,0.6,0.0,0.13333333333333333,0.0,0.0,0.0,0.0,0.0,0.0,0.13333333333333333,0.13333333333333333,0.0,0.0
2019-11-01,-0.007396384605730954,-0.008729717939064286,0.33333333333333326,5,True,0.001333333333333333,1.4124352435139433,-0.05078334136418694,0.4,0.0,0.19999999999999998,0.0,0.0,0.19999999999999998,0.0,0.0,0.0,0.19999999999999998,0.0,0.0,0.0
2019-12-01,0.009197301508892152,0.009197301508892152,0.0,0,False,0.0,1.4060041617574153,-0.05510530229257482,0.4,0.0,0.19999999999999998,0.0,0.0,0.19999999999999998,0.0,0.0,0.0,0.19999999999999998,0.0,0.0,0.0
2020-01-01,0.04018587725708748,0.03778587725708748,0.6,5,True,0.0024,1.411104179990604,-0.051677872760127586,0.0,0.0,0.3333333333333333,0.0,0.0,0.0,0.0,0.0,0.0,0.3333333333333333,0.3333333333333333,0.0,0.0
2020-02-01,0.00576253416510446,0.0033625341651044604,0.6,4,True,0.0024,1.4689303754884668,-0.012816205774570655,0.6,0.0,0.13333333333333333,0.0,0.0,0.0,0.0,0.0,0.0,0.13333333333333333,0.13333333333333333,0.0,0.0
2020-03-01,0.0,-0.0015999999999999999,0.39999999999999997,4,True,0.0015999999999999999,1.466984586195025,-0.01926370943189981,1.0,0.0,0.0,0.0,0.0,0.0,0.0,0.0,0.0,0.0,0.0,0.0,0.0
2020-04-01,0.0,0.0,0.0,0,False,0.0,1.4646374108571132,-0.02083288749680856,1.0,0.0,0.0,0.0,0.0,0.0,0.0,0.0,0.0,0.0,0.0,0.0,0.0
2020-05-01,0.0,0.0,0.0,0,False,0.0,1.4646374108571132,-0.02083288749680856,1.0,0.0,0.0,0.0,0.0,0.0,0.0,0.0,0.0,0.0,0.0,0.0,0.0
2020-06-01,0.0,0.0,0.0,0,False,0.0,1.4646374108571132,-0.02083288749680856,1.0,0.0,0.0,0.0,0.0,0.0,0.0,0.0,0.0,0.0,0.0,0.0,0.0
2020-07-01,0.04807091626526869,0.04567091626526869,0.6,4,True,0.0024,1.461122281071056,-0.023182888566816273,0.4,0.0,0.19999999999999998,0.0,0.0,0.0,0.19999999999999998,0.0,0.0,0.19999999999999998,0.0,0.0,0.0
2020-08-01,0.013433369052902775,0.013433369052902775,0.0,0,False,0.0,1.5273175534411572,0.0,0.4,0.0,0.19999999999999998,0.0,0.0,0.0,0.19999999999999998,0.0,0.0,0.19999999999999998,0.0,0.0,0.0
2020-09-01,-0.022347245925731167,-0.023147245925731166,0.2,4,True,0.0008,1.5465963061384707,0.0,0.2,0.0,0.26666666666666666,0.0,0.0,0.0,0.26666666666666666,0.0,0.0,0.26666666666666666,0.0,0.0,0.0
2020-10-01,-0.01987005501846755,-0.01987005501846755,0.0,0,False,0.0,1.5120341381373665,-0.02347113055898631,0.2,0.0,0.26666666666666666,0.0,0.0,0.0,0.26666666666666666,0.0,0.0,0.26666666666666666,0.0,0.0,0.0
2020-11-01,0.01610033662226759,0.013967003288934259,0.5333333333333333,5,True,0.002133333333333333,1.4777616325142333,-0.04560561173564648,0.6,0.13333333333333333,0.13333333333333333,0.0,0.0,0.0,0.13333333333333333,0.0,0.0,0.0,0.0,0.0,0.0
2020-12-01,0.032340096029834786,0.029406762696501453,0.7333333333333333,5,True,0.0029333333333333334,1.4939556145696393,-0.03514692526194396,0.0,0.0,0.3333333333333333,0.0,0.0,0.0,0.3333333333333333,0.0,0.0,0.3333333333333333,0.0,0.0,0.0
2021-01-01,-0.01416154175478279,-0.01416154175478279,0.0,0,False,0.0,1.5100531018698624,-0.024750558752988927,0.0,0.0,0.3333333333333333,0.0,0.0,0.0,0.3333333333333333,0.0,0.0,0.3333333333333333,0.0,0.0,0.0
2021-02-01,-0.003376754201393635,-0.005243420868060302,0.4666666666666667,5,True,0.0018666666666666669,1.4858895740950704,-0.04035627946025544,0.2,0.26666666666666666,0.26666666666666666,0.0,0.0,0.0,0.26666666666666666,0.0,0.0,0.0,0.0,0.0,0.0
2021-03-01,-0.002391510227792862,-0.004524843561126195,0.5333333333333333,5,True,0.002133333333333333,1.4777128964404411,-0.04563708733652139,0.6,0.13333333333333333,0.0,0.0,0.0,0.0,0.13333333333333333,0.0,0.0,0.0,0.0,0.0,0.13333333333333333
2021-04-01,0.012214406954692454,0.01168107362135912,0.13333333333333333,2,True,0.0005333333333333333,1.4733927021716968,-0.04842723229331414,0.6,0.13333333333333333,0.0,0.0,0.0,0.0,0.0,0.0,0.0,0.0,0.0,0.13333333333333333,0.13333333333333333
2021-05-01,0.031327147303736064,0.02999381397040273,0.33333333333333326,5,True,0.001333333333333333,1.491389320240096,-0.036804335261541476,0.4,0.19999999999999998,0.0,0.0,0.0,0.0,0.0,0.0,0.0,0.0,0.19999999999999998,0.0,0.19999999999999998
2021-06-01,-0.008516398949909923,-0.010116398949909924,0.4,5,True,0.0016,1.533601784271159,-0.009541928456789694,0.2,0.26666666666666666,0.26666666666666666,0.0,0.0,0.0,0.0,0.0,0.0,0.0,0.0,0.0,0.26666666666666666
2021-07-01,-0.008321946139805437,-0.009921946139805437,0.4,5,True,0.0016,1.5181081540145778,-0.02146287294415916,0.4,0.19999999999999998,0.0,0.0,0.0,0.0,0.0,0.0,0.0,0.0,0.19999999999999998,0.0,0.19999999999999998
2021-08-01,0.0012059916134144963,0.00040599161341449625,0.2,4,True,0.0008,1.507575903243633,-0.02825171627101808,0.2,0.26666666666666666,0.0,0.0,0.0,0.0,0.0,0.0,0.0,0.0,0.26666666666666666,0.0,0.26666666666666666
2021-09-01,-0.02218615972481069,-0.023252826391477358,0.26666666666666666,2,True,0.0010666666666666665,1.50657777963844,-0.028895083479401285,0.2,0.26666666666666666,0.0,0.0,0.0,0.0,0.26666666666666666,0.0,0.0,0.0,0.26666666666666666,0.0,0.0
2021-10-01,0.03909731263705271,0.037497312637052714,0.4,5,True,0.0016,1.4707955602145204,-0.051959467991249286,0.4,0.19999999999999998,0.0,0.0,0.0,0.0,0.0,0.0,0.0,0.0,0.19999999999999998,0.0,0.19999999999999998
2021-11-01,-0.025930360042928972,-0.02673036004292897,0.2,4,True,0.0008,1.5270770742861708,-0.015681716013970393,0.2,0.26666666666666666,0.0,0.0,0.0,0.0,0.0,0.0,0.0,0.0,0.26666666666666666,0.0,0.26666666666666666
2021-12-01,0.00970766783728075,0.007574334503947417,0.5333333333333333,5,True,0.002133333333333333,1.484306126515963,-0.043250871901735044,0.6,0.0,0.0,0.0,0.0,0.0,0.13333333333333333,0.0,0.0,0.0,0.13333333333333333,0.0,0.13333333333333333
2022-01-01,0.010705707371444821,0.00990570737144482,0.19999999999999996,4,True,0.0007999999999999998,1.4983419250728276,-0.034203723344204184,0.4,0.0,0.0,0.0,0.0,0.0,0.19999999999999998,0.0,0.0,0.0,0.19999999999999998,0.0,0.19999999999999998
2022-02-01,0.0,-0.0024,0.6,4,True,0.0024,1.5095396181270284,-0.026985951433860067,1.0,0.0,0.0,0.0,0.0,0.0,0.0,0.0,0.0,0.0,0.0,0.0,0.0
2022-03-01,0.0,0.0,0.0,0,False,0.0,1.5095396181270284,-0.026985951433860067,1.0,0.0,0.0,0.0,0.0,0.0,0.0,0.0,0.0,0.0,0.0,0.0,0.0
2022-04-01,0.0015018671568187848,0.000701867156818785,0.19999999999999996,4,True,0.0007999999999999998,1.508331986432527,-0.02776436267271276,0.8,0.06666666666666665,0.06666666666666665,0.0,0.0,0.0,0.0,0.0,0.0,0.0,0.0,0.0,0.06666666666666665
2022-05-01,0.0,-0.0007999999999999998,0.19999999999999996,4,True,0.0007999999999999998,1.5105973007045295,-0.026304193900322126,1.0,0.0,0.0,0.0,0.0,0.0,0.0,0.0,0.0,0.0,0.0,0.0,0.0
2022-06-01,0.0,0.0,0.0,0,False,0.0,1.509388822863966,-0.027083150545201717,1.0,0.0,0.0,0.0,0.0,0.0,0.0,0.0,0.0,0.0,0.0,0.0,0.0
2022-07-01,0.0,0.0,0.0,0,False,0.0,1.509388822863966,-0.027083150545201717,1.0,0.0,0.0,0.0,0.0,0.0,0.0,0.0,0.0,0.0,0.0,0.0,0.0
2022-08-01,0.0,0.0,0.0,0,False,0.0,1.509388822863966,-0.027083150545201717,1.0,0.0,0.0,0.0,0.0,0.0,0.0,0.0,0.0,0.0,0.0,0.0,0.0
2022-09-01,0.0,0.0,0.0,0,False,0.0,1.509388822863966,-0.027083150545201717,1.0,0.0,0.0,0.0,0.0,0.0,0.0,0.0,0.0,0.0,0.0,0.0,0.0
2022-10-01,0.0,0.0,0.0,0,False,0.0,1.509388822863966,-0.027083150545201717,1.0,0.0,0.0,0.0,0.0,0.0,0.0,0.0,0.0,0.0,0.0,0.0,0.0
2022-11-01,0.0,0.0,0.0,0,False,0.0,1.509388822863966,-0.027083150545201717,1.0,0.0,0.0,0.0,0.0,0.0,0.0,0.0,0.0,0.0,0.0,0.0,0.0
2022-12-01,0.0,0.0,0.0,0,False,0.0,1.509388822863966,-0.027083150545201717,1.0,0.0,0.0,0.0,0.0,0.0,0.0,0.0,0.0,0.0,0.0,0.0,0.0
2023-01-01,0.0,0.0,0.0,0,False,0.0,1.509388822863966,-0.027083150545201717,1.0,0.0,0.0,0.0,0.0,0.0,0.0,0.0,0.0,0.0,0.0,0.0,0.0
2023-02-01,-0.009640256995029147,-0.010440256995029148,0.19999999999999996,4,True,0.0007999999999999998,1.5081813118056744,-0.027861484024765848,0.8,0.0,0.06666666666666665,0.0,0.0,0.0,0.0,0.0,0.0,0.0,0.0,0.06666666666666665,0.06666666666666665
2023-03-01,0.0,-0.0007999999999999998,0.19999999999999996,4,True,0.0007999999999999998,1.492447142719676,-0.038003362634210336,1.0,0.0,0.0,0.0,0.0,0.0,0.0,0.0,0.0,0.0,0.0,0.0,0.0
2023-04-01,-0.0001694749334075319,-0.0017694749334075319,0.39999999999999997,4,True,0.0015999999999999999,1.492447142719676,-0.038003362634210336,0.6,0.0,0.13333333333333333,0.0,0.0,0.0,0.13333333333333333,0.0,0.0,0.0,0.0,0.0,0.13333333333333333
2023-05-01,-0.0005325007768376411,-0.001332500776837641,0.19999999999999996,4,True,0.0007999999999999998,1.488614854243323,-0.04047356645057398,0.4,0.0,0.19999999999999998,0.0,0.0,0.0,0.19999999999999998,0.0,0.0,0.0,0.0,0.0,0.19999999999999998
2023-06-01,0.0,-0.0024,0.6,4,True,0.0024,1.4842513924794014,-0.04328615218578302,1.0,0.0,0.0,0.0,0.0,0.0,0.0,0.0,0.0,0.0,0.0,0.0,0.0
2023-07-01,0.022914271639845073,0.020514271639845073,0.6,4,True,0.0024,1.4842513924794014,-0.04328615218578302,0.4,0.0,0.0,0.0,0.0,0.0,0.19999999999999998,0.0,0.19999999999999998,0.0,0.0,0.0,0.19999999999999998
2023-08-01,0.001835137448622766,-3.15292180439004e-05,0.4666666666666666,5,True,0.0018666666666666664,1.511790816305123,-0.02553488156653827,0.8,0.0,0.06666666666666665,0.0,0.0,0.0,0.06666666666666665,0.0,0.0,0.0,0.0,0.0,0.06666666666666665
2023-09-01,-0.02049572644447086,-0.022095726444470862,0.39999999999999997,4,True,0.0015999999999999999,1.512141855990214,-0.02530860956870784,0.4,0.0,0.19999999999999998,0.0,0.0,0.0,0.19999999999999998,0.0,0.0,0.0,0.0,0.0,0.19999999999999998
2023-10-01,-0.005170479653317079,-0.007037146319983745,0.4666666666666666,5,True,0.0018666666666666664,1.490705564157764,-0.03912594357681887,0.8,0.0,0.0,0.0,0.0,0.0,0.06666666666666665,0.0,0.06666666666666665,0.0,0.0,0.0,0.06666666666666665
2023-11-01,0.0,-0.0007999999999999998,0.19999999999999996,4,True,0.0007999999999999998,1.4790454549090808,-0.04664177818661974,1.0,0.0,0.0,0.0,0.0,0.0,0.0,0.0,0.0,0.0,0.0,0.0,0.0
2023-12-01,0.010917935848521233,0.009317935848521232,0.39999999999999997,4,True,0.0015999999999999999,1.476678982181226,-0.048167151341521275,0.6,0.0,0.13333333333333333,0.0,0.0,0.0,0.13333333333333333,0.0,0.13333333333333333,0.0,0.0,0.0,0.0
2024-01-01,-0.004056741371883276,-0.005390074705216609,0.33333333333333326,5,True,0.001333333333333333,1.4986277227631863,-0.03401950481530469,0.4,0.0,0.19999999999999998,0.0,0.0,0.0,0.19999999999999998,0.0,0.0,0.0,0.19999999999999998,0.0,0.0
2024-02-01,0.02315549503546257,0.02235549503546257,0.19999999999999998,2,True,0.0007999999999999999,1.4893656669515423,-0.039989610081250127,0.4,0.0,0.19999999999999998,0.0,0.0,0.0,0.19999999999999998,0.0,0.19999999999999998,0.0,0.0,0.0,0.0
2024-03-01,0.03177893003905949,0.03097893003905949,0.19999999999999998,2,True,0.0007999999999999999,1.5226335841256202,-0.01854588618808317,0.4,0.0,0.19999999999999998,0.0,0.0,0.0,0.19999999999999998,0.0,0.0,0.0,0.0,0.0,0.19999999999999998
2024-04-01,-0.006156924208352276,-0.006156924208352276,0.0,0,False,0.0,1.5710212502706704,0.0,0.4,0.0,0.19999999999999998,0.0,0.0,0.0,0.19999999999999998,0.0,0.0,0.0,0.0,0.0,0.19999999999999998
2024-05-01,0.015132955861720143,0.015132955861720143,0.0,0,False,0.0,1.5613485915030432,-0.02756934867869454,0.4,0.0,0.19999999999999998,0.0,0.0,0.0,0.19999999999999998,0.0,0.0,0.0,0.0,0.0,0.19999999999999998
2024-06-01,-0.0007617967265497981,-0.002361796726549798,0.39999999999999997,5,True,0.0015999999999999999,1.5794091365682532,-0.019087901080840464,0.2,0.26666666666666666,0.26666666666666666,0.0,0.0,0.0,0.0,0.0,0.0,0.0,0.0,0.0,0.26666666666666666
2024-07-01,0.0012675117748174828,0.0012675117748174828,0.0,0,False,0.0,1.5756808183415594,-0.021403420456099442,0.2,0.26666666666666666,0.26666666666666666,0.0,0.0,0.0,0.0,0.0,0.0,0.0,0.0,0.0,0.26666666666666666
2024-08-01,-0.002072921364624728,-0.0031395880312913944,0.26666666666666666,2,True,0.0010666666666666665,1.5759951557856735,-0.021208197195111578,0.2,0.0,0.26666666666666666,0.0,0.0,0.0,0.26666666666666666,0.0,0.0,0.0,0.0,0.0,0.26666666666666666
2024-09-01,0.033006028592190435,0.033006028592190435,0.0,0,False,0.0,1.5887787239708127,-0.013268799853516366,0.2,0.0,0.26666666666666666,0.0,0.0,0.0,0.26666666666666666,0.0,0.0,0.0,0.0,0.0,0.26666666666666666
2024-10-01,0.00478687164512186,0.003720204978455194,0.26666666666666666,2,True,0.0010666666666666665,1.6394673674275655,0.0,0.2,0.26666666666666666,0.26666666666666666,0.0,0.0,0.0,0.26666666666666666,0.0,0.0,0.0,0.0,0.0,0.0
2024-11-01,0.0124209236016218,0.011354256934955132,0.26666666666666666,2,True,0.0010666666666666665,1.6455581509753732,-0.012314176730321202,0.2,0.0,0.26666666666666666,0.0,0.0,0.0,0.26666666666666666,0.0,0.0,0.0,0.26666666666666666,0.0,0.0
2024-12-01,-0.02157970961700839,-0.023446376283675057,0.4666666666666667,5,True,0.0018666666666666669,1.6738745398788963,0.0,0.0,0.0,0.3333333333333333,0.0,0.0,0.0,0.3333333333333333,0.0,0.0,0.0,0.0,0.0,0.3333333333333333
2025-01-01,0.0,-0.003999999999999999,0.9999999999999999,4,True,0.003999999999999999,1.5978987630351076,-0.04861608402291939,1.0,0.0,0.0,0.0,0.0,0.0,0.0,0.0,0.0,0.0,0.0,0.0,0.0
2025-02-01,0.000343468083621179,-0.0028565319163788207,0.7999999999999999,4,True,0.0031999999999999997,1.591507167982967,-0.05242161968682768,0.2,0.26666666666666666,0.26666666666666666,0.0,0.0,0.0,0.26666666666666666,0.0,0.0,0.0,0.0,0.0,0.0
2025-03-01,0.015516676564045498,0.014716676564045498,0.19999999999999998,4,True,0.0007999999999999999,1.5739782507842672,-0.06285828205438637,0.0,0.3333333333333333,0.3333333333333333,0.0,0.0,0.0,0.3333333333333333,0.0,0.0,0.0,0.0,0.0,0.0
2025-04-01,-0.02096230008232213,-0.023895633415655464,0.7333333333333333,5,True,0.0029333333333333334,1.5924375487962996,-0.0518676738662196,0.6,0.13333333333333333,0.13333333333333333,0.0,0.0,0.0,0.0,0.0,0.0,0.0,0.0,0.0,0.13333333333333333
2025-05-01,0.015897173422492875,0.015363840089159541,0.13333333333333333,2,True,0.0005333333333333333,1.5582248982920541,-0.0722377787600107,0.6,0.13333333333333333,0.13333333333333333,0.0,0.0,0.0,0.0,0.0,0.0,0.0,0.0,0.13333333333333333,0.0
2025-06-01,0.023092445439782748,0.021759112106449416,0.33333333333333326,5,True,0.001333333333333333,1.5721142200363374,-0.06396812012015896,0.4,0.0,0.19999999999999998,0.0,0.0,0.0,0.19999999999999998,0.0,0.0,0.0,0.0,0.19999999999999998,0.0
2025-07-01,0.0035751867596649648,0.002775186759664965,0.2,4,True,0.0008,1.6049886054123337,-0.044394814089839474,0.2,0.0,0.26666666666666666,0.0,0.0,0.0,0.26666666666666666,0.0,0.0,0.0,0.0,0.26666666666666666,0.0
2025-08-01,0.02427059681833056,0.02427059681833056,0.0,0,False,0.0,1.6107267394238165,-0.040978347081706556,0.2,0.0,0.26666666666666666,0.0,0.0,0.0,0.26666666666666666,0.0,0.0,0.0,0.0,0.26666666666666666,0.0
2025-09-01,0.06537048491880212,0.06537048491880212,0.0,0,False,0.0,1.6497628103878899,-0.01773639276188632,0.2,0.0,0.26666666666666666,0.0,0.0,0.0,0.26666666666666666,0.0,0.0,0.0,0.0,0.26666666666666666,0.0
2025-10-01,0.04025852344294444,0.03945852344294444,0.19999999999999998,4,True,0.0007999999999999999,1.7562025184197085,0.0,0.0,0.0,0.3333333333333333,0.0,0.0,0.0,0.3333333333333333,0.0,0.0,0.0,0.0,0.3333333333333333,0.0
2025-11-01,0.003920289076735183,0.003120289076735183,0.19999999999999998,4,True,0.0007999999999999999,1.8186644314915876,-0.019582443470836042,0.2,0.0,0.26666666666666666,0.0,0.0,0.0,0.26666666666666666,0.0,0.0,0.0,0.0,0.26666666666666666,0.0
2025-12-01,0.0012454534913075204,-0.0006212131753591465,0.4666666666666667,5,True,0.0018666666666666669,1.820928063991042,-0.01836214960817184,0.0,0.3333333333333333,0.3333333333333333,0.0,0.0,0.0,0.3333333333333333,0.0,0.0,0.0,0.0,0.0,0.0
2026-01-01,0.05193469005203114,0.05060135671869781,0.3333333333333333,2,True,0.0013333333333333333,1.7871844231288232,-0.04485340254801706,0.0,0.0,0.3333333333333333,0.0,0.0,0.0,0.3333333333333333,0.0,0.0,0.0,0.0,0.3333333333333333,0.0
2026-02-01,0.11274742795403636,0.1100807612873697,0.6666666666666666,4,True,0.0026666666666666666,1.9229486584731077,-0.02970226581119806,0.0,0.3333333333333333,0.3333333333333333,0.0,0.0,0.0,0.0,0.0,0.0,0.0,0.0,0.0,0.3333333333333333
2026-03-01,-0.03660596551002219,-0.03793929884335552,0.3333333333333333,2,True,0.0013333333333333333,2.0924585267983904,0.0,0.0,0.0,0.3333333333333333,0.0,0.0,0.0,0.0,0.0,0.0,0.0,0.3333333333333333,0.0,0.3333333333333333
2026-04-01,0.00116138160522922,-0.0017719517281041134,0.7333333333333333,5,True,0.0029333333333333334,2.0072689349306554,-0.04071267878273366,0.6,0.13333333333333333,0.13333333333333333,0.0,0.0,0.0,0.0,0.0,0.0,0.0,0.0,0.0,0.13333333333333333
2026-05-01,0.014564883889420583,0.01243155055608725,0.5333333333333333,5,True,0.002133333333333333,2.005312993182782,-0.04164743649612357,0.2,0.26666666666666666,0.0,0.0,0.0,0.0,0.26666666666666666,0.0,0.0,0.0,0.0,0.0,0.26666666666666666
2026-06-01,-0.05015726014157158,-0.05015726014157158,0.0,0,False,0.0,2.0345201440904352,-0.027689142683561374,0.2,0.26666666666666666,0.0,0.0,0.0,0.0,0.26666666666666666,0.0,0.0,0.0,0.0,0.0,0.26666666666666666
2026-07-01,0.0,0.0,0.0,0,False,0.0,1.9324741879600236,-0.07645759129245644,0.2,0.26666666666666666,0.0,0.0,0.0,0.0,0.26666666666666666,0.0,0.0,0.0,0.0,0.0,0.26666666666666666
2026-08-01,0.0,0.0,0.0,0,False,0.0,1.9248448144969856,-0.08010372017163259,0.2,0.26666666666666666,0.0,0.0,0.0,0.0,0.26666666666666666,0.0,0.0,0.0,0.0,0.0,0.26666666666666666
