date,gross_return,net_return,turnover,operations,signal_changed,trade_cost,equity,drawdown,w__CASH,w_dbc.us,w_efa.us,w_gld.us,w_hyg.us,w_ief.us,w_ijr.us,w_ivv.us,w_lqd.us,w_tlt.us,w_vnq.us,w_vwo.us
2007-05-01,-0.02219893012959417,-0.02619893012959417,0.9999999999999999,2,True,0.003999999999999999,0.996,0.0,1.1102230246251565e-16,0.0,0.0,0.0,0.0,0.9999999999999999,0.0,0.0,0.0,0.0,0.0,0.0
2007-06-01,-0.0027969529277176437,-0.0027969529277176437,0.0,0,False,0.0,0.9738898655909245,-0.023239921986127454,1.1102230246251565e-16,0.0,0.0,0.0,0.0,0.9999999999999999,0.0,0.0,0.0,0.0,0.0,0.0
2007-07-01,0.01432208352967934,0.01432208352967934,0.0,0,False,0.0,0.9735389574929096,-0.02359186426759352,1.1102230246251565e-16,0.0,0.0,0.0,0.0,0.9999999999999999,0.0,0.0,0.0,0.0,0.0,0.0
2007-08-01,0.01951814668146978,0.01951814668146978,0.0,0,False,0.0,0.9874820637615198,-0.009607665388575715,1.1102230246251565e-16,0.0,0.0,0.0,0.0,0.9999999999999999,0.0,0.0,0.0,0.0,0.0,0.0
2007-09-01,0.0002460393488257217,0.0002460393488257217,0.0,0,False,0.0,1.0125512206645277,0.0,1.1102230246251565e-16,0.0,0.0,0.0,0.0,0.9999999999999999,0.0,0.0,0.0,0.0,0.0,0.0
2007-10-01,0.03137915775564189,0.028045824422308553,0.8333333333333334,6,True,0.0033333333333333335,1.0094243469471544,-0.019847744218302377,1.1102230246251565e-16,0.16666666666666666,0.16666666666666666,0.16666666666666666,0.0,0.16666666666666666,0.0,0.16666666666666666,0.0,0.0,0.0,0.16666666666666666
2007-11-01,-0.020247614659931135,-0.0209142813265978,0.16666666666666666,2,True,0.0006666666666666666,1.040405166617214,-0.017014847065605854,1.1102230246251565e-16,0.16666666666666666,0.16666666666666666,0.16666666666666666,0.0,0.0,0.16666666666666666,0.16666666666666666,0.0,0.0,0.0,0.16666666666666666
2007-12-01,0.013500761445216116,0.012167428111882782,0.3333333333333333,4,True,0.0013333333333333333,1.0196515773236934,-0.038247537193631165,1.1102230246251565e-16,0.16666666666666666,0.16666666666666666,0.16666666666666666,0.0,0.0,0.0,0.0,0.16666666666666666,0.16666666666666666,0.0,0.16666666666666666
2008-01-01,0.0054350420404709054,0.004101708707137572,0.3333333333333333,3,True,0.0013333333333333333,1.0150333578036377,-0.04260351927218786,1.1102230246251565e-16,0.16666666666666666,0.0,0.16666666666666666,0.0,0.3333333333333333,0.0,0.0,0.0,0.16666666666666666,0.0,0.16666666666666666
2008-02-01,0.03520016491918937,0.0345334982525227,0.16666666666666666,2,True,0.0006666666666666666,1.01850991371788,-0.03932437344731454,1.1102230246251565e-16,0.16666666666666666,0.0,0.16666666666666666,0.0,0.3333333333333333,0.0,0.0,0.16666666666666666,0.16666666666666666,0.0,0.0
2008-03-01,-0.02293578628876062,-0.02293578628876062,0.0,0,False,0.0,1.0532238964671796,-0.006581562917283623,1.1102230246251565e-16,0.16666666666666666,0.0,0.16666666666666666,0.0,0.3333333333333333,0.0,0.0,0.16666666666666666,0.16666666666666666,0.0,0.0
2008-04-01,-0.01003104829883929,-0.010697714965505957,0.16666666666666669,2,True,0.0006666666666666668,1.0283813333447502,-0.03906361105174139,1.1102230246251565e-16,0.16666666666666666,0.0,0.16666666666666666,0.0,0.5,0.0,0.0,0.0,0.16666666666666666,0.0,0.0
2008-05-01,0.009385407340561796,0.008052074007228462,0.3333333333333333,4,True,0.0013333333333333333,1.016708169732984,-0.04997120663421828,1.1102230246251565e-16,0.16666666666666666,0.16666666666666666,0.0,0.0,0.5,0.0,0.0,0.0,0.0,0.0,0.16666666666666666
2008-06-01,-0.04820005546462928,-0.04953338879796261,0.3333333333333333,3,True,0.0013333333333333333,1.0253145084565747,-0.04192930253993199,1.1102230246251565e-16,0.16666666666666666,0.16666666666666666,0.0,0.0,0.16666666666666666,0.16666666666666666,0.0,0.0,0.0,0.16666666666666666,0.16666666666666666
2008-07-01,-0.021451945461884614,-0.024118612128551282,0.6666666666666666,6,True,0.0026666666666666666,0.9719941849575302,-0.09175268756198207,1.1102230246251565e-16,0.16666666666666666,0.0,0.16666666666666666,0.0,0.6666666666666666,0.0,0.0,0.0,0.0,0.0,0.0
2008-08-01,0.0008807112569579143,0.00021404459029124778,0.16666666666666663,2,True,0.0006666666666666665,0.9505089233667442,-0.11182886846805595,1.1102230246251565e-16,0.16666666666666666,0.0,0.0,0.0,0.8333333333333333,0.0,0.0,0.0,0.0,0.0,0.0
2008-09-01,-0.01203358558421345,-0.013366918917546784,0.33333333333333326,4,True,0.001333333333333333,0.9535482308717126,-0.10898888967416953,1.1102230246251565e-16,0.0,0.0,0.0,0.0,0.6666666666666666,0.16666666666666666,0.0,0.0,0.16666666666666666,0.0,0.0
2008-10-01,-0.0201022248923934,-0.020768891559060067,0.16666666666666663,2,True,0.0006666666666666665,0.9401903167723685,-0.12147074375134925,1.1102230246251565e-16,0.0,0.0,0.0,0.0,0.8333333333333333,0.0,0.0,0.0,0.16666666666666666,0.0,0.0
2008-11-01,0.10237336983044223,0.10237336983044223,0.0,0,False,0.0,0.9231440638892323,-0.13739904209700637,1.1102230246251565e-16,0.0,0.0,0.0,0.0,0.8333333333333333,0.0,0.0,0.0,0.16666666666666666,0.0,0.0
2008-12-01,0.026314632943273256,0.026314632943273256,0.0,0,False,0.0,1.0176494325485417,-0.04909167521750979,1.1102230246251565e-16,0.0,0.0,0.0,0.0,0.8333333333333333,0.0,0.0,0.0,0.16666666666666666,0.0,0.0
2009-01-01,-0.023454980717242224,-0.024788314050575556,0.33333333333333326,3,True,0.001333333333333333,1.0526918275380974,-0.02329773078639419,1.1102230246251565e-16,0.0,0.0,0.16666666666666666,0.0,0.5,0.0,0.0,0.16666666666666666,0.16666666666666666,0.0,0.0
2009-02-01,-0.012135109134634815,-0.012135109134634815,0.0,0,False,0.0,1.0282043659336666,-0.04601754174214423,1.1102230246251565e-16,0.0,0.0,0.16666666666666666,0.0,0.5,0.0,0.0,0.16666666666666666,0.16666666666666666,0.0,0.0
2009-03-01,0.014775536811133045,0.014108870144466379,0.16666666666666663,2,True,0.0006666666666666665,1.0138168463026846,-0.05936648461823668,1.1102230246251565e-16,0.0,0.0,0.16666666666666666,0.0,0.6666666666666666,0.0,0.0,0.16666666666666666,0.0,0.0,0.0
2009-04-01,-0.014383648213371899,-0.01571698154670523,0.33333333333333326,4,True,0.001333333333333333,1.0267398558519159,-0.0473763347741728,1.1102230246251565e-16,0.0,0.0,0.16666666666666666,0.0,0.5,0.0,0.0,0.0,0.16666666666666666,0.0,0.16666666666666666
2009-05-01,0.041327046471005636,0.039327046471005635,0.49999999999999994,6,True,0.0019999999999999996,1.0099476477767761,-0.06295638137760518,1.1102230246251565e-16,0.0,0.0,0.0,0.16666666666666666,0.3333333333333333,0.16666666666666666,0.0,0.16666666666666666,0.0,0.0,0.16666666666666666
2009-06-01,-0.024690757118474925,-0.026690757118474923,0.49999999999999994,5,True,0.0019999999999999996,1.0495824295474308,-0.02618267393302698,1.1102230246251565e-16,0.16666666666666666,0.16666666666666666,0.16666666666666666,0.16666666666666666,0.0,0.0,0.0,0.16666666666666666,0.0,0.0,0.16666666666666666
2009-07-01,0.06703634647293633,0.06503634647293632,0.49999999999999994,6,True,0.0019999999999999996,1.0216201098142488,-0.05212650708669209,1.1102230246251565e-16,0.0,0.0,0.0,0.16666666666666666,0.16666666666666666,0.16666666666666666,0.16666666666666666,0.16666666666666666,0.0,0.0,0.16666666666666666
2009-08-01,-0.01758229716012492,-0.018248963826791587,0.16666666666666666,2,True,0.0006666666666666666,1.082719500522304,0.0,1.1102230246251565e-16,0.0,0.16666666666666666,0.0,0.16666666666666666,0.0,0.16666666666666666,0.16666666666666666,0.16666666666666666,0.0,0.0,0.16666666666666666
2009-09-01,0.04442415026445068,0.04375748359778401,0.16666666666666666,2,True,0.0006666666666666666,1.062265033531608,-0.026905884283672354,1.1102230246251565e-16,0.0,0.16666666666666666,0.0,0.0,0.0,0.16666666666666666,0.16666666666666666,0.16666666666666666,0.0,0.16666666666666666,0.16666666666666666
2009-10-01,0.00594115340510239,0.005274486738435723,0.16666666666666666,2,True,0.0006666666666666666,1.1087156181652202,-0.051238263304674625,1.1102230246251565e-16,0.0,0.16666666666666666,0.0,0.16666666666666666,0.0,0.16666666666666666,0.16666666666666666,0.0,0.0,0.16666666666666666,0.16666666666666666
2009-11-01,0.06077681620940552,0.059443482876072186,0.3333333333333333,4,True,0.0013333333333333333,1.1091745135717268,-0.061434285980446535,1.1102230246251565e-16,0.0,0.16666666666666666,0.16666666666666666,0.16666666666666666,0.0,0.0,0.0,0.16666666666666666,0.0,0.16666666666666666,0.16666666666666666
2009-12-01,0.008426038141039094,0.007759371474372427,0.16666666666666666,2,True,0.0006666666666666666,1.174234481763742,-0.006381582593316781,1.1102230246251565e-16,0.0,0.16666666666666666,0.16666666666666666,0.16666666666666666,0.0,0.0,0.16666666666666666,0.0,0.0,0.16666666666666666,0.16666666666666666
2010-01-01,-0.04343683606645074,-0.04410350273311741,0.16666666666666666,2,True,0.0006666666666666666,1.1431349833793876,-0.032901985077038676,1.1102230246251565e-16,0.0,0.16666666666666666,0.16666666666666666,0.0,0.0,0.16666666666666666,0.16666666666666666,0.0,0.0,0.16666666666666666,0.16666666666666666
2010-02-01,0.024298856883364302,0.02296552355003097,0.3333333333333333,3,True,0.0013333333333333333,1.091294826854451,-0.07675902138289281,1.1102230246251565e-16,0.0,0.0,0.16666666666666666,0.0,0.3333333333333333,0.16666666666666666,0.16666666666666666,0.0,0.0,0.16666666666666666,0.0
2010-03-01,0.031127351883513933,0.030460685216847267,0.16666666666666666,2,True,0.0006666666666666666,1.1170668356406304,-0.05495577076063507,1.1102230246251565e-16,0.0,0.0,0.0,0.16666666666666666,0.3333333333333333,0.16666666666666666,0.16666666666666666,0.0,0.0,0.16666666666666666,0.0
2010-04-01,0.025017066357712517,0.023683733024379185,0.3333333333333333,3,True,0.0013333333333333333,1.150302383886872,-0.026838327762961356,1.1102230246251565e-16,0.0,0.16666666666666666,0.0,0.16666666666666666,0.0,0.16666666666666666,0.16666666666666666,0.0,0.0,0.16666666666666666,0.16666666666666666
2010-05-01,-0.08802157779449,-0.08935491112782334,0.3333333333333333,4,True,0.0013333333333333333,1.1642612438387991,-0.02177586933445097,1.1102230246251565e-16,0.16666666666666666,0.0,0.16666666666666666,0.0,0.0,0.16666666666666666,0.16666666666666666,0.0,0.0,0.16666666666666666,0.16666666666666666
2010-06-01,-0.0032291172493698443,-0.005229117249369844,0.49999999999999994,5,True,0.0019999999999999996,1.0582446931668479,-0.11085205276497045,1.1102230246251565e-16,0.0,0.0,0.16666666666666666,0.0,0.3333333333333333,0.16666666666666666,0.0,0.0,0.16666666666666666,0.16666666666666666,0.0
2010-07-01,-0.0026355863912245945,-0.003968919724557928,0.3333333333333333,4,True,0.0013333333333333333,1.053421060311457,-0.1149049181176437,1.1102230246251565e-16,0.0,0.0,0.16666666666666666,0.0,0.5,0.0,0.0,0.16666666666666666,0.16666666666666666,0.0,0.0
2010-08-01,0.023387965810327187,0.022054632476993855,0.3333333333333333,3,True,0.0013333333333333333,1.057655312313229,-0.11134725654866873,1.1102230246251565e-16,0.0,0.0,0.16666666666666666,0.0,0.16666666666666666,0.0,0.0,0.16666666666666666,0.16666666666666666,0.16666666666666666,0.16666666666666666
2010-09-01,0.0262911429198995,0.0262911429198995,0.0,0,False,0.0,1.0809485296385928,-0.09177605859881877,1.1102230246251565e-16,0.0,0.0,0.16666666666666666,0.0,0.16666666666666666,0.0,0.0,0.16666666666666666,0.16666666666666666,0.16666666666666666,0.16666666666666666
2010-10-01,0.03386864450266887,0.031868644502668866,0.49999999999999994,6,True,0.0019999999999999996,1.1071491661165358,-0.06976201752586131,1.1102230246251565e-16,0.16666666666666666,0.16666666666666666,0.16666666666666666,0.0,0.0,0.16666666666666666,0.0,0.0,0.0,0.16666666666666666,0.16666666666666666
2010-11-01,0.010750783314918428,0.010084116648251762,0.16666666666666666,2,True,0.0006666666666666666,1.1438837097634063,-0.03889728058256847,1.1102230246251565e-16,0.0,0.16666666666666666,0.16666666666666666,0.0,0.0,0.16666666666666666,0.16666666666666666,0.0,0.0,0.16666666666666666,0.16666666666666666
2010-12-01,0.04893241573016538,0.04826574906349871,0.16666666666666666,2,True,0.0006666666666666666,1.155410568094095,-0.03005598417701283,1.1102230246251565e-16,0.16666666666666666,0.0,0.16666666666666666,0.0,0.0,0.16666666666666666,0.16666666666666666,0.0,0.0,0.16666666666666666,0.16666666666666666
2011-01-01,0.001874704795511624,0.001874704795511624,0.0,0,False,0.0,1.1898287460389574,-0.006908808437493974,1.1102230246251565e-16,0.16666666666666666,0.0,0.16666666666666666,0.0,0.0,0.16666666666666666,0.16666666666666666,0.0,0.0,0.16666666666666666,0.16666666666666666
2011-02-01,0.005843457064596769,0.005176790397930102,0.16666666666666666,2,True,0.0006666666666666666,1.1912646174791977,-0.005710357581212411,1.1102230246251565e-16,0.16666666666666666,0.16666666666666666,0.0,0.0,0.0,0.16666666666666666,0.16666666666666666,0.0,0.0,0.16666666666666666,0.16666666666666666
2011-03-01,0.016606250164285092,0.015939583497618426,0.16666666666666666,2,True,0.0006666666666666666,1.1974269039765946,-0.012893499113865503,1.1102230246251565e-16,0.16666666666666666,0.16666666666666666,0.16666666666666666,0.0,0.0,0.16666666666666666,0.16666666666666666,0.0,0.0,0.16666666666666666,0.0
2011-04-01,0.03654014796983932,0.03587348130317265,0.16666666666666666,2,True,0.0006666666666666666,1.2165001335810102,0.0,1.1102230246251565e-16,0.16666666666666666,0.0,0.16666666666666666,0.0,0.0,0.16666666666666666,0.16666666666666666,0.0,0.0,0.16666666666666666,0.16666666666666666
2011-05-01,-0.029749092693832153,-0.029749092693832153,0.0,0,False,0.0,1.2680022021839077,0.0,1.1102230246251565e-16,0.16666666666666666,0.0,0.16666666666666666,0.0,0.0,0.16666666666666666,0.16666666666666666,0.0,0.0,0.16666666666666666,0.16666666666666666
2011-06-01,0.0029310851484391316,0.002264418481772465,0.16666666666666666,2,True,0.0006666666666666666,1.2294601002770655,-0.030395926632036052,1.1102230246251565e-16,0.16666666666666666,0.16666666666666666,0.16666666666666666,0.0,0.0,0.16666666666666666,0.0,0.0,0.0,0.16666666666666666,0.16666666666666666
2011-07-01,0.004461015059005295,0.002461015059005295,0.5,4,True,0.002,1.230597625012551,-0.029498826663655664,1.1102230246251565e-16,0.0,0.0,0.0,0.0,0.5,0.16666666666666666,0.0,0.0,0.0,0.16666666666666666,0.16666666666666666
2011-08-01,0.03704833684075037,0.03438167017408371,0.6666666666666667,7,True,0.002666666666666667,1.2327911066438442,-0.027768954564446835,1.1102230246251565e-16,0.16666666666666666,0.0,0.16666666666666666,0.0,0.16666666666666666,0.0,0.0,0.16666666666666666,0.16666666666666666,0.16666666666666666,0.0
2011-09-01,0.01990266323598246,0.018569329902649128,0.3333333333333333,3,True,0.0013333333333333333,1.276759348194644,-0.001645932032959041,1.1102230246251565e-16,0.0,0.0,0.16666666666666666,0.0,0.5,0.0,0.0,0.16666666666666666,0.16666666666666666,0.0,0.0
2011-10-01,0.0009247425107139304,0.0009247425107139304,0.0,0,False,0.0,1.285838672452329,-0.02170865109552267,1.1102230246251565e-16,0.0,0.0,0.16666666666666666,0.0,0.5,0.0,0.0,0.16666666666666666,0.16666666666666666,0.0,0.0
2011-11-01,-0.009883007006706208,-0.011216340340039542,0.3333333333333333,3,True,0.0013333333333333333,1.2853117051451526,-0.022109578185997347,1.1102230246251565e-16,0.0,0.0,0.16666666666666666,0.16666666666666666,0.16666666666666666,0.0,0.0,0.16666666666666666,0.16666666666666666,0.16666666666666666,0.0
2011-12-01,0.005727800206006457,0.003727800206006457,0.49999999999999994,6,True,0.0019999999999999996,1.2700637426362869,-0.03371052792442275,1.1102230246251565e-16,0.0,0.0,0.16666666666666666,0.0,0.3333333333333333,0.16666666666666666,0.16666666666666666,0.0,0.16666666666666666,0.0,0.0
2012-01-01,0.035731995412377406,0.033731995412377404,0.49999999999999994,5,True,0.0019999999999999996,1.2558719428095741,-0.04450792832409989,1.1102230246251565e-16,0.0,0.0,0.0,0.16666666666666666,0.0,0.16666666666666666,0.16666666666666666,0.16666666666666666,0.16666666666666666,0.16666666666666666,0.0
2012-02-01,1.0580262307621421e-05,-0.0006560864043590452,0.16666666666666666,2,True,0.0006666666666666666,1.2972798296287609,-0.013003993717460638,1.1102230246251565e-16,0.0,0.0,0.16666666666666666,0.0,0.0,0.16666666666666666,0.16666666666666666,0.16666666666666666,0.16666666666666666,0.16666666666666666,0.0
2012-03-01,0.015521197731550824,0.01418786439821749,0.3333333333333333,4,True,0.0013333333333333333,1.295563830449392,-0.014309559639429703,1.1102230246251565e-16,0.0,0.0,0.0,0.16666666666666666,0.16666666666666666,0.16666666666666666,0.16666666666666666,0.16666666666666666,0.0,0.16666666666666666,0.0
2012-04-01,-0.0053132468226581575,-0.006646580155991491,0.3333333333333333,4,True,0.0013333333333333333,1.3081802956413147,-0.004710704809940958,1.1102230246251565e-16,0.0,0.16666666666666666,0.0,0.0,0.16666666666666666,0.16666666666666666,0.16666666666666666,0.0,0.0,0.16666666666666666,0.16666666666666666
2012-05-01,-0.02676423387100496,-0.02876423387100496,0.49999999999999994,6,True,0.0019999999999999996,1.2968956487515233,-0.013296286084044429,1.1102230246251565e-16,0.0,0.0,0.0,0.16666666666666666,0.0,0.16666666666666666,0.16666666666666666,0.16666666666666666,0.16666666666666666,0.16666666666666666,0.0
2012-06-01,0.0078936240245841,0.0058936240245841005,0.49999999999999994,4,True,0.0019999999999999996,1.2596608598414447,-0.04162524573459081,1.1102230246251565e-16,0.0,0.0,0.0,0.0,0.5,0.0,0.0,0.16666666666666666,0.16666666666666666,0.16666666666666666,0.0
2012-07-01,0.013768264217399184,0.01243493088406585,0.3333333333333333,3,True,0.0013333333333333333,1.2610977918991377,-0.04053199956683984,1.1102230246251565e-16,0.0,0.0,0.0,0.16666666666666666,0.16666666666666666,0.0,0.16666666666666666,0.16666666666666666,0.16666666666666666,0.16666666666666666,0.0
2012-08-01,0.005170622021500334,0.005170622021500334,0.0,0,False,0.0,1.2767563049426476,-0.028618694907898257,1.1102230246251565e-16,0.0,0.0,0.0,0.16666666666666666,0.16666666666666666,0.0,0.16666666666666666,0.16666666666666666,0.16666666666666666,0.16666666666666666,0.0
2012-09-01,0.002032259124189138,0.0013655924575224714,0.16666666666666666,2,True,0.0006666666666666666,1.2840041480598767,-0.02310439333048553,1.1102230246251565e-16,0.0,0.0,0.0,0.16666666666666666,0.0,0.16666666666666666,0.16666666666666666,0.16666666666666666,0.16666666666666666,0.16666666666666666,0.0
2012-10-01,-0.0069093698204293515,-0.008242703153762685,0.3333333333333333,4,True,0.0013333333333333333,1.2840414937073712,-0.02307598002744382,1.1102230246251565e-16,0.0,0.0,0.16666666666666666,0.16666666666666666,0.0,0.16666666666666666,0.16666666666666666,0.0,0.0,0.16666666666666666,0.16666666666666666
2012-11-01,0.003942259758412688,0.0019422597584126881,0.49999999999999994,6,True,0.0019999999999999996,1.2726192370102458,-0.03176625754915863,1.1102230246251565e-16,0.0,0.16666666666666666,0.0,0.16666666666666666,0.16666666666666666,0.16666666666666666,0.16666666666666666,0.16666666666666666,0.0,0.0,0.0
2012-12-01,0.04104247856800277,0.0403758119013361,0.16666666666666666,2,True,0.0006666666666666666,1.2778831117367786,-0.027761398139491966,1.1102230246251565e-16,0.0,0.16666666666666666,0.0,0.16666666666666666,0.0,0.16666666666666666,0.16666666666666666,0.16666666666666666,0.0,0.0,0.16666666666666666
2013-01-01,0.020249828581920384,0.01958316191525372,0.16666666666666666,2,True,0.0006666666666666666,1.2974790250354,-0.01285244193477475,1.1102230246251565e-16,0.0,0.16666666666666666,0.0,0.16666666666666666,0.0,0.16666666666666666,0.16666666666666666,0.0,0.0,0.16666666666666666,0.16666666666666666
2013-02-01,-0.0035408744057179855,-0.0035408744057179855,0.0,0,False,0.0,1.32287025104575,-0.00045714573420496674,1.1102230246251565e-16,0.0,0.16666666666666666,0.0,0.16666666666666666,0.0,0.16666666666666666,0.16666666666666666,0.0,0.0,0.16666666666666666,0.16666666666666666
2013-03-01,0.01207351962311522,0.01207351962311522,0.0,0,False,0.0,1.3181861336317366,-0.01023325327849034,1.1102230246251565e-16,0.0,0.16666666666666666,0.0,0.16666666666666666,0.0,0.16666666666666666,0.16666666666666666,0.0,0.0,0.16666666666666666,0.16666666666666666
2013-04-01,0.024817968257706158,0.02415130159103949,0.16666666666666666,2,True,0.0006666666666666666,1.3332118789298695,-0.008265067505855095,1.1102230246251565e-16,0.0,0.16666666666666666,0.0,0.16666666666666666,0.16666666666666666,0.16666666666666666,0.16666666666666666,0.0,0.0,0.16666666666666666,0.0
2013-05-01,-0.008185071056669952,-0.008851737723336618,0.16666666666666666,2,True,0.0006666666666666666,1.3653886226959333,-0.007860003729146081,1.1102230246251565e-16,0.0,0.16666666666666666,0.0,0.16666666666666666,0.0,0.16666666666666666,0.16666666666666666,0.0,0.16666666666666666,0.16666666666666666,0.0
2013-06-01,-0.015585914379945921,-0.016252581046612587,0.16666666666666666,2,True,0.0006666666666666666,1.3477109050274803,-0.04136418216018756,1.1102230246251565e-16,0.0,0.16666666666666666,0.0,0.16666666666666666,0.16666666666666666,0.16666666666666666,0.16666666666666666,0.0,0.0,0.16666666666666666,0.0
2013-07-01,0.01221027172204825,0.01021027172204825,0.49999999999999994,4,True,0.0019999999999999996,1.3231694855982596,-0.05882065861794905,1.1102230246251565e-16,0.0,0.0,0.0,0.0,0.6666666666666666,0.16666666666666666,0.16666666666666666,0.0,0.0,0.0,0.0
2013-08-01,-0.018995787191437054,-0.020329120524770386,0.3333333333333333,3,True,0.0013333333333333333,1.3375399768923348,-0.048598831649668495,1.1102230246251565e-16,0.0,0.16666666666666666,0.0,0.16666666666666666,0.3333333333333333,0.16666666666666666,0.16666666666666666,0.0,0.0,0.0,0.0
2013-09-01,0.027167170771525452,0.026500504104858786,0.16666666666666666,2,True,0.0006666666666666666,1.3166790829562447,-0.06343732560611948,1.1102230246251565e-16,0.16666666666666666,0.16666666666666666,0.0,0.16666666666666666,0.16666666666666666,0.16666666666666666,0.16666666666666666,0.0,0.0,0.0,0.0
2013-10-01,0.02142930233798401,0.020762635671317343,0.16666666666666666,2,True,0.0006666666666666666,1.3506468635049533,-0.03927581517755274,1.1102230246251565e-16,0.0,0.16666666666666666,0.0,0.16666666666666666,0.16666666666666666,0.16666666666666666,0.16666666666666666,0.0,0.0,0.0,0.16666666666666666
2013-11-01,-0.0031774867846824373,-0.003844153451349104,0.16666666666666666,2,True,0.0006666666666666666,1.3786705566391873,-0.01934237404680783,1.1102230246251565e-16,0.0,0.16666666666666666,0.0,0.16666666666666666,0.0,0.16666666666666666,0.16666666666666666,0.0,0.0,0.16666666666666666,0.16666666666666666
2013-12-01,0.006459559174200897,0.00579289250753423,0.16666666666666666,2,True,0.0006666666666666666,1.385847204372549,-0.014237576316407985,1.1102230246251565e-16,0.0,0.16666666666666666,0.0,0.16666666666666666,0.0,0.16666666666666666,0.16666666666666666,0.16666666666666666,0.0,0.0,0.16666666666666666
2014-01-01,-0.03533606200776827,-0.03533606200776827,0.0,0,False,0.0,1.3888680356964294,-0.01289870768996837,1.1102230246251565e-16,0.0,0.16666666666666666,0.0,0.16666666666666666,0.0,0.16666666666666666,0.16666666666666666,0.16666666666666666,0.0,0.0,0.16666666666666666
2014-02-01,0.03973311306682348,0.038399779733490146,0.3333333333333333,4,True,0.0013333333333333333,1.3613260487590984,-0.03247344783797168,1.1102230246251565e-16,0.0,0.0,0.0,0.16666666666666666,0.16666666666666666,0.16666666666666666,0.16666666666666666,0.16666666666666666,0.0,0.16666666666666666,0.0
2014-03-01,0.01247430498189807,0.011807638315231404,0.16666666666666666,2,True,0.0006666666666666666,1.4146302685352696,0.0,1.1102230246251565e-16,0.0,0.16666666666666666,0.0,0.16666666666666666,0.0,0.16666666666666666,0.16666666666666666,0.16666666666666666,0.0,0.16666666666666666,0.0
2014-04-01,0.004360507835361443,0.004360507835361443,0.0,0,False,0.0,1.4313219467429756,0.0,1.1102230246251565e-16,0.0,0.16666666666666666,0.0,0.16666666666666666,0.0,0.16666666666666666,0.16666666666666666,0.16666666666666666,0.0,0.16666666666666666,0.0
2014-05-01,0.01255110947052292,0.011217776137189587,0.3333333333333333,4,True,0.0013333333333333333,1.4356464863235976,-2.7562520163337823e-05,1.1102230246251565e-16,0.16666666666666666,0.16666666666666666,0.0,0.16666666666666666,0.16666666666666666,0.0,0.16666666666666666,0.0,0.0,0.16666666666666666,0.0
2014-06-01,0.014536831215733625,0.013203497882400292,0.3333333333333333,4,True,0.0013333333333333333,1.4542812810066024,-9.661582912035005e-05,1.1102230246251565e-16,0.0,0.16666666666666666,0.0,0.0,0.16666666666666666,0.0,0.16666666666666666,0.0,0.16666666666666666,0.16666666666666666,0.16666666666666666
2014-07-01,-0.025842803705984962,-0.027176137039318295,0.3333333333333333,4,True,0.0013333333333333333,1.471490087041027,0.0,1.1102230246251565e-16,0.0,0.16666666666666666,0.16666666666666666,0.0,0.0,0.16666666666666666,0.16666666666666666,0.0,0.0,0.16666666666666666,0.16666666666666666
2014-08-01,0.024515446594496074,0.022515446594496075,0.49999999999999994,6,True,0.0019999999999999996,1.430595732251191,-0.029520817835795743,1.1102230246251565e-16,0.0,0.0,0.0,0.0,0.16666666666666666,0.0,0.16666666666666666,0.16666666666666666,0.16666666666666666,0.16666666666666666,0.16666666666666666
2014-09-01,-0.03976875108220244,-0.04043541774886911,0.16666666666666666,2,True,0.0006666666666666666,1.4721077436654841,-0.0013601418466823167,1.1102230246251565e-16,0.0,0.0,0.0,0.0,0.0,0.16666666666666666,0.16666666666666666,0.16666666666666666,0.16666666666666666,0.16666666666666666,0.16666666666666666
2014-10-01,0.012019983529105641,0.010019983529105641,0.49999999999999994,4,True,0.0019999999999999996,1.4097962383739677,-0.045229591442453865,1.1102230246251565e-16,0.0,0.0,0.0,0.0,0.5,0.0,0.16666666666666666,0.16666666666666666,0.16666666666666666,0.0,0.0
2014-11-01,0.009390920431147476,0.008057587097814142,0.3333333333333333,3,True,0.0013333333333333333,1.427328921524222,-0.03335575705502103,1.1102230246251565e-16,0.0,0.0,0.0,0.0,0.16666666666666666,0.16666666666666666,0.16666666666666666,0.16666666666666666,0.16666666666666666,0.16666666666666666,0.0
2014-12-01,0.023517422524732136,0.023517422524732136,0.0,0,False,0.0,1.4388118767168583,-0.02557904044711856,1.1102230246251565e-16,0.0,0.0,0.0,0.0,0.16666666666666666,0.16666666666666666,0.16666666666666666,0.16666666666666666,0.16666666666666666,0.16666666666666666,0.0
2015-01-01,0.02829620637887085,0.02829620637887085,0.0,0,False,0.0,1.451426170581475,-0.017036136033728888,1.1102230246251565e-16,0.0,0.0,0.0,0.0,0.16666666666666666,0.16666666666666666,0.16666666666666666,0.16666666666666666,0.16666666666666666,0.16666666666666666,0.0
2015-02-01,-0.026404265559112385,-0.02707093222577905,0.16666666666666666,2,True,0.0006666666666666666,1.4884729439097593,-0.0038593863971138065,1.1102230246251565e-16,0.0,0.0,0.16666666666666666,0.0,0.16666666666666666,0.16666666666666666,0.0,0.16666666666666666,0.16666666666666666,0.16666666666666666,0.0
2015-03-01,0.006673421729638713,0.00534008839630538,0.3333333333333333,4,True,0.0013333333333333333,1.453987833246648,-0.026938085567743686,1.1102230246251565e-16,0.0,0.0,0.0,0.0,0.0,0.16666666666666666,0.16666666666666666,0.16666666666666666,0.16666666666666666,0.16666666666666666,0.16666666666666666
2015-04-01,-0.013495610408767063,-0.01416227707543373,0.16666666666666666,2,True,0.0006666666666666666,1.4607648264917554,-0.02240267346154068,1.1102230246251565e-16,0.0,0.16666666666666666,0.0,0.0,0.0,0.16666666666666666,0.16666666666666666,0.16666666666666666,0.16666666666666666,0.16666666666666666,0.0
2015-05-01,-0.0062181429121179,-0.0082181429121179,0.49999999999999994,6,True,0.0019999999999999996,1.438168811667603,-0.03752475422492185,1.1102230246251565e-16,0.0,0.16666666666666666,0.0,0.16666666666666666,0.16666666666666666,0.16666666666666666,0.16666666666666666,0.0,0.0,0.0,0.16666666666666666
2015-06-01,-0.01306691042345522,-0.013733577090121886,0.16666666666666666,2,True,0.0006666666666666666,1.4282732550832604,-0.04414722314395836,1.1102230246251565e-16,0.0,0.16666666666666666,0.0,0.16666666666666666,0.3333333333333333,0.16666666666666666,0.16666666666666666,0.0,0.0,0.0,0.0
2015-07-01,0.01401397604787315,0.012680642714539817,0.3333333333333333,3,True,0.0013333333333333333,1.4077306562170058,-0.057895082736137415,1.1102230246251565e-16,0.0,0.0,0.0,0.0,0.6666666666666666,0.16666666666666666,0.16666666666666666,0.0,0.0,0.0,0.0
2015-08-01,-0.04259252646595494,-0.04325919313262161,0.16666666666666663,2,True,0.0006666666666666665,1.4267231718502655,-0.045184595619668366,1.1102230246251565e-16,0.0,0.16666666666666666,0.0,0.0,0.5,0.16666666666666666,0.16666666666666666,0.0,0.0,0.0,0.0
2015-09-01,0.012341228653527823,0.010341228653527823,0.4999999999999999,4,True,0.0019999999999999996,1.3623147008611622,-0.08828910354829811,1.1102230246251565e-16,0.0,0.0,0.0,0.0,0.9999999999999999,0.0,0.0,0.0,0.0,0.0,0.0
2015-10-01,-0.008935046319616391,-0.010268379652949723,0.33333333333333326,3,True,0.001333333333333333,1.3772885016317755,-0.07826808761472903,1.1102230246251565e-16,0.0,0.0,0.0,0.0,0.6666666666666666,0.0,0.0,0.16666666666666666,0.16666666666666666,0.0,0.0
2015-11-01,0.0016455061819929577,0.00031217284865962445,0.3333333333333333,3,True,0.0013333333333333333,1.3697803374176747,-0.08329282611459066,1.1102230246251565e-16,0.0,0.0,0.0,0.0,0.3333333333333333,0.0,0.16666666666666666,0.16666666666666666,0.16666666666666666,0.16666666666666666,0.0
2015-12-01,-0.026288196452163494,-0.02695486311883016,0.16666666666666666,2,True,0.0006666666666666666,1.369291470378068,-0.08361999384363561,1.1102230246251565e-16,0.0,0.0,0.0,0.0,0.16666666666666666,0.16666666666666666,0.16666666666666666,0.16666666666666666,0.16666666666666666,0.16666666666666666,0.0
2016-01-01,0.008325149523021269,0.006325149523021269,0.49999999999999994,4,True,0.0019999999999999996,1.341664306405715,-0.10210910389708372,1.1102230246251565e-16,0.0,0.0,0.0,0.0,0.6666666666666666,0.0,0.16666666666666666,0.0,0.0,0.16666666666666666,0.0
2016-02-01,0.026157096108153383,0.02482376277482005,0.33333333333333326,4,True,0.001333333333333333,1.3483280237153215,-0.09764950019597007,1.1102230246251565e-16,0.0,0.0,0.16666666666666666,0.0,0.5,0.0,0.0,0.0,0.16666666666666666,0.16666666666666666,0.0
2016-03-01,0.012857198196277526,0.01219053152961086,0.16666666666666666,2,True,0.0006666666666666666,1.3826739718373493,-0.07466393369505553,1.1102230246251565e-16,0.0,0.0,0.16666666666666666,0.0,0.5,0.0,0.0,0.16666666666666666,0.16666666666666666,0.0,0.0
2016-04-01,0.010312026760972776,0.008312026760972776,0.49999999999999994,4,True,0.0019999999999999996,1.397650382563828,-0.06464117108342438,1.1102230246251565e-16,0.0,0.0,0.16666666666666666,0.0,0.0,0.16666666666666666,0.16666666666666666,0.16666666666666666,0.16666666666666666,0.16666666666666666,0.0
2016-05-01,-0.0011697845938270315,-0.0011697845938270315,0.0,0,False,0.0,1.4082462281179626,-0.05755004313573564,1.1102230246251565e-16,0.0,0.0,0.16666666666666666,0.0,0.0,0.16666666666666666,0.16666666666666666,0.16666666666666666,0.16666666666666666,0.16666666666666666,0.0
2016-06-01,0.0494973842214286,0.0494973842214286,0.0,0,False,0.0,1.4065988833759955,-0.05865250657572818,1.1102230246251565e-16,0.0,0.0,0.16666666666666666,0.0,0.0,0.16666666666666666,0.16666666666666666,0.16666666666666666,0.16666666666666666,0.16666666666666666,0.0
2016-07-01,-0.007110686344304838,-0.008444019677638172,0.3333333333333333,4,True,0.0013333333333333333,1.4742535529535548,-0.013375523650483778,1.1102230246251565e-16,0.16666666666666666,0.0,0.16666666666666666,0.16666666666666666,0.0,0.0,0.0,0.16666666666666666,0.16666666666666666,0.16666666666666666,0.0
2016-08-01,-0.0061440894143188745,-0.008144089414318875,0.49999999999999994,6,True,0.0019999999999999996,1.4608430571498316,-0.022350318639736577,1.1102230246251565e-16,0.0,0.0,0.16666666666666666,0.0,0.0,0.16666666666666666,0.16666666666666666,0.0,0.16666666666666666,0.16666666666666666,0.16666666666666666
2016-09-01,-0.00626740061638679,-0.006934067283053457,0.16666666666666666,2,True,0.0006666666666666666,1.4508995951152253,-0.029004847640762388,1.1102230246251565e-16,0.0,0.0,0.0,0.0,0.0,0.16666666666666666,0.16666666666666666,0.16666666666666666,0.16666666666666666,0.16666666666666666,0.16666666666666666
2016-10-01,-0.030204415296789112,-0.031537748630122445,0.3333333333333333,4,True,0.0013333333333333333,1.4475229429496426,-0.031264626949422114,1.1102230246251565e-16,0.0,0.0,0.16666666666666666,0.16666666666666666,0.0,0.16666666666666666,0.16666666666666666,0.0,0.0,0.16666666666666666,0.16666666666666666
2016-11-01,-0.025520234298983997,-0.028186900965650664,0.6666666666666666,6,True,0.0026666666666666666,1.3981911446875648,-0.06427927326327487,1.1102230246251565e-16,0.16666666666666666,0.0,0.0,0.16666666666666666,0.5,0.0,0.0,0.0,0.0,0.0,0.16666666666666666
2016-12-01,0.01957865563492008,0.018245322301586746,0.3333333333333333,4,True,0.0013333333333333333,1.3606923004416,-0.08937487333408078,1.1102230246251565e-16,0.16666666666666666,0.0,0.0,0.16666666666666666,0.3333333333333333,0.16666666666666666,0.16666666666666666,0.0,0.0,0.0,0.0
2017-01-01,0.00931043255736778,0.008643765890701115,0.16666666666666666,2,True,0.0006666666666666666,1.3864151424893072,-0.0721602052637913,1.1102230246251565e-16,0.16666666666666666,0.16666666666666666,0.0,0.16666666666666666,0.16666666666666666,0.16666666666666666,0.16666666666666666,0.0,0.0,0.0,0.0
2017-02-01,0.025221705284218465,0.0245550386175518,0.16666666666666666,2,True,0.0006666666666666666,1.3974581247351925,-0.06476983706433492,1.1102230246251565e-16,0.16666666666666666,0.16666666666666666,0.0,0.16666666666666666,0.0,0.16666666666666666,0.16666666666666666,0.0,0.0,0.0,0.16666666666666666
2017-03-01,-0.011614735887096123,-0.01228140255376279,0.16666666666666666,2,True,0.0006666666666666666,1.4317492654364972,-0.041820949696845466,1.1102230246251565e-16,0.16666666666666666,0.16666666666666666,0.0,0.0,0.0,0.16666666666666666,0.16666666666666666,0.0,0.0,0.16666666666666666,0.16666666666666666
2017-04-01,0.017034256141722933,0.0157009228083896,0.3333333333333333,4,True,0.0013333333333333333,1.4185263458771729,-0.05067021179283515,1.1102230246251565e-16,0.0,0.16666666666666666,0.0,0.16666666666666666,0.16666666666666666,0.16666666666666666,0.16666666666666666,0.0,0.0,0.0,0.16666666666666666
2017-05-01,0.011065100303430535,0.01039843363676387,0.16666666666666666,2,True,0.0006666666666666666,1.439805789613645,-0.03642922862447573,1.1102230246251565e-16,0.0,0.16666666666666666,0.0,0.16666666666666666,0.0,0.16666666666666666,0.16666666666666666,0.0,0.0,0.16666666666666666,0.16666666666666666
2017-06-01,-0.007844279865962459,-0.009177613199295793,0.3333333333333333,4,True,0.0013333333333333333,1.4537964019130556,-0.02706619842789859,1.1102230246251565e-16,0.0,0.16666666666666666,0.16666666666666666,0.16666666666666666,0.16666666666666666,0.0,0.16666666666666666,0.0,0.0,0.0,0.16666666666666666
2017-07-01,0.022596232102231606,0.021262898768898274,0.3333333333333333,4,True,0.0013333333333333333,1.445942674654241,-0.03232220037450817,1.1102230246251565e-16,0.0,0.16666666666666666,0.0,0.16666666666666666,0.0,0.16666666666666666,0.16666666666666666,0.16666666666666666,0.0,0.0,0.16666666666666666
2017-08-01,0.0016640754466895058,0.0016640754466895058,0.0,0,False,0.0,1.4766440435626669,-0.011775719776375038,1.1102230246251565e-16,0.0,0.16666666666666666,0.0,0.16666666666666666,0.0,0.16666666666666666,0.16666666666666666,0.16666666666666666,0.0,0.0,0.16666666666666666
2017-09-01,-0.0028789646090985515,-0.0042122979424318845,0.3333333333333333,4,True,0.0013333333333333333,1.4771291556048483,-0.011451065029144392,1.1102230246251565e-16,0.0,0.16666666666666666,0.16666666666666666,0.16666666666666666,0.16666666666666666,0.0,0.16666666666666666,0.0,0.0,0.0,0.16666666666666666
2017-10-01,0.017180198109542612,0.01584686477620928,0.3333333333333333,4,True,0.0013333333333333333,1.4738015552705468,-0.013678017055648417,1.1102230246251565e-16,0.16666666666666666,0.16666666666666666,0.0,0.16666666666666666,0.0,0.16666666666666666,0.16666666666666666,0.0,0.0,0.0,0.16666666666666666
2017-11-01,0.010694544779689747,0.010694544779689747,0.0,0,False,0.0,1.4971229289536279,-0.00034043983626941277,1.1102230246251565e-16,0.16666666666666666,0.16666666666666666,0.0,0.16666666666666666,0.0,0.16666666666666666,0.16666666666666666,0.0,0.0,0.0,0.16666666666666666
2017-12-01,0.022783987146638835,0.02211732047997217,0.16666666666666666,2,True,0.0006666666666666666,1.5121252211732508,-0.0063877495703568155,1.1102230246251565e-16,0.16666666666666666,0.16666666666666666,0.0,0.0,0.0,0.16666666666666666,0.16666666666666666,0.0,0.0,0.16666666666666666,0.16666666666666666
2018-01-01,0.038350927673714875,0.037684261007048206,0.16666666666666666,2,True,0.0006666666666666666,1.519972063497113,-0.01068239668787374,1.1102230246251565e-16,0.16666666666666666,0.16666666666666666,0.16666666666666666,0.0,0.0,0.16666666666666666,0.16666666666666666,0.0,0.0,0.0,0.16666666666666666
2018-02-01,-0.045073587176191234,-0.045073587176191234,0.0,0,False,0.0,1.577212225902244,-0.013467283209962155,1.1102230246251565e-16,0.16666666666666666,0.16666666666666666,0.16666666666666666,0.0,0.0,0.16666666666666666,0.16666666666666666,0.0,0.0,0.0,0.16666666666666666
2018-03-01,-0.003391340310328394,-0.004058006976995061,0.16666666666666666,2,True,0.0006666666666666666,1.5051175320672563,-0.05856189572128101,1.1102230246251565e-16,0.16666666666666666,0.16666666666666666,0.16666666666666666,0.0,0.16666666666666666,0.0,0.16666666666666666,0.0,0.0,0.0,0.16666666666666666
2018-04-01,0.0005468171452632604,-0.0007865161880700729,0.3333333333333333,4,True,0.0013333333333333333,1.5132083842255664,-0.053501137105668506,1.1102230246251565e-16,0.16666666666666666,0.0,0.16666666666666666,0.0,0.3333333333333333,0.16666666666666666,0.0,0.0,0.0,0.0,0.16666666666666666
2018-05-01,0.018166167035443492,0.01683283370211016,0.3333333333333333,4,True,0.0013333333333333333,1.5100010952469698,-0.05550726884724544,1.1102230246251565e-16,0.16666666666666666,0.16666666666666666,0.0,0.0,0.5,0.16666666666666666,0.0,0.0,0.0,0.0,0.0
2018-06-01,0.003500208786122283,0.00216687545278895,0.3333333333333333,4,True,0.0013333333333333333,1.5353821179971072,-0.03963165685452252,1.1102230246251565e-16,0.16666666666666666,0.0,0.0,0.0,0.3333333333333333,0.16666666666666666,0.16666666666666666,0.0,0.0,0.16666666666666666,0.0
2018-07-01,0.010823540268010929,0.010156873601344263,0.16666666666666666,2,True,0.0006666666666666666,1.54444242529179,-0.033964512367823496,1.1102230246251565e-16,0.16666666666666666,0.0,0.0,0.16666666666666666,0.16666666666666666,0.16666666666666666,0.16666666666666666,0.0,0.0,0.16666666666666666,0.0
2018-08-01,0.011930631543379661,0.011263964876712995,0.16666666666666666,2,True,0.0006666666666666666,1.559077908908467,-0.024810142919769795,1.1102230246251565e-16,0.0,0.16666666666666666,0.0,0.16666666666666666,0.16666666666666666,0.16666666666666666,0.16666666666666666,0.0,0.0,0.16666666666666666,0.0
2018-09-01,-0.014469340770797959,-0.015136007437464625,0.16666666666666666,2,True,0.0006666666666666666,1.5857473515952338,-0.008128635309719745,1.1102230246251565e-16,0.0,0.0,0.0,0.16666666666666666,0.16666666666666666,0.16666666666666666,0.16666666666666666,0.0,0.16666666666666666,0.16666666666666666,0.0
2018-10-01,-0.04176089752409142,-0.04242756419075809,0.16666666666666666,2,True,0.0006666666666666666,1.5607195905238416,-0.02378328515293171,1.1102230246251565e-16,0.16666666666666666,0.0,0.0,0.16666666666666666,0.16666666666666666,0.16666666666666666,0.16666666666666666,0.0,0.0,0.16666666666666666,0.0
2018-11-01,0.014801682324915742,0.011468348991582408,0.8333333333333334,6,True,0.0033333333333333335,1.490557397841332,-0.06766913477182268,1.1102230246251565e-16,0.0,0.0,0.0,0.0,0.9999999999999999,0.0,0.0,0.0,0.0,0.0,0.0
2018-12-01,0.008009625606637961,0.006676292273304628,0.33333333333333326,3,True,0.001333333333333333,1.5092501209116205,-0.05597699685158419,1.1102230246251565e-16,0.0,0.0,0.16666666666666666,0.0,0.6666666666666666,0.0,0.0,0.0,0.0,0.16666666666666666,0.0
2019-01-01,0.00725404212202759,0.005920708788694257,0.33333333333333326,4,True,0.001333333333333333,1.5216092284013223,-0.048246481142488085,1.1102230246251565e-16,0.0,0.0,0.16666666666666666,0.0,0.5,0.0,0.0,0.16666666666666666,0.16666666666666666,0.0,0.0
2019-02-01,-0.0014821466850682978,-0.0034821466850682974,0.49999999999999994,4,True,0.0019999999999999996,1.5275423094100753,-0.04453538986994099,1.1102230246251565e-16,0.0,0.0,0.16666666666666666,0.16666666666666666,0.0,0.0,0.0,0.16666666666666666,0.16666666666666666,0.16666666666666666,0.16666666666666666
2019-03-01,0.025521157306526335,0.02485449063985967,0.16666666666666666,2,True,0.0006666666666666666,1.5242614154614553,-0.04658756088882876,1.1102230246251565e-16,0.0,0.0,0.16666666666666666,0.16666666666666666,0.0,0.0,0.16666666666666666,0.16666666666666666,0.16666666666666666,0.16666666666666666,0.0
2019-04-01,0.005697627435424623,0.005030960768757956,0.16666666666666666,2,True,0.0006666666666666666,1.5621202226011681,-0.022907201804238553,1.1102230246251565e-16,0.0,0.0,0.0,0.16666666666666666,0.0,0.0,0.16666666666666666,0.16666666666666666,0.16666666666666666,0.16666666666666666,0.16666666666666666
2019-05-01,-0.005501177089374808,-0.005501177089374808,0.0,0,False,0.0,1.5710206016388921,-0.01734009107028256,1.1102230246251565e-16,0.0,0.0,0.0,0.16666666666666666,0.0,0.0,0.16666666666666666,0.16666666666666666,0.16666666666666666,0.16666666666666666,0.16666666666666666
2019-06-01,0.033526172664039004,0.032859505997372335,0.16666666666666666,2,True,0.0006666666666666666,1.5580081601043263,-0.02547926161965064,1.1102230246251565e-16,0.0,0.0,0.16666666666666666,0.16666666666666666,0.0,0.0,0.16666666666666666,0.16666666666666666,0.16666666666666666,0.16666666666666666,0.0
2019-07-01,0.01096686113589477,0.010300194469228105,0.16666666666666666,2,True,0.0006666666666666666,1.608095936740914,-0.007208034190713253,1.1102230246251565e-16,0.0,0.16666666666666666,0.16666666666666666,0.0,0.0,0.0,0.16666666666666666,0.16666666666666666,0.16666666666666666,0.16666666666666666,0.0
2019-08-01,0.03780895088445613,0.03714228421778946,0.16666666666666666,2,True,0.0006666666666666666,1.6246478804379665,-0.005160862892272466,1.1102230246251565e-16,0.0,0.0,0.16666666666666666,0.16666666666666666,0.0,0.0,0.16666666666666666,0.16666666666666666,0.16666666666666666,0.16666666666666666,0.0
2019-09-01,-0.0090919884118937,-0.0090919884118937,0.0,0,False,0.0,1.681654000953111,-0.00044126772869546027,1.1102230246251565e-16,0.0,0.0,0.16666666666666666,0.16666666666666666,0.0,0.0,0.16666666666666666,0.16666666666666666,0.16666666666666666,0.16666666666666666,0.0
2019-10-01,0.01331800741125235,0.01331800741125235,0.0,0,False,0.0,1.666364422263631,-0.014286879559434307,1.1102230246251565e-16,0.0,0.0,0.16666666666666666,0.16666666666666666,0.0,0.0,0.16666666666666666,0.16666666666666666,0.16666666666666666,0.16666666666666666,0.0
2019-11-01,-0.01021794230332688,-0.010884608969993546,0.16666666666666666,2,True,0.0006666666666666666,1.6874313712718594,-0.0018250388194273048,1.1102230246251565e-16,0.0,0.16666666666666666,0.16666666666666666,0.0,0.0,0.0,0.16666666666666666,0.16666666666666666,0.16666666666666666,0.16666666666666666,0.0
2019-12-01,0.02494759134744131,0.024280924680774644,0.16666666666666666,2,True,0.0006666666666666666,1.6833728319064178,-0.004225807492168054,1.1102230246251565e-16,0.0,0.16666666666666666,0.0,0.0,0.0,0.16666666666666666,0.16666666666666666,0.16666666666666666,0.16666666666666666,0.16666666666666666,0.0
2020-01-01,-0.013700407652210552,-0.015033740985543886,0.3333333333333333,4,True,0.0013333333333333333,1.680656359355764,-0.02349297492168312,1.1102230246251565e-16,0.0,0.16666666666666666,0.16666666666666666,0.0,0.0,0.16666666666666666,0.16666666666666666,0.0,0.0,0.16666666666666666,0.16666666666666666
2020-02-01,-0.012538596608271243,-0.013871929941604577,0.3333333333333333,4,True,0.0013333333333333333,1.6493672539985416,-0.041672795573095334,1.1102230246251565e-16,0.0,0.16666666666666666,0.16666666666666666,0.0,0.0,0.0,0.16666666666666666,0.16666666666666666,0.16666666666666666,0.16666666666666666,0.0
2020-03-01,0.023159526248768936,0.021159526248768937,0.49999999999999994,4,True,0.0019999999999999996,1.6018128446876922,-0.06930319991303702,1.1102230246251565e-16,0.0,0.0,0.16666666666666666,0.0,0.5,0.0,0.0,0.16666666666666666,0.16666666666666666,0.0,0.0
2020-04-01,0.01198851626013464,0.011321849593467975,0.16666666666666663,2,True,0.0006666666666666665,1.6345418296664544,-0.050286770065536834,1.1102230246251565e-16,0.0,0.0,0.16666666666666666,0.0,0.6666666666666666,0.0,0.0,0.0,0.16666666666666666,0.0,0.0
2020-05-01,0.0040929719183396465,0.00342630525167298,0.16666666666666663,2,True,0.0006666666666666665,1.6530348025953006,-0.039541850154292346,1.1102230246251565e-16,0.0,0.0,0.16666666666666666,0.0,0.5,0.0,0.0,0.16666666666666666,0.16666666666666666,0.0,0.0
2020-06-01,0.01192269201366262,0.011256025346995954,0.16666666666666669,2,True,0.0006666666666666668,1.6586940938706132,-0.036253648103621194,1.1102230246251565e-16,0.0,0.0,0.16666666666666666,0.0,0.3333333333333333,0.0,0.16666666666666666,0.16666666666666666,0.16666666666666666,0.0,0.0
2020-07-01,0.059549543450369516,0.058216210117036184,0.3333333333333333,3,True,0.0013333333333333333,1.6762322324397851,-0.02606351290777531,1.1102230246251565e-16,0.0,0.16666666666666666,0.16666666666666666,0.0,0.0,0.0,0.16666666666666666,0.16666666666666666,0.16666666666666666,0.0,0.16666666666666666
2020-08-01,0.010125802243216426,0.00945913557654976,0.16666666666666666,2,True,0.0006666666666666666,1.7669028119787507,-0.006846873078141469,1.1102230246251565e-16,0.0,0.0,0.16666666666666666,0.16666666666666666,0.0,0.0,0.16666666666666666,0.16666666666666666,0.16666666666666666,0.0,0.16666666666666666
2020-09-01,-0.02756563774155102,-0.02889897107488435,0.3333333333333333,4,True,0.0013333333333333333,1.781226118678621,-0.007916041275870311,1.1102230246251565e-16,0.0,0.16666666666666666,0.16666666666666666,0.0,0.0,0.16666666666666666,0.16666666666666666,0.16666666666666666,0.0,0.0,0.16666666666666666
2020-10-01,-0.0016359305009436267,-0.0016359305009436267,0.0,0,False,0.0,1.7321254847553371,-0.03526346829126348,1.1102230246251565e-16,0.0,0.16666666666666666,0.16666666666666666,0.0,0.0,0.16666666666666666,0.16666666666666666,0.16666666666666666,0.0,0.0,0.16666666666666666
2020-11-01,0.059184014064953654,0.05785068073162032,0.3333333333333333,4,True,0.0013333333333333333,1.7093564618594697,-0.047945059995953776,1.1102230246251565e-16,0.0,0.0,0.16666666666666666,0.16666666666666666,0.16666666666666666,0.16666666666666666,0.16666666666666666,0.0,0.0,0.0,0.16666666666666666
2020-12-01,0.03323841054675425,0.03123841054675425,0.49999999999999994,6,True,0.0019999999999999996,1.8044927900058163,-0.004758194540486871,1.1102230246251565e-16,0.16666666666666666,0.16666666666666666,0.0,0.0,0.0,0.16666666666666666,0.16666666666666666,0.16666666666666666,0.0,0.0,0.16666666666666666
2021-01-01,0.029414824976590422,0.028748158309923756,0.16666666666666666,2,True,0.0006666666666666666,1.8355903363662016,-0.019215119691667115,1.1102230246251565e-16,0.16666666666666666,0.16666666666666666,0.16666666666666666,0.0,0.0,0.16666666666666666,0.16666666666666666,0.0,0.0,0.0,0.16666666666666666
2021-02-01,0.04350837552859473,0.04284170886192806,0.16666666666666666,2,True,0.0006666666666666666,1.8870652994477506,-0.015914907148751545,1.1102230246251565e-16,0.16666666666666666,0.16666666666666666,0.0,0.0,0.0,0.16666666666666666,0.16666666666666666,0.0,0.0,0.16666666666666666,0.16666666666666666
2021-03-01,0.02147899774629027,0.02147899774629027,0.0,0,False,0.0,1.9691684451431046,-0.016711659558378722,1.1102230246251565e-16,0.16666666666666666,0.16666666666666666,0.0,0.0,0.0,0.16666666666666666,0.16666666666666666,0.0,0.0,0.16666666666666666,0.16666666666666666
2021-04-01,0.03750084150443115,0.03750084150443115,0.0,0,False,0.0,2.011464209738399,-0.00658521463000894,1.1102230246251565e-16,0.16666666666666666,0.16666666666666666,0.0,0.0,0.0,0.16666666666666666,0.16666666666666666,0.0,0.0,0.16666666666666666,0.16666666666666666
2021-05-01,0.028290512213662,0.028290512213662,0.0,0,False,0.0,2.0754035436805274,-0.008597019625503965,1.1102230246251565e-16,0.16666666666666666,0.16666666666666666,0.0,0.0,0.0,0.16666666666666666,0.16666666666666666,0.0,0.0,0.16666666666666666,0.16666666666666666
2021-06-01,0.005023664967948315,0.005023664967948315,0.0,0,False,0.0,2.1341177729812983,0.0,1.1102230246251565e-16,0.16666666666666666,0.16666666666666666,0.0,0.0,0.0,0.16666666666666666,0.16666666666666666,0.0,0.0,0.16666666666666666,0.16666666666666666
2021-07-01,-0.003276483922766878,-0.003276483922766878,0.0,0,False,0.0,2.1448388656749007,-0.0064715721293591155,1.1102230246251565e-16,0.16666666666666666,0.16666666666666666,0.0,0.0,0.0,0.16666666666666666,0.16666666666666666,0.0,0.0,0.16666666666666666,0.16666666666666666
2021-08-01,0.0171495902207204,0.016482923554053733,0.16666666666666666,2,True,0.0006666666666666666,2.1408878426947444,-0.008301757936217014,1.1102230246251565e-16,0.16666666666666666,0.16666666666666666,0.0,0.0,0.16666666666666666,0.16666666666666666,0.16666666666666666,0.0,0.0,0.16666666666666666,0.0
2021-09-01,-0.013980560766900369,-0.013980560766900369,0.0,0,False,0.0,2.1761514564442113,0.0,1.1102230246251565e-16,0.16666666666666666,0.16666666666666666,0.0,0.0,0.16666666666666666,0.16666666666666666,0.16666666666666666,0.0,0.0,0.16666666666666666,0.0
2021-10-01,0.01244176629949656,0.01044176629949656,0.49999999999999994,4,True,0.0019999999999999996,2.141436183491876,-0.020716174420003952,1.1102230246251565e-16,0.16666666666666666,0.0,0.0,0.0,0.6666666666666666,0.0,0.16666666666666666,0.0,0.0,0.0,0.0
2021-11-01,-0.04560638001236053,-0.04760638001236053,0.49999999999999994,4,True,0.0019999999999999996,2.163743273168103,-0.010515089613418405,1.1102230246251565e-16,0.16666666666666666,0.16666666666666666,0.0,0.0,0.16666666666666666,0.16666666666666666,0.16666666666666666,0.0,0.0,0.16666666666666666,0.0
2021-12-01,0.011755966570069238,0.009755966570069238,0.5,5,True,0.002,2.060932649652405,-0.058918910929235624,1.1102230246251565e-16,0.0,0.0,0.0,0.0,0.5,0.0,0.16666666666666666,0.0,0.16666666666666666,0.16666666666666666,0.0
2022-01-01,-0.02403210392312133,-0.02603210392312133,0.5,5,True,0.002,2.0531815662958643,-0.06245827839370943,1.1102230246251565e-16,0.16666666666666666,0.0,0.16666666666666666,0.0,0.16666666666666666,0.16666666666666666,0.16666666666666666,0.0,0.0,0.16666666666666666,0.0
2022-02-01,0.03519816333883078,0.03319816333883078,0.49999999999999994,4,True,0.0019999999999999996,1.9958319517046916,-0.08864576092320986,1.1102230246251565e-16,0.16666666666666666,0.0,0.16666666666666666,0.0,0.6666666666666666,0.0,0.0,0.0,0.0,0.0,0.0
2022-03-01,-0.03060943719042817,-0.03060943719042817,0.0,0,False,0.0,2.0660815707376514,-0.056567765556648886,1.1102230246251565e-16,0.16666666666666666,0.0,0.16666666666666666,0.0,0.6666666666666666,0.0,0.0,0.0,0.0,0.0,0.0
2022-04-01,-0.029769720421381374,-0.03043638708804804,0.16666666666666663,2,True,0.0006666666666666665,2.001504750016743,-0.08605539815008156,1.1102230246251565e-16,0.16666666666666666,0.0,0.16666666666666666,0.0,0.5,0.0,0.0,0.0,0.0,0.16666666666666666,0.0
2022-05-01,0.009070527113717659,0.008403860447050993,0.16666666666666663,2,True,0.0006666666666666665,1.9573914238940668,-0.10619881088948568,1.1102230246251565e-16,0.16666666666666666,0.0,0.16666666666666666,0.0,0.6666666666666666,0.0,0.0,0.0,0.0,0.0,0.0
2022-06-01,-0.0073772937053931025,-0.00804396037205977,0.16666666666666663,2,True,0.0006666666666666665,1.9725133457248198,-0.09929370670389848,1.1102230246251565e-16,0.16666666666666666,0.0,0.0,0.0,0.8333333333333333,0.0,0.0,0.0,0.0,0.0,0.0
2022-07-01,0.013099417209816737,0.013099417209816737,0.0,0,False,0.0,1.9579615354356001,-0.10593848157183983,1.1102230246251565e-16,0.16666666666666666,0.0,0.0,0.0,0.8333333333333333,0.0,0.0,0.0,0.0,0.0,0.0
2022-08-01,-0.05409038789278467,-0.05475705455945134,0.16666666666666666,2,True,0.0006666666666666666,1.9822872840087302,-0.09483064553288734,1.1102230246251565e-16,0.0,0.0,0.0,0.0,0.8333333333333333,0.16666666666666666,0.0,0.0,0.0,0.0,0.0
2022-09-01,-0.030212074002337826,-0.030878740669004492,0.16666666666666663,2,True,0.0006666666666666665,1.8738145528378305,-0.14436241261999105,1.1102230246251565e-16,0.0,0.0,0.0,0.0,0.9999999999999999,0.0,0.0,0.0,0.0,0.0,0.0
2022-10-01,-0.026304962236883164,-0.026304962236883164,0.0,0,False,0.0,1.7993960034197254,-0.1783440614357681,1.1102230246251565e-16,0.0,0.0,0.0,0.0,0.9999999999999999,0.0,0.0,0.0,0.0,0.0,0.0
2022-11-01,0.04373622972979174,0.04306956306312507,0.16666666666666663,2,True,0.0006666666666666665,1.75089491752757,-0.20049105141149703,1.1102230246251565e-16,0.0,0.0,0.0,0.0,0.8333333333333333,0.16666666666666666,0.0,0.0,0.0,0.0,0.0
2022-12-01,-0.028140307479031935,-0.030806974145698603,0.6666666666666667,5,True,0.002666666666666667,1.8225991999802846,-0.16774881491336624,1.1102230246251565e-16,0.0,0.16666666666666666,0.16666666666666666,0.0,0.16666666666666666,0.16666666666666666,0.16666666666666666,0.0,0.0,0.0,0.16666666666666666
2023-01-01,0.05562492478232428,0.05429159144899095,0.3333333333333333,3,True,0.0013333333333333333,1.76228495160027,-0.1952900344488624,1.1102230246251565e-16,0.0,0.16666666666666666,0.16666666666666666,0.0,0.5,0.0,0.0,0.0,0.0,0.0,0.16666666666666666
2023-02-01,-0.044149777148912335,-0.04548311048224567,0.3333333333333333,3,True,0.0013333333333333333,1.8553543949139726,-0.1527918513628499,1.1102230246251565e-16,0.0,0.16666666666666666,0.16666666666666666,0.0,0.16666666666666666,0.16666666666666666,0.16666666666666666,0.0,0.0,0.0,0.16666666666666666
2023-03-01,0.02730932916302301,0.026642662496356342,0.16666666666666666,2,True,0.0006666666666666666,1.7722586179050355,-0.190735771722373,1.1102230246251565e-16,0.0,0.16666666666666666,0.16666666666666666,0.16666666666666666,0.16666666666666666,0.16666666666666666,0.16666666666666666,0.0,0.0,0.0,0.0
2023-04-01,-0.0014389829278866708,-0.0027723162612200043,0.3333333333333333,4,True,0.0013333333333333333,1.8153712879241448,-0.17104928732358649,1.1102230246251565e-16,0.0,0.16666666666666666,0.16666666666666666,0.16666666666666666,0.0,0.0,0.16666666666666666,0.16666666666666666,0.0,0.0,0.16666666666666666
2023-05-01,-0.003186472721506424,-0.0038531393881730907,0.16666666666666666,2,True,0.0006666666666666666,1.8091350929751144,-0.17389691319592193,1.1102230246251565e-16,0.0,0.16666666666666666,0.16666666666666666,0.0,0.0,0.0,0.16666666666666666,0.16666666666666666,0.16666666666666666,0.0,0.16666666666666666
2023-06-01,-0.005240545440960661,-0.007240545440960661,0.49999999999999994,4,True,0.0019999999999999996,1.7997635926851252,-0.1781762096108812,1.1102230246251565e-16,0.0,0.16666666666666666,0.16666666666666666,0.0,0.5,0.0,0.16666666666666666,0.0,0.0,0.0,0.0
2023-07-01,0.016617708714167678,0.015284375380834344,0.3333333333333333,4,True,0.0013333333333333333,1.7958494522867194,-0.1799635186282471,1.1102230246251565e-16,0.0,0.16666666666666666,0.0,0.0,0.3333333333333333,0.16666666666666666,0.16666666666666666,0.0,0.0,0.0,0.16666666666666666
2023-08-01,-0.01500764459403477,-0.016340977927368102,0.3333333333333333,3,True,0.0013333333333333333,1.8208270881069386,-0.16855801213386012,1.1102230246251565e-16,0.16666666666666666,0.16666666666666666,0.16666666666666666,0.0,0.0,0.16666666666666666,0.16666666666666666,0.0,0.0,0.0,0.16666666666666666
2023-09-01,-0.040970771285220475,-0.04297077128522048,0.49999999999999994,5,True,0.0019999999999999996,1.789913760776835,-0.18267392599233656,1.1102230246251565e-16,0.16666666666666666,0.0,0.0,0.16666666666666666,0.3333333333333333,0.16666666666666666,0.16666666666666666,0.0,0.0,0.0,0.0
2023-10-01,-0.00368754718297043,-0.00568754718297043,0.49999999999999994,4,True,0.0019999999999999996,1.7324906325156555,-0.2088949769767029,1.1102230246251565e-16,0.16666666666666666,0.0,0.0,0.0,0.8333333333333333,0.0,0.0,0.0,0.0,0.0,0.0
2023-11-01,0.02970206537071305,0.029035398704046384,0.16666666666666663,2,True,0.0006666666666666665,1.721501354389351,-0.21391299725453605,1.1102230246251565e-16,0.16666666666666666,0.0,0.16666666666666666,0.0,0.6666666666666666,0.0,0.0,0.0,0.0,0.0,0.0
2023-12-01,0.019355398738514402,0.016022065405181068,0.8333333333333334,7,True,0.0033333333333333335,1.7667247218193511,-0.19326270774621568,1.1102230246251565e-16,0.0,0.16666666666666666,0.16666666666666666,0.16666666666666666,0.0,0.0,0.16666666666666666,0.0,0.0,0.16666666666666666,0.16666666666666666
2024-01-01,-0.0021315297861055904,-0.0034648631194389235,0.3333333333333333,4,True,0.0013333333333333333,1.8085392650977148,-0.17416898533173708,1.1102230246251565e-16,0.0,0.16666666666666666,0.16666666666666666,0.0,0.0,0.16666666666666666,0.16666666666666666,0.0,0.16666666666666666,0.16666666666666666,0.0
2024-02-01,0.014674913790641972,0.013341580457308638,0.3333333333333333,4,True,0.0013333333333333333,1.7998750266197203,-0.17812532567319117,1.1102230246251565e-16,0.0,0.16666666666666666,0.16666666666666666,0.16666666666666666,0.0,0.16666666666666666,0.16666666666666666,0.16666666666666666,0.0,0.0,0.0
2024-03-01,0.020037117896727977,0.018703784563394645,0.3333333333333333,4,True,0.0013333333333333333,1.8238529867526698,-0.1671762998331584,1.1102230246251565e-16,0.0,0.16666666666666666,0.16666666666666666,0.0,0.0,0.16666666666666666,0.16666666666666666,0.0,0.0,0.16666666666666666,0.16666666666666666
2024-04-01,-0.023813317152576192,-0.023813317152576192,0.0,0,False,0.0,1.8603977440745332,-0.15048891316572588,1.1102230246251565e-16,0.0,0.16666666666666666,0.16666666666666666,0.0,0.0,0.16666666666666666,0.16666666666666666,0.0,0.0,0.16666666666666666,0.16666666666666666
2024-05-01,0.03203849994207419,0.030705166608740855,0.3333333333333333,3,True,0.0013333333333333333,1.8136740418948616,-0.17182429864767235,1.1102230246251565e-16,0.0,0.16666666666666666,0.16666666666666666,0.0,0.3333333333333333,0.0,0.16666666666666666,0.0,0.0,0.0,0.16666666666666666
2024-06-01,-0.0011948524679832508,-0.002528185801316584,0.3333333333333333,3,True,0.0013333333333333333,1.862708096209926,-0.14943393996993548,1.1102230246251565e-16,0.16666666666666666,0.16666666666666666,0.16666666666666666,0.0,0.0,0.16666666666666666,0.16666666666666666,0.0,0.0,0.0,0.16666666666666666
2024-07-01,0.0032083616123064953,0.0025416949456398288,0.16666666666666666,2,True,0.0006666666666666666,1.8567631237365128,-0.1521485852887522,1.1102230246251565e-16,0.16666666666666666,0.16666666666666666,0.16666666666666666,0.0,0.16666666666666666,0.0,0.16666666666666666,0.0,0.0,0.0,0.16666666666666666
2024-08-01,0.01949481348622552,0.01816148015289219,0.3333333333333333,4,True,0.0013333333333333333,1.8602366642108346,-0.15056246686171026,1.1102230246251565e-16,0.0,0.16666666666666666,0.16666666666666666,0.0,0.0,0.16666666666666666,0.16666666666666666,0.0,0.0,0.16666666666666666,0.16666666666666666
2024-09-01,0.04079398843302469,0.04079398843302469,0.0,0,False,0.0,1.9235762823054676,-0.12163977655066249,1.1102230246251565e-16,0.0,0.16666666666666666,0.16666666666666666,0.0,0.0,0.16666666666666666,0.16666666666666666,0.0,0.0,0.16666666666666666,0.16666666666666666
2024-10-01,-0.015591216334176426,-0.015591216334176426,0.0,0,False,0.0,2.0020466309158764,-0.08580795975524169,1.1102230246251565e-16,0.0,0.16666666666666666,0.16666666666666666,0.0,0.0,0.16666666666666666,0.16666666666666666,0.0,0.0,0.16666666666666666,0.16666666666666666
2024-11-01,0.027765925634233246,0.02709925896756658,0.16666666666666666,2,True,0.0006666666666666666,1.969518400589637,-0.10066128474192926,1.1102230246251565e-16,0.0,0.0,0.16666666666666666,0.0,0.16666666666666666,0.16666666666666666,0.16666666666666666,0.0,0.0,0.16666666666666666,0.16666666666666666
2024-12-01,-0.051485351901742187,-0.052152018568408856,0.16666666666666666,2,True,0.0006666666666666666,2.02967116833648,-0.07319380190527891,1.1102230246251565e-16,0.0,0.0,0.16666666666666666,0.0,0.0,0.16666666666666666,0.16666666666666666,0.0,0.16666666666666666,0.16666666666666666,0.16666666666666666
2025-01-01,0.01570424808122095,0.013037581414554284,0.6666666666666666,5,True,0.0026666666666666666,1.9234518927009188,-0.12169657641966247,1.1102230246251565e-16,0.0,0.0,0.16666666666666666,0.0,0.6666666666666666,0.0,0.16666666666666666,0.0,0.0,0.0,0.0
2025-02-01,-0.0004123195214271727,-0.001745652854760506,0.3333333333333333,3,True,0.0013333333333333333,1.9519967532249596,-0.10866217258610289,1.1102230246251565e-16,0.0,0.0,0.16666666666666666,0.16666666666666666,0.3333333333333333,0.16666666666666666,0.16666666666666666,0.0,0.0,0.0,0.0
2025-03-01,-0.0033032497660416445,-0.0046365830993749775,0.3333333333333333,4,True,0.0013333333333333333,1.9587485900839392,-0.10557908979562525,1.1102230246251565e-16,0.0,0.16666666666666666,0.16666666666666666,0.16666666666666666,0.16666666666666666,0.0,0.16666666666666666,0.0,0.0,0.16666666666666666,0.0
2025-04-01,-0.007808401298365944,-0.009808401298365944,0.49999999999999994,6,True,0.0019999999999999996,1.9457759658234157,-0.111502762929368,1.1102230246251565e-16,0.16666666666666666,0.16666666666666666,0.16666666666666666,0.0,0.16666666666666666,0.0,0.0,0.0,0.16666666666666666,0.0,0.16666666666666666
2025-05-01,0.018774604416451842,0.01744127108311851,0.3333333333333333,3,True,0.0013333333333333333,1.928008456157224,-0.11961591856769282,1.1102230246251565e-16,0.0,0.16666666666666666,0.16666666666666666,0.0,0.5,0.0,0.0,0.0,0.0,0.0,0.16666666666666666
2025-06-01,0.01653333664061918,0.015200003307285844,0.3333333333333333,3,True,0.0013333333333333333,1.9559004433559055,-0.10687963546125068,1.1102230246251565e-16,0.0,0.16666666666666666,0.16666666666666666,0.16666666666666666,0.16666666666666666,0.0,0.16666666666666666,0.0,0.0,0.0,0.16666666666666666
2025-07-01,-0.0020834224713836185,-0.002750089138050285,0.16666666666666666,2,True,0.0006666666666666666,1.9842632951364723,-0.09392834205177891,1.1102230246251565e-16,0.0,0.16666666666666666,0.16666666666666666,0.16666666666666666,0.0,0.0,0.16666666666666666,0.16666666666666666,0.0,0.0,0.16666666666666666
2025-08-01,0.03111096162509859,0.030444294958431924,0.16666666666666666,2,True,0.0006666666666666666,1.9788091502406444,-0.09641886138989564,1.1102230246251565e-16,0.16666666666666666,0.16666666666666666,0.16666666666666666,0.16666666666666666,0.0,0.0,0.16666666666666666,0.0,0.0,0.0,0.16666666666666666
2025-09-01,0.04170194152650172,0.04103527485983505,0.16666666666666666,2,True,0.0006666666666666666,2.035365235537714,-0.07059372714597845,1.1102230246251565e-16,0.16666666666666666,0.16666666666666666,0.16666666666666666,0.0,0.0,0.16666666666666666,0.16666666666666666,0.0,0.0,0.0,0.16666666666666666
2025-10-01,0.014641217197624271,0.014641217197624271,0.0,0,False,0.0,2.1188304216301312,-0.032481123980322435,1.1102230246251565e-16,0.16666666666666666,0.16666666666666666,0.16666666666666666,0.0,0.0,0.16666666666666666,0.16666666666666666,0.0,0.0,0.0,0.16666666666666666
2025-11-01,0.010119676463523962,0.010119676463523962,0.0,0,False,0.0,2.1441228256326528,-0.020931885285925933,1.1102230246251565e-16,0.16666666666666666,0.16666666666666666,0.16666666666666666,0.0,0.0,0.16666666666666666,0.16666666666666666,0.0,0.0,0.0,0.16666666666666666
2025-12-01,0.0067676168670178964,0.0067676168670178964,0.0,0,False,0.0,2.165820654926112,-0.011024032729267108,1.1102230246251565e-16,0.16666666666666666,0.16666666666666666,0.16666666666666666,0.0,0.0,0.16666666666666666,0.16666666666666666,0.0,0.0,0.0,0.16666666666666666
2026-01-01,0.0366487564553181,0.03598208978865143,0.16666666666666666,2,True,0.0006666666666666666,2.1415821680147333,-0.028140172480289216,1.1102230246251565e-16,0.0,0.16666666666666666,0.16666666666666666,0.0,0.16666666666666666,0.16666666666666666,0.16666666666666666,0.0,0.0,0.0,0.16666666666666666
2026-02-01,0.04580399260048269,0.045137325933816023,0.16666666666666666,2,True,0.0006666666666666666,2.22626107342456,-0.02643627266698001,1.1102230246251565e-16,0.16666666666666666,0.16666666666666666,0.16666666666666666,0.0,0.0,0.16666666666666666,0.16666666666666666,0.0,0.0,0.0,0.16666666666666666
2026-03-01,-0.030417243203500418,-0.030417243203500418,0.0,0,False,0.0,2.320713920932446,0.0,1.1102230246251565e-16,0.16666666666666666,0.16666666666666666,0.16666666666666666,0.0,0.0,0.16666666666666666,0.16666666666666666,0.0,0.0,0.0,0.16666666666666666
2026-04-01,0.021930638261115777,0.01993063826111578,0.49999999999999994,4,True,0.0019999999999999996,2.245623952791307,-0.032356408717093554,1.1102230246251565e-16,0.16666666666666666,0.0,0.16666666666666666,0.0,0.5,0.16666666666666666,0.0,0.0,0.0,0.0,0.0
2026-05-01,0.012408266255248527,0.010408266255248527,0.5,5,True,0.002,2.2902821755317295,-0.013113096416679015,1.1102230246251565e-16,0.16666666666666666,0.16666666666666666,0.0,0.0,0.16666666666666666,0.16666666666666666,0.16666666666666666,0.0,0.0,0.0,0.16666666666666666
2026-06-01,-0.0173932908434282,-0.0173932908434282,0.0,0,False,0.0,2.318700606565378,-0.0008675409531989642,1.1102230246251565e-16,0.16666666666666666,0.16666666666666666,0.0,0.0,0.16666666666666666,0.16666666666666666,0.16666666666666666,0.0,0.0,0.0,0.16666666666666666
2026-07-01,0.0,-0.0006666666666666666,0.16666666666666666,2,True,0.0006666666666666666,2.276851858688196,-0.023520535432939527,1.1102230246251565e-16,0.0,0.16666666666666666,0.0,0.0,0.16666666666666666,0.16666666666666666,0.16666666666666666,0.0,0.0,0.16666666666666666,0.16666666666666666
2026-08-01,0.0,0.0,0.0,0,False,0.0,2.2826719146769174,-0.02102447266366847,1.1102230246251565e-16,0.0,0.16666666666666666,0.0,0.0,0.16666666666666666,0.16666666666666666,0.16666666666666666,0.0,0.0,0.16666666666666666,0.16666666666666666
