date,gross_return,net_return,turnover,operations,signal_changed,trade_cost,equity,drawdown,w__CASH,w_dbc.us,w_gld.us,w_hyg.us,w_ief.us,w_lqd.us,w_qqq.us,w_spy.us,w_tlt.us,w_vnq.us,w_vwo.us,w_xle.us
2007-05-01,-0.022198930129594174,-0.026198930129594174,1.0,2,True,0.004,0.996,0.0,0.0,0.0,0.0,0.0,1.0,0.0,0.0,0.0,0.0,0.0,0.0,0.0
2007-06-01,-0.002796952927717644,-0.002796952927717644,0.0,0,False,0.0,0.9738898655909245,-0.023239921986127454,0.0,0.0,0.0,0.0,1.0,0.0,0.0,0.0,0.0,0.0,0.0,0.0
2007-07-01,0.014322083529679341,0.014322083529679341,0.0,0,False,0.0,0.9735389574929096,-0.02359186426759352,0.0,0.0,0.0,0.0,1.0,0.0,0.0,0.0,0.0,0.0,0.0,0.0
2007-08-01,0.019518146681469783,0.019518146681469783,0.0,0,False,0.0,0.9874820637615198,-0.009607665388575715,0.0,0.0,0.0,0.0,1.0,0.0,0.0,0.0,0.0,0.0,0.0,0.0
2007-09-01,0.00024603934882572176,0.00024603934882572176,0.0,0,False,0.0,1.012551220664528,0.0,0.0,0.0,0.0,0.0,1.0,0.0,0.0,0.0,0.0,0.0,0.0,0.0
2007-10-01,0.02767020227538275,0.02367020227538275,0.9999999999999999,4,True,0.003999999999999999,1.0087491467150829,-0.020503364456283535,0.0,0.0,0.3333333333333333,0.0,0.0,0.0,0.0,0.0,0.0,0.0,0.3333333333333333,0.3333333333333333
2007-11-01,-0.010517970741202493,-0.011851304074535827,0.3333333333333333,2,True,0.0013333333333333333,1.0352792243969424,-0.025715923945696106,0.0,0.3333333333333333,0.3333333333333333,0.0,0.0,0.0,0.0,0.0,0.0,0.0,0.3333333333333333,0.0
2007-12-01,0.04665644395003983,0.04665644395003983,0.0,0,False,0.0,1.0169238222119366,-0.04859351892388264,0.0,0.3333333333333333,0.3333333333333333,0.0,0.0,0.0,0.0,0.0,0.0,0.0,0.3333333333333333,0.0
2008-01-01,-0.021964583783583826,-0.023297917116917158,0.3333333333333333,2,True,0.0013333333333333333,1.036449110579925,-0.03032618611838489,0.0,0.3333333333333333,0.3333333333333333,0.0,0.0,0.0,0.0,0.0,0.0,0.0,0.0,0.3333333333333333
2008-02-01,0.07321212767360057,0.07187879434026723,0.3333333333333333,2,True,0.0013333333333333333,1.0109825821919403,-0.05415198273128785,0.0,0.3333333333333333,0.3333333333333333,0.0,0.0,0.0,0.0,0.0,0.3333333333333333,0.0,0.0,0.0
2008-03-01,-0.05190039979538611,-0.05323373312871944,0.3333333333333333,2,True,0.0013333333333333333,1.0775150003691447,-0.0005313547119564221,0.0,0.3333333333333333,0.3333333333333333,0.0,0.0,0.0,0.0,0.0,0.0,0.0,0.0,0.3333333333333333
2008-04-01,-0.0012983071081434181,-0.002631640441476751,0.3333333333333333,2,True,0.0013333333333333333,1.0188691131176948,-0.072873930395018,0.0,0.3333333333333333,0.3333333333333333,0.0,0.0,0.0,0.0,0.0,0.3333333333333333,0.0,0.0,0.0
2008-05-01,0.058603416953259616,0.05593675028659295,0.6666666666666666,4,True,0.0026666666666666666,1.0148328512842506,-0.07654675109530107,0.0,0.3333333333333333,0.0,0.0,0.3333333333333333,0.0,0.0,0.0,0.0,0.0,0.0,0.3333333333333333
2008-06-01,0.045152671910697016,0.045152671910697016,0.0,0,False,0.0,1.0664286239128533,-0.0314522713035994,0.0,0.3333333333333333,0.0,0.0,0.3333333333333333,0.0,0.0,0.0,0.0,0.0,0.0,0.3333333333333333
2008-07-01,-0.10644144861094976,-0.1077747819442831,0.3333333333333333,2,True,0.0013333333333333333,1.11309461805032,0.0,0.0,0.3333333333333333,0.3333333333333333,0.0,0.0,0.0,0.0,0.0,0.0,0.0,0.0,0.3333333333333333
2008-08-01,-0.015166287329955988,-0.017832953996622655,0.6666666666666666,3,True,0.0026666666666666666,0.9919629072254215,-0.1088242714146539,0.0,0.3333333333333333,0.0,0.0,0.6666666666666666,0.0,0.0,0.0,0.0,0.0,0.0,0.0
2008-09-01,0.002819035340342039,0.0014857020070087057,0.3333333333333333,2,True,0.0013333333333333333,0.9836051790298141,-0.1163328228532069,0.0,0.0,0.0,0.0,0.6666666666666666,0.0,0.0,0.0,0.3333333333333333,0.0,0.0,0.0
2008-10-01,-0.022498912780487247,-0.022498912780487247,0.0,0,False,0.0,0.9850628261280556,-0.11502327820659397,0.0,0.0,0.0,0.0,0.6666666666666666,0.0,0.0,0.0,0.3333333333333333,0.0,0.0,0.0
2008-11-01,0.11790197403718634,0.11790197403718634,0.0,0,False,0.0,0.9646961613041082,-0.13332061294676312,0.0,0.0,0.0,0.0,0.6666666666666666,0.0,0.0,0.0,0.3333333333333333,0.0,0.0,0.0
2008-12-01,0.03376546371370851,0.03376546371370851,0.0,0,False,0.0,1.0784357430679583,-0.031137402355847943,0.0,0.0,0.0,0.0,0.6666666666666666,0.0,0.0,0.0,0.3333333333333333,0.0,0.0,0.0
2009-01-01,-0.027147650903238226,-0.029814317569904894,0.6666666666666666,3,True,0.0026666666666666666,1.1164070258403118,-0.033071168406339835,0.0,0.0,0.3333333333333333,0.0,0.0,0.3333333333333333,0.0,0.0,0.3333333333333333,0.0,0.0,0.0
2009-02-01,-0.016228440941811043,-0.016228440941811043,0.0,0,False,0.0,1.092199074007713,-0.05403786427888846,0.0,0.0,0.3333333333333333,0.0,0.0,0.3333333333333333,0.0,0.0,0.3333333333333333,0.0,0.0,0.0
2009-03-01,0.007042168334291979,0.005708835000958646,0.3333333333333333,2,True,0.0013333333333333333,1.0783220564643057,-0.06605685739580469,0.0,0.0,0.3333333333333333,0.0,0.3333333333333333,0.3333333333333333,0.0,0.0,0.0,0.0,0.0,0.0
2009-04-01,-0.0559522741939152,-0.05728560752724853,0.3333333333333333,2,True,0.0013333333333333333,1.083021937003041,-0.06198625420829029,0.0,0.0,0.3333333333333333,0.0,0.3333333333333333,0.0,0.0,0.0,0.3333333333333333,0.0,0.0,0.0
2009-05-01,0.07509577205954816,0.0724291053928815,0.6666666666666666,4,True,0.0026666666666666666,1.019697931568153,-0.1168316691597947,0.0,0.0,0.0,0.0,0.3333333333333333,0.0,0.3333333333333333,0.0,0.0,0.0,0.3333333333333333,0.0
2009-06-01,-0.024836041270772324,-0.026169374604105657,0.3333333333333333,2,True,0.0013333333333333333,1.094811237760112,-0.05177544888147789,0.0,0.0,0.3333333333333333,0.0,0.0,0.0,0.3333333333333333,0.0,0.0,0.0,0.3333333333333333,0.0
2009-07-01,0.09558916418672213,0.09425583085338879,0.3333333333333333,2,True,0.0013333333333333333,1.0661969667278293,-0.07655849217639443,0.0,0.0,0.0,0.3333333333333333,0.0,0.0,0.3333333333333333,0.0,0.0,0.0,0.3333333333333333,0.0
2009-08-01,-0.021502980446098108,-0.02283631377943144,0.3333333333333333,2,True,0.0013333333333333333,1.1502073391207237,-0.003796453475977901,0.0,0.0,0.0,0.0,0.0,0.3333333333333333,0.3333333333333333,0.0,0.0,0.0,0.3333333333333333,0.0
2009-09-01,0.06619935797626852,0.06486602464293519,0.3333333333333333,2,True,0.0013333333333333333,1.1224751888335949,-0.027815485114129568,0.0,0.0,0.0,0.0,0.0,0.0,0.3333333333333333,0.0,0.0,0.3333333333333333,0.3333333333333333,0.0
2009-10-01,0.007699418612933994,0.007699418612933994,0.0,0,False,0.0,1.1967823256786694,-0.06159410153563938,0.0,0.0,0.0,0.0,0.0,0.0,0.3333333333333333,0.0,0.0,0.3333333333333333,0.3333333333333333,0.0
2009-11-01,0.09253769092243647,0.09120435758910313,0.3333333333333333,2,True,0.0013333333333333333,1.1969099092793805,-0.06835441604815062,0.0,0.0,0.3333333333333333,0.0,0.0,0.0,0.3333333333333333,0.0,0.0,0.0,0.3333333333333333,0.0
2009-12-01,0.006071868151033149,0.006071868151033149,0.0,0,False,0.0,1.3059256296082422,-5.7386243629165e-05,0.0,0.0,0.3333333333333333,0.0,0.0,0.0,0.3333333333333333,0.0,0.0,0.0,0.3333333333333333,0.0
2010-01-01,-0.05802783018872104,-0.05936116352205437,0.3333333333333333,2,True,0.0013333333333333333,1.2515886844669584,-0.04830034101538794,0.0,0.0,0.0,0.0,0.0,0.0,0.3333333333333333,0.0,0.0,0.3333333333333333,0.3333333333333333,0.0
2010-02-01,0.033526105161762056,0.03219277182842872,0.3333333333333333,2,True,0.0013333333333333333,1.175819906860329,-0.10591441239908761,0.0,0.0,0.0,0.0,0.3333333333333333,0.0,0.3333333333333333,0.0,0.0,0.3333333333333333,0.0,0.0
2010-03-01,0.04513521241193397,0.04513521241193397,0.0,0,False,0.0,1.2152405687090218,-0.0759392049655635,0.0,0.0,0.0,0.0,0.3333333333333333,0.0,0.3333333333333333,0.0,0.0,0.3333333333333333,0.0,0.0
2010-04-01,0.03958187436817136,0.038248541034838025,0.3333333333333333,2,True,0.0013333333333333333,1.2683972556294234,-0.03551921600054375,0.0,0.0,0.0,0.0,0.0,0.0,0.3333333333333333,0.0,0.0,0.3333333333333333,0.3333333333333333,0.0
2010-05-01,-0.10378178741396185,-0.10378178741396185,0.0,0,False,0.0,1.2950538717768434,-0.02148848306549378,0.0,0.0,0.0,0.0,0.0,0.0,0.3333333333333333,0.0,0.0,0.3333333333333333,0.3333333333333333,0.0
2010-06-01,-0.014048169793514236,-0.016714836460180904,0.6666666666666666,4,True,0.0026666666666666666,1.1575557971900263,-0.12537871687864288,0.0,0.0,0.3333333333333333,0.0,0.3333333333333333,0.0,0.0,0.0,0.0,0.3333333333333333,0.0,0.0
2010-07-01,-0.012355707223797419,-0.013689040557130753,0.3333333333333333,2,True,0.0013333333333333333,1.1397725311298932,-0.13881532444206113,0.0,0.0,0.3333333333333333,0.0,0.3333333333333333,0.0,0.0,0.0,0.3333333333333333,0.0,0.0,0.0
2010-08-01,0.006996760469279438,0.0043300938026127715,0.6666666666666666,4,True,0.0026666666666666666,1.1341674502126493,-0.1430503885968425,0.0,0.0,0.3333333333333333,0.0,0.0,0.0,0.0,0.0,0.0,0.3333333333333333,0.3333333333333333,0.0
2010-09-01,0.01796999584214487,0.016636662508811538,0.3333333333333333,2,True,0.0013333333333333333,1.1375385972115473,-0.1405032311112817,0.0,0.0,0.3333333333333333,0.0,0.0,0.0,0.0,0.0,0.3333333333333333,0.3333333333333333,0.0,0.0
2010-10-01,0.033507743643328126,0.032174410309994794,0.3333333333333333,2,True,0.0013333333333333333,1.1564361875256202,-0.12622466697768353,0.0,0.0,0.3333333333333333,0.0,0.0,0.0,0.0,0.0,0.0,0.3333333333333333,0.3333333333333333,0.0
2010-11-01,0.007820563185379157,0.006487229852045824,0.3333333333333333,2,True,0.0013333333333333333,1.1935921738306468,-0.09815049854741897,0.0,0.0,0.3333333333333333,0.0,0.0,0.0,0.3333333333333333,0.0,0.0,0.3333333333333333,0.0,0.0
2010-12-01,0.042044012978510306,0.040710679645176974,0.3333333333333333,2,True,0.0013333333333333333,1.201322834527872,-0.09230939750088951,0.0,0.0,0.3333333333333333,0.0,0.0,0.0,0.3333333333333333,0.0,0.0,0.0,0.0,0.3333333333333333
2011-01-01,0.05050219569779964,0.049168862364466305,0.3333333333333333,2,True,0.0013333333333333333,1.2444536399821364,-0.059720799612096975,0.0,0.3333333333333333,0.0,0.0,0.0,0.0,0.3333333333333333,0.0,0.0,0.0,0.0,0.3333333333333333
2011-02-01,0.027559669686557688,0.027559669686557688,0.0,0,False,0.0,1.3055582128703593,-0.013551655909638693,0.0,0.3333333333333333,0.0,0.0,0.0,0.0,0.3333333333333333,0.0,0.0,0.0,0.0,0.3333333333333333
2011-03-01,0.02437716177028156,0.02437716177028156,0.0,0,False,0.0,1.341538965973639,-0.006550570983372639,0.0,0.3333333333333333,0.0,0.0,0.0,0.0,0.3333333333333333,0.0,0.0,0.0,0.0,0.3333333333333333
2011-04-01,0.015714401298223026,0.015714401298223026,0.0,0,False,0.0,1.374241878368314,0.0,0.0,0.3333333333333333,0.0,0.0,0.0,0.0,0.3333333333333333,0.0,0.0,0.0,0.0,0.3333333333333333
2011-05-01,-0.03653453343403327,-0.0378678667673666,0.3333333333333333,2,True,0.0013333333333333333,1.4075798184785457,0.0,0.0,0.3333333333333333,0.3333333333333333,0.0,0.0,0.0,0.0,0.0,0.0,0.0,0.0,0.3333333333333333
2011-06-01,-0.0007160126113506058,-0.002049345944683939,0.3333333333333333,2,True,0.0013333333333333333,1.3525405453565817,-0.03910206185071341,0.0,0.3333333333333333,0.0,0.0,0.0,0.0,0.0,0.0,0.0,0.3333333333333333,0.0,0.3333333333333333
2011-07-01,0.01982896648905615,0.017162299822389482,0.6666666666666666,3,True,0.0026666666666666666,1.34796791697736,-0.04235063668760208,0.0,0.0,0.0,0.0,0.6666666666666666,0.0,0.0,0.0,0.0,0.3333333333333333,0.0,0.0
2011-08-01,0.05595585699426479,0.05328919032759812,0.6666666666666666,4,True,0.0026666666666666666,1.3710308696910765,-0.025965809048736577,0.0,0.3333333333333333,0.3333333333333333,0.0,0.3333333333333333,0.0,0.0,0.0,0.0,0.0,0.0,0.0
2011-09-01,0.022463084409101865,0.021129751075768533,0.3333333333333333,2,True,0.0013333333333333333,1.4458177462009398,-0.006685862055413105,0.0,0.0,0.3333333333333333,0.0,0.3333333333333333,0.0,0.0,0.0,0.3333333333333333,0.0,0.0,0.0
2011-10-01,0.012027322124392798,0.010693988791059464,0.3333333333333333,2,True,0.0013333333333333333,1.451413189929377,-0.03090616758848641,0.0,0.0,0.3333333333333333,0.0,0.0,0.3333333333333333,0.0,0.0,0.3333333333333333,0.0,0.0,0.0
2011-11-01,0.0002780519018891949,-0.0010552814314441384,0.3333333333333333,2,True,0.0013333333333333333,1.464955429080612,-0.021864152172364926,0.0,0.0,0.3333333333333333,0.0,0.0,0.0,0.3333333333333333,0.0,0.3333333333333333,0.0,0.0,0.0
2011-12-01,-0.014674122180763586,-0.016007455514096918,0.3333333333333333,2,True,0.0013333333333333333,1.4634089457068853,-0.022896723400051222,0.0,0.0,0.3333333333333333,0.0,0.0,0.0,0.0,0.0,0.3333333333333333,0.0,0.0,0.3333333333333333
2012-01-01,0.02631347287256787,0.0236468062059012,0.6666666666666666,4,True,0.0026666666666666666,1.3916442778854898,-0.07081326257257958,0.0,0.0,0.0,0.3333333333333333,0.0,0.0,0.0,0.0,0.3333333333333333,0.3333333333333333,0.0,0.0
2012-02-01,-0.01902406275790558,-0.020357396091238912,0.3333333333333333,2,True,0.0013333333333333333,1.4225552970219453,-0.05017428932461643,0.0,0.0,0.3333333333333333,0.0,0.0,0.0,0.0,0.0,0.3333333333333333,0.3333333333333333,0.0,0.0
2012-03-01,0.025625076235795755,0.021625076235795754,0.9999999999999999,6,True,0.003999999999999999,1.3899105457117087,-0.07197085792056346,0.0,0.0,0.0,0.0,0.3333333333333333,0.0,0.3333333333333333,0.3333333333333333,0.0,0.0,0.0,0.0
2012-04-01,0.0014977799617715837,0.0001644466284382504,0.3333333333333333,2,True,0.0013333333333333333,1.416061012172192,-0.05451045730041226,0.0,0.0,0.0,0.0,0.0,0.0,0.3333333333333333,0.3333333333333333,0.0,0.3333333333333333,0.0,0.0
2012-05-01,-0.017704452934625303,-0.019037786267958635,0.3333333333333333,2,True,0.0013333333333333333,1.4144026626332937,-0.0556177204293955,0.0,0.0,0.0,0.0,0.0,0.0,0.3333333333333333,0.0,0.3333333333333333,0.3333333333333333,0.0,0.0
2012-06-01,0.02386946566992465,0.022536132336591318,0.3333333333333333,2,True,0.0013333333333333333,1.3875089553457445,-0.07357437539428024,0.0,0.0,0.0,0.0,0.0,0.3333333333333333,0.0,0.0,0.3333333333333333,0.3333333333333333,0.0,0.0
2012-07-01,0.010106034249600437,0.008772700916267103,0.3333333333333333,2,True,0.0013333333333333333,1.4081403773153982,-0.05979898467618727,0.0,0.0,0.0,0.0,0.0,0.0,0.3333333333333333,0.0,0.3333333333333333,0.3333333333333333,0.0,0.0
2012-08-01,0.00041654789060023133,-0.000916785442733102,0.3333333333333333,2,True,0.0013333333333333333,1.4185806312773208,-0.05282813323738966,0.0,0.0,0.0,0.0,0.0,0.3333333333333333,0.0,0.0,0.3333333333333333,0.3333333333333333,0.0,0.0
2012-09-01,-0.015034948947304208,-0.016368282280637542,0.3333333333333333,2,True,0.0013333333333333333,1.4174525141465006,-0.053581365577636486,0.0,0.0,0.0,0.0,0.0,0.0,0.3333333333333333,0.0,0.3333333333333333,0.3333333333333333,0.0,0.0
2012-10-01,-0.023186784133257955,-0.025853450799924623,0.6666666666666666,4,True,0.0026666666666666666,1.390561587266793,-0.07153616409246999,0.0,0.0,0.0,0.0,0.0,0.0,0.3333333333333333,0.3333333333333333,0.0,0.0,0.0,0.3333333333333333
2012-11-01,-0.0010795972759568189,-0.0037462639426234855,0.6666666666666666,4,True,0.0026666666666666666,1.3546967520897202,-0.09548274995217809,0.0,0.0,0.0,0.3333333333333333,0.0,0.3333333333333333,0.0,0.3333333333333333,0.0,0.0,0.0,0.0
2012-12-01,0.046876233334129415,0.04554290000079608,0.3333333333333333,2,True,0.0013333333333333333,1.3540775779574912,-0.09589616622598296,0.0,0.0,0.0,0.3333333333333333,0.0,0.0,0.0,0.3333333333333333,0.0,0.0,0.3333333333333333,0.0
2013-01-01,0.004875795416737068,0.003542462083403735,0.3333333333333333,2,True,0.0013333333333333333,1.3895943345439297,-0.07218198890280925,0.0,0.0,0.0,0.3333333333333333,0.0,0.0,0.0,0.0,0.0,0.3333333333333333,0.3333333333333333,0.0
2013-02-01,0.003974299026464215,0.0013076323597975485,0.6666666666666666,4,True,0.0026666666666666666,1.3907891982525853,-0.07138419055106149,0.0,0.0,0.0,0.0,0.0,0.0,0.0,0.3333333333333333,0.0,0.3333333333333333,0.0,0.3333333333333333
2013-03-01,0.026869322702394838,0.026869322702394838,0.0,0,False,0.0,1.3963166104092173,-0.0676935936436095,0.0,0.0,0.0,0.0,0.0,0.0,0.0,0.3333333333333333,0.0,0.3333333333333333,0.0,0.3333333333333333
2013-04-01,0.014499334300266176,0.014499334300266176,0.0,0,False,0.0,1.433834692009017,-0.04264315195370938,0.0,0.0,0.0,0.0,0.0,0.0,0.0,0.3333333333333333,0.0,0.3333333333333333,0.0,0.3333333333333333
2013-05-01,0.011249138179368456,0.009915804846035122,0.3333333333333333,2,True,0.0013333333333333333,1.4526848414190547,-0.030057098815945094,0.0,0.0,0.0,0.0,0.0,0.0,0.3333333333333333,0.3333333333333333,0.0,0.3333333333333333,0.0,0.0
2013-06-01,-0.019185244139705755,-0.020518577473039087,0.3333333333333333,2,True,0.0013333333333333333,1.4629616082563537,-0.043231575621501706,0.0,0.0,0.0,0.0,0.0,0.0,0.3333333333333333,0.3333333333333333,0.0,0.0,0.0,0.3333333333333333
2013-07-01,0.06235107716945783,0.06235107716945783,0.0,0,False,0.0,1.4329811401914256,-0.06283862821312702,0.0,0.0,0.0,0.0,0.0,0.0,0.3333333333333333,0.3333333333333333,0.0,0.0,0.0,0.3333333333333333
2013-08-01,-0.02134561344525017,-0.02134561344525017,0.0,0,False,0.0,1.5223290578458795,-0.004405607200608341,0.0,0.0,0.0,0.0,0.0,0.0,0.3333333333333333,0.3333333333333333,0.0,0.0,0.0,0.3333333333333333
2013-09-01,0.03613595411874278,0.03613595411874278,0.0,0,False,0.0,1.48111514415362,-0.03135926821486579,0.0,0.0,0.0,0.0,0.0,0.0,0.3333333333333333,0.3333333333333333,0.0,0.0,0.0,0.3333333333333333
2013-10-01,0.03714372911207257,0.03714372911207257,0.0,0,False,0.0,1.53463665304733,-0.008794413105908228,0.0,0.0,0.0,0.0,0.0,0.0,0.3333333333333333,0.3333333333333333,0.0,0.0,0.0,0.3333333333333333
2013-11-01,0.02049718904719411,0.02049718904719411,0.0,0,False,0.0,1.5916387811735775,-0.007336766780588699,0.0,0.0,0.0,0.0,0.0,0.0,0.3333333333333333,0.3333333333333333,0.0,0.0,0.0,0.3333333333333333
2013-12-01,0.018813858387323634,0.018813858387323634,0.0,0,False,0.0,1.627004193939174,0.0,0.0,0.0,0.0,0.0,0.0,0.0,0.3333333333333333,0.3333333333333333,0.0,0.0,0.0,0.3333333333333333
2014-01-01,-0.047858787781958845,-0.047858787781958845,0.0,0,False,0.0,1.6214302338150073,-0.028186435033966672,0.0,0.0,0.0,0.0,0.0,0.0,0.3333333333333333,0.3333333333333333,0.0,0.0,0.0,0.3333333333333333
2014-02-01,0.05190917933522561,0.05057584600189228,0.3333333333333333,2,True,0.0013333333333333333,1.5771348305638069,-0.054735140520895786,0.0,0.0,0.0,0.3333333333333333,0.0,0.0,0.3333333333333333,0.3333333333333333,0.0,0.0,0.0,0.0
2014-03-01,0.00940616423402322,0.008072830900689887,0.3333333333333333,2,True,0.0013333333333333333,1.6653703386244647,-0.001850679717878334,0.0,0.0,0.0,0.0,0.0,0.0,0.3333333333333333,0.3333333333333333,0.0,0.3333333333333333,0.0,0.0
2014-04-01,0.008992912871919539,0.007659579538586206,0.3333333333333333,2,True,0.0013333333333333333,1.6765553138187488,-0.0063682321594329405,0.0,0.0,0.0,0.0,0.0,0.0,0.3333333333333333,0.3333333333333333,0.0,0.0,0.0,0.3333333333333333
2014-05-01,0.027508880969455696,0.027508880969455696,0.0,0,False,0.0,1.6916324296808751,0.0,0.0,0.0,0.0,0.0,0.0,0.0,0.3333333333333333,0.3333333333333333,0.0,0.0,0.0,0.3333333333333333
2014-06-01,0.03810266861751447,0.03676933528418114,0.3333333333333333,2,True,0.0013333333333333333,1.7387788060941376,0.0,0.0,0.0,0.0,0.0,0.0,0.0,0.3333333333333333,0.0,0.0,0.3333333333333333,0.0,0.3333333333333333
2014-07-01,-0.017600400407506545,-0.017600400407506545,0.0,0,False,0.0,1.802624210850244,0.0,0.0,0.0,0.0,0.0,0.0,0.0,0.3333333333333333,0.0,0.0,0.3333333333333333,0.0,0.3333333333333333
2014-08-01,0.036165515567730434,0.0348321822343971,0.3333333333333333,2,True,0.0013333333333333333,1.7685361065510743,-0.033824347730244786,0.0,0.0,0.0,0.0,0.0,0.0,0.3333333333333333,0.0,0.0,0.0,0.3333333333333333,0.3333333333333333
2014-09-01,-0.06741770708288719,-0.06741770708288719,0.0,0,False,0.0,1.8371619690640837,-0.0005076162334886059,0.0,0.0,0.0,0.0,0.0,0.0,0.3333333333333333,0.0,0.0,0.0,0.3333333333333333,0.3333333333333333
2014-10-01,0.031099958789853423,0.028433292123186755,0.6666666666666666,4,True,0.0026666666666666666,1.708735908979047,-0.07483767260655605,0.0,0.0,0.0,0.0,0.0,0.0,0.3333333333333333,0.3333333333333333,0.3333333333333333,0.0,0.0,0.0
2014-11-01,0.019582434630311212,0.01824910129697788,0.3333333333333333,2,True,0.0013333333333333333,1.7597994936312482,-0.047190272810229916,0.0,0.0,0.0,0.0,0.0,0.0,0.3333333333333333,0.3333333333333333,0.0,0.3333333333333333,0.0,0.0
2014-12-01,0.024355190594750845,0.023021857261417512,0.3333333333333333,2,True,0.0013333333333333333,1.7894791469019777,-0.031120793055113838,0.0,0.0,0.0,0.0,0.0,0.0,0.3333333333333333,0.0,0.3333333333333333,0.3333333333333333,0.0,0.0
2015-01-01,0.040780797033346694,0.040780797033346694,0.0,0,False,0.0,1.7812020320021826,-0.035602278370988505,0.0,0.0,0.0,0.0,0.0,0.0,0.3333333333333333,0.0,0.3333333333333333,0.3333333333333333,0.0,0.0
2015-02-01,-0.042554798966856135,-0.04388813230018947,0.3333333333333333,2,True,0.0013333333333333333,1.8527630883197728,-0.007544228187824298,0.0,0.0,0.0,0.0,0.0,0.3333333333333333,0.0,0.0,0.3333333333333333,0.3333333333333333,0.0,0.0
2015-03-01,0.005471544082999805,0.004138210749666472,0.3333333333333333,2,True,0.0013333333333333333,1.78392682570213,-0.04441723509061912,0.0,0.0,0.0,0.0,0.0,0.0,0.3333333333333333,0.0,0.3333333333333333,0.3333333333333333,0.0,0.0
2015-04-01,-0.023983526487828307,-0.023983526487828307,0.0,0,False,0.0,1.791296076423179,-0.040469803571639096,0.0,0.0,0.0,0.0,0.0,0.0,0.3333333333333333,0.0,0.3333333333333333,0.3333333333333333,0.0,0.0
2015-05-01,-0.008340620051805914,-0.01100728671847258,0.6666666666666666,4,True,0.0026666666666666666,1.7436722542480025,-0.0659801008630071,0.0,0.0,0.0,0.0,0.0,0.0,0.3333333333333333,0.3333333333333333,0.0,0.0,0.3333333333333333,0.0
2015-06-01,-0.01726053806151765,-0.018593871394850983,0.3333333333333333,2,True,0.0013333333333333333,1.7268234412184709,-0.07500537875458435,0.0,0.0,0.0,0.0,0.3333333333333333,0.0,0.3333333333333333,0.3333333333333333,0.0,0.0,0.0,0.0
2015-07-01,0.022776078075323742,0.022776078075323742,0.0,0,False,0.0,1.6970175394857983,-0.09097128362129014,0.0,0.0,0.0,0.0,0.3333333333333333,0.0,0.3333333333333333,0.3333333333333333,0.0,0.0,0.0,0.0
2015-08-01,-0.05940068649249423,-0.05940068649249423,0.0,0,False,0.0,1.7377153064648634,-0.06917101461071229,0.0,0.0,0.0,0.0,0.3333333333333333,0.0,0.3333333333333333,0.3333333333333333,0.0,0.0,0.0,0.0
2015-09-01,0.012341228653527825,0.009674561986861159,0.6666666666666666,3,True,0.0026666666666666666,1.6301351741341155,-0.12679766096234824,0.0,0.0,0.0,0.0,1.0,0.0,0.0,0.0,0.0,0.0,0.0,0.0
2015-10-01,-0.007238717907319447,-0.009905384573986114,0.6666666666666666,3,True,0.0026666666666666666,1.6458523702674523,-0.11837854784552759,0.0,0.0,0.0,0.0,0.3333333333333333,0.3333333333333333,0.0,0.0,0.3333333333333333,0.0,0.0,0.0
2015-11-01,-0.00245226378314863,-0.006452263783148629,0.9999999999999999,6,True,0.003999999999999999,1.6404560773164372,-0.12126913980484877,0.0,0.0,0.0,0.0,0.0,0.0,0.3333333333333333,0.3333333333333333,0.0,0.3333333333333333,0.0,0.0
2015-12-01,-0.031268788908868896,-0.031268788908868896,0.0,0,False,0.0,1.629887513305027,-0.12693032358976675,0.0,0.0,0.0,0.0,0.0,0.0,0.3333333333333333,0.3333333333333333,0.0,0.3333333333333333,0.0,0.0
2016-01-01,-0.034789591297592105,-0.034789591297592105,0.0,0,False,0.0,1.6039647903564016,-0.1408161550668946,0.0,0.0,0.0,0.0,0.0,0.0,0.3333333333333333,0.3333333333333333,0.0,0.3333333333333333,0.0,0.0
2016-02-01,0.03854681864570231,0.03454681864570231,0.9999999999999999,6,True,0.003999999999999999,1.541970856800798,-0.17402398264208452,0.0,0.0,0.3333333333333333,0.0,0.3333333333333333,0.0,0.0,0.0,0.3333333333333333,0.0,0.0,0.0
2016-03-01,0.01903844951591952,0.01770511618258619,0.3333333333333333,2,True,0.0013333333333333333,1.599273715871156,-0.14332898791542947,0.0,0.0,0.3333333333333333,0.0,0.0,0.3333333333333333,0.0,0.0,0.3333333333333333,0.0,0.0,0.0
2016-04-01,0.017302713603528343,0.014636046936861677,0.6666666666666666,4,True,0.0026666666666666666,1.6253754840188448,-0.12934724863317215,0.0,0.0,0.3333333333333333,0.0,0.0,0.0,0.0,0.3333333333333333,0.0,0.3333333333333333,0.0,0.0
2016-05-01,-0.01812280148917115,-0.01945613482250448,0.3333333333333333,2,True,0.0013333333333333333,1.6428839050759678,-0.11996864343372504,0.0,0.0,0.3333333333333333,0.0,0.0,0.3333333333333333,0.0,0.0,0.0,0.3333333333333333,0.0,0.0
2016-06-01,0.05075941938485573,0.048092752718189066,0.6666666666666666,4,True,0.0026666666666666666,1.6066635407128416,-0.13937053561084312,0.0,0.0,0.0,0.0,0.0,0.0,0.0,0.3333333333333333,0.3333333333333333,0.3333333333333333,0.0,0.0
2016-07-01,0.015639762633272047,0.014306429299938713,0.3333333333333333,2,True,0.0013333333333333333,1.685965893387327,-0.09689123638135955,0.0,0.0,0.3333333333333333,0.0,0.0,0.0,0.0,0.0,0.3333333333333333,0.3333333333333333,0.0,0.0
2016-08-01,-0.023537382545077014,-0.023537382545077014,0.0,0,False,0.0,1.712333999767697,-0.08276682968633642,0.0,0.0,0.3333333333333333,0.0,0.0,0.0,0.0,0.0,0.3333333333333333,0.3333333333333333,0.0,0.0
2016-09-01,0.0017014473413227513,-0.0009652193253439152,0.6666666666666666,4,True,0.0026666666666666666,1.6675713923319018,-0.10674448143851234,0.0,0.0,0.0,0.0,0.0,0.0,0.3333333333333333,0.0,0.0,0.3333333333333333,0.3333333333333333,0.0
2016-10-01,-0.01948447827965194,-0.020817811612985272,0.3333333333333333,2,True,0.0013333333333333333,1.6777571649606646,-0.10128834465582759,0.0,0.0,0.0,0.0,0.0,0.0,0.3333333333333333,0.0,0.0,0.0,0.3333333333333333,0.3333333333333333
2016-11-01,-0.0167478094601989,-0.01808114279353223,0.3333333333333333,2,True,0.0013333333333333333,1.6406830213064536,-0.12114757441195545,0.0,0.0,0.0,0.3333333333333333,0.0,0.0,0.3333333333333333,0.0,0.0,0.0,0.3333333333333333,0.0
2016-12-01,0.022782693768996328,0.018782693768996328,0.9999999999999999,6,True,0.003999999999999999,1.6067523539823056,-0.13932296166982028,0.0,0.3333333333333333,0.0,0.0,0.0,0.0,0.0,0.3333333333333333,0.0,0.0,0.0,0.3333333333333333
2017-01-01,-0.00739953140992807,-0.00739953140992807,0.0,0,False,0.0,1.639544171217222,-0.12175761373722704,0.0,0.3333333333333333,0.0,0.0,0.0,0.0,0.0,0.3333333333333333,0.0,0.0,0.0,0.3333333333333333
2017-02-01,0.015238369649599272,0.013905036316265938,0.3333333333333333,2,True,0.0013333333333333333,1.6252424295408368,-0.12941852093209527,0.0,0.3333333333333333,0.0,0.0,0.0,0.0,0.3333333333333333,0.0,0.0,0.0,0.0,0.3333333333333333
2017-03-01,0.0048304893370091,0.002163822670342433,0.6666666666666666,4,True,0.0026666666666666666,1.645608451853853,-0.11850920580117985,0.0,0.0,0.0,0.0,0.0,0.0,0.3333333333333333,0.3333333333333333,0.0,0.0,0.3333333333333333,0.0
2017-04-01,0.02096757087036575,0.02096757087036575,0.0,0,False,0.0,1.650429814262031,-0.11592658259362565,0.0,0.0,0.0,0.0,0.0,0.0,0.3333333333333333,0.3333333333333333,0.0,0.0,0.3333333333333333,0.0
2017-05-01,0.022255493235158998,0.022255493235158998,0.0,0,False,0.0,1.6850353183591356,-0.09738971055955059,0.0,0.0,0.0,0.0,0.0,0.0,0.3333333333333333,0.3333333333333333,0.0,0.0,0.3333333333333333,0.0
2017-06-01,-0.0103085040034138,-0.0103085040034138,0.0,0,False,0.0,1.7225366104878816,-0.07730167336892357,0.0,0.0,0.0,0.0,0.0,0.0,0.3333333333333333,0.3333333333333333,0.0,0.0,0.3333333333333333,0.0
2017-07-01,0.042622949357856335,0.042622949357856335,0.0,0,False,0.0,1.7068252320987694,-0.08571767013812748,0.0,0.0,0.0,0.0,0.0,0.0,0.3333333333333333,0.3333333333333333,0.0,0.0,0.3333333333333333,0.0
2017-08-01,0.0172905756602603,0.0172905756602603,0.0,0,False,0.0,1.7795751575292273,-0.046748260693641686,0.0,0.0,0.0,0.0,0.0,0.0,0.3333333333333333,0.3333333333333333,0.0,0.0,0.3333333333333333,0.0
2017-09-01,0.0037782105300286912,0.0037782105300286912,0.0,0,False,0.0,1.8103450364336058,-0.03026598937189051,0.0,0.0,0.0,0.0,0.0,0.0,0.3333333333333333,0.3333333333333333,0.0,0.0,0.3333333333333333,0.0
2017-10-01,0.030425513399553534,0.030425513399553534,0.0,0,False,0.0,1.8134282657231144,-0.028614418956069976,0.0,0.0,0.0,0.0,0.0,0.0,0.3333333333333333,0.3333333333333333,0.0,0.0,0.3333333333333333,0.0
2017-11-01,0.009165614584910942,0.009165614584910942,0.0,0,False,0.0,1.8686027517210015,0.0,0.0,0.0,0.0,0.0,0.0,0.0,0.3333333333333333,0.3333333333333333,0.0,0.0,0.3333333333333333,0.0
2017-12-01,0.03817773967765177,0.03817773967765177,0.0,0,False,0.0,1.885729644355581,-0.012219523968924229,0.0,0.0,0.0,0.0,0.0,0.0,0.3333333333333333,0.3333333333333333,0.0,0.0,0.3333333333333333,0.0
2018-01-01,0.05482991069753909,0.05482991069753909,0.0,0,False,0.0,1.902251707851466,-0.016325611279532026,0.0,0.0,0.0,0.0,0.0,0.0,0.3333333333333333,0.3333333333333333,0.0,0.0,0.3333333333333333,0.0
2018-02-01,-0.038205824089505305,-0.038205824089505305,0.0,0,False,0.0,2.0065519991172027,-0.022223659973905963,0.0,0.0,0.0,0.0,0.0,0.0,0.3333333333333333,0.3333333333333333,0.0,0.0,0.3333333333333333,0.0
2018-03-01,-0.03467712600386719,-0.03467712600386719,0.0,0,False,0.0,1.9298900264124854,-0.05958041081982346,0.0,0.0,0.0,0.0,0.0,0.0,0.3333333333333333,0.3333333333333333,0.0,0.0,0.3333333333333333,0.0
2018-04-01,0.023523151426248425,0.022189818092915092,0.3333333333333333,2,True,0.0013333333333333333,1.9043038254495845,-0.07204835680063226,0.0,0.3333333333333333,0.0,0.0,0.0,0.0,0.3333333333333333,0.0,0.0,0.0,0.3333333333333333,0.0
2018-05-01,0.024884799251722635,0.022218132585055967,0.6666666666666666,4,True,0.0026666666666666666,1.941309586616395,-0.054015752746771284,0.0,0.3333333333333333,0.0,0.0,0.3333333333333333,0.0,0.0,0.0,0.0,0.0,0.0,0.3333333333333333
2018-06-01,-0.014979468533216262,-0.016312801866549594,0.3333333333333333,2,True,0.0013333333333333333,1.98696586105017,-0.03176782449237081,0.0,0.3333333333333333,0.0,0.0,0.0,0.0,0.3333333333333333,0.0,0.0,0.0,0.0,0.3333333333333333
2018-07-01,0.007893467119749586,0.007893467119749586,0.0,0,False,0.0,1.9762783928837384,-0.03697574011704263,0.0,0.3333333333333333,0.0,0.0,0.0,0.0,0.3333333333333333,0.0,0.0,0.0,0.0,0.3333333333333333
2018-08-01,0.019279952534252666,0.017946619200919334,0.3333333333333333,2,True,0.0013333333333333333,1.9892222439555745,-0.030668307599753808,0.0,0.0,0.0,0.0,0.0,0.0,0.3333333333333333,0.3333333333333333,0.0,0.0,0.0,0.3333333333333333
2018-09-01,-0.0031811678821239333,-0.004514501215457266,0.3333333333333333,2,True,0.0013333333333333333,2.033146337936497,-0.009264456680104671,0.0,0.0,0.0,0.0,0.0,0.0,0.3333333333333333,0.3333333333333333,0.0,0.3333333333333333,0.0,0.0
2018-10-01,-0.08537266592701372,-0.08670599926034706,0.3333333333333333,2,True,0.0013333333333333333,2.0212776849357477,-0.015047953991521479,0.0,0.0,0.0,0.0,0.0,0.0,0.3333333333333333,0.3333333333333333,0.0,0.0,0.0,0.3333333333333333
2018-11-01,0.014801682324915744,0.010801682324915744,0.9999999999999999,4,True,0.003999999999999999,1.8413209571124254,-0.10273939222565331,0.0,0.0,0.0,0.0,1.0,0.0,0.0,0.0,0.0,0.0,0.0,0.0
2018-12-01,-0.016415223730807837,-0.01774855706414117,0.33333333333333337,2,True,0.0013333333333333335,1.8644125219086998,-0.0914870619985223,0.0,0.0,0.0,0.0,0.6666666666666666,0.0,0.0,0.0,0.0,0.3333333333333333,0.0,0.0
2019-01-01,0.015491856962745725,0.011491856962745725,0.9999999999999999,5,True,0.003999999999999999,1.8410670159979565,-0.10286313564899685,0.0,0.0,0.3333333333333333,0.0,0.0,0.3333333333333333,0.0,0.0,0.3333333333333333,0.0,0.0,0.0
2019-02-01,-0.009233503988902917,-0.01056683732223625,0.3333333333333333,2,True,0.0013333333333333333,1.8596273950056619,-0.09381881511126067,0.0,0.0,0.3333333333333333,0.0,0.0,0.0,0.0,0.0,0.3333333333333333,0.3333333333333333,0.0,0.0
2019-03-01,0.017267176594313316,0.015933843260979984,0.3333333333333333,2,True,0.0013333333333333333,1.8399999093452901,-0.10338312797300375,0.0,0.0,0.3333333333333333,0.3333333333333333,0.0,0.0,0.0,0.0,0.0,0.3333333333333333,0.0,0.0
2019-04-01,0.011975931663823306,0.00930926499715664,0.6666666666666666,4,True,0.0026666666666666666,1.8667801220129059,-0.09033334987665631,0.0,0.0,0.0,0.0,0.0,0.0,0.3333333333333333,0.0,0.3333333333333333,0.3333333333333333,0.0,0.0
2019-05-01,-0.051864104165948145,-0.05319743749928148,0.3333333333333333,2,True,0.0013333333333333333,1.8866177044479355,-0.08066665857893618,0.0,0.0,0.0,0.0,0.0,0.0,0.3333333333333333,0.3333333333333333,0.0,0.3333333333333333,0.0,0.0
2019-06-01,0.014839001796872623,0.012172335130205957,0.6666666666666666,4,True,0.0026666666666666666,1.8014294262753863,-0.1221782081830961,0.0,0.0,0.0,0.0,0.0,0.3333333333333333,0.0,0.0,0.3333333333333333,0.3333333333333333,0.0,0.0
2019-07-01,0.015430037363327374,0.011430037363327376,0.9999999999999999,6,True,0.003999999999999999,1.8159926022126678,-0.11508169193364126,0.0,0.0,0.3333333333333333,0.0,0.0,0.0,0.3333333333333333,0.3333333333333333,0.0,0.0,0.0,0.0
2019-08-01,0.045100589571733386,0.043767256238400054,0.3333333333333333,2,True,0.0013333333333333333,1.8415547513351127,-0.10262546621751645,0.0,0.0,0.3333333333333333,0.0,0.0,0.0,0.3333333333333333,0.0,0.3333333333333333,0.0,0.0,0.0
2019-09-01,-0.024209585204912044,-0.025542918538245377,0.3333333333333333,2,True,0.0013333333333333333,1.9205118568519677,-0.06415031596709164,0.0,0.0,0.3333333333333333,0.0,0.0,0.3333333333333333,0.0,0.0,0.3333333333333333,0.0,0.0,0.0
2019-10-01,0.008289827671661903,0.00695649433832857,0.3333333333333333,2,True,0.0013333333333333333,1.8690230141719093,-0.08924040691416724,0.0,0.0,0.3333333333333333,0.0,0.0,0.0,0.0,0.0,0.3333333333333333,0.3333333333333333,0.0,0.0
2019-11-01,-0.025252974032244357,-0.025252974032244357,0.0,0,False,0.0,1.8845168928737648,-0.08169036683717257,0.0,0.0,0.3333333333333333,0.0,0.0,0.0,0.0,0.0,0.3333333333333333,0.3333333333333333,0.0,0.0
2019-12-01,0.035635858561664256,0.03296919189499759,0.6666666666666666,4,True,0.0026666666666666666,1.8551037801987973,-0.09602313552333563,0.0,0.0,0.0,0.0,0.0,0.0,0.3333333333333333,0.3333333333333333,0.3333333333333333,0.0,0.0,0.0
2020-01-01,-0.014796193008982644,-0.016129526342315976,0.3333333333333333,2,True,0.0013333333333333333,1.8923542005684832,-0.07787131104556011,0.0,0.0,0.0,0.0,0.0,0.0,0.3333333333333333,0.3333333333333333,0.0,0.0,0.3333333333333333,0.0
2020-02-01,0.012705060243411559,0.010038393576744893,0.6666666666666666,4,True,0.0026666666666666666,1.843484693775569,-0.10168502108740252,0.0,0.0,0.3333333333333333,0.0,0.0,0.0,0.3333333333333333,0.0,0.3333333333333333,0.0,0.0,0.0
2020-03-01,0.004157105602544675,0.002823772269211342,0.3333333333333333,2,True,0.0013333333333333333,1.834030763010602,-0.10629184404852987,0.0,0.0,0.3333333333333333,0.0,0.0,0.3333333333333333,0.0,0.0,0.3333333333333333,0.0,0.0,0.0
2020-04-01,0.024965593457989987,0.023632260124656655,0.3333333333333333,2,True,0.0013333333333333333,1.8367472165639376,-0.10496813850070463,0.0,0.0,0.3333333333333333,0.0,0.3333333333333333,0.0,0.0,0.0,0.3333333333333333,0.0,0.0,0.0
2020-05-01,0.030667192256575392,0.02933385892324206,0.3333333333333333,2,True,0.0013333333333333333,1.8800925639232906,-0.08384630606534582,0.0,0.0,0.3333333333333333,0.0,0.0,0.0,0.3333333333333333,0.0,0.3333333333333333,0.0,0.0,0.0
2020-06-01,0.032792086505333495,0.032792086505333495,0.0,0,False,0.0,1.9377497240412853,-0.05575044459687939,0.0,0.0,0.3333333333333333,0.0,0.0,0.0,0.3333333333333333,0.0,0.3333333333333333,0.0,0.0,0.0
2020-07-01,0.07689469885813863,0.07689469885813863,0.0,0,False,0.0,2.001292580617734,-0.024786531493477093,0.0,0.0,0.3333333333333333,0.0,0.0,0.0,0.3333333333333333,0.0,0.3333333333333333,0.0,0.0,0.0
2020-08-01,0.025134495062324194,0.025134495062324194,0.0,0,False,0.0,2.1482830267994646,0.0,0.0,0.0,0.3333333333333333,0.0,0.0,0.0,0.3333333333333333,0.0,0.3333333333333333,0.0,0.0,0.0
2020-09-01,-0.04406032088262253,-0.04539365421595586,0.3333333333333333,2,True,0.0013333333333333333,2.1993426638811253,0.0,0.0,0.0,0.3333333333333333,0.0,0.0,0.0,0.3333333333333333,0.3333333333333333,0.0,0.0,0.0,0.0
2020-10-01,-0.015506240116487675,-0.016839573449821007,0.3333333333333333,2,True,0.0013333333333333333,2.099635668485841,-0.048741506110929866,0.0,0.0,0.0,0.0,0.0,0.0,0.3333333333333333,0.3333333333333333,0.0,0.0,0.3333333333333333,0.0
2020-11-01,0.05826240770440301,0.05692907437106968,0.3333333333333333,2,True,0.0013333333333333333,2.049010458274197,-0.07167770496750359,0.0,0.0,0.3333333333333333,0.0,0.0,0.0,0.3333333333333333,0.0,0.0,0.0,0.3333333333333333,0.0
2020-12-01,0.025370206778765114,0.024036873445431782,0.3333333333333333,2,True,0.0013333333333333333,2.162612220592334,-0.02020942266125636,0.0,0.0,0.0,0.0,0.0,0.0,0.3333333333333333,0.3333333333333333,0.0,0.0,0.3333333333333333,0.0
2021-01-01,0.03840535563204021,0.03840535563204021,0.0,0,False,0.0,2.1714854543225504,-0.026689273829102134,0.0,0.0,0.0,0.0,0.0,0.0,0.3333333333333333,0.3333333333333333,0.0,0.0,0.3333333333333333,0.0
2021-02-01,0.031034541809692968,0.029701208476359636,0.3333333333333333,2,True,0.0013333333333333333,2.251875615945016,-0.022025577661273332,0.0,0.3333333333333333,0.0,0.0,0.0,0.0,0.3333333333333333,0.0,0.0,0.0,0.3333333333333333,0.0
2021-03-01,0.007477522595534247,0.006144189262200914,0.3333333333333333,2,True,0.0013333333333333333,2.318665861839759,-0.026602394692417097,0.0,0.3333333333333333,0.0,0.0,0.0,0.0,0.0,0.0,0.0,0.0,0.3333333333333333,0.3333333333333333
2021-04-01,0.03893974410760322,0.03760641077426989,0.3333333333333333,2,True,0.0013333333333333333,2.332889066562209,-0.03721212168845578,0.0,0.3333333333333333,0.0,0.0,0.0,0.0,0.3333333333333333,0.0,0.0,0.0,0.0,0.3333333333333333
2021-05-01,0.034536747152189864,0.034536747152189864,0.0,0,False,0.0,2.3978108456127027,-0.013187887184814895,0.0,0.3333333333333333,0.0,0.0,0.0,0.0,0.3333333333333333,0.0,0.0,0.0,0.0,0.3333333333333333
2021-06-01,0.01811025389492345,0.01677692056159012,0.3333333333333333,2,True,0.0013333333333333333,2.477315934596399,0.0,0.0,0.3333333333333333,0.0,0.0,0.0,0.0,0.0,0.0,0.0,0.3333333333333333,0.0,0.3333333333333333
2021-07-01,-0.026297538720455,-0.027630872053788332,0.3333333333333333,2,True,0.0013333333333333333,2.518817847476346,-0.009977993739281876,0.0,0.3333333333333333,0.0,0.0,0.0,0.0,0.3333333333333333,0.0,0.0,0.0,0.0,0.3333333333333333
2021-08-01,0.007103309329419234,0.004436642662752567,0.6666666666666666,4,True,0.0026666666666666666,2.4673063358728875,-0.03022460669474969,0.0,0.3333333333333333,0.0,0.0,0.3333333333333333,0.0,0.0,0.0,0.0,0.3333333333333333,0.0,0.0
2021-09-01,-0.04899717004942087,-0.051663836716087534,0.6666666666666666,4,True,0.0026666666666666666,2.4715976065675496,-0.028537921638585817,0.0,0.0,0.0,0.0,0.0,0.0,0.3333333333333333,0.3333333333333333,0.0,0.3333333333333333,0.0,0.0
2021-10-01,0.04281363342763089,0.038813633427630896,0.9999999999999999,6,True,0.003999999999999999,2.3410943330714384,-0.0798322670314694,0.0,0.3333333333333333,0.0,0.0,0.3333333333333333,0.0,0.0,0.0,0.0,0.0,0.0,0.3333333333333333
2021-11-01,-0.05973020181318525,-0.061063535146518584,0.3333333333333333,2,True,0.0013333333333333333,2.4380699875501732,-0.04171596096286034,0.0,0.3333333333333333,0.0,0.0,0.0,0.0,0.3333333333333333,0.0,0.0,0.0,0.0,0.3333333333333333
2021-12-01,0.031971335401149305,0.030638002067815973,0.3333333333333333,2,True,0.0013333333333333333,2.289386983725585,-0.10015585406222483,0.0,0.0,0.0,0.0,0.3333333333333333,0.0,0.3333333333333333,0.0,0.0,0.0,0.0,0.3333333333333333
2022-01-01,0.06397819959429943,0.061311532927632764,0.6666666666666666,4,True,0.0026666666666666666,2.305860870984831,-0.09368078841519822,0.0,0.3333333333333333,0.0,0.0,0.0,0.0,0.0,0.0,0.0,0.3333333333333333,0.0,0.3333333333333333
2022-02-01,0.051481117816458324,0.05014778448312499,0.3333333333333333,2,True,0.0013333333333333333,2.4435808783824298,-0.03954990389624846,0.0,0.3333333333333333,0.0,0.0,0.3333333333333333,0.0,0.0,0.0,0.0,0.0,0.0,0.3333333333333333
2022-03-01,0.045326589032486056,0.043993255699152724,0.3333333333333333,2,True,0.0013333333333333333,2.5659533146051774,0.0,0.0,0.3333333333333333,0.3333333333333333,0.0,0.0,0.0,0.0,0.0,0.0,0.0,0.0,0.3333333333333333
2022-04-01,0.007884379593644554,0.007884379593644554,0.0,0,False,0.0,2.6822592259728317,-0.04174590086922225,0.0,0.3333333333333333,0.3333333333333333,0.0,0.0,0.0,0.0,0.0,0.0,0.0,0.0,0.3333333333333333
2022-05-01,0.06268984148025251,0.06268984148025251,0.0,0,False,0.0,2.691509185616533,-0.04836773589051113,0.0,0.3333333333333333,0.3333333333333333,0.0,0.0,0.0,0.0,0.0,0.0,0.0,0.0,0.3333333333333333
2022-06-01,-0.08021787416136872,-0.08155120749470206,0.3333333333333333,2,True,0.0013333333333333333,2.85642581717907,-0.002752721805153957,0.0,0.3333333333333333,0.0,0.0,0.3333333333333333,0.0,0.0,0.0,0.0,0.0,0.0,0.3333333333333333
2022-07-01,0.0015889846457017125,0.0002556513123683792,0.3333333333333333,2,True,0.0013333333333333333,2.6237863578780805,-0.10728033239363266,0.0,0.3333333333333333,0.0,0.0,0.6666666666666666,0.0,0.0,0.0,0.0,0.0,0.0,0.0
2022-08-01,-0.028138319383222088,-0.02947165271655542,0.3333333333333333,2,True,0.0013333333333333333,2.624451573428864,-0.10705399879615851,0.0,0.0,0.0,0.0,0.6666666666666666,0.0,0.0,0.0,0.0,0.0,0.0,0.3333333333333333
2022-09-01,-0.026919010066695167,-0.026919010066695167,0.0,0,False,0.0,2.5506039168499233,-0.13217999857000307,0.0,0.0,0.0,0.0,0.6666666666666666,0.0,0.0,0.0,0.0,0.0,0.0,0.3333333333333333
2022-10-01,-0.026304962236883167,-0.0276382955702165,0.33333333333333337,2,True,0.0013333333333333335,2.421232256149355,-0.17619754046762037,0.0,0.0,0.0,0.0,1.0,0.0,0.0,0.0,0.0,0.0,0.0,0.0
2022-11-01,0.030291959712103706,0.028958626378770374,0.33333333333333337,2,True,0.0013333333333333335,2.351259246048546,-0.20000522668835707,0.0,0.0,0.0,0.0,0.6666666666666666,0.0,0.0,0.0,0.0,0.0,0.0,0.3333333333333333
2022-12-01,-0.020681970991968075,-0.022015304325301407,0.3333333333333333,2,True,0.0013333333333333333,2.4192535184073565,-0.17687078815564694,0.0,0.0,0.3333333333333333,0.0,0.3333333333333333,0.0,0.0,0.0,0.0,0.0,0.0,0.3333333333333333
2023-01-01,0.04650457357344099,0.04650457357344099,0.0,0,False,0.0,2.368978629762424,-0.19397636603369794,0.0,0.0,0.3333333333333333,0.0,0.3333333333333333,0.0,0.0,0.0,0.0,0.0,0.0,0.3333333333333333
2023-02-01,-0.04982369733745458,-0.05115703067078791,0.3333333333333333,2,True,0.0013333333333333333,2.475841441449794,-0.15761725720511865,0.0,0.0,0.3333333333333333,0.0,0.0,0.0,0.0,0.0,0.0,0.0,0.3333333333333333,0.3333333333333333
2023-03-01,0.05805171660570965,0.05538504993904299,0.6666666666666666,4,True,0.0026666666666666666,2.3462125711706308,-0.20172231234436055,0.0,0.0,0.3333333333333333,0.0,0.3333333333333333,0.0,0.0,0.3333333333333333,0.0,0.0,0.0,0.0
2023-04-01,-0.002493296510236405,-0.003826629843569738,0.3333333333333333,2,True,0.0013333333333333333,2.471039610122661,-0.1592510370490411,0.0,0.0,0.3333333333333333,0.0,0.3333333333333333,0.0,0.3333333333333333,0.0,0.0,0.0,0.0,0.0
2023-05-01,0.03553461785962164,0.03420128452628831,0.3333333333333333,2,True,0.0013333333333333333,2.4583099481572814,-0.16358218983682582,0.0,0.0,0.3333333333333333,0.0,0.0,0.0,0.3333333333333333,0.3333333333333333,0.0,0.0,0.0,0.0
2023-06-01,0.026859692581275144,0.026859692581275144,0.0,0,False,0.0,2.5456650527455578,-0.13386040258169551,0.0,0.0,0.3333333333333333,0.0,0.0,0.0,0.3333333333333333,0.3333333333333333,0.0,0.0,0.0,0.0
2023-07-01,0.01727547554065752,0.01594214220732419,0.3333333333333333,2,True,0.0013333333333333333,2.6099821088121895,-0.11197710376019454,0.0,0.0,0.0,0.0,0.3333333333333333,0.0,0.3333333333333333,0.3333333333333333,0.0,0.0,0.0,0.0
2023-08-01,0.0056569066782482524,0.004323573344914919,0.3333333333333333,2,True,0.0013333333333333333,2.6479953222446584,-0.09904345039387108,0.0,0.0,0.0,0.0,0.0,0.0,0.3333333333333333,0.3333333333333333,0.0,0.0,0.0,0.3333333333333333
2023-09-01,-0.0359794863711396,-0.0359794863711396,0.0,0,False,0.0,2.6629747846670337,-0.09394682327159287,0.0,0.0,0.0,0.0,0.0,0.0,0.3333333333333333,0.3333333333333333,0.0,0.0,0.0,0.3333333333333333
2023-10-01,-0.01738859206437467,-0.020055258731041338,0.6666666666666666,4,True,0.0026666666666666666,2.5781967469401894,-0.12279178674683378,0.0,0.3333333333333333,0.0,0.0,0.3333333333333333,0.0,0.0,0.0,0.0,0.0,0.0,0.3333333333333333
2023-11-01,0.04251354868009427,0.039846882013427606,0.6666666666666666,4,True,0.0026666666666666666,2.5198722676340446,-0.14263616531948708,0.0,0.0,0.3333333333333333,0.0,0.6666666666666666,0.0,0.0,0.0,0.0,0.0,0.0,0.0
2023-12-01,0.02049149856132737,0.017824831894660702,0.6666666666666666,3,True,0.0026666666666666666,2.6199956440051873,-0.10857008863405182,0.0,0.0,0.3333333333333333,0.0,0.0,0.0,0.3333333333333333,0.3333333333333333,0.0,0.0,0.0,0.0
2024-01-01,0.013767754541713303,0.012434421208379969,0.3333333333333333,2,True,0.0013333333333333333,2.634159161081072,-0.10375107956414176,0.0,0.0,0.0,0.0,0.0,0.0,0.3333333333333333,0.3333333333333333,0.0,0.3333333333333333,0.0,0.0
2024-02-01,0.026698628044655465,0.025365294711322133,0.3333333333333333,2,True,0.0013333333333333333,2.6633092302770685,-0.0938330311661777,0.0,0.0,0.0,0.0,0.0,0.3333333333333333,0.3333333333333333,0.3333333333333333,0.0,0.0,0.0,0.0
2024-03-01,0.03285228634993875,0.03151895301660542,0.3333333333333333,2,True,0.0013333333333333333,2.730770044873754,-0.07088009683050545,0.0,0.0,0.3333333333333333,0.0,0.0,0.0,0.3333333333333333,0.3333333333333333,0.0,0.0,0.0,0.0
2024-04-01,-0.021899362361130027,-0.021899362361130027,0.0,0,False,0.0,2.820482084343782,-0.040356383718153865,0.0,0.0,0.3333333333333333,0.0,0.0,0.0,0.3333333333333333,0.3333333333333333,0.0,0.0,0.0,0.0
2024-05-01,0.04863170552330254,0.04863170552330254,0.0,0,False,0.0,2.7587153251456615,-0.06137196700865544,0.0,0.0,0.3333333333333333,0.0,0.0,0.0,0.3333333333333333,0.3333333333333333,0.0,0.0,0.0,0.0
2024-06-01,0.03139846693515395,0.03139846693515395,0.0,0,False,0.0,2.878546297197542,-0.020600558460889262,0.0,0.0,0.3333333333333333,0.0,0.0,0.0,0.3333333333333333,0.3333333333333333,0.0,0.0,0.0,0.0
2024-07-01,-0.0010494014480682,-0.0010494014480682,0.0,0,False,0.0,2.9689282379314093,-0.002917318811610059,0.0,0.0,0.3333333333333333,0.0,0.0,0.0,0.3333333333333333,0.3333333333333333,0.0,0.0,0.0,0.0
2024-08-01,0.013800218728309204,0.013800218728309204,0.0,0,False,0.0,2.9658126403393137,-0.040920966228765066,0.0,0.0,0.3333333333333333,0.0,0.0,0.0,0.3333333333333333,0.3333333333333333,0.0,0.0,0.0,0.0
2024-09-01,0.03920967036413906,0.03787633703080573,0.3333333333333333,2,True,0.0013333333333333333,3.063340275613289,-0.009382659009919192,0.0,0.0,0.3333333333333333,0.0,0.0,0.0,0.0,0.3333333333333333,0.0,0.3333333333333333,0.0,0.0
2024-10-01,-0.0019444887015492105,-0.0019444887015492105,0.0,0,False,0.0,3.179208234249233,-0.009234654956218225,0.0,0.0,0.3333333333333333,0.0,0.0,0.0,0.0,0.3333333333333333,0.0,0.3333333333333333,0.0,0.0
2024-11-01,0.026153112901461974,0.02481977956812864,0.3333333333333333,2,True,0.0013333333333333333,3.1687955980248512,-0.0223618157603116,0.0,0.0,0.3333333333333333,0.0,0.0,0.0,0.3333333333333333,0.3333333333333333,0.0,0.0,0.0,0.0
2024-12-01,-0.009430110043077625,-0.009430110043077625,0.0,0,False,0.0,3.2466379276699655,-0.0038008248054072213,0.0,0.0,0.3333333333333333,0.0,0.0,0.0,0.3333333333333333,0.3333333333333333,0.0,0.0,0.0,0.0
2025-01-01,0.03235541689027991,0.03235541689027991,0.0,0,False,0.0,3.097422765908531,-0.06638379302305097,0.0,0.0,0.3333333333333333,0.0,0.0,0.0,0.3333333333333333,0.3333333333333333,0.0,0.0,0.0,0.0
2025-02-01,-0.012636279835213943,-0.012636279835213943,0.0,0,False,0.0,3.20744697573033,-0.03322061407956123,0.0,0.0,0.3333333333333333,0.0,0.0,0.0,0.3333333333333333,0.3333333333333333,0.0,0.0,0.0,0.0
2025-03-01,-0.001882397194836254,-0.001882397194836254,0.0,0,False,0.0,3.194209845194956,-0.03893492490694073,0.0,0.0,0.3333333333333333,0.0,0.0,0.0,0.3333333333333333,0.3333333333333333,0.0,0.0,0.0,0.0
2025-04-01,-0.036665388484590736,-0.0393320551512574,0.6666666666666666,4,True,0.0026666666666666666,3.1796952146798634,-0.043302047025395085,0.0,0.0,0.3333333333333333,0.0,0.0,0.0,0.0,0.0,0.0,0.0,0.3333333333333333,0.3333333333333333
2025-05-01,0.026505400707597847,0.025172067374264515,0.3333333333333333,2,True,0.0013333333333333333,3.0590263070985366,-0.07960857613477701,0.0,0.0,0.3333333333333333,0.0,0.3333333333333333,0.0,0.0,0.0,0.0,0.0,0.3333333333333333,0.0
2025-06-01,0.027153303538248075,0.025819970204914743,0.3333333333333333,2,True,0.0013333333333333333,3.1117418865457984,-0.06374765754288514,0.0,0.0,0.3333333333333333,0.0,0.0,0.0,0.3333333333333333,0.0,0.0,0.0,0.3333333333333333,0.0
2025-07-01,0.005084040854797373,0.005084040854797373,0.0,0,False,0.0,3.1919743105791585,-0.039607546415085015,0.0,0.0,0.3333333333333333,0.0,0.0,0.0,0.3333333333333333,0.0,0.0,0.0,0.3333333333333333,0.0
2025-08-01,0.034782287804450876,0.033448954471117544,0.3333333333333333,2,True,0.0013333333333333333,3.2039248351304312,-0.03601190544849431,0.0,0.0,0.3333333333333333,0.0,0.0,0.0,0.3333333333333333,0.3333333333333333,0.0,0.0,0.0,0.0
2025-09-01,0.07316141361677833,0.07182808028344499,0.3333333333333333,2,True,0.0013333333333333333,3.3068106907745456,-0.0050558921078650565,0.0,0.0,0.3333333333333333,0.0,0.0,0.0,0.3333333333333333,0.0,0.0,0.0,0.3333333333333333,0.0
2025-10-01,0.031352533075430136,0.031352533075430136,0.0,0,False,0.0,3.544009979960721,0.0,0.0,0.0,0.3333333333333333,0.0,0.0,0.0,0.3333333333333333,0.0,0.0,0.0,0.3333333333333333,0.0
2025-11-01,0.009593915042711305,0.00826058170937797,0.3333333333333333,2,True,0.0013333333333333333,3.644439138032051,-0.0223207301895334,0.0,0.0,0.3333333333333333,0.0,0.0,0.0,0.3333333333333333,0.3333333333333333,0.0,0.0,0.0,0.0
2025-12-01,0.009286058358023874,0.00795272502469054,0.3333333333333333,2,True,0.0013333333333333333,3.669598375789241,-0.01557136100876011,0.0,0.0,0.3333333333333333,0.0,0.0,0.0,0.3333333333333333,0.0,0.0,0.0,0.3333333333333333,0.0
2026-01-01,0.037196200543056536,0.035862867209723204,0.3333333333333333,2,True,0.0013333333333333333,3.564020853914451,-0.05273610466133394,0.0,0.0,0.3333333333333333,0.0,0.0,0.0,0.3333333333333333,0.3333333333333333,0.0,0.0,0.0,0.0
2026-02-01,0.09831783510692227,0.0956511684402556,0.6666666666666666,4,True,0.0026666666666666666,3.7305067502635967,-0.044988474770587095,0.0,0.0,0.3333333333333333,0.0,0.0,0.0,0.0,0.0,0.0,0.0,0.3333333333333333,0.3333333333333333
2026-03-01,-0.04186296725740557,-0.04186296725740557,0.0,0,False,0.0,4.059240590566812,0.0,0.0,0.0,0.3333333333333333,0.0,0.0,0.0,0.0,0.0,0.0,0.0,0.3333333333333333,0.3333333333333333
2026-04-01,0.012931483355931528,0.011598150022598194,0.3333333333333333,2,True,0.0013333333333333333,3.88412298965447,-0.04314048330106246,0.0,0.3333333333333333,0.3333333333333333,0.0,0.0,0.0,0.0,0.0,0.0,0.0,0.0,0.3333333333333333
2026-05-01,0.016263350746499504,0.01493001741316617,0.3333333333333333,2,True,0.0013333333333333333,3.9291046608323144,-0.03205918122638951,0.0,0.3333333333333333,0.0,0.0,0.0,0.0,0.3333333333333333,0.0,0.0,0.0,0.0,0.3333333333333333
2026-06-01,-0.07335150372803903,-0.07335150372803903,0.0,0,False,0.0,3.9930050680511355,-0.019063774108575626,0.0,0.3333333333333333,0.0,0.0,0.0,0.0,0.3333333333333333,0.0,0.0,0.0,0.0,0.3333333333333333
2026-07-01,0.0,-0.0026666666666666666,0.6666666666666666,4,True,0.0026666666666666666,3.6902451762041295,-0.09344087621544794,0.0,0.0,0.0,0.0,0.0,0.0,0.3333333333333333,0.3333333333333333,0.0,0.0,0.3333333333333333,0.0
2026-08-01,0.0,0.0,0.0,0,False,0.0,3.663567808420758,-0.09999453593391916,0.0,0.0,0.0,0.0,0.0,0.0,0.3333333333333333,0.3333333333333333,0.0,0.0,0.3333333333333333,0.0
