date,gross_return,net_return,turnover,operations,signal_changed,trade_cost,equity,drawdown,w__CASH,w_dbc.us,w_gld.us,w_hyg.us,w_iau.us,w_ief.us,w_ivv.us,w_lqd.us,w_qqq.us,w_spy.us,w_tlt.us,w_vnq.us,w_vt.us,w_vwo.us,w_xle.us,w_xlk.us
2007-05-01,-0.012209411571276795,-0.014409411571276794,0.5499999999999999,2,True,0.0021999999999999997,0.9978,0.0,0.45000000000000007,0.0,0.0,0.0,0.0,0.5499999999999999,0.0,0.0,0.0,0.0,0.0,0.0,0.0,0.0,0.0,0.0
2007-06-01,-0.0015383241102447042,-0.0015383241102447042,0.0,0,False,0.0,0.9856174491341805,-0.012788083625768443,0.45000000000000007,0.0,0.0,0.0,0.0,0.5499999999999999,0.0,0.0,0.0,0.0,0.0,0.0,0.0,0.0,0.0,0.0
2007-07-01,0.007877145941323637,0.007877145941323637,0.0,0,False,0.0,0.9854221255804951,-0.012983723161083205,0.45000000000000007,0.0,0.0,0.0,0.0,0.5499999999999999,0.0,0.0,0.0,0.0,0.0,0.0,0.0,0.0,0.0,0.0
2007-08-01,0.01073498067480838,0.01073498067480838,0.0,0,False,0.0,0.993184439477502,-0.005208851901961187,0.45000000000000007,0.0,0.0,0.0,0.0,0.5499999999999999,0.0,0.0,0.0,0.0,0.0,0.0,0.0,0.0,0.0,0.0
2007-09-01,0.00013532164185414694,0.00013532164185414694,0.0,0,False,0.0,1.0070520970313264,0.0,0.45000000000000007,0.0,0.0,0.0,0.0,0.5499999999999999,0.0,0.0,0.0,0.0,0.0,0.0,0.0,0.0,0.0,0.0
2007-10-01,0.016774198706921865,0.014574198706921865,0.55,7,True,0.0022,1.004972558553985,-0.011362571040904657,0.45000000000000007,0.09166666666666667,0.09166666666666667,0.0,0.0,0.0,0.0,0.0,0.09166666666666667,0.09166666666666667,0.0,0.0,0.0,0.09166666666666667,0.09166666666666667,0.0
2007-11-01,-0.011111121117961626,-0.011111121117961626,0.0,0,False,0.0,1.0218301679461734,-0.011918826011865669,0.45000000000000007,0.09166666666666667,0.09166666666666667,0.0,0.0,0.0,0.0,0.0,0.09166666666666667,0.09166666666666667,0.0,0.0,0.0,0.09166666666666667,0.09166666666666667,0.0
2007-12-01,0.018864534509495975,0.018497867842829308,0.09166666666666667,2,True,0.00036666666666666667,1.0094561914109774,-0.02645460172330949,0.45000000000000007,0.09166666666666667,0.09166666666666667,0.0,0.0,0.0,0.0,0.0,0.09166666666666667,0.0,0.09166666666666667,0.0,0.0,0.09166666666666667,0.09166666666666667,0.0
2008-01-01,-0.019993362781442363,-0.019993362781442363,0.0,0,False,0.0,1.0184787998719853,-0.01775296709824592,0.45000000000000007,0.09166666666666667,0.09166666666666667,0.0,0.0,0.0,0.0,0.0,0.09166666666666667,0.0,0.09166666666666667,0.0,0.0,0.09166666666666667,0.09166666666666667,0.0
2008-02-01,0.019360090705554153,0.018260090705554153,0.27499999999999997,5,True,0.0010999999999999998,0.9970180561588218,-0.03845025784084111,0.45000000000000007,0.09166666666666667,0.09166666666666667,0.0,0.0,0.18333333333333335,0.0,0.09166666666666667,0.0,0.0,0.09166666666666667,0.0,0.0,0.0,0.0,0.0
2008-03-01,-0.014795324825789326,-0.015161991492455992,0.09166666666666667,2,True,0.00036666666666666667,1.0157078665620847,-0.02042532613248471,0.45000000000000007,0.09166666666666667,0.09166666666666667,0.0,0.0,0.09166666666666667,0.0,0.09166666666666667,0.0,0.0,0.09166666666666667,0.0,0.0,0.0,0.09166666666666667,0.0
2008-04-01,-0.0055170765643616105,-0.006250409897694944,0.18333333333333335,3,True,0.0007333333333333333,0.9995796596673368,-0.03597978182698025,0.45000000000000007,0.09166666666666667,0.09166666666666667,0.0,0.0,0.275,0.0,0.0,0.0,0.0,0.09166666666666667,0.0,0.0,0.0,0.0,0.0
2008-05-01,0.015831395220907474,0.014731395220907474,0.27499999999999997,6,True,0.0010999999999999998,0.9929714307604054,-0.04235292698953519,0.45000000000000007,0.09166666666666667,0.0,0.0,0.0,0.18333333333333335,0.0,0.0,0.09166666666666667,0.0,0.0,0.0,0.0,0.09166666666666667,0.09166666666666667,0.0
2008-06-01,-0.014524574203236922,-0.014891240869903588,0.09166666666666667,2,True,0.00036666666666666667,1.0079979559305323,-0.027860961358992964,0.45000000000000007,0.09166666666666667,0.0,0.0,0.0,0.09166666666666667,0.0,0.0,0.09166666666666667,0.0,0.0,0.09166666666666667,0.0,0.09166666666666667,0.09166666666666667,0.0
2008-07-01,-0.07445467804290504,-0.07735467804290504,0.725,8,True,0.0029,0.990113304190992,-0.045109377435844755,6.106226635438361e-17,0.4516666666666667,0.09166666666666667,0.0,0.09000000000000001,0.275,0.0,0.0,0.0,0.0,0.0,0.0,0.0,0.0,0.09166666666666667,0.0
2008-08-01,0.00048439119132685294,-0.0020489421420064806,0.6333333333333333,6,True,0.0025333333333333336,0.9140732035679716,-0.11844439749507485,0.45000000000000007,0.09166666666666667,0.0,0.0,0.0,0.4583333333333333,0.0,0.0,0.0,0.0,0.0,0.0,0.0,0.0,0.0,0.0
2008-09-01,-0.00011875504340294138,-0.000485421710069608,0.09166666666666667,2,True,0.00036666666666666667,0.9156807447637135,-0.11689404360456346,0.45000000000000007,0.0,0.0,0.0,0.0,0.4583333333333333,0.0,0.0,0.0,0.0,0.09166666666666667,0.0,0.0,0.0,0.0,0.0
2008-10-01,-0.011056223690816372,-0.011056223690816372,0.0,0,False,0.0,0.9152362933226718,-0.11732268395455114,0.45000000000000007,0.0,0.0,0.0,0.0,0.4583333333333333,0.0,0.0,0.0,0.0,0.09166666666666667,0.0,0.0,0.0,0.0,0.0
2008-11-01,0.05630535340674323,0.05630535340674323,0.0,0,False,0.0,0.9061096920760767,-0.1261246118847862,0.45000000000000007,0.0,0.0,0.0,0.0,0.4583333333333333,0.0,0.0,0.0,0.0,0.09166666666666667,0.0,0.0,0.0,0.0,0.0
2008-12-01,0.014473048118800291,0.014473048118800291,0.0,0,False,0.0,0.9571285185136955,-0.07692074932350412,0.45000000000000007,0.0,0.0,0.0,0.0,0.4583333333333333,0.0,0.0,0.0,0.0,0.09166666666666667,0.0,0.0,0.0,0.0,0.0
2009-01-01,-0.012900239394483225,-0.013633572727816557,0.18333333333333332,3,True,0.0007333333333333332,0.979825098720381,-0.055031586222774265,0.45000000000000007,0.0,0.09166666666666667,0.0,0.0,0.275,0.0,0.09166666666666667,0.0,0.0,0.09166666666666667,0.0,0.0,0.0,0.0,0.0
2009-02-01,-0.006674310024049149,-0.006674310024049149,0.0,0,False,0.0,0.967282149465834,-0.0671283276479906,0.45000000000000007,0.0,0.09166666666666667,0.0,0.0,0.275,0.0,0.09166666666666667,0.0,0.0,0.09166666666666667,0.0,0.0,0.0,0.0,0.0
2009-03-01,0.008126545246123175,0.007759878579456508,0.09166666666666666,2,True,0.0003666666666666666,0.9598378754903725,-0.0743077760816977,0.45000000000000007,0.0,0.09166666666666667,0.0,0.0,0.3666666666666667,0.0,0.09166666666666667,0.0,0.0,0.0,0.0,0.0,0.0,0.0,0.0
2009-04-01,0.006089988208681527,0.004989988208681528,0.27499999999999997,5,True,0.0010999999999999998,0.9662192292344236,-0.06815343513539762,0.45000000000000007,0.0,0.09166666666666667,0.0,0.0,0.18333333333333335,0.0,0.0,0.09166666666666667,0.0,0.09166666666666667,0.0,0.0,0.09166666666666667,0.0,0.0
2009-05-01,0.07926596704166895,0.07673263370833562,0.6333333333333333,6,True,0.0025333333333333336,0.9696408307653289,-0.06485355500836276,6.106226635438361e-17,0.0,0.0,0.09166666666666667,0.0,0.18333333333333335,0.0,0.09166666666666667,0.09166666666666667,0.0,0.0,0.0,0.45,0.09166666666666667,0.0,0.0
2009-06-01,-0.02236162513705931,-0.023094958470392644,0.18333333333333335,3,True,0.0007333333333333333,1.0457329153098371,0.0,6.106226635438361e-17,0.09166666666666667,0.09166666666666667,0.09166666666666667,0.0,0.0,0.0,0.09166666666666667,0.09166666666666667,0.0,0.0,0.0,0.45,0.09166666666666667,0.0,0.0
2009-07-01,0.08432286021302449,0.08358952687969115,0.18333333333333335,4,True,0.0007333333333333333,1.021598905537094,-0.023078559945292065,6.106226635438361e-17,0.0,0.0,0.09166666666666667,0.0,0.09166666666666667,0.0,0.09166666666666667,0.09166666666666667,0.09166666666666667,0.0,0.0,0.45,0.09166666666666667,0.0,0.0
2009-08-01,-0.0170087726301007,-0.017375439296767367,0.09166666666666667,2,True,0.00036666666666666667,1.0933181718273093,0.0,6.106226635438361e-17,0.0,0.09166666666666667,0.09166666666666667,0.0,0.0,0.0,0.09166666666666667,0.09166666666666667,0.09166666666666667,0.0,0.0,0.45,0.09166666666666667,0.0,0.0
2009-09-01,0.04595639211241085,0.04558972544574418,0.09166666666666667,2,True,0.00036666666666666667,1.073934186528238,-0.025038160075110838,6.106226635438361e-17,0.0,0.0,0.09166666666666667,0.0,0.0,0.0,0.09166666666666667,0.09166666666666667,0.09166666666666667,0.0,0.09166666666666667,0.45,0.09166666666666667,0.0,0.0
2009-10-01,0.03798002467714341,0.03581335801047675,0.5416666666666667,4,True,0.002166666666666667,1.1208545357318533,-0.04568259264861474,6.106226635438361e-17,0.0,0.09166666666666667,0.09166666666666667,0.45,0.0,0.0,0.0,0.09166666666666667,0.09166666666666667,0.0,0.09166666666666667,0.0,0.09166666666666667,0.0,0.0
2009-11-01,0.0903278327612076,0.08923449942787426,0.2733333333333333,6,True,0.0010933333333333333,1.1527184780523763,-0.03259530841919256,6.106226635438361e-17,0.0,0.09166666666666667,0.0,0.36000000000000004,0.0,0.0,0.09166666666666667,0.09166666666666667,0.0,0.0,0.09166666666666667,0.0,0.09166666666666667,0.09166666666666667,0.09000000000000001
2009-12-01,-0.008425280530587491,-0.009158613863920825,0.18333333333333335,4,True,0.0007333333333333333,1.2545462180328701,0.0,6.106226635438361e-17,0.0,0.09166666666666667,0.09166666666666667,0.36000000000000004,0.0,0.0,0.0,0.09166666666666667,0.09166666666666667,0.0,0.09166666666666667,0.0,0.09166666666666667,0.0,0.09000000000000001
2010-01-01,-0.037435669012230874,-0.03780233567889754,0.09166666666666667,2,True,0.00036666666666666667,1.1834835793393919,-0.06496488055638938,6.106226635438361e-17,0.0,0.09166666666666667,0.0,0.36000000000000004,0.0,0.0,0.0,0.09166666666666667,0.09166666666666667,0.0,0.09166666666666667,0.0,0.09166666666666667,0.09166666666666667,0.09000000000000001
2010-02-01,0.019895112499522288,0.019161779166188955,0.18333333333333335,3,True,0.0007333333333333333,1.1379262891066693,-0.10095833839385138,6.106226635438361e-17,0.0,0.09166666666666667,0.0,0.36000000000000004,0.18333333333333335,0.0,0.0,0.09166666666666667,0.09166666666666667,0.0,0.09166666666666667,0.0,0.0,0.0,0.09000000000000001
2010-03-01,0.043913427394203716,0.041740094060870384,0.5433333333333334,7,True,0.0021733333333333335,1.1580431650434762,-0.08506459400839561,6.106226635438361e-17,0.0,0.0,0.09166666666666667,0.0,0.09166666666666667,0.09000000000000001,0.0,0.09166666666666667,0.09166666666666667,0.0,0.09166666666666667,0.0,0.0,0.09166666666666667,0.36000000000000004
2010-04-01,0.029481690653107684,0.029115023986441016,0.09166666666666667,2,True,0.00036666666666666667,1.2084535473274864,-0.045236852717351894,6.106226635438361e-17,0.0,0.0,0.09166666666666667,0.0,0.0,0.09000000000000001,0.0,0.09166666666666667,0.09166666666666667,0.0,0.09166666666666667,0.0,0.09166666666666667,0.09166666666666667,0.36000000000000004
2010-05-01,-0.04613077090223537,-0.047937437568902036,0.4516666666666667,5,True,0.0018066666666666667,1.2285538377118432,-0.02935621208279482,6.106226635438361e-17,0.0,0.09166666666666667,0.0,0.36000000000000004,0.0,0.0,0.0,0.09166666666666667,0.09166666666666667,0.0,0.09166666666666667,0.0,0.09166666666666667,0.09166666666666667,0.09000000000000001
2010-06-01,-0.00766878866465407,-0.009135455331320737,0.3666666666666667,6,True,0.0014666666666666667,1.1680468544126033,-0.07716097705296665,6.106226635438361e-17,0.0,0.09166666666666667,0.0,0.36000000000000004,0.275,0.0,0.0,0.0,0.0,0.09166666666666667,0.09166666666666667,0.0,0.0,0.0,0.09000000000000001
2010-07-01,0.003379292898023512,0.0030126262313568456,0.09166666666666667,2,True,0.00036666666666666667,1.1586643505073893,-0.08457381387879648,6.106226635438361e-17,0.0,0.09166666666666667,0.0,0.36000000000000004,0.275,0.0,0.09166666666666667,0.0,0.0,0.09166666666666667,0.0,0.0,0.0,0.0,0.09000000000000001
2010-08-01,-0.009249540938205169,-0.011422874271538503,0.5433333333333334,6,True,0.0021733333333333335,1.16408394179576,-0.08029195625430285,6.106226635438361e-17,0.0,0.09166666666666667,0.0,0.0,0.09166666666666667,0.09000000000000001,0.09166666666666667,0.0,0.0,0.09166666666666667,0.09166666666666667,0.0,0.09166666666666667,0.0,0.36000000000000004
2010-09-01,0.04339657453209325,0.041956574532093255,0.36000000000000004,3,True,0.00144,1.1491529914655658,-0.09208845530939969,6.106226635438361e-17,0.0,0.09166666666666667,0.0,0.36000000000000004,0.09166666666666667,0.0,0.09166666666666667,0.0,0.0,0.09166666666666667,0.09166666666666667,0.0,0.09166666666666667,0.0,0.09000000000000001
2010-10-01,0.02897143829835869,0.028238104965025358,0.18333333333333335,4,True,0.0007333333333333333,1.1981430118922134,-0.05338289960853859,6.106226635438361e-17,0.09166666666666667,0.09166666666666667,0.0,0.36000000000000004,0.0,0.0,0.0,0.09166666666666667,0.0,0.09166666666666667,0.09166666666666667,0.0,0.09166666666666667,0.0,0.09000000000000001
2010-11-01,0.0150254502504282,0.014658783583761534,0.09166666666666667,2,True,0.00036666666666666667,1.2324028914231728,-0.026315189410788697,6.106226635438361e-17,0.09166666666666667,0.09166666666666667,0.0,0.36000000000000004,0.0,0.0,0.0,0.09166666666666667,0.09166666666666667,0.0,0.09166666666666667,0.0,0.09166666666666667,0.0,0.09000000000000001
2010-12-01,0.03419916532733727,0.033832498660670604,0.09166666666666667,2,True,0.00036666666666666667,1.2504616289801582,-0.023616974521855072,6.106226635438361e-17,0.0,0.09166666666666667,0.0,0.36000000000000004,0.0,0.0,0.0,0.09166666666666667,0.09166666666666667,0.0,0.09166666666666667,0.0,0.09166666666666667,0.09166666666666667,0.09000000000000001
2011-01-01,-0.007179305214323516,-0.007545971880990183,0.09166666666666667,2,True,0.00036666666666666667,1.2680420048583196,-0.011395360293944057,6.106226635438361e-17,0.09166666666666667,0.09166666666666667,0.0,0.36000000000000004,0.0,0.0,0.0,0.09166666666666667,0.0,0.0,0.09166666666666667,0.0,0.09166666666666667,0.09166666666666667,0.09000000000000001
2011-02-01,0.0010203346134293632,-0.0007863320532373035,0.4516666666666667,5,True,0.0018066666666666667,1.2562030855893342,-0.0206253467404357,6.106226635438361e-17,0.09166666666666667,0.0,0.0,0.0,0.0,0.09000000000000001,0.0,0.09166666666666667,0.09166666666666667,0.0,0.09166666666666667,0.0,0.09166666666666667,0.09166666666666667,0.36000000000000004
2011-03-01,0.007623429823641663,0.005816763156974996,0.4516666666666667,5,True,0.0018066666666666667,1.2552129771472953,-0.021397265806098797,6.106226635438361e-17,0.09166666666666667,0.09166666666666667,0.0,0.36000000000000004,0.0,0.0,0.0,0.09166666666666667,0.09166666666666667,0.0,0.09166666666666667,0.0,0.0,0.09166666666666667,0.09000000000000001
2011-04-01,0.031358889571578966,0.029918889571578965,0.36000000000000004,2,True,0.00144,1.2629607191048253,-0.015356887319334711,6.106226635438361e-17,0.4516666666666667,0.09166666666666667,0.0,0.0,0.0,0.0,0.0,0.09166666666666667,0.09166666666666667,0.0,0.09166666666666667,0.0,0.0,0.09166666666666667,0.09000000000000001
2011-05-01,-0.02418739379438732,-0.02599406046105399,0.4516666666666667,5,True,0.0018066666666666667,1.3123224566800247,0.0,6.106226635438361e-17,0.1816666666666667,0.09166666666666667,0.0,0.36000000000000004,0.0,0.0,0.0,0.09166666666666667,0.0,0.0,0.09166666666666667,0.0,0.09166666666666667,0.09166666666666667,0.0
2011-06-01,-0.011128399112831497,-0.011488399112831496,0.09000000000000001,2,True,0.00036,1.2778070377987945,-0.026301019772647205,6.106226635438361e-17,0.09166666666666667,0.09166666666666667,0.0,0.36000000000000004,0.0,0.0,0.0,0.09166666666666667,0.0,0.0,0.09166666666666667,0.0,0.09166666666666667,0.09166666666666667,0.09000000000000001
2011-07-01,0.04159908489056004,0.04013241822389337,0.36666666666666675,5,True,0.001466666666666667,1.2617338300260486,-0.03854893010210125,6.106226635438361e-17,0.0,0.0,0.0,0.36000000000000004,0.3666666666666667,0.0,0.0,0.0,0.0,0.0,0.09166666666666667,0.0,0.09166666666666667,0.0,0.09000000000000001
2011-08-01,0.05557549347900346,0.054108826812336794,0.3666666666666667,6,True,0.0014666666666666667,1.3122932788865893,-0.0038867824936624773,6.106226635438361e-17,0.09166666666666667,0.09166666666666667,0.0,0.36000000000000004,0.09166666666666667,0.0,0.0,0.09166666666666667,0.0,0.09166666666666667,0.09166666666666667,0.0,0.0,0.0,0.09000000000000001
2011-09-01,-0.02714646728032017,-0.02824646728032017,0.27499999999999997,5,True,0.0010999999999999998,1.383700878361896,-0.006086212433396576,6.106226635438361e-17,0.0,0.09166666666666667,0.0,0.36000000000000004,0.275,0.0,0.09166666666666667,0.0,0.0,0.09166666666666667,0.0,0.0,0.0,0.0,0.09000000000000001
2011-10-01,0.02390488292498608,0.02390488292498608,0.0,0,False,0.0,1.330754750374031,-0.05566381810665033,6.106226635438361e-17,0.0,0.09166666666666667,0.0,0.36000000000000004,0.275,0.0,0.09166666666666667,0.0,0.0,0.09166666666666667,0.0,0.0,0.0,0.0,0.09000000000000001
2011-11-01,0.0019234695224381922,0.001190136189104859,0.18333333333333335,3,True,0.0007333333333333333,1.3615670716065433,-0.03379863988368792,6.106226635438361e-17,0.0,0.09166666666666667,0.0,0.36000000000000004,0.09166666666666667,0.0,0.09166666666666667,0.09166666666666667,0.0,0.09166666666666667,0.09166666666666667,0.0,0.0,0.0,0.09000000000000001
2011-12-01,0.004887208624812833,0.0027138752914794995,0.5433333333333334,7,True,0.0021733333333333335,1.3612211734553668,-0.03404409768822647,6.106226635438361e-17,0.0,0.09166666666666667,0.0,0.0,0.09166666666666667,0.09000000000000001,0.0,0.09166666666666667,0.09166666666666667,0.09166666666666667,0.0,0.0,0.0,0.09166666666666667,0.36000000000000004
2012-01-01,0.03735573652464077,0.03625573652464077,0.27499999999999997,6,True,0.0010999999999999998,1.3352568312674538,-0.05246903117819868,6.106226635438361e-17,0.0,0.0,0.09166666666666667,0.0,0.0,0.09000000000000001,0.09166666666666667,0.0,0.09166666666666667,0.09166666666666667,0.09166666666666667,0.0,0.0,0.09166666666666667,0.36000000000000004
2012-02-01,0.005025101122691124,0.0028517677893577908,0.5433333333333334,7,True,0.0021733333333333335,1.3806056321161244,-0.020288410793534273,6.106226635438361e-17,0.0,0.09166666666666667,0.0,0.36000000000000004,0.0,0.0,0.09166666666666667,0.09166666666666667,0.09166666666666667,0.09166666666666667,0.09166666666666667,0.0,0.0,0.0,0.09000000000000001
2012-03-01,0.03129993464396568,0.029126601310632348,0.5433333333333334,7,True,0.0021733333333333335,1.3845277208900715,-0.020854624679276346,6.106226635438361e-17,0.0,0.0,0.09166666666666667,0.0,0.09166666666666667,0.09000000000000001,0.09166666666666667,0.09166666666666667,0.09166666666666667,0.0,0.09166666666666667,0.0,0.0,0.0,0.36000000000000004
2012-04-01,-0.006470579297007671,-0.007197245963674338,0.1816666666666667,4,True,0.0007266666666666667,1.4172257185675492,-0.004785040042756816,6.106226635438361e-17,0.0,0.0,0.09166666666666667,0.09000000000000001,0.09166666666666667,0.0,0.0,0.09166666666666667,0.09166666666666667,0.0,0.09166666666666667,0.0,0.09166666666666667,0.0,0.36000000000000004
2012-05-01,-0.05600204930332391,-0.05709538263665725,0.2733333333333334,6,True,0.0010933333333333333,1.405493904944351,-0.013023442911311967,6.106226635438361e-17,0.0,0.0,0.09166666666666667,0.0,0.0,0.09000000000000001,0.09166666666666667,0.09166666666666667,0.09166666666666667,0.09166666666666667,0.09166666666666667,0.0,0.0,0.0,0.36000000000000004
2012-06-01,0.034390468680027916,0.03329046868002792,0.27499999999999997,4,True,0.0010999999999999998,1.3253239042815534,-0.06932102695462283,6.106226635438361e-17,0.0,0.0,0.0,0.0,0.275,0.09000000000000001,0.09166666666666667,0.0,0.0,0.09166666666666667,0.09166666666666667,0.0,0.0,0.0,0.36000000000000004
2012-07-01,0.011479262737716048,0.010379262737716048,0.27499999999999997,4,True,0.0010999999999999998,1.3628054766423465,-0.04300043380741114,6.106226635438361e-17,0.0,0.0,0.09166666666666667,0.0,0.0,0.09000000000000001,0.09166666666666667,0.09166666666666667,0.09166666666666667,0.09166666666666667,0.09166666666666667,0.0,0.0,0.0,0.36000000000000004
2012-08-01,0.0214620274394714,0.02109536077280473,0.09166666666666667,2,True,0.00036666666666666667,1.3764283088415512,-0.03343410557612625,6.106226635438361e-17,0.0,0.0,0.09166666666666667,0.0,0.09166666666666667,0.09000000000000001,0.09166666666666667,0.0,0.09166666666666667,0.09166666666666667,0.09166666666666667,0.0,0.0,0.0,0.36000000000000004
2012-09-01,0.0079032385942472,0.007536571927580533,0.09166666666666667,2,True,0.00036666666666666667,1.4064427360651302,-0.012357147547418235,6.106226635438361e-17,0.0,0.0,0.09166666666666667,0.0,0.0,0.09000000000000001,0.09166666666666667,0.09166666666666667,0.09166666666666667,0.09166666666666667,0.09166666666666667,0.0,0.0,0.0,0.36000000000000004
2012-10-01,-0.027092670379067943,-0.028192670379067943,0.27499999999999997,6,True,0.0010999999999999998,1.4154796749826215,-0.015657980169324404,6.106226635438361e-17,0.0,0.09166666666666667,0.0,0.0,0.0,0.09000000000000001,0.0,0.09166666666666667,0.09166666666666667,0.0,0.09166666666666667,0.0,0.09166666666666667,0.09166666666666667,0.36000000000000004
2012-11-01,-0.00407665235428963,-0.005543319020956296,0.3666666666666667,7,True,0.0014666666666666667,1.3751107592456577,-0.043731021949585225,6.106226635438361e-17,0.0,0.0,0.09166666666666667,0.0,0.18333333333333335,0.09000000000000001,0.09166666666666667,0.0,0.09166666666666667,0.0,0.0,0.0,0.0,0.09166666666666667,0.36000000000000004
2012-12-01,0.02466639858613701,0.02429973191947034,0.09166666666666667,2,True,0.00036666666666666667,1.3717195865038785,-0.04608928528973444,6.106226635438361e-17,0.0,0.0,0.09166666666666667,0.0,0.18333333333333335,0.09000000000000001,0.09166666666666667,0.0,0.09166666666666667,0.0,0.0,0.0,0.09166666666666667,0.0,0.36000000000000004
2013-01-01,0.004243226205077174,0.0038765595384105075,0.09166666666666667,2,True,0.00036666666666666667,1.370930515713848,-0.046638014846912546,6.106226635438361e-17,0.0,0.0,0.09166666666666667,0.0,0.09166666666666667,0.09000000000000001,0.09166666666666667,0.0,0.09166666666666667,0.0,0.09166666666666667,0.0,0.09166666666666667,0.0,0.36000000000000004
2013-02-01,0.0006325239881323208,-0.0011808093452010126,0.4533333333333334,6,True,0.0018133333333333335,1.3737472894365759,-0.04467919566735079,6.106226635438361e-17,0.0,0.0,0.09166666666666667,0.0,0.0,0.36000000000000004,0.0,0.09166666666666667,0.09166666666666667,0.0,0.09166666666666667,0.0,0.09166666666666667,0.09166666666666667,0.09000000000000001
2013-03-01,0.020530624053061962,0.020530624053061962,0.0,0,False,0.0,1.3746162175507763,-0.04407493234224846,6.106226635438361e-17,0.0,0.0,0.09166666666666667,0.0,0.0,0.36000000000000004,0.0,0.09166666666666667,0.09166666666666667,0.0,0.09166666666666667,0.0,0.09166666666666667,0.09166666666666667,0.09000000000000001
2013-04-01,0.01621468172753859,0.015848015060871922,0.09166666666666667,2,True,0.00036666666666666667,1.4023235724168988,-0.02480689611741249,6.106226635438361e-17,0.0,0.0,0.09166666666666667,0.0,0.09166666666666667,0.36000000000000004,0.0,0.09166666666666667,0.09166666666666667,0.0,0.09166666666666667,0.0,0.0,0.09166666666666667,0.09000000000000001
2013-05-01,0.016746942199324093,0.016380275532657425,0.09166666666666667,2,True,0.00036666666666666667,1.4245392801616295,-0.009357819016616475,6.106226635438361e-17,0.0,0.0,0.09166666666666667,0.0,0.0,0.36000000000000004,0.0,0.09166666666666667,0.09166666666666667,0.09166666666666667,0.09166666666666667,0.0,0.0,0.09166666666666667,0.09000000000000001
2013-06-01,-0.018421433538563743,-0.01878810020523041,0.09166666666666667,2,True,0.00036666666666666667,1.441428316176613,-0.029326907294410343,6.106226635438361e-17,0.0,0.0,0.09166666666666667,0.0,0.09166666666666667,0.36000000000000004,0.0,0.09166666666666667,0.09166666666666667,0.0,0.09166666666666667,0.0,0.0,0.09166666666666667,0.09000000000000001
2013-07-01,0.03826901877227918,0.037535685438945844,0.18333333333333335,3,True,0.0007333333333333333,1.4133191580394913,-0.04825591205732738,6.106226635438361e-17,0.0,0.0,0.0,0.0,0.275,0.36000000000000004,0.0,0.09166666666666667,0.09166666666666667,0.0,0.0,0.0,0.0,0.09166666666666667,0.09000000000000001
2013-08-01,-0.02376198407402525,-0.02412865074069192,0.09166666666666669,2,True,0.0003666666666666667,1.4668674467480693,-0.012195927369556991,6.106226635438361e-17,0.0,0.0,0.09166666666666667,0.0,0.18333333333333335,0.36000000000000004,0.0,0.09166666666666667,0.09166666666666667,0.0,0.0,0.0,0.0,0.09166666666666667,0.09000000000000001
2013-09-01,0.02523086512942197,0.024864198462755303,0.09166666666666667,2,True,0.00036666666666666667,1.435005367324886,-0.03365218906959644,6.106226635438361e-17,0.09166666666666667,0.0,0.09166666666666667,0.0,0.09166666666666667,0.36000000000000004,0.0,0.09166666666666667,0.09166666666666667,0.0,0.0,0.0,0.0,0.09166666666666667,0.09000000000000001
2013-10-01,0.032856019177163145,0.03248935251049648,0.09166666666666667,2,True,0.00036666666666666667,1.4701331033550236,-0.012206530729331866,6.106226635438361e-17,0.0,0.0,0.09166666666666667,0.0,0.09166666666666667,0.36000000000000004,0.0,0.09166666666666667,0.09166666666666667,0.0,0.0,0.0,0.09166666666666667,0.09166666666666667,0.09000000000000001
2013-11-01,0.009276059766389538,0.008909393099722872,0.09166666666666667,2,True,0.00036666666666666667,1.517879064989415,-0.007283137842646781,6.106226635438361e-17,0.0,0.0,0.09166666666666667,0.0,0.0,0.36000000000000004,0.0,0.09166666666666667,0.09166666666666667,0.0,0.09166666666666667,0.0,0.09166666666666667,0.09166666666666667,0.09000000000000001
2013-12-01,0.014097510930456737,0.01373084426379007,0.09166666666666667,2,True,0.00036666666666666667,1.5382821955652863,0.0,6.106226635438361e-17,0.0,0.0,0.09166666666666667,0.0,0.0,0.36000000000000004,0.09166666666666667,0.09166666666666667,0.09166666666666667,0.0,0.0,0.0,0.09166666666666667,0.09166666666666667,0.09000000000000001
2014-01-01,-0.03880076435319065,-0.03880076435319065,0.0,0,False,0.0,1.5360952419941114,-0.020552238802523437,6.106226635438361e-17,0.0,0.0,0.09166666666666667,0.0,0.0,0.36000000000000004,0.09166666666666667,0.09166666666666667,0.09166666666666667,0.0,0.0,0.0,0.09166666666666667,0.09166666666666667,0.09000000000000001
2014-02-01,0.04862691333677194,0.0478935800034386,0.18333333333333335,4,True,0.0007333333333333333,1.5032091017704434,-0.04152115761427855,6.106226635438361e-17,0.0,0.0,0.09166666666666667,0.0,0.0,0.36000000000000004,0.09166666666666667,0.09166666666666667,0.09166666666666667,0.09166666666666667,0.09166666666666667,0.0,0.0,0.0,0.09000000000000001
2014-03-01,0.01580407635238734,0.015437409685720672,0.09166666666666667,2,True,0.00036666666666666667,1.5813635894945997,0.0,6.106226635438361e-17,0.0,0.0,0.09166666666666667,0.0,0.0,0.36000000000000004,0.09166666666666667,0.09166666666666667,0.09166666666666667,0.0,0.09166666666666667,0.0,0.0,0.09166666666666667,0.09000000000000001
2014-04-01,0.006803292717182407,0.006803292717182407,0.0,0,False,0.0,1.6057665833577095,0.0,6.106226635438361e-17,0.0,0.0,0.09166666666666667,0.0,0.0,0.36000000000000004,0.09166666666666667,0.09166666666666667,0.09166666666666667,0.0,0.09166666666666667,0.0,0.0,0.09166666666666667,0.09000000000000001
2014-05-01,0.021893995197889614,0.021527328531222946,0.09166666666666667,2,True,0.00036666666666666667,1.6160982967291604,0.0,6.106226635438361e-17,0.09166666666666667,0.0,0.09166666666666667,0.0,0.0,0.36000000000000004,0.0,0.09166666666666667,0.09166666666666667,0.0,0.09166666666666667,0.0,0.0,0.09166666666666667,0.09000000000000001
2014-06-01,0.02803871465948863,0.027305381326155297,0.18333333333333335,4,True,0.0007333333333333333,1.6513193284207042,0.0,6.106226635438361e-17,0.0,0.0,0.0,0.0,0.0,0.36000000000000004,0.0,0.09166666666666667,0.09166666666666667,0.09166666666666667,0.09166666666666667,0.0,0.09166666666666667,0.09166666666666667,0.09000000000000001
2014-07-01,-0.016493762139838046,-0.016860428806504714,0.09166666666666667,2,True,0.00036666666666666667,1.6957532741333305,0.0,6.106226635438361e-17,0.0,0.09166666666666667,0.0,0.0,0.0,0.36000000000000004,0.0,0.09166666666666667,0.09166666666666667,0.0,0.09166666666666667,0.0,0.09166666666666667,0.09166666666666667,0.09000000000000001
2014-08-01,0.037401589671207575,0.03703492300454091,0.09166666666666667,2,True,0.00036666666666666667,1.667172402210164,-0.028311575096691133,6.106226635438361e-17,0.0,0.0,0.0,0.0,0.0,0.36000000000000004,0.0,0.09166666666666667,0.09166666666666667,0.09166666666666667,0.09166666666666667,0.0,0.09166666666666667,0.09166666666666667,0.09000000000000001
2014-09-01,-0.03498441374143392,-0.03606441374143392,0.2700000000000001,2,True,0.0010800000000000002,1.7336861378212205,0.0,6.106226635438361e-17,0.0,0.0,0.0,0.0,0.0,0.09000000000000001,0.0,0.09166666666666667,0.09166666666666667,0.09166666666666667,0.09166666666666667,0.0,0.09166666666666667,0.09166666666666667,0.36000000000000004
2014-10-01,0.02675906807190657,0.02565906807190657,0.27499999999999997,5,True,0.0010999999999999998,1.6693889178070607,-0.03799676514348438,6.106226635438361e-17,0.0,0.0,0.0,0.0,0.18333333333333335,0.09000000000000001,0.09166666666666667,0.09166666666666667,0.09166666666666667,0.09166666666666667,0.0,0.0,0.0,0.0,0.36000000000000004
2014-11-01,0.02258800233729237,0.022221335670625703,0.09166666666666667,2,True,0.00036666666666666667,1.7112587308073732,-0.01386883718164722,6.106226635438361e-17,0.0,0.0,0.0,0.0,0.09166666666666667,0.09000000000000001,0.09166666666666667,0.09166666666666667,0.09166666666666667,0.09166666666666667,0.09166666666666667,0.0,0.0,0.0,0.36000000000000004
2014-12-01,0.004269880197013107,0.004269880197013107,0.0,0,False,0.0,1.7492710123813224,-0.007686361229738092,6.106226635438361e-17,0.0,0.0,0.0,0.0,0.09166666666666667,0.09000000000000001,0.09166666666666667,0.09166666666666667,0.09166666666666667,0.09166666666666667,0.09166666666666667,0.0,0.0,0.0,0.36000000000000004
2015-01-01,0.006305645921776362,0.006305645921776362,0.0,0,False,0.0,1.7117056127383683,-0.03492354301197187,6.106226635438361e-17,0.0,0.0,0.0,0.0,0.09166666666666667,0.09000000000000001,0.09166666666666667,0.09166666666666667,0.09166666666666667,0.09166666666666667,0.09166666666666667,0.0,0.0,0.0,0.36000000000000004
2015-02-01,0.009933474004005731,0.009200140670672397,0.18333333333333335,4,True,0.0007333333333333333,1.7124422278759923,-0.0345082321536726,6.106226635438361e-17,0.0,0.09166666666666667,0.0,0.0,0.18333333333333335,0.09000000000000001,0.09166666666666667,0.0,0.0,0.09166666666666667,0.09166666666666667,0.0,0.0,0.0,0.36000000000000004
2015-03-01,-0.01821454983184842,-0.01931454983184842,0.27499999999999997,5,True,0.0010999999999999998,1.7280263947588856,-0.025721725613922386,6.106226635438361e-17,0.0,0.0,0.0,0.0,0.0,0.09000000000000001,0.09166666666666667,0.09166666666666667,0.09166666666666667,0.09166666666666667,0.09166666666666667,0.0,0.09166666666666667,0.0,0.36000000000000004
2015-04-01,0.011782785737087614,0.011416119070420947,0.09166666666666667,2,True,0.00036666666666666667,1.6940635811043485,-0.044870293934983985,6.106226635438361e-17,0.0,0.0,0.09166666666666667,0.0,0.0,0.09000000000000001,0.09166666666666667,0.09166666666666667,0.09166666666666667,0.09166666666666667,0.09166666666666667,0.0,0.0,0.0,0.36000000000000004
2015-05-01,-0.003933493485600629,-0.005033493485600629,0.27499999999999997,6,True,0.0010999999999999998,1.7121389424992688,-0.034679227431509196,6.106226635438361e-17,0.0,0.0,0.09166666666666667,0.0,0.09166666666666667,0.09000000000000001,0.0,0.09166666666666667,0.09166666666666667,0.0,0.0,0.0,0.09166666666666667,0.09166666666666667,0.36000000000000004
2015-06-01,-0.02508703438456469,-0.025453701051231358,0.09166666666666667,2,True,0.00036666666666666667,1.70477894022896,-0.03882886908810823,6.106226635438361e-17,0.0,0.0,0.09166666666666667,0.0,0.18333333333333335,0.09000000000000001,0.0,0.09166666666666667,0.09166666666666667,0.0,0.0,0.0,0.09166666666666667,0.0,0.36000000000000004
2015-07-01,0.019325197810474898,0.018591864477141565,0.18333333333333335,3,True,0.0007333333333333333,1.660792284202974,-0.06362897831039305,6.106226635438361e-17,0.0,0.0,0.0,0.0,0.3666666666666667,0.09000000000000001,0.0,0.09166666666666667,0.09166666666666667,0.0,0.0,0.0,0.0,0.0,0.36000000000000004
2015-08-01,-0.05249476771144484,-0.05249476771144484,0.0,0,False,0.0,1.6958626679360116,-0.043855951087479084,6.106226635438361e-17,0.0,0.0,0.0,0.0,0.3666666666666667,0.09000000000000001,0.0,0.09166666666666667,0.09166666666666667,0.0,0.0,0.0,0.0,0.0,0.36000000000000004
2015-09-01,0.014514416757174272,0.013781083423840938,0.18333333333333332,3,True,0.0007333333333333332,1.6056604026947177,-0.09471287525921057,6.106226635438361e-17,0.0,0.0,0.0,0.0,0.5499999999999999,0.09000000000000001,0.0,0.0,0.0,0.0,0.0,0.0,0.0,0.0,0.36000000000000004
2015-10-01,0.044826992902313574,0.04409365956898024,0.18333333333333332,3,True,0.0007333333333333332,1.6277710521568245,-0.08224667366134508,6.106226635438361e-17,0.0,0.0,0.0,0.0,0.3666666666666667,0.09000000000000001,0.09166666666666667,0.0,0.0,0.09166666666666667,0.0,0.0,0.0,0.0,0.36000000000000004
2015-11-01,0.003774546594203108,0.002674546594203108,0.27499999999999997,4,True,0.0010999999999999998,1.6961156206790124,-0.04371333384349507,6.106226635438361e-17,0.0,0.0,0.0,0.0,0.09166666666666667,0.09000000000000001,0.09166666666666667,0.09166666666666667,0.09166666666666667,0.09166666666666667,0.09166666666666667,0.0,0.0,0.0,0.36000000000000004
2015-12-01,-0.030456044913871886,-0.030456044913871886,0.0,0,False,0.0,1.7006449186614911,-0.041159671100880924,6.106226635438361e-17,0.0,0.0,0.0,0.0,0.09166666666666667,0.09000000000000001,0.09166666666666667,0.09166666666666667,0.09166666666666667,0.09166666666666667,0.09166666666666667,0.0,0.0,0.0,0.36000000000000004
2016-01-01,-0.012940890747572932,-0.013674224080906267,0.18333333333333335,3,True,0.0007333333333333333,1.6641633573781818,-0.061728334103839266,6.106226635438361e-17,0.0,0.0,0.0,0.0,0.275,0.09000000000000001,0.0,0.09166666666666667,0.09166666666666667,0.0,0.09166666666666667,0.0,0.0,0.0,0.36000000000000004
2016-02-01,0.023426791671080714,0.022693458337747382,0.18333333333333335,4,True,0.0007333333333333333,1.6402192974044545,-0.07522823057750094,6.106226635438361e-17,0.0,0.09166666666666667,0.0,0.0,0.275,0.09000000000000001,0.0,0.0,0.0,0.09166666666666667,0.09166666666666667,0.0,0.0,0.0,0.36000000000000004
2016-03-01,0.00707145900795264,0.004904792341285973,0.5416666666666667,5,True,0.002166666666666667,1.67500731037108,-0.05561440676946028,0.45000000000000007,0.0,0.09166666666666667,0.0,0.0,0.275,0.0,0.09166666666666667,0.0,0.0,0.09166666666666667,0.0,0.0,0.0,0.0,0.0
2016-04-01,-0.01682565916771525,-0.01972565916771525,0.725,7,True,0.0029,1.6819601849422674,-0.051694307713227694,6.106226635438361e-17,0.0,0.09166666666666667,0.0,0.0,0.0,0.09000000000000001,0.09166666666666667,0.09166666666666667,0.09166666666666667,0.09166666666666667,0.09166666666666667,0.0,0.0,0.0,0.36000000000000004
2016-05-01,0.012235980209105862,0.011869313542439195,0.09166666666666667,2,True,0.00036666666666666667,1.6457694376296905,-0.07209900693968829,6.106226635438361e-17,0.0,0.09166666666666667,0.0,0.0,0.0,0.09000000000000001,0.09166666666666667,0.0,0.09166666666666667,0.09166666666666667,0.09166666666666667,0.0,0.0,0.09166666666666667,0.36000000000000004
2016-06-01,0.02249342138515524,0.022126754718488573,0.09166666666666667,2,True,0.00036666666666666667,1.6646855987066351,-0.06143388930725402,6.106226635438361e-17,0.0,0.09166666666666667,0.0,0.0,0.0,0.09000000000000001,0.09166666666666667,0.09166666666666667,0.09166666666666667,0.09166666666666667,0.09166666666666667,0.0,0.0,0.0,0.36000000000000004
2016-07-01,0.01944691865959803,0.018713585326264697,0.18333333333333335,4,True,0.0007333333333333333,1.7008818446316847,-0.041026089909009356,6.106226635438361e-17,0.09166666666666667,0.09166666666666667,0.0,0.0,0.0,0.09000000000000001,0.09166666666666667,0.0,0.0,0.09166666666666667,0.09166666666666667,0.0,0.0,0.09166666666666667,0.36000000000000004
2016-08-01,0.000861715083554716,-0.00023828491644528388,0.27499999999999997,6,True,0.0010999999999999998,1.7320514008827588,-0.02345238758028212,6.106226635438361e-17,0.0,0.09166666666666667,0.0,0.0,0.0,0.09000000000000001,0.0,0.09166666666666667,0.09166666666666667,0.09166666666666667,0.09166666666666667,0.0,0.09166666666666667,0.0,0.36000000000000004
2016-09-01,0.0070386467072987196,0.0066719800406320525,0.09166666666666667,2,True,0.00036666666666666667,1.7329083029239685,-0.02296925778286718,6.106226635438361e-17,0.0,0.0,0.0,0.0,0.0,0.09000000000000001,0.0,0.09166666666666667,0.09166666666666667,0.09166666666666667,0.09166666666666667,0.0,0.09166666666666667,0.09166666666666667,0.36000000000000004
2016-10-01,-0.01716795193901005,-0.017901285272343383,0.18333333333333335,4,True,0.0007333333333333333,1.7506174178515066,-0.01298468463928737,6.106226635438361e-17,0.0,0.09166666666666667,0.09166666666666667,0.0,0.0,0.09000000000000001,0.0,0.09166666666666667,0.09166666666666667,0.0,0.0,0.0,0.09166666666666667,0.09166666666666667,0.36000000000000004
2016-11-01,0.0017743994925434482,0.001041066159210115,0.18333333333333335,4,True,0.0007333333333333333,1.718040335182233,-0.03135196420389208,6.106226635438361e-17,0.09166666666666667,0.0,0.09166666666666667,0.0,0.09166666666666667,0.09000000000000001,0.0,0.09166666666666667,0.0,0.0,0.0,0.0,0.09166666666666667,0.09166666666666667,0.36000000000000004
2016-12-01,0.0346633087806785,0.03429664211401183,0.09166666666666667,2,True,0.00036666666666666667,1.7204577591786205,-0.02998899678232758,6.106226635438361e-17,0.09166666666666667,0.0,0.09166666666666667,0.0,0.09166666666666667,0.09000000000000001,0.0,0.09166666666666667,0.09166666666666667,0.0,0.0,0.0,0.0,0.09166666666666667,0.36000000000000004
2017-01-01,0.016630463580294907,0.016630463580294907,0.0,0,False,0.0,1.758899840916957,-0.016441437506979906,6.106226635438361e-17,0.09166666666666667,0.0,0.09166666666666667,0.0,0.09166666666666667,0.09000000000000001,0.0,0.09166666666666667,0.09166666666666667,0.0,0.0,0.0,0.0,0.09166666666666667,0.36000000000000004
2017-02-01,0.0374010314396912,0.03703436477302453,0.09166666666666667,2,True,0.00036666666666666667,1.7874955052371364,-0.005374180518442073,6.106226635438361e-17,0.09166666666666667,0.0,0.09166666666666667,0.0,0.0,0.09000000000000001,0.0,0.09166666666666667,0.09166666666666667,0.0,0.0,0.0,0.09166666666666667,0.09166666666666667,0.36000000000000004
2017-03-01,-0.0015460290010308798,-0.002279362334364213,0.18333333333333335,4,True,0.0007333333333333333,1.8529898243942118,0.0,6.106226635438361e-17,0.09166666666666667,0.0,0.0,0.0,0.09166666666666667,0.09000000000000001,0.0,0.09166666666666667,0.09166666666666667,0.0,0.09166666666666667,0.0,0.09166666666666667,0.0,0.36000000000000004
2017-04-01,0.01891053380545977,0.018177200472126436,0.18333333333333335,4,True,0.0007333333333333333,1.84939943780036,-0.001937618084344117,6.106226635438361e-17,0.0,0.0,0.09166666666666667,0.0,0.18333333333333335,0.09000000000000001,0.0,0.09166666666666667,0.09166666666666667,0.0,0.0,0.0,0.09166666666666667,0.0,0.36000000000000004
2017-05-01,0.022262701585637312,0.02152936825230398,0.18333333333333335,3,True,0.0007333333333333333,1.8816098353287378,0.0,6.106226635438361e-17,0.0,0.0,0.09166666666666667,0.0,0.0,0.09000000000000001,0.09166666666666667,0.09166666666666667,0.09166666666666667,0.0,0.09166666666666667,0.0,0.09166666666666667,0.0,0.36000000000000004
2017-06-01,-0.019704610432114196,-0.020071277098780864,0.09166666666666667,2,True,0.00036666666666666667,1.9227942704236112,0.0,6.106226635438361e-17,0.0,0.09166666666666667,0.09166666666666667,0.0,0.0,0.09000000000000001,0.09166666666666667,0.09166666666666667,0.09166666666666667,0.0,0.0,0.0,0.09166666666666667,0.0,0.36000000000000004
2017-07-01,0.036859247904090245,0.03649258123742358,0.09166666666666667,2,True,0.00036666666666666667,1.8931242819558376,-0.022632664642437517,6.106226635438361e-17,0.0,0.0,0.09166666666666667,0.0,0.0,0.09000000000000001,0.09166666666666667,0.09166666666666667,0.09166666666666667,0.0,0.09166666666666667,0.0,0.09166666666666667,0.0,0.36000000000000004
2017-08-01,0.014838061872462647,0.01447139520579598,0.09166666666666667,2,True,0.00036666666666666667,1.9614642205717627,-0.0018695646468925853,6.106226635438361e-17,0.09166666666666667,0.0,0.09166666666666667,0.0,0.0,0.09000000000000001,0.09166666666666667,0.09166666666666667,0.09166666666666667,0.0,0.0,0.0,0.09166666666666667,0.0,0.36000000000000004
2017-09-01,0.003852217111482159,0.003485550444815492,0.09166666666666667,2,True,0.00036666666666666667,1.9898386729029482,0.0,6.106226635438361e-17,0.0,0.09166666666666667,0.09166666666666667,0.0,0.0,0.09000000000000001,0.09166666666666667,0.09166666666666667,0.09166666666666667,0.0,0.0,0.0,0.09166666666666667,0.0,0.36000000000000004
2017-10-01,0.03801977257893124,0.0372864392455979,0.18333333333333335,4,True,0.0007333333333333333,1.9956364398923179,-0.0026739026564397417,6.106226635438361e-17,0.09166666666666667,0.0,0.09166666666666667,0.0,0.0,0.09000000000000001,0.0,0.09166666666666667,0.09166666666666667,0.0,0.0,0.0,0.09166666666666667,0.09166666666666667,0.36000000000000004
2017-11-01,0.009448139558552643,0.009081472891885977,0.09166666666666667,2,True,0.00036666666666666667,2.06923197940146,0.0,6.106226635438361e-17,0.09166666666666667,0.0,0.09166666666666667,0.0,0.0,0.09000000000000001,0.09166666666666667,0.09166666666666667,0.09166666666666667,0.0,0.0,0.0,0.09166666666666667,0.0,0.36000000000000004
2017-12-01,0.027907054951115673,0.02717372161778234,0.18333333333333335,4,True,0.0007333333333333333,2.0872505981824565,-0.010825691308284258,6.106226635438361e-17,0.09166666666666667,0.0,0.0,0.0,0.0,0.09000000000000001,0.0,0.09166666666666667,0.09166666666666667,0.0,0.09166666666666667,0.0,0.09166666666666667,0.09166666666666667,0.36000000000000004
2018-01-01,0.048371101826750765,0.0480044351600841,0.09166666666666667,2,True,0.00036666666666666667,2.0538174149472996,-0.0351184072186661,6.106226635438361e-17,0.09166666666666667,0.09166666666666667,0.0,0.0,0.0,0.09000000000000001,0.0,0.09166666666666667,0.09166666666666667,0.0,0.0,0.0,0.09166666666666667,0.09166666666666667,0.36000000000000004
2018-02-01,-0.039345082082827616,-0.039345082082827616,0.0,0,False,0.0,2.152373333222975,-0.0134316516804589,6.106226635438361e-17,0.09166666666666667,0.09166666666666667,0.0,0.0,0.0,0.09000000000000001,0.0,0.09166666666666667,0.09166666666666667,0.0,0.0,0.0,0.09166666666666667,0.09166666666666667,0.36000000000000004
2018-03-01,-0.02532148830136864,-0.02568815496803531,0.09166666666666667,2,True,0.00036666666666666667,2.066929875477585,-0.052595773295157855,6.106226635438361e-17,0.09166666666666667,0.09166666666666667,0.0,0.0,0.09166666666666667,0.09000000000000001,0.0,0.09166666666666667,0.09166666666666667,0.0,0.0,0.0,0.09166666666666667,0.0,0.36000000000000004
2018-04-01,0.017305834240596837,0.01693916757393017,0.09166666666666667,2,True,0.00036666666666666667,2.0485727774606604,-0.06100998824149273,6.106226635438361e-17,0.09166666666666667,0.09166666666666667,0.0,0.0,0.18333333333333335,0.09000000000000001,0.0,0.09166666666666667,0.0,0.0,0.0,0.0,0.09166666666666667,0.0,0.36000000000000004
2018-05-01,0.03803604730785418,0.036936047307854186,0.27499999999999997,5,True,0.0010999999999999998,2.0809693088776733,-0.046160616156258216,6.106226635438361e-17,0.09166666666666667,0.0,0.0,0.0,0.3666666666666667,0.09000000000000001,0.0,0.0,0.0,0.0,0.0,0.0,0.0,0.09166666666666667,0.36000000000000004
2018-06-01,-0.004827721337769519,-0.005927721337769519,0.27499999999999997,4,True,0.0010999999999999998,2.1577450226847845,-0.010969467858432336,6.106226635438361e-17,0.09166666666666667,0.0,0.0,0.0,0.09166666666666667,0.09000000000000001,0.0,0.09166666666666667,0.09166666666666667,0.0,0.09166666666666667,0.0,0.0,0.09166666666666667,0.36000000000000004
2018-07-01,0.01899263127449173,0.018625964607825063,0.09166666666666667,2,True,0.00036666666666666667,2.1465037968748457,-0.016525627208941907,6.106226635438361e-17,0.09166666666666667,0.0,0.09166666666666667,0.0,0.0,0.09000000000000001,0.0,0.09166666666666667,0.09166666666666667,0.0,0.09166666666666667,0.0,0.0,0.09166666666666667,0.36000000000000004
2018-08-01,0.028976182165157734,0.028609515498491066,0.09166666666666667,2,True,0.00036666666666666667,2.185667846946548,-0.01853330174336576,6.106226635438361e-17,0.0,0.0,0.09166666666666667,0.0,0.09166666666666667,0.09000000000000001,0.0,0.09166666666666667,0.09166666666666667,0.0,0.09166666666666667,0.0,0.0,0.09166666666666667,0.36000000000000004
2018-09-01,0.006677286152063783,0.006677286152063783,0.0,0,False,0.0,2.2575517724848604,-0.002464360863895676,6.106226635438361e-17,0.0,0.0,0.09166666666666667,0.0,0.09166666666666667,0.09000000000000001,0.0,0.09166666666666667,0.09166666666666667,0.0,0.09166666666666667,0.0,0.0,0.09166666666666667,0.36000000000000004
2018-10-01,-0.06611630569661718,-0.06648297236328385,0.09166666666666667,2,True,0.00036666666666666667,2.2717927954392274,0.0,6.106226635438361e-17,0.09166666666666667,0.0,0.09166666666666667,0.0,0.0,0.09000000000000001,0.0,0.09166666666666667,0.09166666666666667,0.0,0.09166666666666667,0.0,0.0,0.09166666666666667,0.36000000000000004
2018-11-01,0.006658653319479941,0.004458653319479941,0.55,7,True,0.0022,2.116922749949903,-0.06961229802031832,6.106226635438361e-17,0.0,0.0,0.0,0.0,0.5499999999999999,0.09000000000000001,0.0,0.0,0.0,0.0,0.0,0.0,0.0,0.0,0.36000000000000004
2018-12-01,-0.041579105977026694,-0.04231243931036003,0.18333333333333332,3,True,0.0007333333333333332,2.1097693391926664,-0.07275622256640735,6.106226635438361e-17,0.0,0.09166666666666667,0.0,0.0,0.3666666666666667,0.09000000000000001,0.0,0.0,0.0,0.0,0.09166666666666667,0.0,0.0,0.0,0.36000000000000004
2019-01-01,0.03812726755025268,0.03739393421691935,0.18333333333333332,4,True,0.0007333333333333332,2.0221110904977007,-0.11128202921891872,6.106226635438361e-17,0.0,0.09166666666666667,0.0,0.0,0.275,0.09000000000000001,0.09166666666666667,0.0,0.0,0.09166666666666667,0.0,0.0,0.0,0.0,0.36000000000000004
2019-02-01,0.027219587554900306,0.026486254221566974,0.18333333333333335,3,True,0.0007333333333333333,2.096130950599652,-0.07875029534117484,6.106226635438361e-17,0.0,0.09166666666666667,0.09166666666666667,0.0,0.09166666666666667,0.09000000000000001,0.09166666666666667,0.0,0.0,0.09166666666666667,0.09166666666666667,0.0,0.0,0.0,0.36000000000000004
2019-03-01,0.0358970940684886,0.03553042740182193,0.09166666666666667,2,True,0.00036666666666666667,2.1523972687201725,-0.054021244450561334,6.106226635438361e-17,0.0,0.09166666666666667,0.09166666666666667,0.0,0.0,0.09000000000000001,0.09166666666666667,0.0,0.09166666666666667,0.09166666666666667,0.09166666666666667,0.0,0.0,0.0,0.36000000000000004
2019-04-01,0.025214612097566664,0.024847945430899996,0.09166666666666667,2,True,0.00036666666666666667,2.228844533186997,-0.020422666178583793,6.106226635438361e-17,0.0,0.0,0.09166666666666667,0.0,0.0,0.09000000000000001,0.09166666666666667,0.09166666666666667,0.09166666666666667,0.09166666666666667,0.09166666666666667,0.0,0.0,0.0,0.36000000000000004
2019-05-01,-0.06011664683605579,-0.06048331350272246,0.09166666666666667,2,True,0.00036666666666666667,2.2842061340564674,-0.002838292791344177,6.106226635438361e-17,0.0,0.0,0.09166666666666667,0.0,0.0,0.09000000000000001,0.09166666666666667,0.09166666666666667,0.09166666666666667,0.0,0.09166666666666667,0.0,0.09166666666666667,0.0,0.36000000000000004
2019-06-01,0.07436423111524124,0.0736308977819079,0.18333333333333335,4,True,0.0007333333333333333,2.1627932805661607,-0.05927846822014371,6.106226635438361e-17,0.0,0.09166666666666667,0.09166666666666667,0.0,0.0,0.09000000000000001,0.09166666666666667,0.09166666666666667,0.0,0.09166666666666667,0.09166666666666667,0.0,0.0,0.0,0.36000000000000004
2019-07-01,0.013577883441432466,0.0132112167747658,0.09166666666666667,2,True,0.00036666666666666667,2.3210723742204227,-0.0005801917759051811,6.106226635438361e-17,0.0,0.09166666666666667,0.0,0.0,0.0,0.09000000000000001,0.09166666666666667,0.09166666666666667,0.09166666666666667,0.09166666666666667,0.09166666666666667,0.0,0.0,0.0,0.36000000000000004
2019-08-01,0.008899328094356253,0.008899328094356253,0.0,0,False,0.0,2.352587624376717,-0.011957967690204185,6.106226635438361e-17,0.0,0.09166666666666667,0.0,0.0,0.0,0.09000000000000001,0.09166666666666667,0.09166666666666667,0.09166666666666667,0.09166666666666667,0.09166666666666667,0.0,0.0,0.0,0.36000000000000004
2019-09-01,0.002663659882779587,0.0022969932161129203,0.09166666666666667,2,True,0.00036666666666666667,2.382871904845893,-0.0005120501248063736,6.106226635438361e-17,0.0,0.09166666666666667,0.09166666666666667,0.0,0.0,0.09000000000000001,0.09166666666666667,0.09166666666666667,0.0,0.09166666666666667,0.09166666666666667,0.0,0.0,0.0,0.36000000000000004
2019-10-01,0.031210506522536857,0.03048383985587019,0.1816666666666667,4,True,0.0007266666666666667,2.3866074888942217,-0.014000020934727408,6.106226635438361e-17,0.0,0.09166666666666667,0.09166666666666667,0.09000000000000001,0.0,0.0,0.09166666666666667,0.0,0.09166666666666667,0.09166666666666667,0.09166666666666667,0.0,0.0,0.0,0.36000000000000004
2019-11-01,0.003064966887700586,0.0026983002210339193,0.09166666666666667,2,True,0.00036666666666666667,2.460192316096676,0.0,6.106226635438361e-17,0.0,0.09166666666666667,0.0,0.09000000000000001,0.0,0.0,0.09166666666666667,0.09166666666666667,0.09166666666666667,0.09166666666666667,0.09166666666666667,0.0,0.0,0.0,0.36000000000000004
2019-12-01,0.04411697839644777,0.043390311729781104,0.1816666666666667,4,True,0.0007266666666666667,2.492729308853212,-0.0016877238436362463,6.106226635438361e-17,0.0,0.0,0.0,0.0,0.09166666666666667,0.09000000000000001,0.09166666666666667,0.09166666666666667,0.09166666666666667,0.09166666666666667,0.09166666666666667,0.0,0.0,0.0,0.36000000000000004
2020-01-01,0.003871660429908358,0.002771660429908358,0.27499999999999997,6,True,0.0010999999999999998,2.474502669461253,-0.041244438926099414,6.106226635438361e-17,0.09166666666666667,0.09166666666666667,0.0,0.0,0.0,0.09000000000000001,0.0,0.09166666666666667,0.09166666666666667,0.0,0.09166666666666667,0.0,0.09166666666666667,0.0,0.36000000000000004
2020-02-01,-0.01888344181091895,-0.019616775144252283,0.18333333333333335,4,True,0.0007333333333333333,2.4657345257754235,-0.04464168986578587,6.106226635438361e-17,0.0,0.09166666666666667,0.0,0.0,0.0,0.09000000000000001,0.09166666666666667,0.09166666666666667,0.09166666666666667,0.09166666666666667,0.09166666666666667,0.0,0.0,0.0,0.36000000000000004
2020-03-01,-0.06897227007929708,-0.07006560341263042,0.2733333333333334,5,True,0.0010933333333333333,2.3332932187687985,-0.09595658282411246,6.106226635438361e-17,0.0,0.09166666666666667,0.0,0.09000000000000001,0.18333333333333335,0.0,0.09166666666666667,0.09166666666666667,0.0,0.09166666666666667,0.0,0.0,0.0,0.0,0.36000000000000004
2020-04-01,0.0709470679816379,0.07021373464830456,0.18333333333333335,3,True,0.0007333333333333333,2.168394251602167,-0.15984732084492514,6.106226635438361e-17,0.0,0.09166666666666667,0.0,0.09000000000000001,0.3666666666666667,0.0,0.0,0.0,0.0,0.09166666666666667,0.0,0.0,0.0,0.0,0.36000000000000004
2020-05-01,0.05024479925292486,0.049511465919591525,0.18333333333333335,3,True,0.0007333333333333333,2.320532493306525,-0.10090077490411353,6.106226635438361e-17,0.0,0.09166666666666667,0.0,0.09000000000000001,0.18333333333333335,0.0,0.09166666666666667,0.09166666666666667,0.0,0.09166666666666667,0.0,0.0,0.0,0.0,0.36000000000000004
2020-06-01,0.040501040031219515,0.04013437336455285,0.09166666666666667,2,True,0.00036666666666666667,2.436233569292317,-0.056071948735272326,6.106226635438361e-17,0.0,0.09166666666666667,0.0,0.09000000000000001,0.09166666666666667,0.0,0.09166666666666667,0.09166666666666667,0.09166666666666667,0.09166666666666667,0.0,0.0,0.0,0.0,0.36000000000000004
2020-07-01,0.07592704025518096,0.07556037358851429,0.09166666666666667,2,True,0.00036666666666666667,2.533974097968004,-0.018202005588061954,6.106226635438361e-17,0.0,0.09166666666666667,0.0,0.09000000000000001,0.0,0.0,0.09166666666666667,0.09166666666666667,0.09166666666666667,0.09166666666666667,0.0,0.0,0.09166666666666667,0.0,0.36000000000000004
2020-08-01,0.056167823702285985,0.056167823702285985,0.0,0,False,0.0,2.696396746529986,0.0,6.106226635438361e-17,0.0,0.09166666666666667,0.0,0.09000000000000001,0.0,0.0,0.09166666666666667,0.09166666666666667,0.09166666666666667,0.09166666666666667,0.0,0.0,0.09166666666666667,0.0,0.36000000000000004
2020-09-01,-0.04012108321399954,-0.04048774988066621,0.09166666666666667,2,True,0.00036666666666666667,2.846803272876506,0.0,6.106226635438361e-17,0.0,0.09166666666666667,0.0,0.09000000000000001,0.09166666666666667,0.0,0.09166666666666667,0.09166666666666667,0.09166666666666667,0.0,0.0,0.0,0.09166666666666667,0.0,0.36000000000000004
2020-10-01,-0.02750815314409366,-0.02750815314409366,0.0,0,False,0.0,2.7325864418715415,-0.04333117169988798,6.106226635438361e-17,0.0,0.09166666666666667,0.0,0.09000000000000001,0.09166666666666667,0.0,0.09166666666666667,0.09166666666666667,0.09166666666666667,0.0,0.0,0.0,0.09166666666666667,0.0,0.36000000000000004
2020-11-01,0.08311421388333666,0.08238754721666999,0.1816666666666667,4,True,0.0007266666666666667,2.6430226394701077,-0.07468714148315247,6.106226635438361e-17,0.0,0.09166666666666667,0.09166666666666667,0.0,0.09166666666666667,0.09000000000000001,0.0,0.09166666666666667,0.09166666666666667,0.0,0.0,0.0,0.09166666666666667,0.0,0.36000000000000004
2020-12-01,0.020209062603021532,0.01910906260302153,0.27499999999999997,6,True,0.0010999999999999998,2.8574684864305175,0.0,6.106226635438361e-17,0.09166666666666667,0.0,0.0,0.0,0.0,0.09000000000000001,0.09166666666666667,0.09166666666666667,0.09166666666666667,0.0,0.09166666666666667,0.0,0.09166666666666667,0.0,0.36000000000000004
2021-01-01,0.030905207169714698,0.03053854050304803,0.09166666666666667,2,True,0.00036666666666666667,2.862918996795601,-0.028178341399500817,6.106226635438361e-17,0.09166666666666667,0.09166666666666667,0.0,0.0,0.0,0.09000000000000001,0.0,0.09166666666666667,0.09166666666666667,0.0,0.09166666666666667,0.0,0.09166666666666667,0.0,0.36000000000000004
2021-02-01,0.04658309646405367,0.046216429797387,0.09166666666666667,2,True,0.00036666666666666667,2.949234139692991,-0.011095980984816345,6.106226635438361e-17,0.09166666666666667,0.0,0.0,0.0,0.0,0.09000000000000001,0.0,0.09166666666666667,0.09166666666666667,0.0,0.09166666666666667,0.0,0.09166666666666667,0.09166666666666667,0.36000000000000004
2021-03-01,0.01656760223507563,0.01656760223507563,0.0,0,False,0.0,3.086618598117391,-0.00965259423188447,6.106226635438361e-17,0.09166666666666667,0.0,0.0,0.0,0.0,0.09000000000000001,0.0,0.09166666666666667,0.09166666666666667,0.0,0.09166666666666667,0.0,0.09166666666666667,0.09166666666666667,0.36000000000000004
2021-04-01,0.034917062109128615,0.034917062109128615,0.0,0,False,0.0,3.137756467302388,0.0,6.106226635438361e-17,0.09166666666666667,0.0,0.0,0.0,0.0,0.09000000000000001,0.0,0.09166666666666667,0.09166666666666667,0.0,0.09166666666666667,0.0,0.09166666666666667,0.09166666666666667,0.36000000000000004
2021-05-01,0.012146205036399085,0.012146205036399085,0.0,0,False,0.0,3.2402724134985585,-0.010674369267959616,6.106226635438361e-17,0.09166666666666667,0.0,0.0,0.0,0.0,0.09000000000000001,0.0,0.09166666666666667,0.09166666666666667,0.0,0.09166666666666667,0.0,0.09166666666666667,0.09166666666666667,0.36000000000000004
2021-06-01,0.04252202482412182,0.04252202482412182,0.0,0,False,0.0,3.2796294266067005,0.0,6.106226635438361e-17,0.09166666666666667,0.0,0.0,0.0,0.0,0.09000000000000001,0.0,0.09166666666666667,0.09166666666666667,0.0,0.09166666666666667,0.0,0.09166666666666667,0.09166666666666667,0.36000000000000004
2021-07-01,0.007023352047646583,0.007023352047646583,0.0,0,False,0.0,3.4190859104987945,0.0,6.106226635438361e-17,0.09166666666666667,0.0,0.0,0.0,0.0,0.09000000000000001,0.0,0.09166666666666667,0.09166666666666667,0.0,0.09166666666666667,0.0,0.09166666666666667,0.09166666666666667,0.36000000000000004
2021-08-01,0.025340396654786317,0.024607063321452984,0.18333333333333335,3,True,0.0007333333333333333,3.452749134420272,-0.00392780569953699,6.106226635438361e-17,0.09166666666666667,0.0,0.0,0.0,0.18333333333333335,0.09000000000000001,0.0,0.09166666666666667,0.09166666666666667,0.0,0.09166666666666667,0.0,0.0,0.0,0.36000000000000004
2021-09-01,-0.028441740904563594,-0.028441740904563594,0.0,0,False,0.0,3.5376469887134596,-0.001219519755332188,6.106226635438361e-17,0.09166666666666667,0.0,0.0,0.0,0.18333333333333335,0.09000000000000001,0.0,0.09166666666666667,0.09166666666666667,0.0,0.09166666666666667,0.0,0.0,0.0,0.36000000000000004
2021-10-01,0.044766200460701934,0.0436728671273686,0.2733333333333334,6,True,0.0010933333333333333,3.4332723300183807,-0.03259339285971363,6.106226635438361e-17,0.1816666666666667,0.0,0.0,0.0,0.275,0.0,0.0,0.09166666666666667,0.0,0.0,0.0,0.0,0.0,0.09166666666666667,0.36000000000000004
2021-11-01,-0.01885372504727157,-0.019587058380604903,0.18333333333333335,3,True,0.0007333333333333333,3.5843364449960857,0.0,6.106226635438361e-17,0.1816666666666667,0.0,0.0,0.0,0.09166666666666667,0.0,0.0,0.09166666666666667,0.09166666666666667,0.0,0.09166666666666667,0.0,0.0,0.09166666666666667,0.36000000000000004
2021-12-01,0.04737657869360151,0.047009912026934844,0.09166666666666667,2,True,0.00036666666666666667,3.515468873123115,-0.040935904006452306,6.106226635438361e-17,0.09000000000000001,0.0,0.0,0.0,0.09166666666666667,0.0,0.0,0.09166666666666667,0.09166666666666667,0.09166666666666667,0.09166666666666667,0.0,0.0,0.09166666666666667,0.36000000000000004
2022-01-01,-0.015268191962167287,-0.01600152529550062,0.18333333333333335,4,True,0.0007333333333333333,3.513835007176189,-0.049358414524182215,6.106226635438361e-17,0.1816666666666667,0.09166666666666667,0.0,0.0,0.0,0.0,0.0,0.09166666666666667,0.09166666666666667,0.0,0.09166666666666667,0.0,0.0,0.09166666666666667,0.36000000000000004
2022-02-01,0.00011617442258576513,-0.0013504922440809016,0.3666666666666667,5,True,0.0014666666666666667,3.452576414165068,-0.0659314652978179,6.106226635438361e-17,0.1816666666666667,0.0,0.0,0.0,0.3666666666666667,0.0,0.0,0.0,0.0,0.0,0.0,0.0,0.0,0.09166666666666667,0.36000000000000004
2022-03-01,0.021691850804014885,0.02024518413734822,0.36166666666666675,4,True,0.0014466666666666668,3.4479822077643765,-0.06717439322352792,6.106226635438361e-17,0.4516666666666667,0.09166666666666667,0.0,0.0,0.275,0.0,0.0,0.0,0.0,0.0,0.0,0.0,0.0,0.09166666666666667,0.09000000000000001
2022-04-01,0.0018898468042156877,0.001523180137549021,0.09166666666666669,2,True,0.0003666666666666667,3.521483639104854,-0.0472891347860791,6.106226635438361e-17,0.4516666666666667,0.09166666666666667,0.0,0.0,0.18333333333333335,0.0,0.0,0.0,0.0,0.0,0.09166666666666667,0.0,0.0,0.09166666666666667,0.09000000000000001
2022-05-01,0.029633255458232005,0.029266588791565337,0.09166666666666669,2,True,0.0003666666666666667,3.5111828122421676,-0.05007594588007103,6.106226635438361e-17,0.4516666666666667,0.09166666666666667,0.0,0.0,0.275,0.0,0.0,0.0,0.0,0.0,0.0,0.0,0.0,0.09166666666666667,0.09000000000000001
2022-06-01,-0.055262978036937506,-0.055629644703604174,0.09166666666666666,2,True,0.0003666666666666666,3.61257990642661,-0.022643726045821433,6.106226635438361e-17,0.4516666666666667,0.0,0.0,0.0,0.3666666666666667,0.0,0.0,0.0,0.0,0.0,0.0,0.0,0.0,0.09166666666666667,0.09000000000000001
2022-07-01,0.0072046794653992064,0.00503801279873254,0.5416666666666666,5,True,0.0021666666666666666,3.405543283439206,-0.0803264097381774,0.45000000000000007,0.09166666666666667,0.0,0.0,0.0,0.4583333333333333,0.0,0.0,0.0,0.0,0.0,0.0,0.0,0.0,0.0,0.0
2022-08-01,-0.022424920991637228,-0.022791587658303896,0.09166666666666667,2,True,0.00036666666666666667,3.4288214355204873,-0.07404009947356882,0.45000000000000007,0.0,0.0,0.0,0.0,0.4583333333333333,0.0,0.0,0.0,0.0,0.0,0.0,0.0,0.0,0.09166666666666667,0.0
2022-09-01,-0.015711048118984078,-0.015711048118984078,0.0,0,False,0.0,3.3519303857345077,-0.09480467708429852,0.45000000000000007,0.0,0.0,0.0,0.0,0.4583333333333333,0.0,0.0,0.0,0.0,0.0,0.0,0.0,0.0,0.09166666666666667,0.0
2022-10-01,-0.01446772923028574,-0.014834395896952407,0.09166666666666666,2,True,0.0003666666666666666,3.2685673139839313,-0.11731703681994743,0.45000000000000007,0.0,0.0,0.0,0.0,0.5499999999999999,0.0,0.0,0.0,0.0,0.0,0.0,0.0,0.0,0.0,0.0
2022-11-01,0.020855503911804234,0.020488837245137566,0.09166666666666666,2,True,0.0003666666666666666,3.2189167292480416,-0.13072527383889987,0.45000000000000007,0.0,0.0,0.0,0.0,0.4583333333333333,0.0,0.0,0.0,0.0,0.0,0.0,0.0,0.0,0.09166666666666667,0.0
2022-12-01,-0.01436655261256129,-0.015833219279227956,0.36666666666666675,5,True,0.001466666666666667,3.281229321359106,-0.11389763709031353,0.45000000000000007,0.0,0.09166666666666667,0.09166666666666667,0.0,0.09166666666666667,0.0,0.0,0.0,0.09166666666666667,0.0,0.0,0.0,0.09166666666666667,0.09166666666666667,0.0
2023-01-01,0.06580880527640232,0.06327547194306898,0.6333333333333333,5,True,0.0025333333333333336,3.236983592334357,-0.1258462823076043,6.106226635438361e-17,0.0,0.09166666666666667,0.0,0.0,0.275,0.0,0.0,0.0,0.0,0.0,0.0,0.45,0.09166666666666667,0.09166666666666667,0.0
2023-02-01,-0.046919280488317144,-0.04765261382165048,0.18333333333333335,3,True,0.0007333333333333333,3.438742006245829,-0.07136103004556038,6.106226635438361e-17,0.0,0.09166666666666667,0.0,0.0,0.09166666666666667,0.0,0.0,0.0,0.09166666666666667,0.0,0.09166666666666667,0.45,0.09166666666666667,0.09166666666666667,0.0
2023-03-01,0.06755359962565001,0.06465359962565001,0.725,8,True,0.0029,3.267894249281791,-0.11749879925242224,6.106226635438361e-17,0.0,0.09166666666666667,0.09166666666666667,0.45,0.18333333333333335,0.0,0.0,0.09166666666666667,0.09166666666666667,0.0,0.0,0.0,0.0,0.0,0.0
2023-04-01,-0.0036452587678186205,-0.004738592101151954,0.2733333333333333,6,True,0.0010933333333333333,3.4740500235058414,-0.06182603128150155,6.106226635438361e-17,0.0,0.09166666666666667,0.0,0.36000000000000004,0.09166666666666667,0.0,0.09166666666666667,0.09166666666666667,0.09166666666666667,0.0,0.0,0.0,0.09166666666666667,0.0,0.09000000000000001
2023-05-01,0.017190148423573907,0.017190148423573907,0.0,0,False,0.0,3.457601763272481,-0.0662679159628492,6.106226635438361e-17,0.0,0.09166666666666667,0.0,0.36000000000000004,0.09166666666666667,0.0,0.09166666666666667,0.09166666666666667,0.09166666666666667,0.0,0.0,0.0,0.09166666666666667,0.0,0.09000000000000001
2023-06-01,0.015907545613230687,0.014094212279897354,0.4533333333333334,5,True,0.0018133333333333335,3.510660887715345,-0.051939196163628853,6.106226635438361e-17,0.0,0.09166666666666667,0.0,0.09000000000000001,0.275,0.0,0.0,0.09166666666666667,0.09166666666666667,0.0,0.0,0.0,0.0,0.0,0.36000000000000004
2023-07-01,0.019162658118504185,0.018435991451837518,0.1816666666666667,4,True,0.0007266666666666667,3.5740023395557534,-0.03483371384315881,6.106226635438361e-17,0.0,0.0,0.0,0.0,0.275,0.09000000000000001,0.0,0.09166666666666667,0.09166666666666667,0.0,0.0,0.0,0.09166666666666667,0.0,0.36000000000000004
2023-08-01,-0.006594994408143396,-0.007694994408143396,0.27499999999999997,4,True,0.0010999999999999998,3.6358390215034206,-0.018134597560232613,6.106226635438361e-17,0.09166666666666667,0.09166666666666667,0.0,0.0,0.0,0.09000000000000001,0.0,0.09166666666666667,0.09166666666666667,0.0,0.0,0.0,0.09166666666666667,0.09166666666666667,0.36000000000000004
2023-09-01,-0.04183743535586829,-0.04257076868920163,0.18333333333333335,4,True,0.0007333333333333333,3.609211985653139,-0.025325280402979766,6.106226635438361e-17,0.09166666666666667,0.0,0.09166666666666667,0.0,0.09166666666666667,0.09000000000000001,0.0,0.09166666666666667,0.09166666666666667,0.0,0.0,0.0,0.0,0.09166666666666667,0.36000000000000004
2023-10-01,-0.0032657672861049376,-0.004365767286104938,0.27499999999999997,4,True,0.0010999999999999998,3.4590616162588126,-0.06587367982328152,6.106226635438361e-17,0.09166666666666667,0.0,0.0,0.0,0.3666666666666667,0.09000000000000001,0.0,0.0,0.0,0.0,0.0,0.0,0.0,0.09166666666666667,0.36000000000000004
2023-11-01,0.060028899761167626,0.05966223309450096,0.09166666666666666,2,True,0.0003666666666666666,3.442709794405627,-0.07028952113241149,6.106226635438361e-17,0.09166666666666667,0.09166666666666667,0.0,0.0,0.275,0.09000000000000001,0.0,0.0,0.0,0.0,0.0,0.0,0.0,0.09166666666666667,0.36000000000000004
2023-12-01,0.01958804736377484,0.017754714030441508,0.45833333333333337,8,True,0.0018333333333333335,3.6426813604555983,-0.01628681061224746,6.106226635438361e-17,0.0,0.09166666666666667,0.09166666666666667,0.0,0.0,0.09000000000000001,0.0,0.09166666666666667,0.09166666666666667,0.0,0.09166666666666667,0.0,0.09166666666666667,0.0,0.36000000000000004
2024-01-01,0.03209251711332586,0.03135918377999252,0.18333333333333335,4,True,0.0007333333333333333,3.7151597646152252,-0.015915451223681654,6.106226635438361e-17,0.0,0.09166666666666667,0.0,0.0,0.0,0.09000000000000001,0.09166666666666667,0.09166666666666667,0.09166666666666667,0.09166666666666667,0.09166666666666667,0.0,0.0,0.0,0.36000000000000004
2024-02-01,0.028258870079357252,0.027892203412690584,0.09166666666666667,2,True,0.00036666666666666667,3.8301717965121322,-0.0037840429472070225,6.106226635438361e-17,0.0,0.09166666666666667,0.09166666666666667,0.0,0.0,0.09000000000000001,0.09166666666666667,0.09166666666666667,0.09166666666666667,0.09166666666666667,0.0,0.0,0.0,0.0,0.36000000000000004
2024-03-01,0.016401282157545362,0.015301282157545362,0.27499999999999997,6,True,0.0010999999999999998,3.934075874755326,0.0,6.106226635438361e-17,0.0,0.09166666666666667,0.0,0.0,0.0,0.09000000000000001,0.0,0.09166666666666667,0.09166666666666667,0.0,0.09166666666666667,0.0,0.09166666666666667,0.09166666666666667,0.36000000000000004
2024-04-01,-0.043116528079312225,-0.043116528079312225,0.0,0,False,0.0,3.9985997632063803,0.0,6.106226635438361e-17,0.0,0.09166666666666667,0.0,0.0,0.0,0.09000000000000001,0.0,0.09166666666666667,0.09166666666666667,0.0,0.09166666666666667,0.0,0.09166666666666667,0.09166666666666667,0.36000000000000004
2024-05-01,0.05187932152254482,0.05151265485587815,0.09166666666666667,2,True,0.00036666666666666667,3.8247910864292742,-0.048292713157112255,6.106226635438361e-17,0.0,0.09166666666666667,0.0,0.0,0.09166666666666667,0.09000000000000001,0.0,0.09166666666666667,0.09166666666666667,0.0,0.0,0.0,0.09166666666666667,0.09166666666666667,0.36000000000000004
2024-06-01,0.046146650569165636,0.04577998390249897,0.09166666666666667,2,True,0.00036666666666666667,4.018247418771297,-0.01773917649603085,6.106226635438361e-17,0.09166666666666667,0.09166666666666667,0.0,0.0,0.0,0.09000000000000001,0.0,0.09166666666666667,0.09166666666666667,0.0,0.0,0.0,0.09166666666666667,0.09166666666666667,0.36000000000000004
2024-07-01,-0.03384065194587592,-0.03384065194587592,0.0,0,False,0.0,4.20213473041041,-0.0029679141487478633,6.106226635438361e-17,0.09166666666666667,0.09166666666666667,0.0,0.0,0.0,0.09000000000000001,0.0,0.09166666666666667,0.09166666666666667,0.0,0.0,0.0,0.09166666666666667,0.09166666666666667,0.36000000000000004
2024-08-01,0.007614795448014788,0.007248128781348121,0.09166666666666667,2,True,0.00036666666666666667,4.058443109926675,-0.058652157802108085,6.106226635438361e-17,0.0,0.09166666666666667,0.0,0.0,0.0,0.09000000000000001,0.0,0.09166666666666667,0.09166666666666667,0.0,0.09166666666666667,0.0,0.09166666666666667,0.09166666666666667,0.36000000000000004
2024-09-01,0.04495249961670271,0.04458583295003604,0.09166666666666667,2,True,0.00036666666666666667,4.203850276928466,-0.02492525337354823,6.106226635438361e-17,0.0,0.09166666666666667,0.0,0.0,0.0,0.09000000000000001,0.0,0.09166666666666667,0.09166666666666667,0.09166666666666667,0.09166666666666667,0.0,0.09166666666666667,0.0,0.36000000000000004
2024-10-01,-0.0029608853424887317,-0.0029608853424887317,0.0,0,False,0.0,4.3912131528106455,-0.014410433899040731,6.106226635438361e-17,0.0,0.09166666666666667,0.0,0.0,0.0,0.09000000000000001,0.0,0.09166666666666667,0.09166666666666667,0.09166666666666667,0.09166666666666667,0.0,0.09166666666666667,0.0,0.36000000000000004
2024-11-01,0.002491895088012957,0.0006852284213462905,0.4516666666666667,5,True,0.0018066666666666667,4.370301305782114,-0.02785628195323575,6.106226635438361e-17,0.0,0.09166666666666667,0.0,0.36000000000000004,0.09166666666666667,0.0,0.0,0.09166666666666667,0.09166666666666667,0.0,0.09166666666666667,0.0,0.09166666666666667,0.0,0.09000000000000001
2024-12-01,-0.019752980332570124,-0.020119646999236792,0.09166666666666667,2,True,0.00036666666666666667,4.394862525300612,-0.022392806189932002,6.106226635438361e-17,0.0,0.09166666666666667,0.0,0.36000000000000004,0.0,0.0,0.0,0.09166666666666667,0.09166666666666667,0.0,0.09166666666666667,0.0,0.09166666666666667,0.09166666666666667,0.09000000000000001
2025-01-01,0.00516252537141684,0.0026225253714168405,0.635,7,True,0.0025399999999999997,4.174420914104679,-0.07142853908933267,6.106226635438361e-17,0.0,0.09166666666666667,0.0,0.0,0.275,0.09000000000000001,0.0,0.09166666666666667,0.09166666666666667,0.0,0.0,0.0,0.0,0.0,0.36000000000000004
2025-02-01,0.007952854862850592,0.006146188196183925,0.4516666666666667,5,True,0.001806666666666667,4.2144164973256,-0.06253179438974099,6.106226635438361e-17,0.0,0.09166666666666667,0.09166666666666667,0.36000000000000004,0.18333333333333335,0.0,0.0,0.09166666666666667,0.09166666666666667,0.0,0.0,0.0,0.0,0.0,0.09000000000000001
2025-03-01,0.0271108785889343,0.026377545255600966,0.18333333333333335,4,True,0.0007333333333333333,4.243620549451846,-0.05603555217905465,6.106226635438361e-17,0.0,0.09166666666666667,0.0,0.36000000000000004,0.09166666666666667,0.0,0.0,0.09166666666666667,0.09166666666666667,0.0,0.09166666666666667,0.0,0.0,0.09166666666666667,0.09000000000000001
2025-04-01,-0.008306055027720916,-0.009766055027720915,0.365,8,True,0.00146,4.349113483991097,-0.03256936840015412,6.106226635438361e-17,0.09166666666666667,0.09166666666666667,0.0,0.36000000000000004,0.09166666666666667,0.09000000000000001,0.0,0.0,0.0,0.09166666666666667,0.0,0.0,0.09166666666666667,0.09166666666666667,0.0
2025-05-01,0.025994548815242578,0.024894548815242577,0.27499999999999997,4,True,0.0010999999999999998,4.308245219612383,-0.041660235071217966,6.106226635438361e-17,0.0,0.09166666666666667,0.0,0.36000000000000004,0.3666666666666667,0.09000000000000001,0.0,0.0,0.0,0.0,0.0,0.0,0.09166666666666667,0.0,0.0
2025-06-01,0.012779114343326703,0.011679114343326703,0.27499999999999997,4,True,0.0010999999999999998,4.373672400293369,-0.02710640497159089,6.106226635438361e-17,0.0,0.09166666666666667,0.09166666666666667,0.36000000000000004,0.09166666666666667,0.09000000000000001,0.0,0.09166666666666667,0.09166666666666667,0.0,0.0,0.0,0.09166666666666667,0.0,0.0
2025-07-01,0.0063328952884646105,0.005606228621797944,0.1816666666666667,4,True,0.0007266666666666667,4.421476263678915,-0.016472761605368147,6.106226635438361e-17,0.0,0.09166666666666667,0.09166666666666667,0.36000000000000004,0.0,0.0,0.09166666666666667,0.09166666666666667,0.09166666666666667,0.0,0.0,0.0,0.09166666666666667,0.0,0.09000000000000001
2025-08-01,0.04045759063905837,0.039724257305725034,0.18333333333333335,4,True,0.0007333333333333333,4.446214060069983,-0.015758438487045057,6.106226635438361e-17,0.09166666666666667,0.09166666666666667,0.0,0.36000000000000004,0.0,0.0,0.0,0.09166666666666667,0.09166666666666667,0.0,0.0,0.0,0.09166666666666667,0.09166666666666667,0.09000000000000001
2025-09-01,0.06578112223723179,0.06578112223723179,0.0,0,False,0.0,4.581070302361444,0.0,6.106226635438361e-17,0.09166666666666667,0.09166666666666667,0.0,0.36000000000000004,0.0,0.0,0.0,0.09166666666666667,0.09166666666666667,0.0,0.0,0.0,0.09166666666666667,0.09166666666666667,0.09000000000000001
2025-10-01,0.030321897681800346,0.030321897681800346,0.0,0,False,0.0,4.882418247898433,0.0,6.106226635438361e-17,0.09166666666666667,0.09166666666666667,0.0,0.36000000000000004,0.0,0.0,0.0,0.09166666666666667,0.09166666666666667,0.0,0.0,0.0,0.09166666666666667,0.09166666666666667,0.09000000000000001
2025-11-01,0.020536672526880063,0.020536672526880063,0.0,0,False,0.0,5.01660454471021,-0.030824680062450205,6.106226635438361e-17,0.09166666666666667,0.09166666666666667,0.0,0.36000000000000004,0.0,0.0,0.0,0.09166666666666667,0.09166666666666667,0.0,0.0,0.0,0.09166666666666667,0.09166666666666667,0.09000000000000001
2025-12-01,0.009550024456963308,0.009550024456963308,0.0,0,False,0.0,5.119628909441781,-0.010921043895758764,6.106226635438361e-17,0.09166666666666667,0.09166666666666667,0.0,0.36000000000000004,0.0,0.0,0.0,0.09166666666666667,0.09166666666666667,0.0,0.0,0.0,0.09166666666666667,0.09166666666666667,0.09000000000000001
2026-01-01,0.048667419075885184,0.048300752409218516,0.09166666666666667,2,True,0.00036666666666666667,4.953014798288404,-0.06223702671900544,6.106226635438361e-17,0.0,0.09166666666666667,0.0,0.36000000000000004,0.09166666666666667,0.0,0.0,0.09166666666666667,0.09166666666666667,0.0,0.0,0.0,0.09166666666666667,0.09166666666666667,0.09000000000000001
2026-02-01,0.08116203054534804,0.08079536387868137,0.09166666666666667,2,True,0.00036666666666666667,5.291833355816398,-0.05457534931367791,6.106226635438361e-17,0.09166666666666667,0.09166666666666667,0.0,0.36000000000000004,0.0,0.0,0.0,0.09166666666666667,0.09166666666666667,0.0,0.0,0.0,0.09166666666666667,0.09166666666666667,0.09000000000000001
2026-03-01,-0.048801639056626406,-0.049168305723293074,0.09166666666666667,2,True,0.00036666666666666667,5.662067821432504,0.0,6.106226635438361e-17,0.09166666666666667,0.09166666666666667,0.0,0.36000000000000004,0.09166666666666667,0.0,0.0,0.0,0.09166666666666667,0.0,0.0,0.0,0.09166666666666667,0.09166666666666667,0.09000000000000001
2026-04-01,0.008791177923494747,0.008057844590161413,0.18333333333333335,3,True,0.0007333333333333333,5.379826754870623,-0.04984770148699369,6.106226635438361e-17,0.09166666666666667,0.09166666666666667,0.0,0.36000000000000004,0.275,0.0,0.0,0.0,0.0,0.0,0.0,0.0,0.0,0.09166666666666667,0.09000000000000001
2026-05-01,0.020224241255596652,0.01768424125559665,0.635,7,True,0.0025399999999999997,5.413336879776833,-0.043929346927663926,6.106226635438361e-17,0.4516666666666667,0.0,0.0,0.0,0.09166666666666667,0.0,0.0,0.09166666666666667,0.09166666666666667,0.0,0.0,0.0,0.09166666666666667,0.09166666666666667,0.09000000000000001
2026-06-01,-0.05294380979878387,-0.054023809798783864,0.2700000000000001,2,True,0.0010800000000000002,5.516852867919562,-0.02564698235567975,6.106226635438361e-17,0.1816666666666667,0.0,0.0,0.0,0.09166666666666667,0.0,0.0,0.09166666666666667,0.09166666666666667,0.0,0.0,0.0,0.09166666666666667,0.09166666666666667,0.36000000000000004
2026-07-01,0.0,-0.0010933333333333333,0.2733333333333334,6,True,0.0010933333333333333,5.219057244165388,-0.07824183518081462,6.106226635438361e-17,0.0,0.0,0.0,0.0,0.18333333333333335,0.09000000000000001,0.0,0.09166666666666667,0.09166666666666667,0.0,0.09166666666666667,0.0,0.09166666666666667,0.0,0.36000000000000004
2026-08-01,0.0,-0.0018000000000000002,0.45,3,True,0.0018000000000000002,5.164192819802219,-0.08793165630155286,0.45000000000000007,0.0,0.0,0.0,0.0,0.18333333333333335,0.0,0.0,0.09166666666666667,0.09166666666666667,0.0,0.09166666666666667,0.0,0.09166666666666667,0.0,0.0
