date,gross_return,net_return,turnover,operations,signal_changed,trade_cost,equity,drawdown,w__CASH,w_dbc.us,w_efa.us,w_gld.us,w_hyg.us,w_iau.us,w_ief.us,w_ijr.us,w_ivv.us,w_lqd.us,w_tlt.us,w_vnq.us,w_vt.us,w_vwo.us,w_xlk.us
2007-05-01,-0.012209411571276795,-0.014409411571276794,0.5499999999999999,2,True,0.0021999999999999997,0.9978,0.0,0.45000000000000007,0.0,0.0,0.0,0.0,0.0,0.5499999999999999,0.0,0.0,0.0,0.0,0.0,0.0,0.0,0.0
2007-06-01,-0.0015383241102447042,-0.0015383241102447042,0.0,0,False,0.0,0.9856174491341805,-0.012788083625768443,0.45000000000000007,0.0,0.0,0.0,0.0,0.0,0.5499999999999999,0.0,0.0,0.0,0.0,0.0,0.0,0.0,0.0
2007-07-01,0.007877145941323637,0.007877145941323637,0.0,0,False,0.0,0.9854221255804951,-0.012983723161083205,0.45000000000000007,0.0,0.0,0.0,0.0,0.0,0.5499999999999999,0.0,0.0,0.0,0.0,0.0,0.0,0.0,0.0
2007-08-01,0.01073498067480838,0.01073498067480838,0.0,0,False,0.0,0.993184439477502,-0.005208851901961187,0.45000000000000007,0.0,0.0,0.0,0.0,0.0,0.5499999999999999,0.0,0.0,0.0,0.0,0.0,0.0,0.0,0.0
2007-09-01,0.00013532164185414694,0.00013532164185414694,0.0,0,False,0.0,1.0070520970313264,0.0,0.45000000000000007,0.0,0.0,0.0,0.0,0.0,0.5499999999999999,0.0,0.0,0.0,0.0,0.0,0.0,0.0,0.0
2007-10-01,0.01725853676560304,0.015425203432269708,0.45833333333333337,6,True,0.0018333333333333335,1.005341860957409,-0.01099927139105672,0.45000000000000007,0.09166666666666667,0.09166666666666667,0.09166666666666667,0.0,0.0,0.09166666666666667,0.0,0.09166666666666667,0.0,0.0,0.0,0.0,0.09166666666666667,0.0
2007-11-01,-0.011136188062962125,-0.011502854729628791,0.09166666666666667,2,True,0.00036666666666666667,1.0223176031435859,-0.00955218689323234,0.45000000000000007,0.09166666666666667,0.09166666666666667,0.09166666666666667,0.0,0.0,0.0,0.09166666666666667,0.09166666666666667,0.0,0.0,0.0,0.0,0.09166666666666667,0.0
2007-12-01,0.007425418794868864,0.006692085461535531,0.18333333333333335,4,True,0.0007333333333333333,1.0111015709773004,-0.021214401196220978,0.45000000000000007,0.09166666666666667,0.09166666666666667,0.09166666666666667,0.0,0.0,0.0,0.0,0.0,0.09166666666666667,0.09166666666666667,0.0,0.0,0.09166666666666667,0.0
2008-01-01,0.0029892731222589983,0.002255939788925665,0.18333333333333335,3,True,0.0007333333333333333,1.0085099914578357,-0.023723150845729513,0.45000000000000007,0.09166666666666667,0.0,0.09166666666666667,0.0,0.0,0.18333333333333335,0.0,0.0,0.0,0.09166666666666667,0.0,0.0,0.09166666666666667,0.0
2008-02-01,0.019360090705554153,0.018993424038887485,0.09166666666666667,2,True,0.00036666666666666667,1.0104122980829886,-0.02188164413398641,0.45000000000000007,0.09166666666666667,0.0,0.09166666666666667,0.0,0.0,0.18333333333333335,0.0,0.0,0.09166666666666667,0.09166666666666667,0.0,0.0,0.0,0.0
2008-03-01,-0.012614682458818341,-0.012614682458818341,0.0,0,False,0.0,1.029353193048373,-0.00354612201363802,0.45000000000000007,0.09166666666666667,0.0,0.09166666666666667,0.0,0.0,0.18333333333333335,0.0,0.0,0.09166666666666667,0.09166666666666667,0.0,0.0,0.0,0.0
2008-04-01,-0.0055170765643616105,-0.0058837432310282775,0.09166666666666669,2,True,0.0003666666666666667,1.0159955610293243,-0.02164308283120997,0.45000000000000007,0.09166666666666667,0.0,0.09166666666666667,0.0,0.0,0.275,0.0,0.0,0.0,0.09166666666666667,0.0,0.0,0.0,0.0
2008-05-01,0.005161974037308988,0.004428640703975655,0.18333333333333335,4,True,0.0007333333333333333,1.009649282890539,-0.027754256298412217,0.45000000000000007,0.09166666666666667,0.09166666666666667,0.0,0.0,0.0,0.275,0.0,0.0,0.0,0.0,0.0,0.0,0.09166666666666667,0.0
2008-06-01,-0.026510030505546105,-0.027243363838879438,0.18333333333333335,3,True,0.0007333333333333333,1.0143499051424267,-0.02322777363300299,0.45000000000000007,0.09166666666666667,0.09166666666666667,0.0,0.0,0.0,0.09166666666666667,0.09166666666666667,0.0,0.0,0.0,0.09166666666666667,0.0,0.09166666666666667,0.0
2008-07-01,-0.05890046056302081,-0.06216712722968748,0.8166666666666667,9,True,0.003266666666666667,0.9835119858949392,-0.05292326912936696,6.106226635438361e-17,0.4516666666666667,0.0,0.09166666666666667,0.0,0.09000000000000001,0.3666666666666667,0.0,0.0,0.0,0.0,0.0,0.0,0.0,0.0
2008-08-01,0.00048439119132685294,-0.0016822754753398135,0.5416666666666666,5,True,0.0021666666666666666,0.9235772478230709,-0.11063766062917335,0.45000000000000007,0.09166666666666667,0.0,0.0,0.0,0.0,0.4583333333333333,0.0,0.0,0.0,0.0,0.0,0.0,0.0,0.0
2008-09-01,-0.0066184720713173975,-0.007351805404650731,0.18333333333333332,4,True,0.0007333333333333332,0.9252015033723311,-0.10907357736658663,0.45000000000000007,0.0,0.0,0.0,0.0,0.0,0.3666666666666667,0.09166666666666667,0.0,0.0,0.09166666666666667,0.0,0.0,0.0,0.0
2008-10-01,-0.011056223690816372,-0.011422890357483038,0.09166666666666666,2,True,0.0003666666666666666,0.918067344300437,-0.11594344387377753,0.45000000000000007,0.0,0.0,0.0,0.0,0.0,0.4583333333333333,0.0,0.0,0.0,0.09166666666666667,0.0,0.0,0.0,0.0
2008-11-01,0.05630535340674323,0.05630535340674323,0.0,0,False,0.0,0.9089125122312978,-0.12475912538254996,0.45000000000000007,0.0,0.0,0.0,0.0,0.0,0.4583333333333333,0.0,0.0,0.0,0.09166666666666667,0.0,0.0,0.0,0.0
2008-12-01,0.014473048118800291,0.014473048118800291,0.0,0,False,0.0,0.9600891524482916,-0.07547837862118756,0.45000000000000007,0.0,0.0,0.0,0.0,0.0,0.4583333333333333,0.0,0.0,0.0,0.09166666666666667,0.0,0.0,0.0,0.0
2009-01-01,-0.012900239394483225,-0.013633572727816557,0.18333333333333332,3,True,0.0007333333333333332,0.9828559387602802,-0.053555012295185556,0.45000000000000007,0.0,0.0,0.09166666666666667,0.0,0.0,0.275,0.0,0.0,0.09166666666666667,0.09166666666666667,0.0,0.0,0.0,0.0
2009-02-01,-0.006674310024049149,-0.006674310024049149,0.0,0,False,0.0,0.9702741910784742,-0.06567065565695018,0.45000000000000007,0.0,0.0,0.09166666666666667,0.0,0.0,0.275,0.0,0.0,0.09166666666666667,0.09166666666666667,0.0,0.0,0.0,0.0
2009-03-01,0.008126545246123175,0.007759878579456508,0.09166666666666666,2,True,0.0003666666666666666,0.9628068901325235,-0.07286132244062238,0.45000000000000007,0.0,0.0,0.09166666666666667,0.0,0.0,0.3666666666666667,0.0,0.0,0.09166666666666667,0.0,0.0,0.0,0.0,0.0
2009-04-01,-0.007911006517354545,-0.008644339850687879,0.18333333333333332,4,True,0.0007333333333333332,0.9695637505781282,-0.06635477712795967,0.45000000000000007,0.0,0.0,0.09166666666666667,0.0,0.0,0.275,0.0,0.0,0.0,0.09166666666666667,0.0,0.0,0.09166666666666667,0.0
2009-05-01,0.07918703943881053,0.07628703943881053,0.725,8,True,0.0029,0.9591040342045717,-0.0764270021043415,6.106226635438361e-17,0.0,0.0,0.0,0.09166666666666667,0.0,0.18333333333333335,0.09166666666666667,0.0,0.09166666666666667,0.0,0.0,0.45,0.09166666666666667,0.0
2009-06-01,-0.026380615175108285,-0.027480615175108285,0.27499999999999997,5,True,0.0010999999999999998,1.0339140852795459,-0.004388369505592404,6.106226635438361e-17,0.09166666666666667,0.09166666666666667,0.09166666666666667,0.09166666666666667,0.0,0.0,0.0,0.0,0.09166666666666667,0.0,0.0,0.45,0.09166666666666667,0.0
2009-07-01,0.08425323507643304,0.08315323507643303,0.27499999999999997,6,True,0.0010999999999999998,1.0055314929964234,-0.03171949825505438,6.106226635438361e-17,0.0,0.0,0.0,0.09166666666666667,0.0,0.09166666666666667,0.09166666666666667,0.09166666666666667,0.09166666666666667,0.0,0.0,0.45,0.09166666666666667,0.0
2009-08-01,-0.017241061694133836,-0.017607728360800504,0.09166666666666667,2,True,0.00036666666666666667,1.0757197319098286,0.0,6.106226635438361e-17,0.0,0.09166666666666667,0.0,0.09166666666666667,0.0,0.0,0.09166666666666667,0.09166666666666667,0.09166666666666667,0.0,0.0,0.45,0.09166666666666667,0.0
2009-09-01,0.04603770510263486,0.04567103843596819,0.09166666666666667,2,True,0.00036666666666666667,1.056398063444228,-0.028898964482299228,6.106226635438361e-17,0.0,0.09166666666666667,0.0,0.0,0.0,0.0,0.09166666666666667,0.09166666666666667,0.09166666666666667,0.0,0.09166666666666667,0.45,0.09166666666666667,0.0
2009-10-01,0.030359471107500167,0.0281928044408335,0.5416666666666667,4,True,0.002166666666666667,1.102637969513821,-0.04921896139011417,6.106226635438361e-17,0.0,0.09166666666666667,0.0,0.09166666666666667,0.45,0.0,0.09166666666666667,0.09166666666666667,0.0,0.0,0.09166666666666667,0.0,0.09166666666666667,0.0
2009-11-01,0.0864981586652721,0.08540482533193877,0.2733333333333333,6,True,0.0010933333333333333,1.1266857060544297,-0.04029555507745519,6.106226635438361e-17,0.0,0.09166666666666667,0.09166666666666667,0.09166666666666667,0.36000000000000004,0.0,0.0,0.0,0.09166666666666667,0.0,0.09166666666666667,0.0,0.09166666666666667,0.09000000000000001
2009-12-01,-0.013881421924376731,-0.014248088591043397,0.09166666666666667,2,True,0.00036666666666666667,1.2223551885277915,0.0,6.106226635438361e-17,0.0,0.09166666666666667,0.09166666666666667,0.09166666666666667,0.36000000000000004,0.0,0.0,0.09166666666666667,0.0,0.0,0.09166666666666667,0.0,0.09166666666666667,0.09000000000000001
2010-01-01,-0.036802214897397004,-0.03716888156406367,0.09166666666666667,2,True,0.00036666666666666667,1.1498564779259597,-0.06774617347287737,6.106226635438361e-17,0.0,0.09166666666666667,0.09166666666666667,0.0,0.36000000000000004,0.0,0.09166666666666667,0.09166666666666667,0.0,0.0,0.09166666666666667,0.0,0.09166666666666667,0.09000000000000001
2010-02-01,0.020291376280585152,0.01955804294725182,0.18333333333333335,3,True,0.0007333333333333333,1.1063212173951564,-0.10304267699121461,6.106226635438361e-17,0.0,0.0,0.09166666666666667,0.0,0.36000000000000004,0.18333333333333335,0.09166666666666667,0.09166666666666667,0.0,0.0,0.09166666666666667,0.0,0.0,0.09000000000000001
2010-03-01,0.0397837702567181,0.037977103590051436,0.4516666666666667,5,True,0.0018066666666666667,1.1267306863756916,-0.08649556357336441,6.106226635438361e-17,0.0,0.0,0.0,0.09166666666666667,0.0,0.18333333333333335,0.09166666666666667,0.1816666666666667,0.0,0.0,0.09166666666666667,0.0,0.0,0.36000000000000004
2010-04-01,0.02583589196321482,0.025102558629881488,0.18333333333333335,3,True,0.0007333333333333333,1.1706971398708177,-0.0508494674765807,6.106226635438361e-17,0.0,0.09166666666666667,0.0,0.09166666666666667,0.0,0.0,0.09166666666666667,0.1816666666666667,0.0,0.0,0.09166666666666667,0.0,0.09166666666666667,0.36000000000000004
2010-05-01,-0.044319872899556044,-0.04649320623288938,0.5433333333333334,7,True,0.0021733333333333335,1.1854397442445428,-0.03889680242296378,6.106226635438361e-17,0.09166666666666667,0.0,0.09166666666666667,0.0,0.36000000000000004,0.0,0.09166666666666667,0.09166666666666667,0.0,0.0,0.09166666666666667,0.0,0.09166666666666667,0.09000000000000001
2010-06-01,-0.014852030892289907,-0.015952030892289908,0.27499999999999997,5,True,0.0010999999999999998,1.1291955505595193,-0.08449715845815586,6.106226635438361e-17,0.0,0.0,0.09166666666666667,0.0,0.36000000000000004,0.18333333333333335,0.09166666666666667,0.0,0.0,0.09166666666666667,0.09166666666666667,0.0,0.0,0.09000000000000001
2010-07-01,0.003379292898023512,0.002645959564690179,0.18333333333333335,4,True,0.0007333333333333333,1.1116089252433758,-0.09875563250375685,6.106226635438361e-17,0.0,0.0,0.09166666666666667,0.0,0.36000000000000004,0.275,0.0,0.0,0.09166666666666667,0.09166666666666667,0.0,0.0,0.0,0.09000000000000001
2010-08-01,-0.009249540938205169,-0.011422874271538503,0.5433333333333334,6,True,0.0021733333333333335,1.1168084172659671,-0.0945401095866697,6.106226635438361e-17,0.0,0.0,0.09166666666666667,0.0,0.0,0.09166666666666667,0.0,0.09000000000000001,0.09166666666666667,0.09166666666666667,0.09166666666666667,0.0,0.09166666666666667,0.36000000000000004
2010-09-01,0.04339657453209325,0.041956574532093255,0.36000000000000004,3,True,0.00144,1.102483839451744,-0.10615385681256917,6.106226635438361e-17,0.0,0.0,0.09166666666666667,0.0,0.36000000000000004,0.09166666666666667,0.0,0.0,0.09166666666666667,0.09166666666666667,0.09166666666666667,0.0,0.09166666666666667,0.09000000000000001
2010-10-01,0.03223602905175105,0.031136029051751047,0.27499999999999997,6,True,0.0010999999999999998,1.149062500913223,-0.06838989564386821,6.106226635438361e-17,0.09166666666666667,0.09166666666666667,0.09166666666666667,0.0,0.36000000000000004,0.0,0.09166666666666667,0.0,0.0,0.0,0.09166666666666667,0.0,0.09166666666666667,0.09000000000000001
2010-11-01,0.016052737007564783,0.015686070340898115,0.09166666666666667,2,True,0.00036666666666666667,1.1856688083801452,-0.03871108714367888,6.106226635438361e-17,0.0,0.09166666666666667,0.09166666666666667,0.0,0.36000000000000004,0.0,0.09166666666666667,0.09166666666666667,0.0,0.0,0.09166666666666667,0.0,0.09166666666666667,0.09000000000000001
2010-12-01,0.03725531495345982,0.036888648286793155,0.09166666666666667,2,True,0.00036666666666666667,1.204260313858567,-0.024063785090444045,6.106226635438361e-17,0.09166666666666667,0.0,0.09166666666666667,0.0,0.36000000000000004,0.0,0.09166666666666667,0.09166666666666667,0.0,0.0,0.09166666666666667,0.0,0.09166666666666667,0.09000000000000001
2011-01-01,-0.014596833777031396,-0.014596833777031396,0.0,0,False,0.0,1.2261577169700932,-0.010697948045641281,6.106226635438361e-17,0.09166666666666667,0.0,0.09166666666666667,0.0,0.36000000000000004,0.0,0.09166666666666667,0.09166666666666667,0.0,0.0,0.09166666666666667,0.0,0.09166666666666667,0.09000000000000001
2011-02-01,-0.001704264735945659,-0.0035109314026123255,0.4516666666666667,5,True,0.0018066666666666667,1.206076774072548,-0.026899875202948786,6.106226635438361e-17,0.09166666666666667,0.09166666666666667,0.0,0.0,0.0,0.0,0.09166666666666667,0.1816666666666667,0.0,0.0,0.09166666666666667,0.0,0.09166666666666667,0.36000000000000004
2011-03-01,0.007215760159791189,0.005409093493124522,0.4516666666666667,5,True,0.0018066666666666667,1.2018460348090632,-0.030313366776440587,6.106226635438361e-17,0.09166666666666667,0.09166666666666667,0.09166666666666667,0.0,0.36000000000000004,0.0,0.09166666666666667,0.09166666666666667,0.0,0.0,0.09166666666666667,0.0,0.0,0.09000000000000001
2011-04-01,0.03235991017392488,0.030553243507258212,0.4516666666666667,4,True,0.0018066666666666667,1.2083312645418767,-0.025080882412258032,6.106226635438361e-17,0.4516666666666667,0.0,0.09166666666666667,0.0,0.0,0.0,0.09166666666666667,0.09166666666666667,0.0,0.0,0.09166666666666667,0.0,0.09166666666666667,0.09000000000000001
2011-05-01,-0.022192235389539555,-0.023632235389539555,0.36000000000000004,3,True,0.00144,1.256231997521245,0.0,6.106226635438361e-17,0.1816666666666667,0.0,0.09166666666666667,0.0,0.36000000000000004,0.0,0.09166666666666667,0.09166666666666667,0.0,0.0,0.09166666666666667,0.0,0.09166666666666667,0.0
2011-06-01,-0.009282856522891743,-0.01000952318955841,0.1816666666666667,4,True,0.0007266666666666667,1.2256932543078367,-0.024309795701483727,6.106226635438361e-17,0.09166666666666667,0.09166666666666667,0.09166666666666667,0.0,0.36000000000000004,0.0,0.09166666666666667,0.0,0.0,0.0,0.09166666666666667,0.0,0.09166666666666667,0.09000000000000001
2011-07-01,0.0333041283126504,0.032204128312650404,0.275,4,True,0.0011,1.2129795728353652,-0.03443028419211114,6.106226635438361e-17,0.0,0.0,0.0,0.0,0.36000000000000004,0.275,0.09166666666666667,0.0,0.0,0.0,0.09166666666666667,0.0,0.09166666666666667,0.09000000000000001
2011-08-01,0.06071778356313955,0.05925111689647289,0.36666666666666675,7,True,0.001466666666666667,1.2515385141961157,-0.008482746611382153,6.106226635438361e-17,0.09166666666666667,0.0,0.09166666666666667,0.0,0.36000000000000004,0.09166666666666667,0.0,0.0,0.09166666666666667,0.09166666666666667,0.09166666666666667,0.0,0.0,0.09000000000000001
2011-09-01,-0.02714646728032017,-0.027879800613653503,0.18333333333333335,3,True,0.0007333333333333333,1.326555637438873,-0.008321034987565867,6.106226635438361e-17,0.0,0.0,0.09166666666666667,0.0,0.36000000000000004,0.275,0.0,0.0,0.09166666666666667,0.09166666666666667,0.0,0.0,0.0,0.09000000000000001
2011-10-01,0.02390488292498608,0.02390488292498608,0.0,0,False,0.0,1.2757961231094377,-0.05566381810665022,6.106226635438361e-17,0.0,0.0,0.09166666666666667,0.0,0.36000000000000004,0.275,0.0,0.0,0.09166666666666667,0.09166666666666667,0.0,0.0,0.0,0.09000000000000001
2011-11-01,0.0011706276756867102,0.00043729434235337684,0.18333333333333335,3,True,0.0007333333333333333,1.3053359312231363,-0.03379863988368781,6.106226635438361e-17,0.0,0.0,0.09166666666666667,0.09166666666666667,0.36000000000000004,0.09166666666666667,0.0,0.0,0.09166666666666667,0.09166666666666667,0.09166666666666667,0.0,0.0,0.09000000000000001
2011-12-01,0.007867086727895963,0.005327086727895963,0.635,9,True,0.0025399999999999997,1.3035445590465753,-0.03512460218355795,6.106226635438361e-17,0.0,0.0,0.09166666666666667,0.0,0.0,0.18333333333333335,0.09166666666666667,0.1816666666666667,0.0,0.09166666666666667,0.0,0.0,0.0,0.36000000000000004
2012-01-01,0.04389636191139065,0.042796361911390655,0.27499999999999997,5,True,0.0010999999999999998,1.2876000216286956,-0.04692664744339026,6.106226635438361e-17,0.0,0.0,0.0,0.09166666666666667,0.0,0.0,0.09166666666666667,0.1816666666666667,0.09166666666666667,0.09166666666666667,0.09166666666666667,0.0,0.0,0.36000000000000004
2012-02-01,-0.00013539653181548448,-0.0019420631984821512,0.4516666666666667,5,True,0.0018066666666666667,1.3402167377484178,-0.00798008858164767,6.106226635438361e-17,0.0,0.0,0.09166666666666667,0.0,0.36000000000000004,0.0,0.09166666666666667,0.09166666666666667,0.09166666666666667,0.09166666666666667,0.09166666666666667,0.0,0.0,0.09000000000000001
2012-03-01,0.029657564406407322,0.02748423107307399,0.5433333333333334,7,True,0.0021733333333333335,1.33712293371479,-0.021998882057873148,6.106226635438361e-17,0.0,0.0,0.0,0.09166666666666667,0.0,0.09166666666666667,0.09166666666666667,0.1816666666666667,0.09166666666666667,0.0,0.09166666666666667,0.0,0.0,0.36000000000000004
2012-04-01,-0.010378678662807811,-0.011472011996141144,0.2733333333333334,6,True,0.0010933333333333333,1.3661909200115945,-0.00488961715893399,6.106226635438361e-17,0.0,0.09166666666666667,0.0,0.0,0.09000000000000001,0.09166666666666667,0.09166666666666667,0.09166666666666667,0.0,0.0,0.09166666666666667,0.0,0.09166666666666667,0.36000000000000004
2012-05-01,-0.05530516150624459,-0.056765161506244596,0.365,8,True,0.00146,1.3485616851845301,-0.017730453941692148,6.106226635438361e-17,0.0,0.0,0.0,0.09166666666666667,0.0,0.0,0.09166666666666667,0.1816666666666667,0.09166666666666667,0.09166666666666667,0.09166666666666667,0.0,0.0,0.36000000000000004
2012-06-01,0.034390468680027916,0.03329046868002792,0.27499999999999997,4,True,0.0010999999999999998,1.2725778861945436,-0.07307576929630044,6.106226635438361e-17,0.0,0.0,0.0,0.0,0.0,0.275,0.0,0.09000000000000001,0.09166666666666667,0.09166666666666667,0.09166666666666667,0.0,0.0,0.36000000000000004
2012-07-01,0.011651700807994532,0.010918367474661198,0.18333333333333335,3,True,0.0007333333333333333,1.3085677449543933,-0.04686136426379883,6.106226635438361e-17,0.0,0.0,0.0,0.09166666666666667,0.0,0.09166666666666667,0.0,0.1816666666666667,0.09166666666666667,0.09166666666666667,0.09166666666666667,0.0,0.0,0.36000000000000004
2012-08-01,0.021238099248494204,0.021238099248494204,0.0,0,False,0.0,1.3228439872967366,-0.036462790554422586,6.106226635438361e-17,0.0,0.0,0.0,0.09166666666666667,0.0,0.09166666666666667,0.0,0.1816666666666667,0.09166666666666667,0.09166666666666667,0.09166666666666667,0.0,0.0,0.36000000000000004
2012-09-01,0.00870189243518532,0.008335225768518653,0.09166666666666667,2,True,0.00036666666666666667,1.3518266638772618,-0.015352298627305694,6.106226635438361e-17,0.0,0.0,0.0,0.09166666666666667,0.0,0.0,0.09166666666666667,0.1816666666666667,0.09166666666666667,0.09166666666666667,0.09166666666666667,0.0,0.0,0.36000000000000004
2012-10-01,-0.021348019363225994,-0.022081352696559326,0.18333333333333335,4,True,0.0007333333333333333,1.362090531626061,-0.014991089630260968,6.106226635438361e-17,0.0,0.0,0.09166666666666667,0.09166666666666667,0.0,0.0,0.09166666666666667,0.1816666666666667,0.0,0.0,0.09166666666666667,0.0,0.09166666666666667,0.36000000000000004
2012-11-01,-0.001751553022618665,-0.002851553022618665,0.27499999999999997,6,True,0.0010999999999999998,1.3315462827262006,-0.03707945793497014,6.106226635438361e-17,0.0,0.09166666666666667,0.0,0.09166666666666667,0.0,0.09166666666666667,0.09166666666666667,0.1816666666666667,0.09166666666666667,0.0,0.0,0.0,0.0,0.36000000000000004
2012-12-01,0.03710221627266123,0.03673554960599456,0.09166666666666667,2,True,0.00036666666666666667,1.3305158461455622,-0.03782462809064846,6.106226635438361e-17,0.0,0.09166666666666667,0.0,0.09166666666666667,0.0,0.0,0.09166666666666667,0.1816666666666667,0.09166666666666667,0.0,0.0,0.0,0.09166666666666667,0.36000000000000004
2013-01-01,0.013466763984719778,0.013100097318053111,0.09166666666666667,2,True,0.00036666666666666667,1.3364039777527257,-0.033566568906020056,6.106226635438361e-17,0.0,0.09166666666666667,0.0,0.09166666666666667,0.0,0.0,0.09166666666666667,0.1816666666666667,0.0,0.0,0.09166666666666667,0.0,0.09166666666666667,0.36000000000000004
2013-02-01,-0.00013454465861135025,-0.0012145446586113505,0.2700000000000001,2,True,0.0010800000000000002,1.3524421842508851,-0.02196838512878052,6.106226635438361e-17,0.0,0.09166666666666667,0.0,0.09166666666666667,0.0,0.0,0.09166666666666667,0.4516666666666667,0.0,0.0,0.09166666666666667,0.0,0.09166666666666667,0.09000000000000001
2013-03-01,0.01935282075839415,0.01935282075839415,0.0,0,False,0.0,1.3522602203789136,-0.022099974058514493,6.106226635438361e-17,0.0,0.09166666666666667,0.0,0.09166666666666667,0.0,0.0,0.09166666666666667,0.4516666666666667,0.0,0.0,0.09166666666666667,0.0,0.09166666666666667,0.09000000000000001
2013-04-01,0.020261686324484295,0.019895019657817627,0.09166666666666667,2,True,0.00036666666666666667,1.3779248456102644,-0.005213756937764602,6.106226635438361e-17,0.0,0.09166666666666667,0.0,0.09166666666666667,0.0,0.09166666666666667,0.09166666666666667,0.4516666666666667,0.0,0.0,0.09166666666666667,0.0,0.0,0.09000000000000001
2013-05-01,0.012954067497701185,0.01258740083103452,0.09166666666666667,2,True,0.00036666666666666667,1.4053284505043098,-0.008031043220213085,6.106226635438361e-17,0.0,0.09166666666666667,0.0,0.09166666666666667,0.0,0.0,0.09166666666666667,0.4516666666666667,0.0,0.09166666666666667,0.09166666666666667,0.0,0.0,0.09000000000000001
2013-06-01,-0.01581243451464257,-0.016179101181309236,0.09166666666666667,2,True,0.00036666666666666667,1.4164445516314863,-0.03187049212051807,6.106226635438361e-17,0.0,0.09166666666666667,0.0,0.09166666666666667,0.0,0.09166666666666667,0.09166666666666667,0.4516666666666667,0.0,0.0,0.09166666666666667,0.0,0.0,0.09000000000000001
2013-07-01,0.03132460966930875,0.03022460966930875,0.27499999999999997,4,True,0.0010999999999999998,1.392003074745652,-0.0485760630954466,6.106226635438361e-17,0.0,0.0,0.0,0.0,0.0,0.3666666666666667,0.09166666666666667,0.4516666666666667,0.0,0.0,0.0,0.0,0.0,0.09000000000000001
2013-08-01,-0.02552941002961302,-0.02626274336294635,0.18333333333333335,3,True,0.0007333333333333333,1.4345542492335428,-0.019492646050136564,6.106226635438361e-17,0.0,0.09166666666666667,0.0,0.09166666666666667,0.0,0.18333333333333335,0.09166666666666667,0.4516666666666667,0.0,0.0,0.0,0.0,0.0,0.09000000000000001
2013-09-01,0.030746499616896447,0.03037983295022978,0.09166666666666667,2,True,0.00036666666666666667,1.400476137195079,-0.04278478678325526,6.106226635438361e-17,0.09166666666666667,0.09166666666666667,0.0,0.09166666666666667,0.0,0.09166666666666667,0.09166666666666667,0.4516666666666667,0.0,0.0,0.0,0.0,0.0,0.09000000000000001
2013-10-01,0.03020411385849528,0.02983744719182861,0.09166666666666667,2,True,0.00036666666666666667,1.4424774773103108,-0.01407717751665738,6.106226635438361e-17,0.0,0.09166666666666667,0.0,0.09166666666666667,0.0,0.09166666666666667,0.09166666666666667,0.4516666666666667,0.0,0.0,0.0,0.0,0.09166666666666667,0.09000000000000001
2013-11-01,0.009558144798244189,0.009191478131577523,0.09166666666666667,2,True,0.00036666666666666667,1.4855013476551728,-0.008929477216556014,6.106226635438361e-17,0.0,0.09166666666666667,0.0,0.09166666666666667,0.0,0.0,0.09166666666666667,0.4516666666666667,0.0,0.0,0.09166666666666667,0.0,0.09166666666666667,0.09000000000000001
2013-12-01,0.012899697010328011,0.012533030343661345,0.09166666666666667,2,True,0.00036666666666666667,1.5081305743231386,0.0,6.106226635438361e-17,0.0,0.09166666666666667,0.0,0.09166666666666667,0.0,0.0,0.09166666666666667,0.4516666666666667,0.09166666666666667,0.0,0.0,0.0,0.09166666666666667,0.09000000000000001
2014-01-01,-0.04014639136508944,-0.04014639136508944,0.0,0,False,0.0,1.5038374257567237,-0.022202397240537408,6.106226635438361e-17,0.0,0.09166666666666667,0.0,0.09166666666666667,0.0,0.0,0.09166666666666667,0.4516666666666667,0.09166666666666667,0.0,0.0,0.0,0.09166666666666667,0.09000000000000001
2014-02-01,0.049289268974436536,0.0485559356411032,0.18333333333333335,4,True,0.0007333333333333333,1.4709708846504999,-0.04357227709207123,6.106226635438361e-17,0.0,0.0,0.0,0.09166666666666667,0.0,0.09166666666666667,0.09166666666666667,0.4516666666666667,0.09166666666666667,0.0,0.09166666666666667,0.0,0.0,0.09000000000000001
2014-03-01,0.017310897922912218,0.01694423125624555,0.09166666666666667,2,True,0.00036666666666666667,1.548234485333548,0.0,6.106226635438361e-17,0.0,0.09166666666666667,0.0,0.09166666666666667,0.0,0.0,0.09166666666666667,0.4516666666666667,0.09166666666666667,0.0,0.09166666666666667,0.0,0.0,0.09000000000000001
2014-04-01,0.0017491350328844926,0.0017491350328844926,0.0,0,False,0.0,1.5744583013379176,0.0,6.106226635438361e-17,0.0,0.09166666666666667,0.0,0.09166666666666667,0.0,0.0,0.09166666666666667,0.4516666666666667,0.09166666666666667,0.0,0.09166666666666667,0.0,0.0,0.09000000000000001
2014-05-01,0.01895860728409536,0.01822527395076203,0.18333333333333335,4,True,0.0007333333333333333,1.5760556192001625,-0.0009439555289819657,6.106226635438361e-17,0.09166666666666667,0.09166666666666667,0.0,0.09166666666666667,0.0,0.09166666666666667,0.0,0.4516666666666667,0.0,0.0,0.09166666666666667,0.0,0.0,0.09000000000000001
2014-06-01,0.020182625527088334,0.019449292193755,0.18333333333333335,4,True,0.0007333333333333333,1.6058251439380629,0.0,6.106226635438361e-17,0.0,0.09166666666666667,0.0,0.0,0.0,0.09166666666666667,0.0,0.4516666666666667,0.0,0.09166666666666667,0.09166666666666667,0.0,0.09166666666666667,0.09000000000000001
2014-07-01,-0.02235250199303592,-0.023085835326369254,0.18333333333333335,4,True,0.0007333333333333333,1.6358330479496401,0.0,6.106226635438361e-17,0.0,0.09166666666666667,0.09166666666666667,0.0,0.0,0.0,0.09166666666666667,0.4516666666666667,0.0,0.0,0.09166666666666667,0.0,0.09166666666666667,0.09000000000000001
2014-08-01,0.03209534519439656,0.03099534519439656,0.27499999999999997,6,True,0.0010999999999999998,1.5975088915899385,-0.02806532749320212,6.106226635438361e-17,0.0,0.0,0.0,0.0,0.0,0.09166666666666667,0.0,0.4516666666666667,0.09166666666666667,0.09166666666666667,0.09166666666666667,0.0,0.09166666666666667,0.09000000000000001
2014-09-01,-0.031772475765762684,-0.03321914243242935,0.36166666666666675,4,True,0.0014466666666666668,1.652935502870129,0.0,6.106226635438361e-17,0.0,0.0,0.0,0.0,0.0,0.0,0.09166666666666667,0.1816666666666667,0.09166666666666667,0.09166666666666667,0.09166666666666667,0.0,0.09166666666666667,0.36000000000000004
2014-10-01,0.023156790749697998,0.022056790749697998,0.27499999999999997,4,True,0.0010999999999999998,1.5963444661796309,-0.03447326271485329,6.106226635438361e-17,0.0,0.0,0.0,0.0,0.0,0.275,0.0,0.1816666666666667,0.09166666666666667,0.09166666666666667,0.0,0.0,0.0,0.36000000000000004
2014-11-01,0.01849986120838443,0.017766527875051098,0.18333333333333335,3,True,0.0007333333333333333,1.6311255601538222,-0.013436402002404702,6.106226635438361e-17,0.0,0.0,0.0,0.0,0.0,0.09166666666666667,0.09166666666666667,0.1816666666666667,0.09166666666666667,0.09166666666666667,0.09166666666666667,0.0,0.0,0.36000000000000004
2014-12-01,0.008714048112056522,0.008714048112056522,0.0,0,False,0.0,1.6600828691152547,-0.007821247600167447,6.106226635438361e-17,0.0,0.0,0.0,0.0,0.0,0.09166666666666667,0.09166666666666667,0.1816666666666667,0.09166666666666667,0.09166666666666667,0.09166666666666667,0.0,0.0,0.36000000000000004
2015-01-01,0.005685873293821746,0.005685873293821746,0.0,0,False,0.0,1.6397200863581627,-0.03010111686498973,6.106226635438361e-17,0.0,0.0,0.0,0.0,0.0,0.09166666666666667,0.09166666666666667,0.1816666666666667,0.09166666666666667,0.09166666666666667,0.09166666666666667,0.0,0.0,0.36000000000000004
2015-02-01,0.017845423511383074,0.017478756844716406,0.09166666666666667,2,True,0.00036666666666666667,1.6389292374081532,-0.030568906166178578,6.106226635438361e-17,0.0,0.0,0.09166666666666667,0.0,0.0,0.09166666666666667,0.09166666666666667,0.09000000000000001,0.09166666666666667,0.09166666666666667,0.09166666666666667,0.0,0.0,0.36000000000000004
2015-03-01,-0.014156171260965012,-0.014889504594298346,0.18333333333333335,4,True,0.0007333333333333333,1.6651451142038036,-0.015062143862022426,6.106226635438361e-17,0.0,0.0,0.0,0.0,0.0,0.0,0.09166666666666667,0.1816666666666667,0.09166666666666667,0.09166666666666667,0.09166666666666667,0.0,0.09166666666666667,0.36000000000000004
2015-04-01,0.009719701974117818,0.009353035307451152,0.09166666666666667,2,True,0.00036666666666666667,1.6397677458552538,-0.030072926143058676,6.106226635438361e-17,0.0,0.09166666666666667,0.0,0.0,0.0,0.0,0.09166666666666667,0.1816666666666667,0.09166666666666667,0.09166666666666667,0.09166666666666667,0.0,0.0,0.36000000000000004
2015-05-01,0.00013622933400557176,-0.0009637706659944281,0.27499999999999997,6,True,0.0010999999999999998,1.6538845232721218,-0.021722813972087085,6.106226635438361e-17,0.0,0.09166666666666667,0.0,0.09166666666666667,0.0,0.09166666666666667,0.09166666666666667,0.1816666666666667,0.0,0.0,0.0,0.0,0.09166666666666667,0.36000000000000004
2015-06-01,-0.021851687600563066,-0.022218354267229734,0.09166666666666667,2,True,0.00036666666666666667,1.653503323921268,-0.02194829442312307,6.106226635438361e-17,0.0,0.09166666666666667,0.0,0.09166666666666667,0.0,0.18333333333333335,0.09166666666666667,0.1816666666666667,0.0,0.0,0.0,0.0,0.0,0.36000000000000004
2015-07-01,0.014440966676892202,0.013707633343558867,0.18333333333333335,3,True,0.0007333333333333333,1.6161854134174993,-0.044021939809102406,6.106226635438361e-17,0.0,0.0,0.0,0.0,0.0,0.3666666666666667,0.09166666666666667,0.1816666666666667,0.0,0.0,0.0,0.0,0.0,0.36000000000000004
2015-08-01,-0.06021130554454601,-0.06057797221121268,0.09166666666666666,2,True,0.0003666666666666666,1.6427457287051075,-0.02831144120175788,6.106226635438361e-17,0.0,0.09166666666666667,0.0,0.0,0.0,0.275,0.09166666666666667,0.1816666666666667,0.0,0.0,0.0,0.0,0.0,0.36000000000000004
2015-09-01,0.014514416757174272,0.013414416757174271,0.27499999999999997,4,True,0.0010999999999999998,1.541570196714942,-0.08815704307872207,6.106226635438361e-17,0.0,0.0,0.0,0.0,0.0,0.5499999999999999,0.0,0.09000000000000001,0.0,0.0,0.0,0.0,0.0,0.36000000000000004
2015-10-01,0.044826992902313574,0.04409365956898024,0.18333333333333332,3,True,0.0007333333333333332,1.5627982958718944,-0.0756005647903234,6.106226635438361e-17,0.0,0.0,0.0,0.0,0.0,0.3666666666666667,0.0,0.09000000000000001,0.09166666666666667,0.09166666666666667,0.0,0.0,0.0,0.36000000000000004
2015-11-01,0.0035935153672386807,0.0028601820339053475,0.18333333333333335,3,True,0.0007333333333333333,1.6284148794062012,-0.0367881774721881,6.106226635438361e-17,0.0,0.0,0.0,0.0,0.0,0.18333333333333335,0.0,0.1816666666666667,0.09166666666666667,0.09166666666666667,0.09166666666666667,0.0,0.0,0.36000000000000004
2015-12-01,-0.033275209103350564,-0.03364187577001723,0.09166666666666667,2,True,0.00036666666666666667,1.6324693594610922,-0.03438994151127728,6.106226635438361e-17,0.0,0.0,0.0,0.0,0.0,0.09166666666666667,0.09166666666666667,0.1816666666666667,0.09166666666666667,0.09166666666666667,0.09166666666666667,0.0,0.0,0.36000000000000004
2016-01-01,-0.006205789762487293,-0.007305789762487292,0.27499999999999997,4,True,0.0010999999999999998,1.5930489970171977,-0.057707192928272644,6.106226635438361e-17,0.0,0.0,0.0,0.0,0.0,0.3666666666666667,0.0,0.1816666666666667,0.0,0.0,0.09166666666666667,0.0,0.0,0.36000000000000004
2016-02-01,0.023426791671080714,0.022693458337747382,0.18333333333333332,4,True,0.0007333333333333332,1.5802616816836719,-0.06527092466728412,6.106226635438361e-17,0.0,0.0,0.09166666666666667,0.0,0.0,0.275,0.0,0.09000000000000001,0.0,0.09166666666666667,0.09166666666666667,0.0,0.0,0.36000000000000004
2016-03-01,0.00707145900795264,0.004904792341285973,0.5416666666666667,5,True,0.002166666666666667,1.6137780315766808,-0.04544591270430265,0.45000000000000007,0.0,0.0,0.09166666666666667,0.0,0.0,0.275,0.0,0.0,0.09166666666666667,0.09166666666666667,0.0,0.0,0.0,0.0
2016-04-01,-0.012092736293109831,-0.014992736293109831,0.725,7,True,0.0029,1.6204767463642622,-0.041483604719562917,6.106226635438361e-17,0.0,0.0,0.09166666666666667,0.0,0.0,0.0,0.09166666666666667,0.1816666666666667,0.09166666666666667,0.09166666666666667,0.09166666666666667,0.0,0.0,0.36000000000000004
2016-05-01,0.01430081619305126,0.01430081619305126,0.0,0,False,0.0,1.5933408913055087,-0.057534536664205604,6.106226635438361e-17,0.0,0.0,0.09166666666666667,0.0,0.0,0.0,0.09166666666666667,0.1816666666666667,0.09166666666666667,0.09166666666666667,0.09166666666666667,0.0,0.0,0.36000000000000004
2016-06-01,0.024284387666249154,0.024284387666249154,0.0,0,False,0.0,1.6161269665249416,-0.04405651130474131,6.106226635438361e-17,0.0,0.0,0.09166666666666667,0.0,0.0,0.0,0.09166666666666667,0.1816666666666667,0.09166666666666667,0.09166666666666667,0.09166666666666667,0.0,0.0,0.36000000000000004
2016-07-01,0.02449462273617439,0.023761289402841057,0.18333333333333335,4,True,0.0007333333333333333,1.6541596796430273,-0.02156005823161089,6.106226635438361e-17,0.09166666666666667,0.0,0.09166666666666667,0.09166666666666667,0.0,0.0,0.0,0.09000000000000001,0.09166666666666667,0.09166666666666667,0.09166666666666667,0.0,0.0,0.36000000000000004
2016-08-01,0.0014945921275666607,0.0003945921275666608,0.27499999999999997,6,True,0.0010999999999999998,1.6928135514746387,-0.0035642284504127097,6.106226635438361e-17,0.0,0.0,0.09166666666666667,0.0,0.0,0.0,0.09166666666666667,0.1816666666666667,0.0,0.09166666666666667,0.09166666666666667,0.0,0.09166666666666667,0.36000000000000004
2016-09-01,0.0016052065854142887,0.0012385399187476221,0.09166666666666667,2,True,0.00036666666666666667,1.6947219912891085,-0.007984051002809522,6.106226635438361e-17,0.0,0.0,0.0,0.0,0.0,0.0,0.09166666666666667,0.1816666666666667,0.09166666666666667,0.09166666666666667,0.09166666666666667,0.0,0.09166666666666667,0.36000000000000004
2016-10-01,-0.023301165203232305,-0.024034498536565637,0.18333333333333335,4,True,0.0007333333333333333,1.703386913009998,-0.006843381635403656,6.106226635438361e-17,0.0,0.0,0.09166666666666667,0.09166666666666667,0.0,0.0,0.09166666666666667,0.1816666666666667,0.0,0.0,0.09166666666666667,0.0,0.09166666666666667,0.36000000000000004
2016-11-01,-0.01420557421869654,-0.015672240885363207,0.3666666666666667,6,True,0.0014666666666666667,1.6600376713134994,-0.03211807757391316,6.106226635438361e-17,0.09166666666666667,0.0,0.0,0.09166666666666667,0.0,0.275,0.0,0.09000000000000001,0.0,0.0,0.0,0.0,0.09166666666666667,0.36000000000000004
2016-12-01,0.03294196884915325,0.032208635515819914,0.18333333333333335,4,True,0.0007333333333333333,1.6352558153203136,-0.046567093300762474,6.106226635438361e-17,0.09166666666666667,0.0,0.0,0.09166666666666667,0.0,0.18333333333333335,0.09166666666666667,0.1816666666666667,0.0,0.0,0.0,0.0,0.0,0.36000000000000004
2017-01-01,0.018402212390992434,0.018035545724325766,0.09166666666666667,2,True,0.00036666666666666667,1.6739233481084899,-0.02402205916254263,6.106226635438361e-17,0.09166666666666667,0.09166666666666667,0.0,0.09166666666666667,0.0,0.09166666666666667,0.09166666666666667,0.1816666666666667,0.0,0.0,0.0,0.0,0.0,0.36000000000000004
2017-02-01,0.03741495210569062,0.03704828543902395,0.09166666666666667,2,True,0.00036666666666666667,1.7034773369676006,-0.006790660112615199,6.106226635438361e-17,0.09166666666666667,0.09166666666666667,0.0,0.09166666666666667,0.0,0.0,0.09166666666666667,0.1816666666666667,0.0,0.0,0.0,0.0,0.09166666666666667,0.36000000000000004
2017-03-01,-0.005080387777694028,-0.005447054444360695,0.09166666666666667,2,True,0.00036666666666666667,1.766564881894728,0.0,6.106226635438361e-17,0.09166666666666667,0.09166666666666667,0.0,0.0,0.0,0.0,0.09166666666666667,0.1816666666666667,0.0,0.0,0.09166666666666667,0.0,0.09166666666666667,0.36000000000000004
2017-04-01,0.020997364970342852,0.02026403163700952,0.18333333333333335,4,True,0.0007333333333333333,1.7607801314438827,-0.003274575709124705,6.106226635438361e-17,0.0,0.09166666666666667,0.0,0.09166666666666667,0.0,0.09166666666666667,0.09166666666666667,0.1816666666666667,0.0,0.0,0.0,0.0,0.09166666666666667,0.36000000000000004
2017-05-01,0.020193812741330988,0.01982714607466432,0.09166666666666667,2,True,0.00036666666666666667,1.7957748308298958,0.0,6.106226635438361e-17,0.0,0.09166666666666667,0.0,0.09166666666666667,0.0,0.0,0.09166666666666667,0.1816666666666667,0.0,0.0,0.09166666666666667,0.0,0.09166666666666667,0.36000000000000004
2017-06-01,-0.017697747411251123,-0.018431080744584456,0.18333333333333335,4,True,0.0007333333333333333,1.8306948766835118,0.0,6.106226635438361e-17,0.0,0.09166666666666667,0.09166666666666667,0.09166666666666667,0.0,0.09166666666666667,0.0,0.1816666666666667,0.0,0.0,0.0,0.0,0.09166666666666667,0.36000000000000004
2017-07-01,0.034930438375149336,0.034197105041816,0.18333333333333335,4,True,0.0007333333333333333,1.8049089239673268,-0.020358818999913653,6.106226635438361e-17,0.0,0.09166666666666667,0.0,0.09166666666666667,0.0,0.0,0.09166666666666667,0.1816666666666667,0.09166666666666667,0.0,0.0,0.0,0.09166666666666667,0.36000000000000004
2017-08-01,0.00946281314475732,0.00946281314475732,0.0,0,False,0.0,1.866585350107191,-0.0009960319753326008,6.106226635438361e-17,0.0,0.09166666666666667,0.0,0.09166666666666667,0.0,0.0,0.09166666666666667,0.1816666666666667,0.09166666666666667,0.0,0.0,0.0,0.09166666666666667,0.36000000000000004
2017-09-01,0.004256783891992985,0.0035234505586596515,0.18333333333333335,4,True,0.0007333333333333333,1.8828667162617683,0.0,6.106226635438361e-17,0.0,0.09166666666666667,0.09166666666666667,0.09166666666666667,0.0,0.09166666666666667,0.0,0.1816666666666667,0.0,0.0,0.0,0.0,0.09166666666666667,0.36000000000000004
2017-10-01,0.03426156527661081,0.033528231943277476,0.18333333333333335,4,True,0.0007333333333333333,1.889826302896251,-0.003156850295144009,6.106226635438361e-17,0.09166666666666667,0.09166666666666667,0.0,0.09166666666666667,0.0,0.0,0.09166666666666667,0.1816666666666667,0.0,0.0,0.0,0.0,0.09166666666666667,0.36000000000000004
2017-11-01,0.011470796724673289,0.011470796724673289,0.0,0,False,0.0,1.953141355346955,0.0,6.106226635438361e-17,0.09166666666666667,0.09166666666666667,0.0,0.09166666666666667,0.0,0.0,0.09166666666666667,0.1816666666666667,0.0,0.0,0.0,0.0,0.09166666666666667,0.36000000000000004
2017-12-01,0.022837978841371676,0.022471312174705008,0.09166666666666667,2,True,0.00036666666666666667,1.9748210761463307,-0.009677749320495477,6.106226635438361e-17,0.09166666666666667,0.09166666666666667,0.0,0.0,0.0,0.0,0.09166666666666667,0.1816666666666667,0.0,0.0,0.09166666666666667,0.0,0.09166666666666667,0.36000000000000004
2018-01-01,0.04635831436943029,0.04599164770276362,0.09166666666666667,2,True,0.00036666666666666667,1.9398183047888793,-0.03409663523138362,6.106226635438361e-17,0.09166666666666667,0.09166666666666667,0.09166666666666667,0.0,0.0,0.0,0.09166666666666667,0.1816666666666667,0.0,0.0,0.0,0.0,0.09166666666666667,0.36000000000000004
2018-02-01,-0.036955684621521837,-0.036955684621521837,0.0,0,False,0.0,2.0290007717442764,-0.012474108050563149,6.106226635438361e-17,0.09166666666666667,0.09166666666666667,0.09166666666666667,0.0,0.0,0.0,0.09166666666666667,0.1816666666666667,0.0,0.0,0.0,0.0,0.09166666666666667,0.36000000000000004
2018-03-01,-0.02096468334621534,-0.021331350012882007,0.09166666666666667,2,True,0.00036666666666666667,1.9533011859851914,-0.04931751490776115,6.106226635438361e-17,0.09166666666666667,0.09166666666666667,0.09166666666666667,0.0,0.0,0.09166666666666667,0.0,0.1816666666666667,0.0,0.0,0.0,0.0,0.09166666666666667,0.36000000000000004
2018-04-01,0.01655643551694902,0.015823102183615687,0.18333333333333335,4,True,0.0007333333333333333,1.9422020744720916,-0.054719513837213296,6.106226635438361e-17,0.09166666666666667,0.0,0.09166666666666667,0.0,0.0,0.18333333333333335,0.09166666666666667,0.09000000000000001,0.0,0.0,0.0,0.0,0.09166666666666667,0.36000000000000004
2018-05-01,0.039069102275316576,0.03833576894198324,0.18333333333333335,4,True,0.0007333333333333333,1.9714633545519518,-0.04047788706562527,6.106226635438361e-17,0.09166666666666667,0.09166666666666667,0.0,0.0,0.0,0.275,0.09166666666666667,0.09000000000000001,0.0,0.0,0.0,0.0,0.0,0.36000000000000004
2018-06-01,-0.0020007356044766255,-0.0027340689378099587,0.18333333333333335,4,True,0.0007333333333333333,2.046984434433794,-0.0037213600056639207,6.106226635438361e-17,0.09166666666666667,0.0,0.0,0.0,0.0,0.18333333333333335,0.09166666666666667,0.1816666666666667,0.0,0.0,0.09166666666666667,0.0,0.0,0.36000000000000004
2018-07-01,0.01649637787189489,0.01612971120522822,0.09166666666666667,2,True,0.00036666666666666667,2.038608498162288,-0.015613765301279559,6.106226635438361e-17,0.09166666666666667,0.0,0.0,0.09166666666666667,0.0,0.09166666666666667,0.09166666666666667,0.1816666666666667,0.0,0.0,0.09166666666666667,0.0,0.0,0.36000000000000004
2018-08-01,0.02830431002579547,0.0279376433591288,0.09166666666666667,2,True,0.00036666666666666667,2.0707187915685976,-0.015808832188828448,6.106226635438361e-17,0.0,0.09166666666666667,0.0,0.09166666666666667,0.0,0.09166666666666667,0.09166666666666667,0.1816666666666667,0.0,0.0,0.09166666666666667,0.0,0.0,0.36000000000000004
2018-09-01,-0.0039456499125568294,-0.0043123165792234965,0.09166666666666667,2,True,0.00036666666666666667,2.1385889232062087,-0.0027026575588516843,6.106226635438361e-17,0.0,0.0,0.0,0.09166666666666667,0.0,0.09166666666666667,0.09166666666666667,0.1816666666666667,0.0,0.09166666666666667,0.09166666666666667,0.0,0.0,0.36000000000000004
2018-10-01,-0.055170309600883316,-0.055536976267549984,0.09166666666666667,2,True,0.00036666666666666667,2.128588975808634,-0.0073659759067279396,6.106226635438361e-17,0.09166666666666667,0.0,0.0,0.09166666666666667,0.0,0.09166666666666667,0.09166666666666667,0.1816666666666667,0.0,0.0,0.09166666666666667,0.0,0.0,0.36000000000000004
2018-11-01,0.006658653319479941,0.004825319986146608,0.45833333333333337,6,True,0.0018333333333333335,2.0074669472180773,-0.06384933084870792,6.106226635438361e-17,0.0,0.0,0.0,0.0,0.0,0.5499999999999999,0.0,0.09000000000000001,0.0,0.0,0.0,0.0,0.0,0.36000000000000004
2018-12-01,-0.041579105977026694,-0.04231243931036003,0.18333333333333332,3,True,0.0007333333333333332,2.000683404618157,-0.06701272935593205,6.106226635438361e-17,0.0,0.0,0.09166666666666667,0.0,0.0,0.3666666666666667,0.0,0.09000000000000001,0.0,0.0,0.09166666666666667,0.0,0.0,0.36000000000000004
2019-01-01,0.03812726755025268,0.03739393421691935,0.18333333333333332,4,True,0.0007333333333333332,1.917557538589115,-0.10577717088993,6.106226635438361e-17,0.0,0.0,0.09166666666666667,0.0,0.0,0.275,0.0,0.09000000000000001,0.09166666666666667,0.09166666666666667,0.0,0.0,0.0,0.36000000000000004
2019-02-01,0.027915802476245567,0.026815802476245567,0.27499999999999997,4,True,0.0010999999999999998,1.987020814304218,-0.07338406367974681,6.106226635438361e-17,0.0,0.0,0.09166666666666667,0.09166666666666667,0.0,0.0,0.0,0.09000000000000001,0.09166666666666667,0.09166666666666667,0.09166666666666667,0.0,0.09166666666666667,0.36000000000000004
2019-03-01,0.03589506502324008,0.03552839835657341,0.09166666666666667,2,True,0.00036666666666666667,2.041741181837737,-0.047866080056804816,6.106226635438361e-17,0.0,0.0,0.09166666666666667,0.09166666666666667,0.0,0.0,0.0,0.1816666666666667,0.09166666666666667,0.09166666666666667,0.09166666666666667,0.0,0.0,0.36000000000000004
2019-04-01,0.02179033702714287,0.021423670360476203,0.09166666666666667,2,True,0.00036666666666666667,2.1142541034618456,-0.01405081839354505,6.106226635438361e-17,0.0,0.0,0.0,0.09166666666666667,0.0,0.0,0.0,0.1816666666666667,0.09166666666666667,0.09166666666666667,0.09166666666666667,0.0,0.09166666666666667,0.36000000000000004
2019-05-01,-0.044493779663921255,-0.044493779663921255,0.0,0,False,0.0,2.160324412937299,-0.002638113886268223,6.106226635438361e-17,0.0,0.0,0.0,0.09166666666666667,0.0,0.0,0.0,0.1816666666666667,0.09166666666666667,0.09166666666666667,0.09166666666666667,0.0,0.09166666666666667,0.36000000000000004
2019-06-01,0.07138010445302152,0.07101343778635485,0.09166666666666667,2,True,0.00036666666666666667,2.0739992457645084,-0.044997517543583165,6.106226635438361e-17,0.0,0.0,0.09166666666666667,0.09166666666666667,0.0,0.0,0.0,0.1816666666666667,0.09166666666666667,0.09166666666666667,0.09166666666666667,0.0,0.0,0.36000000000000004
2019-07-01,0.010695399140104185,0.010328732473437519,0.09166666666666667,2,True,0.00036666666666666667,2.22041233018286,-0.000599994410699578,6.106226635438361e-17,0.0,0.09166666666666667,0.09166666666666667,0.0,0.0,0.0,0.0,0.1816666666666667,0.09166666666666667,0.09166666666666667,0.09166666666666667,0.0,0.0,0.36000000000000004
2019-08-01,0.011476922413657525,0.01111025574699086,0.09166666666666667,2,True,0.00036666666666666667,2.243337667450126,-0.012379948747177516,6.106226635438361e-17,0.0,0.0,0.09166666666666667,0.09166666666666667,0.0,0.0,0.0,0.1816666666666667,0.09166666666666667,0.09166666666666667,0.09166666666666667,0.0,0.0,0.36000000000000004
2019-09-01,0.0029304847595689265,0.0029304847595689265,0.0,0,False,0.0,2.2767333548711726,-0.00033673635204967134,6.106226635438361e-17,0.0,0.0,0.09166666666666667,0.09166666666666667,0.0,0.0,0.0,0.1816666666666667,0.09166666666666667,0.09166666666666667,0.09166666666666667,0.0,0.0,0.36000000000000004
2019-10-01,0.031234740878182093,0.030874740878182094,0.09000000000000001,2,True,0.00036,2.2825832613658084,-0.01279586411178435,6.106226635438361e-17,0.0,0.0,0.09166666666666667,0.09166666666666667,0.09000000000000001,0.0,0.0,0.09166666666666667,0.09166666666666667,0.09166666666666667,0.09166666666666667,0.0,0.0,0.36000000000000004
2019-11-01,0.0008716771375548195,0.0005050104708881529,0.09166666666666667,2,True,0.00036666666666666667,2.353016069042821,0.0,6.106226635438361e-17,0.0,0.09166666666666667,0.09166666666666667,0.0,0.09000000000000001,0.0,0.0,0.09166666666666667,0.09166666666666667,0.09166666666666667,0.09166666666666667,0.0,0.0,0.36000000000000004
2019-12-01,0.04603766270717616,0.04531099604050949,0.1816666666666667,4,True,0.0007266666666666667,2.3778066833387332,-0.0019072119281624555,6.106226635438361e-17,0.0,0.09166666666666667,0.0,0.0,0.0,0.0,0.09166666666666667,0.1816666666666667,0.09166666666666667,0.09166666666666667,0.09166666666666667,0.0,0.0,0.36000000000000004
2020-01-01,0.004587091303634431,0.0038537579703010975,0.18333333333333335,4,True,0.0007333333333333333,2.3623741311451547,-0.04240675918314729,6.106226635438361e-17,0.0,0.09166666666666667,0.09166666666666667,0.0,0.0,0.0,0.09166666666666667,0.1816666666666667,0.0,0.0,0.09166666666666667,0.0,0.09166666666666667,0.36000000000000004
2020-02-01,-0.022676082348482587,-0.02340941568181592,0.18333333333333335,4,True,0.0007333333333333333,2.3538049711289206,-0.045880285921711006,6.106226635438361e-17,0.0,0.09166666666666667,0.09166666666666667,0.0,0.0,0.0,0.0,0.1816666666666667,0.09166666666666667,0.09166666666666667,0.09166666666666667,0.0,0.0,0.36000000000000004
2020-03-01,-0.05083543822033825,-0.052295438220338254,0.365,6,True,0.00146,2.2251232070993274,-0.09804170515948207,6.106226635438361e-17,0.0,0.0,0.09166666666666667,0.0,0.09000000000000001,0.275,0.0,0.0,0.09166666666666667,0.09166666666666667,0.0,0.0,0.0,0.36000000000000004
2020-04-01,0.0709470679816379,0.07058040131497123,0.09166666666666666,2,True,0.0003666666666666666,2.1081512896158965,-0.1454565138770254,6.106226635438361e-17,0.0,0.0,0.09166666666666667,0.0,0.09000000000000001,0.3666666666666667,0.0,0.0,0.0,0.09166666666666667,0.0,0.0,0.0,0.36000000000000004
2020-05-01,0.04119315499262745,0.04082648832596078,0.09166666666666666,2,True,0.0003666666666666666,2.25689061238028,-0.08516472171546519,6.106226635438361e-17,0.0,0.0,0.09166666666666667,0.0,0.09000000000000001,0.275,0.0,0.0,0.09166666666666667,0.09166666666666667,0.0,0.0,0.0,0.36000000000000004
2020-06-01,0.03385076139686786,0.03348409473020119,0.09166666666666669,2,True,0.0003666666666666667,2.3489974421898356,-0.04782902772192177,6.106226635438361e-17,0.0,0.0,0.09166666666666667,0.0,0.09000000000000001,0.18333333333333335,0.0,0.09166666666666667,0.09166666666666667,0.09166666666666667,0.0,0.0,0.0,0.36000000000000004
2020-07-01,0.07224095462992722,0.07150762129659388,0.18333333333333335,3,True,0.0007333333333333333,2.4267318847448967,-0.016319210632403935,6.106226635438361e-17,0.0,0.09166666666666667,0.09166666666666667,0.0,0.09000000000000001,0.0,0.0,0.09166666666666667,0.09166666666666667,0.09166666666666667,0.0,0.0,0.09166666666666667,0.36000000000000004
2020-08-01,0.04587751944420427,0.0455108527775376,0.09166666666666667,2,True,0.00036666666666666667,2.5721298159229327,0.0,6.106226635438361e-17,0.0,0.0,0.09166666666666667,0.09166666666666667,0.09000000000000001,0.0,0.0,0.09166666666666667,0.09166666666666667,0.09166666666666667,0.0,0.0,0.09166666666666667,0.36000000000000004
2020-09-01,-0.04038282511841701,-0.041116158451750345,0.18333333333333335,4,True,0.0007333333333333333,2.68717432888604,0.0,6.106226635438361e-17,0.0,0.09166666666666667,0.09166666666666667,0.0,0.09000000000000001,0.0,0.09166666666666667,0.09166666666666667,0.09166666666666667,0.0,0.0,0.0,0.09166666666666667,0.36000000000000004
2020-10-01,-0.021970010055250854,-0.021970010055250854,0.0,0,False,0.0,2.578658637899935,-0.04483704556721069,6.106226635438361e-17,0.0,0.09166666666666667,0.09166666666666667,0.0,0.09000000000000001,0.0,0.09166666666666667,0.09166666666666667,0.09166666666666667,0.0,0.0,0.0,0.09166666666666667,0.36000000000000004
2020-11-01,0.08738551392893179,0.08629218059559846,0.2733333333333334,6,True,0.0010933333333333333,2.5011429893238524,-0.07354967732873896,6.106226635438361e-17,0.0,0.0,0.09166666666666667,0.09166666666666667,0.0,0.09166666666666667,0.09166666666666667,0.1816666666666667,0.0,0.0,0.0,0.0,0.09166666666666667,0.36000000000000004
2020-12-01,0.02845389163630841,0.02735389163630841,0.27499999999999997,6,True,0.0010999999999999998,2.7137447024932158,0.0,6.106226635438361e-17,0.09166666666666667,0.09166666666666667,0.0,0.0,0.0,0.0,0.09166666666666667,0.1816666666666667,0.09166666666666667,0.0,0.0,0.0,0.09166666666666667,0.36000000000000004
2021-01-01,0.02992536922834913,0.029558702561682464,0.09166666666666667,2,True,0.00036666666666666667,2.730763627084002,-0.029564774240715685,6.106226635438361e-17,0.09166666666666667,0.09166666666666667,0.09166666666666667,0.0,0.0,0.0,0.09166666666666667,0.1816666666666667,0.0,0.0,0.0,0.0,0.09166666666666667,0.36000000000000004
2021-02-01,0.034611718337278656,0.03424505167061199,0.09166666666666667,2,True,0.00036666666666666667,2.8104206276821238,-0.0139479342399218,6.106226635438361e-17,0.09166666666666667,0.09166666666666667,0.0,0.0,0.0,0.0,0.09166666666666667,0.1816666666666667,0.0,0.0,0.09166666666666667,0.0,0.09166666666666667,0.36000000000000004
2021-03-01,0.016988084068662437,0.016988084068662437,0.0,0,False,0.0,2.907694114856736,-0.014148909650610775,6.106226635438361e-17,0.09166666666666667,0.09166666666666667,0.0,0.0,0.0,0.0,0.09166666666666667,0.1816666666666667,0.0,0.0,0.09166666666666667,0.0,0.09166666666666667,0.36000000000000004
2021-04-01,0.0347874191087938,0.0347874191087938,0.0,0,False,0.0,2.9570902669258774,0.0,6.106226635438361e-17,0.09166666666666667,0.09166666666666667,0.0,0.0,0.0,0.0,0.09166666666666667,0.1816666666666667,0.0,0.0,0.09166666666666667,0.0,0.09166666666666667,0.36000000000000004
2021-05-01,0.011747815647740217,0.011747815647740217,0.0,0,False,0.0,3.053009593351469,-0.010513121304456696,6.106226635438361e-17,0.09166666666666667,0.09166666666666667,0.0,0.0,0.0,0.0,0.09166666666666667,0.1816666666666667,0.0,0.0,0.09166666666666667,0.0,0.09166666666666667,0.36000000000000004
2021-06-01,0.03272035477814114,0.03272035477814114,0.0,0,False,0.0,3.0888757872249464,0.0,6.106226635438361e-17,0.09166666666666667,0.09166666666666667,0.0,0.0,0.0,0.0,0.09166666666666667,0.1816666666666667,0.0,0.0,0.09166666666666667,0.0,0.09166666666666667,0.36000000000000004
2021-07-01,0.011733928838335565,0.011733928838335565,0.0,0,False,0.0,3.189944898848558,0.0,6.106226635438361e-17,0.09166666666666667,0.09166666666666667,0.0,0.0,0.0,0.0,0.09166666666666667,0.1816666666666667,0.0,0.0,0.09166666666666667,0.0,0.09166666666666667,0.36000000000000004
2021-08-01,0.02660964273252816,0.02624297606586149,0.09166666666666667,2,True,0.00036666666666666667,3.234690828180617,-0.00288479712546863,6.106226635438361e-17,0.09166666666666667,0.09166666666666667,0.0,0.0,0.0,0.09166666666666667,0.09166666666666667,0.1816666666666667,0.0,0.0,0.09166666666666667,0.0,0.0,0.36000000000000004
2021-09-01,-0.02691203721135179,-0.02691203721135179,0.0,0,False,0.0,3.31954718171035,-1.4863765377959304e-05,6.106226635438361e-17,0.09166666666666667,0.09166666666666667,0.0,0.0,0.0,0.09166666666666667,0.09166666666666667,0.1816666666666667,0.0,0.0,0.09166666666666667,0.0,0.0,0.36000000000000004
2021-10-01,0.0345845030287839,0.0331245030287839,0.365,6,True,0.00146,3.2254952957808536,-0.031872413540568245,6.106226635438361e-17,0.1816666666666667,0.0,0.0,0.0,0.0,0.3666666666666667,0.0,0.09166666666666667,0.0,0.0,0.0,0.0,0.0,0.36000000000000004
2021-11-01,-0.02286376827652369,-0.02396376827652369,0.27499999999999997,4,True,0.0010999999999999998,3.333376695414748,-0.00036627290492408093,6.106226635438361e-17,0.1816666666666667,0.09166666666666667,0.0,0.0,0.0,0.09166666666666667,0.09166666666666667,0.09166666666666667,0.0,0.0,0.09166666666666667,0.0,0.0,0.36000000000000004
2021-12-01,0.034128640849962255,0.03302864084996226,0.275,5,True,0.0011,3.253580263615041,-0.044093942932625585,6.106226635438361e-17,0.09000000000000001,0.0,0.0,0.0,0.0,0.275,0.0,0.09166666666666667,0.0,0.09166666666666667,0.09166666666666667,0.0,0.0,0.36000000000000004
2022-01-01,-0.03302004978794839,-0.03412004978794839,0.275,5,True,0.0011,3.247145493171857,-0.04598448674716282,6.106226635438361e-17,0.1816666666666667,0.0,0.09166666666666667,0.0,0.0,0.09166666666666667,0.09166666666666667,0.09166666666666667,0.0,0.0,0.09166666666666667,0.0,0.0,0.36000000000000004
2022-02-01,0.003356401350695596,0.002256401350695596,0.27499999999999997,4,True,0.0010999999999999998,3.133020552535259,-0.07951454077317477,6.106226635438361e-17,0.1816666666666667,0.0,0.09166666666666667,0.0,0.0,0.3666666666666667,0.0,0.0,0.0,0.0,0.0,0.0,0.0,0.36000000000000004
2022-03-01,0.008092100724548822,0.007012100724548821,0.2700000000000001,2,True,0.0010800000000000002,3.1401412078244415,-0.07742248311062438,6.106226635438361e-17,0.4516666666666667,0.0,0.09166666666666667,0.0,0.0,0.3666666666666667,0.0,0.0,0.0,0.0,0.0,0.0,0.0,0.09000000000000001
2022-04-01,-0.00122417300966126,-0.0015908396763279265,0.09166666666666666,2,True,0.0003666666666666666,3.164390844533648,-0.0702979087236818,6.106226635438361e-17,0.4516666666666667,0.0,0.09166666666666667,0.0,0.0,0.275,0.0,0.0,0.0,0.0,0.09166666666666667,0.0,0.0,0.09000000000000001
2022-05-01,0.015521558898701857,0.015154892232035191,0.09166666666666666,2,True,0.0003666666666666666,3.1518657705417357,-0.07397779153707917,6.106226635438361e-17,0.4516666666666667,0.0,0.09166666666666667,0.0,0.0,0.3666666666666667,0.0,0.0,0.0,0.0,0.0,0.0,0.0,0.09000000000000001
2022-06-01,-0.03895011701586784,-0.03931678368253451,0.09166666666666666,2,True,0.0003666666666666666,3.198440826798242,-0.06029398023488597,6.106226635438361e-17,0.4516666666666667,0.0,0.0,0.0,0.0,0.4583333333333333,0.0,0.0,0.0,0.0,0.0,0.0,0.0,0.09000000000000001
2022-07-01,0.0072046794653992064,0.005404679465399206,0.45,3,True,0.0018000000000000002,3.0683282321979344,-0.09852122751385517,0.45000000000000007,0.09166666666666667,0.0,0.0,0.0,0.0,0.4583333333333333,0.0,0.0,0.0,0.0,0.0,0.0,0.0,0.0
2022-08-01,-0.02974971334103157,-0.03011638000769824,0.09166666666666667,2,True,0.00036666666666666667,3.0893013942692327,-0.09235928558052964,0.45000000000000007,0.0,0.0,0.0,0.0,0.0,0.4583333333333333,0.09166666666666667,0.0,0.0,0.0,0.0,0.0,0.0,0.0
2022-09-01,-0.016616640701285806,-0.016983307367952474,0.09166666666666666,2,True,0.0003666666666666666,2.996296518325774,-0.11968423749438561,0.45000000000000007,0.0,0.0,0.0,0.0,0.0,0.5499999999999999,0.0,0.0,0.0,0.0,0.0,0.0,0.0,0.0
2022-10-01,-0.01446772923028574,-0.01446772923028574,0.0,0,False,0.0,2.9308476604863225,-0.13891319592412477,0.45000000000000007,0.0,0.0,0.0,0.0,0.0,0.5499999999999999,0.0,0.0,0.0,0.0,0.0,0.0,0.0,0.0
2022-11-01,0.02405492635138546,0.023688259684718792,0.09166666666666666,2,True,0.0003666666666666666,2.8873858536374795,-0.1516823305548286,0.45000000000000007,0.0,0.0,0.0,0.0,0.0,0.4583333333333333,0.09166666666666667,0.0,0.0,0.0,0.0,0.0,0.0,0.0
2022-12-01,-0.015477169113467566,-0.016943835780134232,0.36666666666666675,5,True,0.001466666666666667,2.9525050065234764,-0.13255023986355496,0.45000000000000007,0.0,0.09166666666666667,0.09166666666666667,0.0,0.0,0.09166666666666667,0.09166666666666667,0.09166666666666667,0.0,0.0,0.0,0.0,0.09166666666666667,0.0
2023-01-01,0.06998958061543613,0.0674562472821028,0.6333333333333333,5,True,0.0025333333333333336,2.89876693499917,-0.1483385542443808,6.106226635438361e-17,0.0,0.09166666666666667,0.09166666666666667,0.0,0.0,0.275,0.0,0.0,0.0,0.0,0.0,0.45,0.09166666666666667,0.0
2023-02-01,-0.04241863929350749,-0.043151972626840826,0.18333333333333335,3,True,0.0007333333333333333,3.09152412122974,-0.09170624554690365,6.106226635438361e-17,0.0,0.09166666666666667,0.09166666666666667,0.0,0.0,0.09166666666666667,0.09166666666666667,0.09166666666666667,0.0,0.0,0.0,0.45,0.09166666666666667,0.0
2023-03-01,0.05131462013265912,0.049147953465992454,0.5416666666666667,4,True,0.002166666666666667,2.953971705269012,-0.13211932188976783,6.106226635438361e-17,0.0,0.09166666666666667,0.09166666666666667,0.09166666666666667,0.45,0.09166666666666667,0.09166666666666667,0.09166666666666667,0.0,0.0,0.0,0.0,0.0,0.0
2023-04-01,-0.0019445067234082868,-0.00303784005674162,0.2733333333333333,6,True,0.0010933333333333333,3.0900241854329566,-0.09214692860900353,6.106226635438361e-17,0.0,0.09166666666666667,0.09166666666666667,0.09166666666666667,0.36000000000000004,0.0,0.0,0.09166666666666667,0.09166666666666667,0.0,0.0,0.0,0.09166666666666667,0.09000000000000001
2023-05-01,0.006923559615615381,0.006556892948948714,0.09166666666666667,2,True,0.00036666666666666667,3.079514186182043,-0.09523477987736562,6.106226635438361e-17,0.0,0.09166666666666667,0.09166666666666667,0.0,0.36000000000000004,0.0,0.0,0.09166666666666667,0.09166666666666667,0.09166666666666667,0.0,0.0,0.09166666666666667,0.09000000000000001
2023-06-01,0.011665843412635532,0.009485843412635532,0.545,6,True,0.00218,3.0940755650952108,-0.09095662806472704,6.106226635438361e-17,0.0,0.09166666666666667,0.09166666666666667,0.0,0.09000000000000001,0.275,0.0,0.09166666666666667,0.0,0.0,0.0,0.0,0.0,0.36000000000000004
2023-07-01,0.02237979516380327,0.021286461830469935,0.2733333333333334,6,True,0.0010933333333333333,3.13771250249021,-0.07813603985480144,6.106226635438361e-17,0.0,0.09166666666666667,0.0,0.0,0.0,0.18333333333333335,0.09166666666666667,0.1816666666666667,0.0,0.0,0.0,0.0,0.09166666666666667,0.36000000000000004
2023-08-01,-0.014221661631866032,-0.014954994965199366,0.18333333333333335,3,True,0.0007333333333333333,3.202076611767808,-0.05922578194469197,6.106226635438361e-17,0.09166666666666667,0.09166666666666667,0.09166666666666667,0.0,0.0,0.0,0.09166666666666667,0.1816666666666667,0.0,0.0,0.0,0.0,0.09166666666666667,0.36000000000000004
2023-09-01,-0.04812271530182064,-0.04922271530182064,0.27499999999999997,5,True,0.0010999999999999998,3.1530655701380907,-0.0736252888758574,6.106226635438361e-17,0.09166666666666667,0.0,0.0,0.09166666666666667,0.0,0.18333333333333335,0.09166666666666667,0.1816666666666667,0.0,0.0,0.0,0.0,0.0,0.36000000000000004
2023-10-01,0.00021634100520007702,-0.0008836589947999228,0.27499999999999997,4,True,0.0010999999999999998,3.0054798080155267,-0.11698617519778032,6.106226635438361e-17,0.09166666666666667,0.0,0.0,0.0,0.0,0.4583333333333333,0.0,0.09000000000000001,0.0,0.0,0.0,0.0,0.0,0.36000000000000004
2023-11-01,0.063719237662398,0.06335257099573133,0.09166666666666666,2,True,0.0003666666666666666,3.0017222383198168,-0.11809015399681289,6.106226635438361e-17,0.09166666666666667,0.0,0.09166666666666667,0.0,0.0,0.3666666666666667,0.0,0.09000000000000001,0.0,0.0,0.0,0.0,0.0,0.36000000000000004
2023-12-01,0.017738324976234357,0.015904991642901024,0.45833333333333337,7,True,0.0018333333333333335,3.187135876586288,-0.0636153891158352,6.106226635438361e-17,0.0,0.09166666666666667,0.09166666666666667,0.09166666666666667,0.0,0.0,0.0,0.1816666666666667,0.0,0.0,0.09166666666666667,0.0,0.09166666666666667,0.36000000000000004
2024-01-01,0.026453301555810032,0.0257199682224767,0.18333333333333335,4,True,0.0007333333333333333,3.277128077620376,-0.03717556495679364,6.106226635438361e-17,0.0,0.09166666666666667,0.09166666666666667,0.0,0.0,0.0,0.09166666666666667,0.1816666666666667,0.0,0.09166666666666667,0.09166666666666667,0.0,0.0,0.36000000000000004
2024-02-01,0.03146024483594316,0.030726911502609828,0.18333333333333335,4,True,0.0007333333333333333,3.358887142777241,-0.013154646684817028,6.106226635438361e-17,0.0,0.09166666666666667,0.09166666666666667,0.09166666666666667,0.0,0.0,0.09166666666666667,0.1816666666666667,0.09166666666666667,0.0,0.0,0.0,0.0,0.36000000000000004
2024-03-01,0.010009119550030624,0.00927578621669729,0.18333333333333335,4,True,0.0007333333333333333,3.462017878391893,0.0,6.106226635438361e-17,0.0,0.09166666666666667,0.09166666666666667,0.0,0.0,0.0,0.09166666666666667,0.1816666666666667,0.0,0.0,0.09166666666666667,0.0,0.09166666666666667,0.36000000000000004
2024-04-01,-0.042024192860393564,-0.042024192860393564,0.0,0,False,0.0,3.4966696292210613,-0.0008194873136222469,6.106226635438361e-17,0.0,0.09166666666666667,0.09166666666666667,0.0,0.0,0.0,0.09166666666666667,0.1816666666666667,0.0,0.0,0.09166666666666667,0.0,0.09166666666666667,0.36000000000000004
2024-05-01,0.05297847866987966,0.052245145336546325,0.18333333333333335,3,True,0.0007333333333333333,3.3472684454193344,-0.04529229252114342,6.106226635438361e-17,0.0,0.09166666666666667,0.09166666666666667,0.0,0.0,0.18333333333333335,0.0,0.1816666666666667,0.0,0.0,0.0,0.0,0.09166666666666667,0.36000000000000004
2024-06-01,0.03257597578897597,0.03184264245564263,0.18333333333333335,3,True,0.0007333333333333333,3.51191878864195,-0.016937735926622288,6.106226635438361e-17,0.09166666666666667,0.09166666666666667,0.09166666666666667,0.0,0.0,0.0,0.09166666666666667,0.1816666666666667,0.0,0.0,0.0,0.0,0.09166666666666667,0.36000000000000004
2024-07-01,-0.025945540718301793,-0.02631220738496846,0.09166666666666667,2,True,0.00036666666666666667,3.6223349898844757,-0.005919280604842814,6.106226635438361e-17,0.09166666666666667,0.09166666666666667,0.09166666666666667,0.0,0.0,0.09166666666666667,0.0,0.1816666666666667,0.0,0.0,0.0,0.0,0.09166666666666667,0.36000000000000004
2024-08-01,0.011505023795497017,0.010771690462163683,0.18333333333333335,4,True,0.0007333333333333333,3.5257640921058315,-0.05281521020061897,6.106226635438361e-17,0.0,0.09166666666666667,0.09166666666666667,0.0,0.0,0.0,0.09166666666666667,0.1816666666666667,0.0,0.0,0.09166666666666667,0.0,0.09166666666666667,0.36000000000000004
2024-09-01,0.04293775553494666,0.04293775553494666,0.0,0,False,0.0,3.66221611108059,-0.016157829407704494,6.106226635438361e-17,0.0,0.09166666666666667,0.09166666666666667,0.0,0.0,0.0,0.09166666666666667,0.1816666666666667,0.0,0.0,0.09166666666666667,0.0,0.09166666666666667,0.36000000000000004
2024-10-01,-0.0022402204843753205,-0.0022402204843753205,0.0,0,False,0.0,3.8194634511743124,-0.015242176392375684,6.106226635438361e-17,0.0,0.09166666666666667,0.09166666666666667,0.0,0.0,0.0,0.09166666666666667,0.1816666666666667,0.0,0.0,0.09166666666666667,0.0,0.09166666666666667,0.36000000000000004
2024-11-01,0.007348248997728003,0.005541582331061336,0.4516666666666667,5,True,0.0018066666666666667,3.804021972245289,-0.02906099594971312,6.106226635438361e-17,0.0,0.0,0.09166666666666667,0.0,0.36000000000000004,0.09166666666666667,0.09166666666666667,0.09166666666666667,0.0,0.0,0.09166666666666667,0.0,0.09166666666666667,0.09000000000000001
2024-12-01,-0.026798020623552854,-0.027164687290219522,0.09166666666666667,2,True,0.00036666666666666667,3.8465928411050556,-0.01819520250429285,6.106226635438361e-17,0.0,0.0,0.09166666666666667,0.0,0.36000000000000004,0.0,0.09166666666666667,0.09166666666666667,0.0,0.09166666666666667,0.09166666666666667,0.0,0.09166666666666667,0.09000000000000001
2025-01-01,0.0040399600090992105,0.0011332933424325438,0.7266666666666668,8,True,0.0029066666666666668,3.6387603329014335,-0.07124239571106383,6.106226635438361e-17,0.0,0.0,0.09166666666666667,0.0,0.0,0.3666666666666667,0.0,0.1816666666666667,0.0,0.0,0.0,0.0,0.0,0.36000000000000004
2025-02-01,0.005682352955056461,0.0035090196217231273,0.5433333333333334,6,True,0.0021733333333333335,3.666251832296664,-0.06422546225552472,6.106226635438361e-17,0.0,0.0,0.09166666666666667,0.09166666666666667,0.36000000000000004,0.18333333333333335,0.09166666666666667,0.09166666666666667,0.0,0.0,0.0,0.0,0.0,0.09000000000000001
2025-03-01,0.022239506601916533,0.0215061732685832,0.18333333333333335,4,True,0.0007333333333333333,3.68214063759279,-0.06017000177124576,6.106226635438361e-17,0.0,0.09166666666666667,0.09166666666666667,0.09166666666666667,0.36000000000000004,0.09166666666666667,0.0,0.09166666666666667,0.0,0.0,0.09166666666666667,0.0,0.0,0.09000000000000001
2025-04-01,0.007511565098288102,0.006051565098288102,0.365,8,True,0.00146,3.755777886980691,-0.041374821800324035,6.106226635438361e-17,0.09166666666666667,0.09166666666666667,0.09166666666666667,0.0,0.36000000000000004,0.09166666666666667,0.0,0.09000000000000001,0.0,0.09166666666666667,0.0,0.0,0.09166666666666667,0.0
2025-05-01,0.03306977519801302,0.03233644186467968,0.18333333333333335,3,True,0.0007333333333333333,3.781214731324934,-0.034882318735415585,6.106226635438361e-17,0.0,0.09166666666666667,0.09166666666666667,0.0,0.36000000000000004,0.275,0.0,0.09000000000000001,0.0,0.0,0.0,0.0,0.09166666666666667,0.0
2025-06-01,0.008084695999873328,0.007351362666539994,0.18333333333333335,3,True,0.0007333333333333333,3.8592029920170297,-0.01497658614068409,6.106226635438361e-17,0.0,0.09166666666666667,0.09166666666666667,0.09166666666666667,0.36000000000000004,0.09166666666666667,0.0,0.1816666666666667,0.0,0.0,0.0,0.0,0.09166666666666667,0.0
2025-07-01,0.0031589861529081925,0.002432319486241526,0.1816666666666667,4,True,0.0007266666666666667,3.8847255590885603,-0.00846220319704094,6.106226635438361e-17,0.0,0.09166666666666667,0.09166666666666667,0.09166666666666667,0.36000000000000004,0.0,0.0,0.09166666666666667,0.09166666666666667,0.0,0.0,0.0,0.09166666666666667,0.09000000000000001
2025-08-01,0.0371786920314449,0.036812025364778234,0.09166666666666667,2,True,0.00036666666666666667,3.8955684543080125,-0.01625309487939941,6.106226635438361e-17,0.09166666666666667,0.09166666666666667,0.09166666666666667,0.09166666666666667,0.36000000000000004,0.0,0.0,0.09166666666666667,0.0,0.0,0.0,0.0,0.09166666666666667,0.09000000000000001
2025-09-01,0.06531155513181167,0.064944888465145,0.09166666666666667,2,True,0.00036666666666666667,4.004247549667201,0.0,6.106226635438361e-17,0.09166666666666667,0.09166666666666667,0.09166666666666667,0.0,0.36000000000000004,0.0,0.09166666666666667,0.09166666666666667,0.0,0.0,0.0,0.0,0.09166666666666667,0.09000000000000001
2025-10-01,0.02665940489940465,0.02665940489940465,0.0,0,False,0.0,4.264207068167814,0.0,6.106226635438361e-17,0.09166666666666667,0.09166666666666667,0.09166666666666667,0.0,0.36000000000000004,0.0,0.09166666666666667,0.09166666666666667,0.0,0.0,0.0,0.0,0.09166666666666667,0.09000000000000001
2025-11-01,0.02127638905519564,0.02127638905519564,0.0,0,False,0.0,4.366725402762035,-0.03640346468020972,6.106226635438361e-17,0.09166666666666667,0.09166666666666667,0.09166666666666667,0.0,0.36000000000000004,0.0,0.09166666666666667,0.09166666666666667,0.0,0.0,0.0,0.0,0.09166666666666667,0.09000000000000001
2025-12-01,0.012460800453880568,0.012460800453880568,0.0,0,False,0.0,4.459633551328407,-0.015901609902507108,6.106226635438361e-17,0.09166666666666667,0.09166666666666667,0.09166666666666667,0.0,0.36000000000000004,0.0,0.09166666666666667,0.09166666666666667,0.0,0.0,0.0,0.0,0.09166666666666667,0.09000000000000001
2026-01-01,0.047283278310776305,0.04691661164410964,0.09166666666666667,2,True,0.00036666666666666667,4.32491602116421,-0.06461609142277791,6.106226635438361e-17,0.0,0.09166666666666667,0.09166666666666667,0.0,0.36000000000000004,0.09166666666666667,0.09166666666666667,0.09166666666666667,0.0,0.0,0.0,0.0,0.09166666666666667,0.09000000000000001
2026-02-01,0.07431007634712158,0.07394340968045492,0.09166666666666667,2,True,0.00036666666666666667,4.601825862532149,-0.05602476227211206,6.106226635438361e-17,0.09166666666666667,0.09166666666666667,0.09166666666666667,0.0,0.36000000000000004,0.0,0.09166666666666667,0.09166666666666667,0.0,0.0,0.0,0.0,0.09166666666666667,0.09000000000000001
2026-03-01,-0.05808990238957211,-0.05808990238957211,0.0,0,False,0.0,4.908193015615849,0.0,6.106226635438361e-17,0.09166666666666667,0.09166666666666667,0.09166666666666667,0.0,0.36000000000000004,0.0,0.09166666666666667,0.09166666666666667,0.0,0.0,0.0,0.0,0.09166666666666667,0.09000000000000001
2026-04-01,0.018164926599782836,0.017064926599782836,0.27499999999999997,4,True,0.0010999999999999998,4.617991178210873,-0.05912600349694341,6.106226635438361e-17,0.09166666666666667,0.0,0.09166666666666667,0.0,0.36000000000000004,0.275,0.09166666666666667,0.0,0.0,0.0,0.0,0.0,0.0,0.09000000000000001
2026-05-01,0.016086140291559765,0.013546140291559764,0.635,7,True,0.00254,4.689933882313055,-0.0444683272659373,6.106226635438361e-17,0.4516666666666667,0.09166666666666667,0.0,0.0,0.0,0.09166666666666667,0.09166666666666667,0.09166666666666667,0.0,0.0,0.0,0.0,0.09166666666666667,0.09000000000000001
2026-06-01,-0.03883717439724174,-0.03991717439724174,0.2700000000000001,2,True,0.0010800000000000002,4.760230209740044,-0.03014608541372521,6.106226635438361e-17,0.1816666666666667,0.09166666666666667,0.0,0.0,0.0,0.09166666666666667,0.09166666666666667,0.09166666666666667,0.0,0.0,0.0,0.0,0.09166666666666667,0.36000000000000004
2026-07-01,0.0,-0.0007266666666666667,0.1816666666666667,4,True,0.0007266666666666667,4.572031559988275,-0.0684898606387414,6.106226635438361e-17,0.0,0.09166666666666667,0.0,0.0,0.0,0.09166666666666667,0.09166666666666667,0.1816666666666667,0.0,0.0,0.09166666666666667,0.0,0.09166666666666667,0.36000000000000004
2026-08-01,0.0,-0.0018000000000000002,0.45,3,True,0.0018000000000000002,4.533489293749079,-0.07634249930159986,0.45000000000000007,0.0,0.09166666666666667,0.0,0.0,0.0,0.09166666666666667,0.09166666666666667,0.09166666666666667,0.0,0.0,0.09166666666666667,0.0,0.09166666666666667,0.0
