date,gross_return,net_return,turnover,operations,signal_changed,trade_cost,equity,drawdown,w__CASH,w_dbc.us,w_efa.us,w_gld.us,w_hyg.us,w_iau.us,w_ief.us,w_ijr.us,w_ivv.us,w_lqd.us,w_tlt.us,w_vnq.us,w_vt.us,w_vwo.us,w_xlk.us
2007-05-01,-0.012209411571276795,-0.014409411571276794,0.5499999999999999,2,True,0.0021999999999999997,0.9978,0.0,0.45000000000000007,0.0,0.0,0.0,0.0,0.0,0.5499999999999999,0.0,0.0,0.0,0.0,0.0,0.0,0.0,0.0
2007-06-01,-0.0015383241102447042,-0.0015383241102447042,0.0,0,False,0.0,0.9856174491341805,-0.012788083625768443,0.45000000000000007,0.0,0.0,0.0,0.0,0.0,0.5499999999999999,0.0,0.0,0.0,0.0,0.0,0.0,0.0,0.0
2007-07-01,0.007877145941323637,0.007877145941323637,0.0,0,False,0.0,0.9854221255804951,-0.012983723161083205,0.45000000000000007,0.0,0.0,0.0,0.0,0.0,0.5499999999999999,0.0,0.0,0.0,0.0,0.0,0.0,0.0,0.0
2007-08-01,0.01073498067480838,0.01073498067480838,0.0,0,False,0.0,0.993184439477502,-0.005208851901961187,0.45000000000000007,0.0,0.0,0.0,0.0,0.0,0.5499999999999999,0.0,0.0,0.0,0.0,0.0,0.0,0.0,0.0
2007-09-01,0.00013532164185414694,0.00013532164185414694,0.0,0,False,0.0,1.0070520970313264,0.0,0.45000000000000007,0.0,0.0,0.0,0.0,0.0,0.5499999999999999,0.0,0.0,0.0,0.0,0.0,0.0,0.0,0.0
2007-10-01,0.01725853676560304,0.015425203432269708,0.45833333333333337,6,True,0.0018333333333333335,1.005341860957409,-0.01099927139105672,0.45000000000000007,0.09166666666666667,0.09166666666666667,0.09166666666666667,0.0,0.0,0.09166666666666667,0.0,0.09166666666666667,0.0,0.0,0.0,0.0,0.09166666666666667,0.0
2007-11-01,-0.011136188062962125,-0.011502854729628791,0.09166666666666667,2,True,0.00036666666666666667,1.0223176031435859,-0.00955218689323234,0.45000000000000007,0.09166666666666667,0.09166666666666667,0.09166666666666667,0.0,0.0,0.0,0.09166666666666667,0.09166666666666667,0.0,0.0,0.0,0.0,0.09166666666666667,0.0
2007-12-01,0.007425418794868864,0.006692085461535531,0.18333333333333335,4,True,0.0007333333333333333,1.0111015709773004,-0.021214401196220978,0.45000000000000007,0.09166666666666667,0.09166666666666667,0.09166666666666667,0.0,0.0,0.0,0.0,0.0,0.09166666666666667,0.09166666666666667,0.0,0.0,0.09166666666666667,0.0
2008-01-01,0.0029892731222589983,0.002255939788925665,0.18333333333333335,3,True,0.0007333333333333333,1.0085099914578357,-0.023723150845729513,0.45000000000000007,0.09166666666666667,0.0,0.09166666666666667,0.0,0.0,0.18333333333333335,0.0,0.0,0.0,0.09166666666666667,0.0,0.0,0.09166666666666667,0.0
2008-02-01,0.019360090705554153,0.018993424038887485,0.09166666666666667,2,True,0.00036666666666666667,1.0104122980829886,-0.02188164413398641,0.45000000000000007,0.09166666666666667,0.0,0.09166666666666667,0.0,0.0,0.18333333333333335,0.0,0.0,0.09166666666666667,0.09166666666666667,0.0,0.0,0.0,0.0
2008-03-01,-0.012614682458818341,-0.012614682458818341,0.0,0,False,0.0,1.029353193048373,-0.00354612201363802,0.45000000000000007,0.09166666666666667,0.0,0.09166666666666667,0.0,0.0,0.18333333333333335,0.0,0.0,0.09166666666666667,0.09166666666666667,0.0,0.0,0.0,0.0
2008-04-01,-0.0055170765643616105,-0.0058837432310282775,0.09166666666666669,2,True,0.0003666666666666667,1.0159955610293243,-0.02164308283120997,0.45000000000000007,0.09166666666666667,0.0,0.09166666666666667,0.0,0.0,0.275,0.0,0.0,0.0,0.09166666666666667,0.0,0.0,0.0,0.0
2008-05-01,0.005161974037308988,0.004428640703975655,0.18333333333333335,4,True,0.0007333333333333333,1.009649282890539,-0.027754256298412217,0.45000000000000007,0.09166666666666667,0.09166666666666667,0.0,0.0,0.0,0.275,0.0,0.0,0.0,0.0,0.0,0.0,0.09166666666666667,0.0
2008-06-01,-0.026510030505546105,-0.027243363838879438,0.18333333333333335,3,True,0.0007333333333333333,1.0143499051424267,-0.02322777363300299,0.45000000000000007,0.09166666666666667,0.09166666666666667,0.0,0.0,0.0,0.09166666666666667,0.09166666666666667,0.0,0.0,0.0,0.09166666666666667,0.0,0.09166666666666667,0.0
2008-07-01,-0.05890046056302081,-0.06216712722968748,0.8166666666666667,9,True,0.003266666666666667,0.9835119858949392,-0.05292326912936696,6.106226635438361e-17,0.4516666666666667,0.0,0.09166666666666667,0.0,0.09000000000000001,0.3666666666666667,0.0,0.0,0.0,0.0,0.0,0.0,0.0,0.0
2008-08-01,0.00048439119132685294,-0.0016822754753398135,0.5416666666666666,5,True,0.0021666666666666666,0.9235772478230709,-0.11063766062917335,0.45000000000000007,0.09166666666666667,0.0,0.0,0.0,0.0,0.4583333333333333,0.0,0.0,0.0,0.0,0.0,0.0,0.0,0.0
2008-09-01,-0.0066184720713173975,-0.007351805404650731,0.18333333333333332,4,True,0.0007333333333333332,0.9252015033723311,-0.10907357736658663,0.45000000000000007,0.0,0.0,0.0,0.0,0.0,0.3666666666666667,0.09166666666666667,0.0,0.0,0.09166666666666667,0.0,0.0,0.0,0.0
2008-10-01,-0.011056223690816372,-0.011422890357483038,0.09166666666666666,2,True,0.0003666666666666666,0.918067344300437,-0.11594344387377753,0.45000000000000007,0.0,0.0,0.0,0.0,0.0,0.4583333333333333,0.0,0.0,0.0,0.09166666666666667,0.0,0.0,0.0,0.0
2008-11-01,0.05630535340674323,0.05630535340674323,0.0,0,False,0.0,0.9089125122312978,-0.12475912538254996,0.45000000000000007,0.0,0.0,0.0,0.0,0.0,0.4583333333333333,0.0,0.0,0.0,0.09166666666666667,0.0,0.0,0.0,0.0
2008-12-01,0.014473048118800291,0.014473048118800291,0.0,0,False,0.0,0.9600891524482916,-0.07547837862118756,0.45000000000000007,0.0,0.0,0.0,0.0,0.0,0.4583333333333333,0.0,0.0,0.0,0.09166666666666667,0.0,0.0,0.0,0.0
2009-01-01,-0.012900239394483225,-0.013633572727816557,0.18333333333333332,3,True,0.0007333333333333332,0.9828559387602802,-0.053555012295185556,0.45000000000000007,0.0,0.0,0.09166666666666667,0.0,0.0,0.275,0.0,0.0,0.09166666666666667,0.09166666666666667,0.0,0.0,0.0,0.0
2009-02-01,-0.006674310024049149,-0.006674310024049149,0.0,0,False,0.0,0.9702741910784742,-0.06567065565695018,0.45000000000000007,0.0,0.0,0.09166666666666667,0.0,0.0,0.275,0.0,0.0,0.09166666666666667,0.09166666666666667,0.0,0.0,0.0,0.0
2009-03-01,0.008126545246123175,0.007759878579456508,0.09166666666666666,2,True,0.0003666666666666666,0.9628068901325235,-0.07286132244062238,0.45000000000000007,0.0,0.0,0.09166666666666667,0.0,0.0,0.3666666666666667,0.0,0.0,0.09166666666666667,0.0,0.0,0.0,0.0,0.0
2009-04-01,-0.007911006517354545,-0.008644339850687879,0.18333333333333332,4,True,0.0007333333333333332,0.9695637505781282,-0.06635477712795967,0.45000000000000007,0.0,0.0,0.09166666666666667,0.0,0.0,0.275,0.0,0.0,0.0,0.09166666666666667,0.0,0.0,0.09166666666666667,0.0
2009-05-01,0.07918703943881053,0.07628703943881053,0.725,8,True,0.0029,0.9591040342045717,-0.0764270021043415,6.106226635438361e-17,0.0,0.0,0.0,0.09166666666666667,0.0,0.18333333333333335,0.09166666666666667,0.0,0.09166666666666667,0.0,0.0,0.45,0.09166666666666667,0.0
2009-06-01,-0.026380615175108285,-0.027480615175108285,0.27499999999999997,5,True,0.0010999999999999998,1.0339140852795459,-0.004388369505592404,6.106226635438361e-17,0.09166666666666667,0.09166666666666667,0.09166666666666667,0.09166666666666667,0.0,0.0,0.0,0.0,0.09166666666666667,0.0,0.0,0.45,0.09166666666666667,0.0
2009-07-01,0.08425323507643304,0.08315323507643303,0.27499999999999997,6,True,0.0010999999999999998,1.0055314929964234,-0.03171949825505438,6.106226635438361e-17,0.0,0.0,0.0,0.09166666666666667,0.0,0.09166666666666667,0.09166666666666667,0.09166666666666667,0.09166666666666667,0.0,0.0,0.45,0.09166666666666667,0.0
2009-08-01,-0.017241061694133836,-0.017607728360800504,0.09166666666666667,2,True,0.00036666666666666667,1.0757197319098286,0.0,6.106226635438361e-17,0.0,0.09166666666666667,0.0,0.09166666666666667,0.0,0.0,0.09166666666666667,0.09166666666666667,0.09166666666666667,0.0,0.0,0.45,0.09166666666666667,0.0
2009-09-01,0.04603770510263486,0.04567103843596819,0.09166666666666667,2,True,0.00036666666666666667,1.056398063444228,-0.028898964482299228,6.106226635438361e-17,0.0,0.09166666666666667,0.0,0.0,0.0,0.0,0.09166666666666667,0.09166666666666667,0.09166666666666667,0.0,0.09166666666666667,0.45,0.09166666666666667,0.0
2009-10-01,0.030359471107500167,0.0281928044408335,0.5416666666666667,4,True,0.002166666666666667,1.102637969513821,-0.04921896139011417,6.106226635438361e-17,0.0,0.09166666666666667,0.0,0.09166666666666667,0.45,0.0,0.09166666666666667,0.09166666666666667,0.0,0.0,0.09166666666666667,0.0,0.09166666666666667,0.0
2009-11-01,0.0864981586652721,0.08540482533193877,0.2733333333333333,6,True,0.0010933333333333333,1.1266857060544297,-0.04029555507745519,6.106226635438361e-17,0.0,0.09166666666666667,0.09166666666666667,0.09166666666666667,0.36000000000000004,0.0,0.0,0.0,0.09166666666666667,0.0,0.09166666666666667,0.0,0.09166666666666667,0.09000000000000001
2009-12-01,-0.013881421924376731,-0.014248088591043397,0.09166666666666667,2,True,0.00036666666666666667,1.2223551885277915,0.0,6.106226635438361e-17,0.0,0.09166666666666667,0.09166666666666667,0.09166666666666667,0.36000000000000004,0.0,0.0,0.09166666666666667,0.0,0.0,0.09166666666666667,0.0,0.09166666666666667,0.09000000000000001
2010-01-01,-0.036802214897397004,-0.03716888156406367,0.09166666666666667,2,True,0.00036666666666666667,1.1498564779259597,-0.06774617347287737,6.106226635438361e-17,0.0,0.09166666666666667,0.09166666666666667,0.0,0.36000000000000004,0.0,0.09166666666666667,0.09166666666666667,0.0,0.0,0.09166666666666667,0.0,0.09166666666666667,0.09000000000000001
2010-02-01,0.020291376280585152,0.01955804294725182,0.18333333333333335,3,True,0.0007333333333333333,1.1063212173951564,-0.10304267699121461,6.106226635438361e-17,0.0,0.0,0.09166666666666667,0.0,0.36000000000000004,0.18333333333333335,0.09166666666666667,0.09166666666666667,0.0,0.0,0.09166666666666667,0.0,0.0,0.09000000000000001
2010-03-01,0.0397837702567181,0.037977103590051436,0.4516666666666667,5,True,0.0018066666666666667,1.1267306863756916,-0.08649556357336441,6.106226635438361e-17,0.0,0.0,0.0,0.09166666666666667,0.0,0.18333333333333335,0.09166666666666667,0.1816666666666667,0.0,0.0,0.09166666666666667,0.0,0.0,0.36000000000000004
2010-04-01,0.03424219473627993,0.0320688614029466,0.5433333333333334,6,True,0.0021733333333333335,1.169010098825971,-0.05221724728193822,6.106226635438361e-17,0.0,0.09166666666666667,0.0,0.09166666666666667,0.36000000000000004,0.0,0.09166666666666667,0.09166666666666667,0.0,0.0,0.09166666666666667,0.0,0.09166666666666667,0.09000000000000001
2010-05-01,-0.044319872899556044,-0.04505320623288938,0.18333333333333335,4,True,0.0007333333333333333,1.1977750718055304,-0.028895853138459437,6.106226635438361e-17,0.09166666666666667,0.0,0.09166666666666667,0.0,0.36000000000000004,0.0,0.09166666666666667,0.09166666666666667,0.0,0.0,0.09166666666666667,0.0,0.09166666666666667,0.09000000000000001
2010-06-01,-0.014852030892289907,-0.015952030892289908,0.27499999999999997,5,True,0.0010999999999999998,1.142592158217073,-0.073635769240465,6.106226635438361e-17,0.0,0.0,0.09166666666666667,0.0,0.36000000000000004,0.18333333333333335,0.09166666666666667,0.0,0.0,0.09166666666666667,0.09166666666666667,0.0,0.0,0.09000000000000001
2010-07-01,0.003379292898023512,0.002645959564690179,0.18333333333333335,4,True,0.0007333333333333333,1.1247968878002084,-0.08806340369631505,6.106226635438361e-17,0.0,0.0,0.09166666666666667,0.0,0.36000000000000004,0.275,0.0,0.0,0.09166666666666667,0.09166666666666667,0.0,0.0,0.0,0.09000000000000001
2010-08-01,0.027489553149258675,0.026756219815925342,0.18333333333333335,3,True,0.0007333333333333333,1.1300580658209518,-0.0837978684438413,6.106226635438361e-17,0.0,0.0,0.09166666666666667,0.0,0.36000000000000004,0.09166666666666667,0.0,0.0,0.09166666666666667,0.09166666666666667,0.09166666666666667,0.0,0.09166666666666667,0.09000000000000001
2010-09-01,0.04339657453209325,0.04339657453209325,0.0,0,False,0.0,1.1602713669878908,-0.05930223254004563,6.106226635438361e-17,0.0,0.0,0.09166666666666667,0.0,0.36000000000000004,0.09166666666666667,0.0,0.0,0.09166666666666667,0.09166666666666667,0.09166666666666667,0.0,0.09166666666666667,0.09000000000000001
2010-10-01,0.03223602905175105,0.031136029051751047,0.27499999999999997,6,True,0.0010999999999999998,1.2092914843560076,-0.019558844673357223,6.106226635438361e-17,0.09166666666666667,0.09166666666666667,0.09166666666666667,0.0,0.36000000000000004,0.0,0.09166666666666667,0.0,0.0,0.0,0.09166666666666667,0.0,0.09166666666666667,0.09000000000000001
2010-11-01,0.016052737007564783,0.015686070340898115,0.09166666666666667,2,True,0.00036666666666666667,1.2478165392231582,-0.009755887415808129,6.106226635438361e-17,0.0,0.09166666666666667,0.09166666666666667,0.0,0.36000000000000004,0.0,0.09166666666666667,0.09166666666666667,0.0,0.0,0.09166666666666667,0.0,0.09166666666666667,0.09000000000000001
2010-12-01,0.03725531495345982,0.036888648286793155,0.09166666666666667,2,True,0.00036666666666666667,1.267382532577345,-0.024063785090443934,6.106226635438361e-17,0.09166666666666667,0.0,0.09166666666666667,0.0,0.36000000000000004,0.0,0.09166666666666667,0.09166666666666667,0.0,0.0,0.09166666666666667,0.0,0.09166666666666667,0.09000000000000001
2011-01-01,-0.014596833777031396,-0.014596833777031396,0.0,0,False,0.0,1.2789762906325257,-0.019477136056449518,6.106226635438361e-17,0.09166666666666667,0.0,0.09166666666666667,0.0,0.36000000000000004,0.0,0.09166666666666667,0.09166666666666667,0.0,0.0,0.09166666666666667,0.0,0.09166666666666667,0.09000000000000001
2011-02-01,0.027799779046091908,0.02743311237942524,0.09166666666666667,2,True,0.00036666666666666667,1.2598451736417506,-0.034143942438729424,6.106226635438361e-17,0.09166666666666667,0.09166666666666667,0.0,0.0,0.36000000000000004,0.0,0.09166666666666667,0.09166666666666667,0.0,0.0,0.09166666666666667,0.0,0.09166666666666667,0.09000000000000001
2011-03-01,0.007215760159791189,0.006849093493124522,0.09166666666666667,2,True,0.00036666666666666667,1.2943938059512061,-0.0076573498837990694,6.106226635438361e-17,0.09166666666666667,0.09166666666666667,0.09166666666666667,0.0,0.36000000000000004,0.0,0.09166666666666667,0.09166666666666667,0.0,0.0,0.09166666666666667,0.0,0.0,0.09000000000000001
2011-04-01,0.050923672609860984,0.050557005943194316,0.09166666666666667,2,True,0.00036666666666666667,1.303255805465494,-0.0008633278150096402,6.106226635438361e-17,0.09166666666666667,0.0,0.09166666666666667,0.0,0.36000000000000004,0.0,0.09166666666666667,0.09166666666666667,0.0,0.0,0.09166666666666667,0.0,0.09166666666666667,0.09000000000000001
2011-05-01,-0.022192235389539555,-0.022552235389539554,0.09000000000000001,2,True,0.00036,1.3812879786250911,0.0,6.106226635438361e-17,0.1816666666666667,0.0,0.09166666666666667,0.0,0.36000000000000004,0.0,0.09166666666666667,0.09166666666666667,0.0,0.0,0.09166666666666667,0.0,0.09166666666666667,0.0
2011-06-01,-0.012991898979779194,-0.01335856564644586,0.09166666666666667,2,True,0.00036666666666666667,1.3496528281593232,-0.022902646627864676,6.106226635438361e-17,0.1816666666666667,0.09166666666666667,0.09166666666666667,0.0,0.36000000000000004,0.0,0.09166666666666667,0.0,0.0,0.0,0.09166666666666667,0.0,0.09166666666666667,0.0
2011-07-01,0.030980909317931578,0.02952090931793158,0.36500000000000005,6,True,0.0014600000000000001,1.3301733822766655,-0.03700502512104986,6.106226635438361e-17,0.0,0.0,0.0,0.0,0.36000000000000004,0.275,0.09166666666666667,0.09000000000000001,0.0,0.0,0.09166666666666667,0.0,0.09166666666666667,0.0
2011-08-01,0.06096996412370012,0.059503297457033456,0.36666666666666675,7,True,0.001466666666666667,1.3693720009440637,-0.00862671496850953,6.106226635438361e-17,0.09166666666666667,0.0,0.09166666666666667,0.0,0.36000000000000004,0.09166666666666667,0.0,0.09000000000000001,0.09166666666666667,0.09166666666666667,0.09166666666666667,0.0,0.0,0.0
2011-09-01,-0.03638681292756103,-0.03748014626089437,0.2733333333333334,5,True,0.0010933333333333333,1.4512740996450562,-0.00826216983349437,6.106226635438361e-17,0.09000000000000001,0.0,0.09166666666666667,0.0,0.36000000000000004,0.275,0.0,0.0,0.09166666666666667,0.09166666666666667,0.0,0.0,0.0,0.0
2011-10-01,0.02390488292498608,0.02354488292498608,0.09000000000000001,2,True,0.00036,1.3800315089338497,-0.0678255398796821,6.106226635438361e-17,0.0,0.0,0.09166666666666667,0.0,0.36000000000000004,0.275,0.0,0.0,0.09166666666666667,0.09166666666666667,0.0,0.0,0.0,0.09000000000000001
2011-11-01,0.0011706276756867102,0.00043729434235337684,0.18333333333333335,3,True,0.0007333333333333333,1.411476470664607,-0.04658530729432753,6.106226635438361e-17,0.0,0.0,0.09166666666666667,0.09166666666666667,0.36000000000000004,0.09166666666666667,0.0,0.0,0.09166666666666667,0.09166666666666667,0.09166666666666667,0.0,0.0,0.09000000000000001
2011-12-01,0.007867086727895963,0.005327086727895963,0.635,9,True,0.0025399999999999997,1.4095394369731726,-0.047893721865921446,6.106226635438361e-17,0.0,0.0,0.09166666666666667,0.0,0.0,0.18333333333333335,0.09166666666666667,0.1816666666666667,0.0,0.09166666666666667,0.0,0.0,0.0,0.36000000000000004
2012-01-01,0.04389636191139065,0.042796361911390655,0.27499999999999997,5,True,0.0010999999999999998,1.383390489498353,-0.0655566381379461,6.106226635438361e-17,0.0,0.0,0.0,0.09166666666666667,0.0,0.0,0.09166666666666667,0.1816666666666667,0.09166666666666667,0.09166666666666667,0.09166666666666667,0.0,0.0,0.36000000000000004
2012-02-01,-0.00013539653181548448,-0.0019420631984821512,0.4516666666666667,5,True,0.0018066666666666667,1.4399216043212522,-0.02737137852691962,6.106226635438361e-17,0.0,0.0,0.09166666666666667,0.0,0.36000000000000004,0.0,0.09166666666666667,0.09166666666666667,0.09166666666666667,0.09166666666666667,0.09166666666666667,0.0,0.0,0.09000000000000001
2012-03-01,0.029657564406407322,0.02748423107307399,0.5433333333333334,7,True,0.0021733333333333335,1.4365976380237995,-0.0296166290655685,6.106226635438361e-17,0.0,0.0,0.0,0.09166666666666667,0.0,0.09166666666666667,0.09166666666666667,0.1816666666666667,0.09166666666666667,0.0,0.09166666666666667,0.0,0.0,0.36000000000000004
2012-04-01,-0.010378678662807811,-0.011472011996141144,0.2733333333333334,6,True,0.0010933333333333333,1.4678281250666643,-0.008521268408935412,6.106226635438361e-17,0.0,0.09166666666666667,0.0,0.0,0.09000000000000001,0.09166666666666667,0.09166666666666667,0.09166666666666667,0.0,0.0,0.09166666666666667,0.0,0.09166666666666667,0.36000000000000004
2012-05-01,-0.05530516150624459,-0.056765161506244596,0.365,8,True,0.00146,1.4488873706497412,-0.02131524261066009,6.106226635438361e-17,0.0,0.0,0.0,0.09166666666666667,0.0,0.0,0.09166666666666667,0.1816666666666667,0.09166666666666667,0.09166666666666667,0.09166666666666667,0.0,0.0,0.36000000000000004
2012-06-01,0.034390468680027916,0.03329046868002792,0.27499999999999997,4,True,0.0010999999999999998,1.3672507885489265,-0.07645857546447732,6.106226635438361e-17,0.0,0.0,0.0,0.0,0.0,0.275,0.0,0.09000000000000001,0.09166666666666667,0.09166666666666667,0.09166666666666667,0.0,0.0,0.36000000000000004
2012-07-01,0.011651700807994532,0.010918367474661198,0.18333333333333335,3,True,0.0007333333333333333,1.4059180978767005,-0.050339839795340624,6.106226635438361e-17,0.0,0.0,0.0,0.09166666666666667,0.0,0.09166666666666667,0.0,0.1816666666666667,0.09166666666666667,0.09166666666666667,0.09166666666666667,0.0,0.0,0.36000000000000004
2012-08-01,0.021238099248494204,0.021238099248494204,0.0,0,False,0.0,1.4212564153281015,-0.0399792156379547,6.106226635438361e-17,0.0,0.0,0.0,0.09166666666666667,0.0,0.09166666666666667,0.0,0.1816666666666667,0.09166666666666667,0.09166666666666667,0.09166666666666667,0.0,0.0,0.36000000000000004
2012-09-01,0.00870189243518532,0.008335225768518653,0.09166666666666667,2,True,0.00036666666666666667,1.45239524607384,-0.018945766364313332,6.106226635438361e-17,0.0,0.0,0.0,0.09166666666666667,0.0,0.0,0.09166666666666667,0.1816666666666667,0.09166666666666667,0.09166666666666667,0.09166666666666667,0.0,0.0,0.36000000000000004
2012-10-01,-0.021348019363225994,-0.022081352696559326,0.18333333333333335,4,True,0.0007333333333333333,1.463422689993262,-0.014991089630261412,6.106226635438361e-17,0.0,0.0,0.09166666666666667,0.09166666666666667,0.0,0.0,0.09166666666666667,0.1816666666666667,0.0,0.0,0.09166666666666667,0.0,0.09166666666666667,0.36000000000000004
2012-11-01,-0.001751553022618665,-0.002851553022618665,0.27499999999999997,6,True,0.0010999999999999998,1.430606114405224,-0.037079457934970694,6.106226635438361e-17,0.0,0.09166666666666667,0.0,0.09166666666666667,0.0,0.09166666666666667,0.09166666666666667,0.1816666666666667,0.09166666666666667,0.0,0.0,0.0,0.0,0.36000000000000004
2012-12-01,0.03710221627266123,0.03673554960599456,0.09166666666666667,2,True,0.00036666666666666667,1.4294990189239092,-0.03782462809064879,6.106226635438361e-17,0.0,0.09166666666666667,0.0,0.09166666666666667,0.0,0.0,0.09166666666666667,0.1816666666666667,0.09166666666666667,0.0,0.0,0.0,0.09166666666666667,0.36000000000000004
2013-01-01,0.013466763984719778,0.013100097318053111,0.09166666666666667,2,True,0.00036666666666666667,1.4358251956320787,-0.03356656890601961,6.106226635438361e-17,0.0,0.09166666666666667,0.0,0.09166666666666667,0.0,0.0,0.09166666666666667,0.1816666666666667,0.0,0.0,0.09166666666666667,0.0,0.09166666666666667,0.36000000000000004
2013-02-01,-0.0020180524012917158,-0.0020180524012917158,0.0,0,False,0.0,1.4546275555895933,-0.020910968975273447,6.106226635438361e-17,0.0,0.09166666666666667,0.0,0.09166666666666667,0.0,0.0,0.09166666666666667,0.1816666666666667,0.0,0.0,0.09166666666666667,0.0,0.09166666666666667,0.36000000000000004
2013-03-01,0.015632395148730847,0.015632395148730847,0.0,0,False,0.0,1.4516920409580507,-0.02288682194541125,6.106226635438361e-17,0.0,0.09166666666666667,0.0,0.09166666666666667,0.0,0.0,0.09166666666666667,0.1816666666666667,0.0,0.0,0.09166666666666667,0.0,0.09166666666666667,0.36000000000000004
2013-04-01,0.020462833957611136,0.020096167290944468,0.09166666666666667,2,True,0.00036666666666666667,1.4738448565728963,-0.007976078166728073,6.106226635438361e-17,0.0,0.09166666666666667,0.0,0.09166666666666667,0.0,0.09166666666666667,0.09166666666666667,0.1816666666666667,0.0,0.0,0.09166666666666667,0.0,0.0,0.36000000000000004
2013-05-01,0.014113969598899365,0.013747302932232698,0.09166666666666667,2,True,0.00036666666666666667,1.503452431055871,-0.00825260674559658,6.106226635438361e-17,0.0,0.09166666666666667,0.0,0.09166666666666667,0.0,0.0,0.09166666666666667,0.1816666666666667,0.0,0.09166666666666667,0.09166666666666667,0.0,0.0,0.36000000000000004
2013-06-01,-0.020062575431938186,-0.020429242098604854,0.09166666666666667,2,True,0.00036666666666666667,1.5172146268825708,-0.029507264771805874,6.106226635438361e-17,0.0,0.09166666666666667,0.0,0.09166666666666667,0.0,0.09166666666666667,0.09166666666666667,0.1816666666666667,0.0,0.0,0.09166666666666667,0.0,0.0,0.36000000000000004
2013-07-01,0.027329454942828225,0.026229454942828224,0.27499999999999997,4,True,0.0010999999999999998,1.4845953897391984,-0.05037229738843296,6.106226635438361e-17,0.0,0.0,0.0,0.0,0.0,0.3666666666666667,0.09166666666666667,0.1816666666666667,0.0,0.0,0.0,0.0,0.0,0.36000000000000004
2013-08-01,-0.020917382881030826,-0.02165071621436416,0.18333333333333335,3,True,0.0007333333333333333,1.5240501155982016,-0.02513491558487213,6.106226635438361e-17,0.0,0.09166666666666667,0.0,0.09166666666666667,0.0,0.18333333333333335,0.09166666666666667,0.1816666666666667,0.0,0.0,0.0,0.0,0.0,0.36000000000000004
2013-09-01,0.03006311111776918,0.029696444451102512,0.09166666666666667,2,True,0.00036666666666666667,1.4944387433212214,-0.04407595475346626,6.106226635438361e-17,0.09166666666666667,0.09166666666666667,0.0,0.09166666666666667,0.0,0.09166666666666667,0.09166666666666667,0.1816666666666667,0.0,0.0,0.0,0.0,0.0,0.36000000000000004
2013-10-01,0.03041940629276069,0.030052739626094022,0.09166666666666667,2,True,0.00036666666666666667,1.538237559717322,-0.01605985711581881,6.106226635438361e-17,0.0,0.09166666666666667,0.0,0.09166666666666667,0.0,0.09166666666666667,0.09166666666666667,0.1816666666666667,0.0,0.0,0.0,0.0,0.09166666666666667,0.36000000000000004
2013-11-01,0.010310783914903076,0.00994411724823641,0.09166666666666667,2,True,0.00036666666666666667,1.5844486554157067,-0.008772565335651294,6.106226635438361e-17,0.0,0.09166666666666667,0.0,0.09166666666666667,0.0,0.0,0.09166666666666667,0.1816666666666667,0.0,0.0,0.09166666666666667,0.0,0.09166666666666667,0.36000000000000004
2013-12-01,0.015485958070529802,0.015119291403863136,0.09166666666666667,2,True,0.00036666666666666667,1.6102993258446994,0.0,6.106226635438361e-17,0.0,0.09166666666666667,0.0,0.09166666666666667,0.0,0.0,0.09166666666666667,0.1816666666666667,0.09166666666666667,0.0,0.0,0.0,0.09166666666666667,0.36000000000000004
2014-01-01,-0.03702620091870585,-0.03702620091870585,0.0,0,False,0.0,1.6112519132996015,-0.02100554867734794,6.106226635438361e-17,0.0,0.09166666666666667,0.0,0.09166666666666667,0.0,0.0,0.09166666666666667,0.1816666666666667,0.09166666666666667,0.0,0.0,0.0,0.09166666666666667,0.36000000000000004
2014-02-01,0.04724574907611509,0.046512415742781754,0.18333333333333335,4,True,0.0007333333333333333,1.5805412932385159,-0.03966527928080854,6.106226635438361e-17,0.0,0.0,0.0,0.09166666666666667,0.0,0.09166666666666667,0.09166666666666667,0.1816666666666667,0.09166666666666667,0.0,0.09166666666666667,0.0,0.0,0.36000000000000004
2014-03-01,0.018687053589919907,0.01832038692325324,0.09166666666666667,2,True,0.00036666666666666667,1.6622445362435436,0.0,6.106226635438361e-17,0.0,0.09166666666666667,0.0,0.09166666666666667,0.0,0.0,0.09166666666666667,0.1816666666666667,0.09166666666666667,0.0,0.09166666666666667,0.0,0.0,0.36000000000000004
2014-04-01,-0.0004495649899988281,-0.0004495649899988281,0.0,0,False,0.0,1.6926861097425896,0.0,6.106226635438361e-17,0.0,0.09166666666666667,0.0,0.09166666666666667,0.0,0.0,0.09166666666666667,0.1816666666666667,0.09166666666666667,0.0,0.09166666666666667,0.0,0.0,0.36000000000000004
2014-05-01,0.021654162543316032,0.0209208292099827,0.18333333333333335,4,True,0.0007333333333333333,1.690684392227885,-0.002433089505842978,6.106226635438361e-17,0.09166666666666667,0.09166666666666667,0.0,0.09166666666666667,0.0,0.09166666666666667,0.0,0.1816666666666667,0.0,0.0,0.09166666666666667,0.0,0.0,0.36000000000000004
2014-06-01,0.02141151832710694,0.020678184993773607,0.18333333333333335,4,True,0.0007333333333333333,1.7285838172493535,0.0,6.106226635438361e-17,0.0,0.09166666666666667,0.0,0.0,0.0,0.09166666666666667,0.0,0.1816666666666667,0.0,0.09166666666666667,0.09166666666666667,0.0,0.09166666666666667,0.36000000000000004
2014-07-01,-0.01580922047371119,-0.016542553807044523,0.18333333333333335,4,True,0.0007333333333333333,1.763006830879024,0.0,6.106226635438361e-17,0.0,0.09166666666666667,0.09166666666666667,0.0,0.0,0.0,0.09166666666666667,0.1816666666666667,0.0,0.0,0.09166666666666667,0.0,0.09166666666666667,0.36000000000000004
2014-08-01,0.031183070224499065,0.030083070224499065,0.27499999999999997,6,True,0.0010999999999999998,1.733226418619087,-0.026548092538224877,6.106226635438361e-17,0.0,0.0,0.0,0.0,0.0,0.09166666666666667,0.0,0.1816666666666667,0.09166666666666667,0.09166666666666667,0.09166666666666667,0.0,0.09166666666666667,0.36000000000000004
2014-09-01,-0.031772475765762684,-0.03213914243242935,0.09166666666666667,2,True,0.00036666666666666667,1.7914663941485065,0.0,6.106226635438361e-17,0.0,0.0,0.0,0.0,0.0,0.0,0.09166666666666667,0.1816666666666667,0.09166666666666667,0.09166666666666667,0.09166666666666667,0.0,0.09166666666666667,0.36000000000000004
2014-10-01,0.023156790749697998,0.022056790749697998,0.27499999999999997,4,True,0.0010999999999999998,1.732003768784283,-0.03447326271485318,6.106226635438361e-17,0.0,0.0,0.0,0.0,0.0,0.275,0.0,0.1816666666666667,0.09166666666666667,0.09166666666666667,0.0,0.0,0.0,0.36000000000000004
2014-11-01,0.01849986120838443,0.017766527875051098,0.18333333333333335,3,True,0.0007333333333333333,1.7697406026080689,-0.013436402002404257,6.106226635438361e-17,0.0,0.0,0.0,0.0,0.0,0.09166666666666667,0.09166666666666667,0.1816666666666667,0.09166666666666667,0.09166666666666667,0.09166666666666667,0.0,0.0,0.36000000000000004
2014-12-01,0.008714048112056522,0.008714048112056522,0.0,0,False,0.0,1.8011587390551986,-0.007821247600167336,6.106226635438361e-17,0.0,0.0,0.0,0.0,0.0,0.09166666666666667,0.09166666666666667,0.1816666666666667,0.09166666666666667,0.09166666666666667,0.09166666666666667,0.0,0.0,0.36000000000000004
2015-01-01,0.005685873293821746,0.005685873293821746,0.0,0,False,0.0,1.7751926459302207,-0.03221249439143403,6.106226635438361e-17,0.0,0.0,0.0,0.0,0.0,0.09166666666666667,0.09166666666666667,0.1816666666666667,0.09166666666666667,0.09166666666666667,0.09166666666666667,0.0,0.0,0.36000000000000004
2015-02-01,0.017845423511383074,0.017478756844716406,0.09166666666666667,2,True,0.00036666666666666667,1.7743364575772338,-0.03267926535985144,6.106226635438361e-17,0.0,0.0,0.09166666666666667,0.0,0.0,0.09166666666666667,0.09166666666666667,0.09000000000000001,0.09166666666666667,0.09166666666666667,0.09166666666666667,0.0,0.0,0.36000000000000004
2015-03-01,-0.014156171260965012,-0.014889504594298346,0.18333333333333335,4,True,0.0007333333333333333,1.802718272303681,-0.017206259800863544,6.106226635438361e-17,0.0,0.0,0.0,0.0,0.0,0.0,0.09166666666666667,0.1816666666666667,0.09166666666666667,0.09166666666666667,0.09166666666666667,0.0,0.09166666666666667,0.36000000000000004
2015-04-01,0.009719701974117818,0.009353035307451152,0.09166666666666667,2,True,0.00036666666666666667,1.7752442430225825,-0.03218436503802102,6.106226635438361e-17,0.0,0.09166666666666667,0.0,0.0,0.0,0.0,0.09166666666666667,0.1816666666666667,0.09166666666666667,0.09166666666666667,0.09166666666666667,0.0,0.0,0.36000000000000004
2015-05-01,0.00013622933400557176,-0.0009637706659944281,0.27499999999999997,6,True,0.0010999999999999998,1.7905273389992349,-0.023852430266248614,6.106226635438361e-17,0.0,0.09166666666666667,0.0,0.09166666666666667,0.0,0.09166666666666667,0.09166666666666667,0.1816666666666667,0.0,0.0,0.0,0.0,0.09166666666666667,0.36000000000000004
2015-06-01,-0.021851687600563066,-0.022218354267229734,0.09166666666666667,2,True,0.00036666666666666667,1.7901146452169854,-0.024077419867810534,6.106226635438361e-17,0.0,0.09166666666666667,0.0,0.09166666666666667,0.0,0.18333333333333335,0.09166666666666667,0.1816666666666667,0.0,0.0,0.0,0.0,0.0,0.36000000000000004
2015-07-01,0.014440966676892202,0.013707633343558867,0.18333333333333335,3,True,0.0007333333333333333,1.74971355429975,-0.0461030130293727,6.106226635438361e-17,0.0,0.0,0.0,0.0,0.0,0.3666666666666667,0.09166666666666667,0.1816666666666667,0.0,0.0,0.0,0.0,0.0,0.36000000000000004
2015-08-01,-0.06021130554454601,-0.06057797221121268,0.09166666666666666,2,True,0.0003666666666666666,1.778468264792362,-0.030426714681731082,6.106226635438361e-17,0.0,0.09166666666666667,0.0,0.0,0.0,0.275,0.09166666666666667,0.1816666666666667,0.0,0.0,0.0,0.0,0.0,0.36000000000000004
2015-09-01,0.014514416757174272,0.013414416757174271,0.27499999999999997,4,True,0.0010999999999999998,1.6689336790839402,-0.0901420383811895,6.106226635438361e-17,0.0,0.0,0.0,0.0,0.0,0.5499999999999999,0.0,0.09000000000000001,0.0,0.0,0.0,0.0,0.0,0.36000000000000004
2015-10-01,0.044826992902313574,0.04409365956898024,0.18333333333333332,3,True,0.0007333333333333332,1.6919156293716844,-0.07761289435054763,6.106226635438361e-17,0.0,0.0,0.0,0.0,0.0,0.3666666666666667,0.0,0.09000000000000001,0.09166666666666667,0.09166666666666667,0.0,0.0,0.0,0.36000000000000004
2015-11-01,0.0035935153672386807,0.0028601820339053475,0.18333333333333335,3,True,0.0007333333333333333,1.7629534104602091,-0.038884997904353624,6.106226635438361e-17,0.0,0.0,0.0,0.0,0.0,0.18333333333333335,0.0,0.1816666666666667,0.09166666666666667,0.09166666666666667,0.09166666666666667,0.0,0.0,0.36000000000000004
2015-12-01,-0.033275209103350564,-0.03364187577001723,0.09166666666666667,2,True,0.00036666666666666667,1.7673428689027768,-0.036491982674798695,6.106226635438361e-17,0.0,0.0,0.0,0.0,0.0,0.09166666666666667,0.09166666666666667,0.1816666666666667,0.09166666666666667,0.09166666666666667,0.09166666666666667,0.0,0.0,0.36000000000000004
2016-01-01,-0.006205789762487293,-0.007305789762487292,0.27499999999999997,4,True,0.0010999999999999998,1.724665622894448,-0.05975847465544837,6.106226635438361e-17,0.0,0.0,0.0,0.0,0.0,0.3666666666666667,0.0,0.1816666666666667,0.0,0.0,0.09166666666666667,0.0,0.0,0.36000000000000004
2016-02-01,0.023426791671080714,0.022693458337747382,0.18333333333333332,4,True,0.0007333333333333332,1.710821828255278,-0.06730574087059127,6.106226635438361e-17,0.0,0.0,0.09166666666666667,0.0,0.0,0.275,0.0,0.09000000000000001,0.0,0.09166666666666667,0.09166666666666667,0.0,0.0,0.36000000000000004
2016-03-01,0.00707145900795264,0.004904792341285973,0.5416666666666667,5,True,0.002166666666666667,1.7471072762067261,-0.04752388607115354,0.45000000000000007,0.0,0.0,0.09166666666666667,0.0,0.0,0.275,0.0,0.0,0.09166666666666667,0.09166666666666667,0.0,0.0,0.0,0.0
2016-04-01,-0.012092736293109831,-0.014992736293109831,0.725,7,True,0.0029,1.7543594342592077,-0.04357020365365316,6.106226635438361e-17,0.0,0.0,0.09166666666666667,0.0,0.0,0.0,0.09166666666666667,0.1816666666666667,0.09166666666666667,0.09166666666666667,0.09166666666666667,0.0,0.0,0.36000000000000004
2016-05-01,0.01430081619305126,0.01430081619305126,0.0,0,False,0.0,1.7249816332905583,-0.05958619424762934,6.106226635438361e-17,0.0,0.0,0.09166666666666667,0.0,0.0,0.0,0.09166666666666667,0.1816666666666667,0.09166666666666667,0.09166666666666667,0.09166666666666667,0.0,0.0,0.36000000000000004
2016-06-01,0.024284387666249154,0.024284387666249154,0.0,0,False,0.0,1.7496502785646362,-0.046137509266156784,6.106226635438361e-17,0.0,0.0,0.09166666666666667,0.0,0.0,0.0,0.09166666666666667,0.1816666666666667,0.09166666666666667,0.09166666666666667,0.09166666666666667,0.0,0.0,0.36000000000000004
2016-07-01,0.02449462273617439,0.023761289402841057,0.18333333333333335,4,True,0.0007333333333333333,1.790825228602574,-0.023690028829523868,6.106226635438361e-17,0.09166666666666667,0.0,0.09166666666666667,0.09166666666666667,0.0,0.0,0.0,0.09000000000000001,0.09166666666666667,0.09166666666666667,0.09166666666666667,0.0,0.0,0.36000000000000004
2016-08-01,0.0014945921275666607,0.0003945921275666608,0.27499999999999997,6,True,0.0010999999999999998,1.832672657064957,-0.0035642284504127097,6.106226635438361e-17,0.0,0.0,0.09166666666666667,0.0,0.0,0.0,0.09166666666666667,0.1816666666666667,0.0,0.09166666666666667,0.09166666666666667,0.0,0.09166666666666667,0.36000000000000004
2016-09-01,0.0016052065854142887,0.0012385399187476221,0.09166666666666667,2,True,0.00036666666666666667,1.8347387708803777,-0.007984051002809522,6.106226635438361e-17,0.0,0.0,0.0,0.0,0.0,0.0,0.09166666666666667,0.1816666666666667,0.09166666666666667,0.09166666666666667,0.09166666666666667,0.0,0.09166666666666667,0.36000000000000004
2016-10-01,-0.023301165203232305,-0.024034498536565637,0.18333333333333335,4,True,0.0007333333333333333,1.8441195825472325,-0.006843381635403323,6.106226635438361e-17,0.0,0.0,0.09166666666666667,0.09166666666666667,0.0,0.0,0.09166666666666667,0.1816666666666667,0.0,0.0,0.09166666666666667,0.0,0.09166666666666667,0.36000000000000004
2016-11-01,-0.01420557421869654,-0.015672240885363207,0.3666666666666667,6,True,0.0014666666666666667,1.797188855951579,-0.03211807757391305,6.106226635438361e-17,0.09166666666666667,0.0,0.0,0.09166666666666667,0.0,0.275,0.0,0.09000000000000001,0.0,0.0,0.0,0.0,0.09166666666666667,0.36000000000000004
2016-12-01,0.03294196884915325,0.032208635515819914,0.18333333333333335,4,True,0.0007333333333333333,1.7703595398520773,-0.046567093300762474,6.106226635438361e-17,0.09166666666666667,0.0,0.0,0.09166666666666667,0.0,0.18333333333333335,0.09166666666666667,0.1816666666666667,0.0,0.0,0.0,0.0,0.0,0.36000000000000004
2017-01-01,0.018402212390992434,0.018035545724325766,0.09166666666666667,2,True,0.00036666666666666667,1.8122217579299762,-0.02402205916254241,6.106226635438361e-17,0.09166666666666667,0.09166666666666667,0.0,0.09166666666666667,0.0,0.09166666666666667,0.09166666666666667,0.1816666666666667,0.0,0.0,0.0,0.0,0.0,0.36000000000000004
2017-02-01,0.03741495210569062,0.03704828543902395,0.09166666666666667,2,True,0.00036666666666666667,1.8442174772707807,-0.006790660112615532,6.106226635438361e-17,0.09166666666666667,0.09166666666666667,0.0,0.09166666666666667,0.0,0.0,0.09166666666666667,0.1816666666666667,0.0,0.0,0.0,0.0,0.09166666666666667,0.36000000000000004
2017-03-01,-0.005080387777694028,-0.005447054444360695,0.09166666666666667,2,True,0.00036666666666666667,1.9125172723005317,0.0,6.106226635438361e-17,0.09166666666666667,0.09166666666666667,0.0,0.0,0.0,0.0,0.09166666666666667,0.1816666666666667,0.0,0.0,0.09166666666666667,0.0,0.09166666666666667,0.36000000000000004
2017-04-01,0.020997364970342852,0.02026403163700952,0.18333333333333335,4,True,0.0007333333333333333,1.9062545896973757,-0.003274575709124261,6.106226635438361e-17,0.0,0.09166666666666667,0.0,0.09166666666666667,0.0,0.09166666666666667,0.09166666666666667,0.1816666666666667,0.0,0.0,0.0,0.0,0.09166666666666667,0.36000000000000004
2017-05-01,0.020193812741330988,0.01982714607466432,0.09166666666666667,2,True,0.00036666666666666667,1.9441405273726073,0.0,6.106226635438361e-17,0.0,0.09166666666666667,0.0,0.09166666666666667,0.0,0.0,0.09166666666666667,0.1816666666666667,0.0,0.0,0.09166666666666667,0.0,0.09166666666666667,0.36000000000000004
2017-06-01,-0.017697747411251123,-0.018431080744584456,0.18333333333333335,4,True,0.0007333333333333333,1.981945643691311,0.0,6.106226635438361e-17,0.0,0.09166666666666667,0.09166666666666667,0.09166666666666667,0.0,0.09166666666666667,0.0,0.1816666666666667,0.0,0.0,0.0,0.0,0.09166666666666667,0.36000000000000004
2017-07-01,0.034930438375149336,0.034197105041816,0.18333333333333335,4,True,0.0007333333333333333,1.9540292730797004,-0.020358818999914208,6.106226635438361e-17,0.0,0.09166666666666667,0.0,0.09166666666666667,0.0,0.0,0.09166666666666667,0.1816666666666667,0.09166666666666667,0.0,0.0,0.0,0.09166666666666667,0.36000000000000004
2017-08-01,0.00946281314475732,0.00946281314475732,0.0,0,False,0.0,2.020801363646646,-0.0009960319753319347,6.106226635438361e-17,0.0,0.09166666666666667,0.0,0.09166666666666667,0.0,0.0,0.09166666666666667,0.1816666666666667,0.09166666666666667,0.0,0.0,0.0,0.09166666666666667,0.36000000000000004
2017-09-01,0.004256783891992985,0.0035234505586596515,0.18333333333333335,4,True,0.0007333333333333333,2.0384278852119784,0.0,6.106226635438361e-17,0.0,0.09166666666666667,0.09166666666666667,0.09166666666666667,0.0,0.09166666666666667,0.0,0.1816666666666667,0.0,0.0,0.0,0.0,0.09166666666666667,0.36000000000000004
2017-10-01,0.03426156527661081,0.033528231943277476,0.18333333333333335,4,True,0.0007333333333333333,2.0459624681661275,-0.003156850295143343,6.106226635438361e-17,0.09166666666666667,0.09166666666666667,0.0,0.09166666666666667,0.0,0.0,0.09166666666666667,0.1816666666666667,0.0,0.0,0.0,0.0,0.09166666666666667,0.36000000000000004
2017-11-01,0.011470796724673289,0.011470796724673289,0.0,0,False,0.0,2.1145085672364936,0.0,6.106226635438361e-17,0.09166666666666667,0.09166666666666667,0.0,0.09166666666666667,0.0,0.0,0.09166666666666667,0.1816666666666667,0.0,0.0,0.0,0.0,0.09166666666666667,0.36000000000000004
2017-12-01,0.022837978841371676,0.022471312174705008,0.09166666666666667,2,True,0.00036666666666666667,2.137979451839944,-0.009677749320495255,6.106226635438361e-17,0.09166666666666667,0.09166666666666667,0.0,0.0,0.0,0.0,0.09166666666666667,0.1816666666666667,0.0,0.0,0.09166666666666667,0.0,0.09166666666666667,0.36000000000000004
2018-01-01,0.04635831436943029,0.04599164770276362,0.09166666666666667,2,True,0.00036666666666666667,2.100084775292478,-0.03409663523138384,6.106226635438361e-17,0.09166666666666667,0.09166666666666667,0.09166666666666667,0.0,0.0,0.0,0.09166666666666667,0.1816666666666667,0.0,0.0,0.0,0.0,0.09166666666666667,0.36000000000000004
2018-02-01,-0.036955684621521837,-0.036955684621521837,0.0,0,False,0.0,2.1966354370805883,-0.012474108050562371,6.106226635438361e-17,0.09166666666666667,0.09166666666666667,0.09166666666666667,0.0,0.0,0.0,0.09166666666666667,0.1816666666666667,0.0,0.0,0.0,0.0,0.09166666666666667,0.36000000000000004
2018-03-01,-0.02096468334621534,-0.021331350012882007,0.09166666666666667,2,True,0.00036666666666666667,2.114681602973478,-0.04931751490776093,6.106226635438361e-17,0.09166666666666667,0.09166666666666667,0.09166666666666667,0.0,0.0,0.09166666666666667,0.0,0.1816666666666667,0.0,0.0,0.0,0.0,0.09166666666666667,0.36000000000000004
2018-04-01,0.01655643551694902,0.015823102183615687,0.18333333333333335,4,True,0.0007333333333333333,2.1026654904074764,-0.05471951383721285,6.106226635438361e-17,0.09166666666666667,0.0,0.09166666666666667,0.0,0.0,0.18333333333333335,0.09166666666666667,0.09000000000000001,0.0,0.0,0.0,0.0,0.09166666666666667,0.36000000000000004
2018-05-01,0.039069102275316576,0.03833576894198324,0.18333333333333335,4,True,0.0007333333333333333,2.134344317568545,-0.04047788706562472,6.106226635438361e-17,0.09166666666666667,0.09166666666666667,0.0,0.0,0.0,0.275,0.09166666666666667,0.09000000000000001,0.0,0.0,0.0,0.0,0.0,0.36000000000000004
2018-06-01,-0.0020007356044766255,-0.0027340689378099587,0.18333333333333335,4,True,0.0007333333333333333,2.2161048977641027,-0.0037213600056636986,6.106226635438361e-17,0.09166666666666667,0.0,0.0,0.0,0.0,0.18333333333333335,0.09166666666666667,0.1816666666666667,0.0,0.0,0.09166666666666667,0.0,0.0,0.36000000000000004
2018-07-01,0.01649637787189489,0.01612971120522822,0.09166666666666667,2,True,0.00036666666666666667,2.2070369473281337,-0.015613765301279448,6.106226635438361e-17,0.09166666666666667,0.0,0.0,0.09166666666666667,0.0,0.09166666666666667,0.09166666666666667,0.1816666666666667,0.0,0.0,0.09166666666666667,0.0,0.0,0.36000000000000004
2018-08-01,0.02830431002579547,0.0279376433591288,0.09166666666666667,2,True,0.00036666666666666667,2.2418001713611724,-0.015808832188828337,6.106226635438361e-17,0.0,0.09166666666666667,0.0,0.09166666666666667,0.0,0.09166666666666667,0.09166666666666667,0.1816666666666667,0.0,0.0,0.09166666666666667,0.0,0.0,0.36000000000000004
2018-09-01,-0.0039456499125568294,-0.0043123165792234965,0.09166666666666667,2,True,0.00036666666666666667,2.315277687166322,-0.0027026575588519064,6.106226635438361e-17,0.0,0.0,0.0,0.09166666666666667,0.0,0.09166666666666667,0.09166666666666667,0.1816666666666667,0.0,0.09166666666666667,0.09166666666666667,0.0,0.0,0.36000000000000004
2018-10-01,-0.055170309600883316,-0.055536976267549984,0.09166666666666667,2,True,0.00036666666666666667,2.30445155090834,-0.007365975906728162,6.106226635438361e-17,0.09166666666666667,0.0,0.0,0.09166666666666667,0.0,0.09166666666666667,0.09166666666666667,0.1816666666666667,0.0,0.0,0.09166666666666667,0.0,0.0,0.36000000000000004
2018-11-01,0.006658653319479941,0.004825319986146608,0.45833333333333337,6,True,0.0018333333333333335,2.173322502601286,-0.06384933084870814,6.106226635438361e-17,0.0,0.0,0.0,0.0,0.0,0.5499999999999999,0.0,0.09000000000000001,0.0,0.0,0.0,0.0,0.0,0.36000000000000004
2018-12-01,-0.041579105977026694,-0.04231243931036003,0.18333333333333332,3,True,0.0007333333333333332,2.165978508320239,-0.06701272935593217,6.106226635438361e-17,0.0,0.0,0.09166666666666667,0.0,0.0,0.3666666666666667,0.0,0.09000000000000001,0.0,0.0,0.09166666666666667,0.0,0.0,0.36000000000000004
2019-01-01,0.03812726755025268,0.03739393421691935,0.18333333333333332,4,True,0.0007333333333333332,2.0759848397123988,-0.10577717088993,6.106226635438361e-17,0.0,0.0,0.09166666666666667,0.0,0.0,0.275,0.0,0.09000000000000001,0.09166666666666667,0.09166666666666667,0.0,0.0,0.0,0.36000000000000004
2019-02-01,0.027915802476245567,0.026815802476245567,0.27499999999999997,4,True,0.0010999999999999998,2.1511871240764013,-0.07338406367974704,6.106226635438361e-17,0.0,0.0,0.09166666666666667,0.09166666666666667,0.0,0.0,0.0,0.09000000000000001,0.09166666666666667,0.09166666666666667,0.09166666666666667,0.0,0.09166666666666667,0.36000000000000004
2019-03-01,0.03589506502324008,0.03552839835657341,0.09166666666666667,2,True,0.00036666666666666667,2.2104284512006234,-0.04786608005680493,6.106226635438361e-17,0.0,0.0,0.09166666666666667,0.09166666666666667,0.0,0.0,0.0,0.1816666666666667,0.09166666666666667,0.09166666666666667,0.09166666666666667,0.0,0.0,0.36000000000000004
2019-04-01,0.02179033702714287,0.021423670360476203,0.09166666666666667,2,True,0.00036666666666666667,2.288932341146822,-0.014050818393545161,6.106226635438361e-17,0.0,0.0,0.0,0.09166666666666667,0.0,0.0,0.0,0.1816666666666667,0.09166666666666667,0.09166666666666667,0.09166666666666667,0.0,0.09166666666666667,0.36000000000000004
2019-05-01,-0.044493779663921255,-0.044493779663921255,0.0,0,False,0.0,2.3388089482927374,-0.002638113886268556,6.106226635438361e-17,0.0,0.0,0.0,0.09166666666666667,0.0,0.0,0.0,0.1816666666666667,0.09166666666666667,0.09166666666666667,0.09166666666666667,0.0,0.09166666666666667,0.36000000000000004
2019-06-01,0.07138010445302152,0.07101343778635485,0.09166666666666667,2,True,0.00036666666666666667,2.2453516544541348,-0.04499751754358283,6.106226635438361e-17,0.0,0.0,0.09166666666666667,0.09166666666666667,0.0,0.0,0.0,0.1816666666666667,0.09166666666666667,0.09166666666666667,0.09166666666666667,0.0,0.0,0.36000000000000004
2019-07-01,0.010695399140104185,0.010328732473437519,0.09166666666666667,2,True,0.00036666666666666667,2.4038612884397033,-0.0005999944106998001,6.106226635438361e-17,0.0,0.09166666666666667,0.09166666666666667,0.0,0.0,0.0,0.0,0.1816666666666667,0.09166666666666667,0.09166666666666667,0.09166666666666667,0.0,0.0,0.36000000000000004
2019-08-01,0.011476922413657525,0.01111025574699086,0.09166666666666667,2,True,0.00036666666666666667,2.4286807014973983,-0.01237994874717685,6.106226635438361e-17,0.0,0.0,0.09166666666666667,0.09166666666666667,0.0,0.0,0.0,0.1816666666666667,0.09166666666666667,0.09166666666666667,0.09166666666666667,0.0,0.0,0.36000000000000004
2019-09-01,0.0029304847595689265,0.0029304847595689265,0.0,0,False,0.0,2.464835517925424,-0.0003367363520494493,6.106226635438361e-17,0.0,0.0,0.09166666666666667,0.09166666666666667,0.0,0.0,0.0,0.1816666666666667,0.09166666666666667,0.09166666666666667,0.09166666666666667,0.0,0.0,0.36000000000000004
2019-10-01,0.031234740878182093,0.030874740878182094,0.09000000000000001,2,True,0.00036,2.4711687397204445,-0.01279586411178435,6.106226635438361e-17,0.0,0.0,0.09166666666666667,0.09166666666666667,0.09000000000000001,0.0,0.0,0.09166666666666667,0.09166666666666667,0.09166666666666667,0.09166666666666667,0.0,0.0,0.36000000000000004
2019-11-01,0.0008716771375548195,0.0005050104708881529,0.09166666666666667,2,True,0.00036666666666666667,2.5474206581183876,0.0,6.106226635438361e-17,0.0,0.09166666666666667,0.09166666666666667,0.0,0.09000000000000001,0.0,0.0,0.09166666666666667,0.09166666666666667,0.09166666666666667,0.09166666666666667,0.0,0.0,0.36000000000000004
2019-12-01,0.04603766270717616,0.04531099604050949,0.1816666666666667,4,True,0.0007266666666666667,2.574259456125637,-0.0019072119281624555,6.106226635438361e-17,0.0,0.09166666666666667,0.0,0.0,0.0,0.0,0.09166666666666667,0.1816666666666667,0.09166666666666667,0.09166666666666667,0.09166666666666667,0.0,0.0,0.36000000000000004
2020-01-01,0.004587091303634431,0.0038537579703010975,0.18333333333333335,4,True,0.0007333333333333333,2.5575518769541086,-0.04240675918314751,6.106226635438361e-17,0.0,0.09166666666666667,0.09166666666666667,0.0,0.0,0.0,0.09166666666666667,0.1816666666666667,0.0,0.0,0.09166666666666667,0.0,0.09166666666666667,0.36000000000000004
2020-02-01,-0.022676082348482587,-0.02340941568181592,0.18333333333333335,4,True,0.0007333333333333333,2.5482747387588915,-0.04588028592171112,6.106226635438361e-17,0.0,0.09166666666666667,0.09166666666666667,0.0,0.0,0.0,0.0,0.1816666666666667,0.09166666666666667,0.09166666666666667,0.09166666666666667,0.0,0.0,0.36000000000000004
2020-03-01,-0.05083543822033825,-0.052295438220338254,0.365,6,True,0.00146,2.408961374806621,-0.09804170515948252,6.106226635438361e-17,0.0,0.0,0.09166666666666667,0.0,0.09000000000000001,0.275,0.0,0.0,0.09166666666666667,0.09166666666666667,0.0,0.0,0.0,0.36000000000000004
2020-04-01,0.0709470679816379,0.07058040131497123,0.09166666666666666,2,True,0.0003666666666666666,2.2823253169669386,-0.1454565138770254,6.106226635438361e-17,0.0,0.0,0.09166666666666667,0.0,0.09000000000000001,0.3666666666666667,0.0,0.0,0.0,0.09166666666666667,0.0,0.0,0.0,0.36000000000000004
2020-05-01,0.04119315499262745,0.04082648832596078,0.09166666666666666,2,True,0.0003666666666666666,2.443353381530331,-0.08516472171546563,6.106226635438361e-17,0.0,0.0,0.09166666666666667,0.0,0.09000000000000001,0.275,0.0,0.0,0.09166666666666667,0.09166666666666667,0.0,0.0,0.0,0.36000000000000004
2020-06-01,0.03385076139686786,0.03348409473020119,0.09166666666666669,2,True,0.0003666666666666667,2.5430700150449095,-0.0478290277219221,6.106226635438361e-17,0.0,0.0,0.09166666666666667,0.0,0.09000000000000001,0.18333333333333335,0.0,0.09166666666666667,0.09166666666666667,0.09166666666666667,0.0,0.0,0.0,0.36000000000000004
2020-07-01,0.07224095462992722,0.07150762129659388,0.18333333333333335,3,True,0.0007333333333333333,2.6272268244340746,-0.01631921063240427,6.106226635438361e-17,0.0,0.09166666666666667,0.09166666666666667,0.0,0.09000000000000001,0.0,0.0,0.09166666666666667,0.09166666666666667,0.09166666666666667,0.0,0.0,0.09166666666666667,0.36000000000000004
2020-08-01,0.04587751944420427,0.0455108527775376,0.09166666666666667,2,True,0.00036666666666666667,2.7846374339082716,0.0,6.106226635438361e-17,0.0,0.0,0.09166666666666667,0.09166666666666667,0.09000000000000001,0.0,0.0,0.09166666666666667,0.09166666666666667,0.09166666666666667,0.0,0.0,0.09166666666666667,0.36000000000000004
2020-09-01,-0.04038282511841701,-0.041116158451750345,0.18333333333333335,4,True,0.0007333333333333333,2.9091868463755666,0.0,6.106226635438361e-17,0.0,0.09166666666666667,0.09166666666666667,0.0,0.09000000000000001,0.0,0.09166666666666667,0.09166666666666667,0.09166666666666667,0.0,0.0,0.0,0.09166666666666667,0.36000000000000004
2020-10-01,-0.021970010055250854,-0.021970010055250854,0.0,0,False,0.0,2.791705662721582,-0.044837045567210465,6.106226635438361e-17,0.0,0.09166666666666667,0.09166666666666667,0.0,0.09000000000000001,0.0,0.09166666666666667,0.09166666666666667,0.09166666666666667,0.0,0.0,0.0,0.09166666666666667,0.36000000000000004
2020-11-01,0.08738551392893179,0.08629218059559846,0.2733333333333334,6,True,0.0010933333333333333,2.7077857239212966,-0.0735496773287393,6.106226635438361e-17,0.0,0.0,0.09166666666666667,0.09166666666666667,0.0,0.09166666666666667,0.09166666666666667,0.1816666666666667,0.0,0.0,0.0,0.0,0.09166666666666667,0.36000000000000004
2020-12-01,0.02845389163630841,0.02735389163630841,0.27499999999999997,6,True,0.0010999999999999998,2.937952446199275,0.0,6.106226635438361e-17,0.09166666666666667,0.09166666666666667,0.0,0.0,0.0,0.0,0.09166666666666667,0.1816666666666667,0.09166666666666667,0.0,0.0,0.0,0.09166666666666667,0.36000000000000004
2021-01-01,0.02992536922834913,0.029558702561682464,0.09166666666666667,2,True,0.00036666666666666667,2.9563774627777493,-0.02956477424071602,6.106226635438361e-17,0.09166666666666667,0.09166666666666667,0.09166666666666667,0.0,0.0,0.0,0.09166666666666667,0.1816666666666667,0.0,0.0,0.0,0.0,0.09166666666666667,0.36000000000000004
2021-02-01,0.034611718337278656,0.03424505167061199,0.09166666666666667,2,True,0.00036666666666666667,3.0426156706493805,-0.013947934239922133,6.106226635438361e-17,0.09166666666666667,0.09166666666666667,0.0,0.0,0.0,0.0,0.09166666666666667,0.1816666666666667,0.0,0.0,0.09166666666666667,0.0,0.09166666666666667,0.36000000000000004
2021-03-01,0.016988084068662437,0.016988084068662437,0.0,0,False,0.0,3.147925827250487,-0.014148909650610553,6.106226635438361e-17,0.09166666666666667,0.09166666666666667,0.0,0.0,0.0,0.0,0.09166666666666667,0.1816666666666667,0.0,0.0,0.09166666666666667,0.0,0.09166666666666667,0.36000000000000004
2021-04-01,0.0347874191087938,0.0347874191087938,0.0,0,False,0.0,3.201403055845732,0.0,6.106226635438361e-17,0.09166666666666667,0.09166666666666667,0.0,0.0,0.0,0.0,0.09166666666666667,0.1816666666666667,0.0,0.0,0.09166666666666667,0.0,0.09166666666666667,0.36000000000000004
2021-05-01,0.011747815647740217,0.011747815647740217,0.0,0,False,0.0,3.3052471718566996,-0.010513121304456918,6.106226635438361e-17,0.09166666666666667,0.09166666666666667,0.0,0.0,0.0,0.0,0.09166666666666667,0.1816666666666667,0.0,0.0,0.09166666666666667,0.0,0.09166666666666667,0.36000000000000004
2021-06-01,0.03272035477814114,0.03272035477814114,0.0,0,False,0.0,3.344076606301888,0.0,6.106226635438361e-17,0.09166666666666667,0.09166666666666667,0.0,0.0,0.0,0.0,0.09166666666666667,0.1816666666666667,0.0,0.0,0.09166666666666667,0.0,0.09166666666666667,0.36000000000000004
2021-07-01,0.011733928838335565,0.011733928838335565,0.0,0,False,0.0,3.453495979265369,0.0,6.106226635438361e-17,0.09166666666666667,0.09166666666666667,0.0,0.0,0.0,0.0,0.09166666666666667,0.1816666666666667,0.0,0.0,0.09166666666666667,0.0,0.09166666666666667,0.36000000000000004
2021-08-01,0.02660964273252816,0.02624297606586149,0.09166666666666667,2,True,0.00036666666666666667,3.5019387868801757,-0.002884797125468963,6.106226635438361e-17,0.09166666666666667,0.09166666666666667,0.0,0.0,0.0,0.09166666666666667,0.09166666666666667,0.1816666666666667,0.0,0.0,0.09166666666666667,0.0,0.0,0.36000000000000004
2021-09-01,-0.02691203721135179,-0.02691203721135179,0.0,0,False,0.0,3.5938059146903876,-1.4863765378070326e-05,6.106226635438361e-17,0.09166666666666667,0.09166666666666667,0.0,0.0,0.0,0.09166666666666667,0.09166666666666667,0.1816666666666667,0.0,0.0,0.09166666666666667,0.0,0.0,0.36000000000000004
2021-10-01,0.0345845030287839,0.0331245030287839,0.365,6,True,0.00146,3.491983525840636,-0.031872413540568356,6.106226635438361e-17,0.1816666666666667,0.0,0.0,0.0,0.0,0.3666666666666667,0.0,0.09166666666666667,0.0,0.0,0.0,0.0,0.0,0.36000000000000004
2021-11-01,-0.02286376827652369,-0.02396376827652369,0.27499999999999997,4,True,0.0010999999999999998,3.6087780134218037,-0.00036627290492419196,6.106226635438361e-17,0.1816666666666667,0.09166666666666667,0.0,0.0,0.0,0.09166666666666667,0.09166666666666667,0.09166666666666667,0.0,0.0,0.09166666666666667,0.0,0.0,0.36000000000000004
2021-12-01,0.034128640849962255,0.03302864084996226,0.275,5,True,0.0011,3.522388854637437,-0.04409394293262525,6.106226635438361e-17,0.09000000000000001,0.0,0.0,0.0,0.0,0.275,0.0,0.09166666666666667,0.0,0.09166666666666667,0.09166666666666667,0.0,0.0,0.36000000000000004
2022-01-01,-0.03302004978794839,-0.03412004978794839,0.275,5,True,0.0011,3.5154224478317744,-0.045984486747162046,6.106226635438361e-17,0.1816666666666667,0.0,0.09166666666666667,0.0,0.0,0.09166666666666667,0.09166666666666667,0.09166666666666667,0.0,0.0,0.09166666666666667,0.0,0.0,0.36000000000000004
2022-02-01,0.003356401350695596,0.002256401350695596,0.27499999999999997,4,True,0.0010999999999999998,3.391868582131881,-0.07951454077317444,6.106226635438361e-17,0.1816666666666667,0.0,0.09166666666666667,0.0,0.0,0.3666666666666667,0.0,0.0,0.0,0.0,0.0,0.0,0.0,0.36000000000000004
2022-03-01,0.006756374584592405,0.006756374584592405,0.0,0,False,0.0,3.4032530544223305,-0.07642502213452984,6.106226635438361e-17,0.1816666666666667,0.0,0.09166666666666667,0.0,0.0,0.3666666666666667,0.0,0.0,0.0,0.0,0.0,0.0,0.0,0.36000000000000004
2022-04-01,-0.0443012435073,-0.044667910173966666,0.09166666666666666,2,True,0.0003666666666666666,3.4249904164049827,-0.0705259357924507,6.106226635438361e-17,0.1816666666666667,0.0,0.09166666666666667,0.0,0.0,0.275,0.0,0.0,0.0,0.0,0.09166666666666667,0.0,0.0,0.36000000000000004
2022-05-01,-0.0006976654487300948,-0.0010643321153967615,0.09166666666666666,2,True,0.0003666666666666666,3.2661581571856653,-0.11362984195134895,6.106226635438361e-17,0.1816666666666667,0.0,0.09166666666666667,0.0,0.0,0.3666666666666667,0.0,0.0,0.0,0.0,0.0,0.0,0.0,0.36000000000000004
2022-06-01,-0.04240125756843925,-0.04276792423510592,0.09166666666666666,2,True,0.0003666666666666666,3.261486398687346,-0.11489766399769108,6.106226635438361e-17,0.1816666666666667,0.0,0.0,0.0,0.0,0.4583333333333333,0.0,0.0,0.0,0.0,0.0,0.0,0.0,0.36000000000000004
2022-07-01,0.0072046794653992064,0.005404679465399206,0.45,3,True,0.0018000000000000002,3.117573522347729,-0.15395274731193453,0.45000000000000007,0.09166666666666667,0.0,0.0,0.0,0.0,0.4583333333333333,0.0,0.0,0.0,0.0,0.0,0.0,0.0,0.0
2022-08-01,-0.02974971334103157,-0.03011638000769824,0.09166666666666667,2,True,0.00036666666666666667,3.138883294251288,-0.14816970038611954,0.45000000000000007,0.0,0.0,0.0,0.0,0.0,0.4583333333333333,0.09166666666666667,0.0,0.0,0.0,0.0,0.0,0.0,0.0
2022-09-01,-0.016616640701285806,-0.016983307367952474,0.09166666666666666,2,True,0.0003666666666666666,3.0443857318171466,-0.17381445343204527,0.45000000000000007,0.0,0.0,0.0,0.0,0.0,0.5499999999999999,0.0,0.0,0.0,0.0,0.0,0.0,0.0,0.0
2022-10-01,-0.01446772923028574,-0.01446772923028574,0.0,0,False,0.0,2.977886449202257,-0.1918610319517673,0.45000000000000007,0.0,0.0,0.0,0.0,0.0,0.5499999999999999,0.0,0.0,0.0,0.0,0.0,0.0,0.0,0.0
2022-11-01,0.02405492635138546,0.023688259684718792,0.09166666666666666,2,True,0.0003666666666666666,2.9337270998720584,-0.20384499830043323,0.45000000000000007,0.0,0.0,0.0,0.0,0.0,0.4583333333333333,0.09166666666666667,0.0,0.0,0.0,0.0,0.0,0.0,0.0
2022-12-01,-0.015477169113467566,-0.016943835780134232,0.36666666666666675,5,True,0.001466666666666667,2.999891385917059,-0.1858893311659866,0.45000000000000007,0.0,0.09166666666666667,0.09166666666666667,0.0,0.0,0.09166666666666667,0.09166666666666667,0.09166666666666667,0.0,0.0,0.0,0.0,0.09166666666666667,0.0
2023-01-01,0.06998958061543613,0.0674562472821028,0.6333333333333333,5,True,0.0025333333333333336,2.945290842478395,-0.20070682927482664,6.106226635438361e-17,0.0,0.09166666666666667,0.09166666666666667,0.0,0.0,0.275,0.0,0.0,0.0,0.0,0.0,0.45,0.09166666666666667,0.0
2023-02-01,-0.04241863929350749,-0.043151972626840826,0.18333333333333335,3,True,0.0007333333333333333,3.141141694981294,-0.147556815487209,6.106226635438361e-17,0.0,0.09166666666666667,0.09166666666666667,0.0,0.0,0.09166666666666667,0.09166666666666667,0.09166666666666667,0.0,0.0,0.0,0.45,0.09166666666666667,0.0
2023-03-01,0.05131462013265912,0.049147953465992454,0.5416666666666667,4,True,0.002166666666666667,3.0013816245187726,-0.18548491014245938,6.106226635438361e-17,0.0,0.09166666666666667,0.09166666666666667,0.09166666666666667,0.45,0.09166666666666667,0.09166666666666667,0.09166666666666667,0.0,0.0,0.0,0.0,0.0,0.0
2023-04-01,-0.01258997213694567,-0.014763305470279004,0.5433333333333334,6,True,0.0021733333333333335,3.1396176858885863,-0.14797040114820925,6.106226635438361e-17,0.36000000000000004,0.09166666666666667,0.09166666666666667,0.09166666666666667,0.09000000000000001,0.0,0.0,0.09166666666666667,0.09166666666666667,0.0,0.0,0.0,0.09166666666666667,0.0
2023-05-01,0.006923559615615381,0.005116892948948714,0.4516666666666667,5,True,0.0018066666666666667,3.0877638010244,-0.16204251092078348,6.106226635438361e-17,0.0,0.09166666666666667,0.09166666666666667,0.0,0.36000000000000004,0.0,0.0,0.09166666666666667,0.09166666666666667,0.09166666666666667,0.0,0.0,0.09166666666666667,0.09000000000000001
2023-06-01,-0.008967856832621815,-0.010067856832621815,0.27499999999999997,4,True,0.0010999999999999998,3.105722061450174,-0.15716899734127332,6.106226635438361e-17,0.0,0.09166666666666667,0.09166666666666667,0.0,0.36000000000000004,0.275,0.0,0.09166666666666667,0.0,0.0,0.0,0.0,0.0,0.09000000000000001
2023-07-01,0.02237979516380327,0.020206461830469938,0.5433333333333334,7,True,0.0021733333333333335,3.0831313407136722,-0.16329966822308384,6.106226635438361e-17,0.0,0.09166666666666667,0.0,0.0,0.0,0.18333333333333335,0.09166666666666667,0.1816666666666667,0.0,0.0,0.0,0.0,0.09166666666666667,0.36000000000000004
2023-08-01,-0.014221661631866032,-0.014954994965199366,0.18333333333333335,3,True,0.0007333333333333333,3.142974017723776,-0.1470595596530797,6.106226635438361e-17,0.09166666666666667,0.09166666666666667,0.09166666666666667,0.0,0.0,0.0,0.09166666666666667,0.1816666666666667,0.0,0.0,0.0,0.0,0.09166666666666667,0.36000000000000004
2023-09-01,-0.04812271530182064,-0.04922271530182064,0.27499999999999997,5,True,0.0010999999999999998,3.094867601450764,-0.16011468121884154,6.106226635438361e-17,0.09166666666666667,0.0,0.0,0.09166666666666667,0.0,0.18333333333333335,0.09166666666666667,0.1816666666666667,0.0,0.0,0.0,0.0,0.0,0.36000000000000004
2023-10-01,0.00021634100520007702,-0.0008836589947999228,0.27499999999999997,4,True,0.0010999999999999998,2.9500059157457836,-0.19942725246436765,6.106226635438361e-17,0.09166666666666667,0.0,0.0,0.0,0.0,0.4583333333333333,0.0,0.09000000000000001,0.0,0.0,0.0,0.0,0.0,0.36000000000000004
2023-11-01,0.063719237662398,0.06335257099573133,0.09166666666666666,2,True,0.0003666666666666666,2.9463177017036855,-0.20042816016879694,6.106226635438361e-17,0.09166666666666667,0.0,0.09166666666666667,0.0,0.0,0.3666666666666667,0.0,0.09000000000000001,0.0,0.0,0.0,0.0,0.0,0.36000000000000004
2023-12-01,0.017738324976234357,0.015904991642901024,0.45833333333333337,7,True,0.0018333333333333335,3.128309052398267,-0.15103933864962094,6.106226635438361e-17,0.0,0.09166666666666667,0.09166666666666667,0.09166666666666667,0.0,0.0,0.0,0.1816666666666667,0.0,0.0,0.09166666666666667,0.0,0.09166666666666667,0.36000000000000004
2024-01-01,0.026453301555810032,0.0257199682224767,0.18333333333333335,4,True,0.0007333333333333333,3.2235433555504613,-0.1251946488721365,6.106226635438361e-17,0.0,0.09166666666666667,0.09166666666666667,0.0,0.0,0.0,0.09166666666666667,0.1816666666666667,0.0,0.09166666666666667,0.09166666666666667,0.0,0.0,0.36000000000000004
2024-02-01,0.03146024483594316,0.030726911502609828,0.18333333333333335,4,True,0.0007333333333333333,3.3039655682318148,-0.10336966492022148,6.106226635438361e-17,0.0,0.09166666666666667,0.09166666666666667,0.09166666666666667,0.0,0.0,0.09166666666666667,0.1816666666666667,0.09166666666666667,0.0,0.0,0.0,0.0,0.36000000000000004
2024-03-01,0.010009119550030624,0.00927578621669729,0.18333333333333335,4,True,0.0007333333333333333,3.4054100005730272,-0.07583966998423997,6.106226635438361e-17,0.0,0.09166666666666667,0.09166666666666667,0.0,0.0,0.0,0.09166666666666667,0.1816666666666667,0.0,0.0,0.09166666666666667,0.0,0.09166666666666667,0.36000000000000004
2024-04-01,-0.042024192860393564,-0.042024192860393564,0.0,0,False,0.0,3.4394951563856324,-0.06658963875771651,6.106226635438361e-17,0.0,0.09166666666666667,0.09166666666666667,0.0,0.0,0.0,0.09166666666666667,0.1816666666666667,0.0,0.0,0.09166666666666667,0.0,0.09166666666666667,0.36000000000000004
2024-05-01,0.05297847866987966,0.052245145336546325,0.18333333333333335,3,True,0.0007333333333333333,3.29253684961566,-0.1064711911288676,6.106226635438361e-17,0.0,0.09166666666666667,0.09166666666666667,0.0,0.0,0.18333333333333335,0.0,0.1816666666666667,0.0,0.0,0.0,0.0,0.09166666666666667,0.36000000000000004
2024-06-01,0.03257597578897597,0.03184264245564263,0.18333333333333335,3,True,0.0007333333333333333,3.454494974935487,-0.06251898727702032,6.106226635438361e-17,0.09166666666666667,0.09166666666666667,0.09166666666666667,0.0,0.0,0.0,0.09166666666666667,0.1816666666666667,0.0,0.0,0.0,0.0,0.09166666666666667,0.36000000000000004
2024-07-01,-0.025945540718301793,-0.02631220738496846,0.09166666666666667,2,True,0.00036666666666666667,3.563105747364898,-0.03304419062265518,6.106226635438361e-17,0.09166666666666667,0.09166666666666667,0.09166666666666667,0.0,0.0,0.09166666666666667,0.0,0.1816666666666667,0.0,0.0,0.0,0.0,0.09166666666666667,0.36000000000000004
2024-08-01,0.011505023795497017,0.010771690462163683,0.18333333333333335,4,True,0.0007333333333333333,3.468113892148811,-0.058823084867558606,6.106226635438361e-17,0.0,0.09166666666666667,0.09166666666666667,0.0,0.0,0.0,0.09166666666666667,0.1816666666666667,0.0,0.0,0.09166666666666667,0.0,0.09166666666666667,0.36000000000000004
2024-09-01,0.04293775553494666,0.04293775553494666,0.0,0,False,0.0,3.6023347674699,-0.02239821725664848,6.106226635438361e-17,0.0,0.09166666666666667,0.09166666666666667,0.0,0.0,0.0,0.09166666666666667,0.1816666666666667,0.0,0.0,0.09166666666666667,0.0,0.09166666666666667,0.36000000000000004
2024-10-01,-0.0022402204843753205,-0.0022402204843753205,0.0,0,False,0.0,3.7570109370705613,-0.015242176392375684,6.106226635438361e-17,0.0,0.09166666666666667,0.09166666666666667,0.0,0.0,0.0,0.09166666666666667,0.1816666666666667,0.0,0.0,0.09166666666666667,0.0,0.09166666666666667,0.36000000000000004
2024-11-01,0.007348248997728003,0.005541582331061336,0.4516666666666667,5,True,0.0018066666666666667,3.741821943652375,-0.029060995949713564,6.106226635438361e-17,0.0,0.0,0.09166666666666667,0.0,0.36000000000000004,0.09166666666666667,0.09166666666666667,0.09166666666666667,0.0,0.0,0.09166666666666667,0.0,0.09166666666666667,0.09000000000000001
2024-12-01,-0.026798020623552854,-0.027164687290219522,0.09166666666666667,2,True,0.00036666666666666667,3.7836967310279612,-0.018195202504292962,6.106226635438361e-17,0.0,0.0,0.09166666666666667,0.0,0.36000000000000004,0.0,0.09166666666666667,0.09166666666666667,0.0,0.09166666666666667,0.09166666666666667,0.0,0.09166666666666667,0.09000000000000001
2025-01-01,0.028356044211033105,0.026889377544366436,0.3666666666666667,5,True,0.0014666666666666667,3.6347195451224144,-0.05685224249378962,6.106226635438361e-17,0.0,0.0,0.09166666666666667,0.0,0.36000000000000004,0.3666666666666667,0.0,0.09166666666666667,0.0,0.0,0.0,0.0,0.0,0.09000000000000001
2025-02-01,0.005682352955056461,0.004949019621723128,0.18333333333333335,3,True,0.0007333333333333333,3.732564394207552,-0.0314631722085682,6.106226635438361e-17,0.0,0.0,0.09166666666666667,0.09166666666666667,0.36000000000000004,0.18333333333333335,0.09166666666666667,0.09166666666666667,0.0,0.0,0.0,0.0,0.0,0.09000000000000001
2025-03-01,0.022239506601916533,0.0215061732685832,0.18333333333333335,4,True,0.0007333333333333333,3.7541505289947126,-0.02586193823026639,6.106226635438361e-17,0.0,0.09166666666666667,0.09166666666666667,0.09166666666666667,0.36000000000000004,0.09166666666666667,0.0,0.09166666666666667,0.0,0.0,0.09166666666666667,0.0,0.0,0.09000000000000001
2025-04-01,0.007511565098288102,0.006051565098288102,0.365,8,True,0.00146,3.829227867410559,-0.00638064882474354,6.106226635438361e-17,0.09166666666666667,0.09166666666666667,0.09166666666666667,0.0,0.36000000000000004,0.09166666666666667,0.0,0.09000000000000001,0.0,0.09166666666666667,0.0,0.0,0.09166666666666667,0.0
2025-05-01,0.03306977519801302,0.03233644186467968,0.18333333333333335,3,True,0.0007333333333333333,3.8551621681474635,-0.019864104676589167,6.106226635438361e-17,0.0,0.09166666666666667,0.09166666666666667,0.0,0.36000000000000004,0.275,0.0,0.09000000000000001,0.0,0.0,0.0,0.0,0.09166666666666667,0.0
2025-06-01,0.008084695999873328,0.007351362666539994,0.18333333333333335,3,True,0.0007333333333333333,3.934675608547723,-0.009544736076788962,6.106226635438361e-17,0.0,0.09166666666666667,0.09166666666666667,0.09166666666666667,0.36000000000000004,0.09166666666666667,0.0,0.1816666666666667,0.0,0.0,0.0,0.0,0.09166666666666667,0.0
2025-07-01,0.0031589861529081925,0.002432319486241526,0.1816666666666667,4,True,0.0007266666666666667,3.960697308450944,-0.002994429975471391,6.106226635438361e-17,0.0,0.09166666666666667,0.09166666666666667,0.09166666666666667,0.36000000000000004,0.0,0.0,0.09166666666666667,0.09166666666666667,0.0,0.0,0.0,0.09166666666666667,0.09000000000000001
2025-08-01,0.0371786920314449,0.036812025364778234,0.09166666666666667,2,True,0.00036666666666666667,3.971752253068852,-0.016253094879399188,6.106226635438361e-17,0.09166666666666667,0.09166666666666667,0.09166666666666667,0.09166666666666667,0.36000000000000004,0.0,0.0,0.09166666666666667,0.0,0.0,0.0,0.0,0.09166666666666667,0.09000000000000001
2025-09-01,0.06531155513181167,0.064944888465145,0.09166666666666667,2,True,0.00036666666666666667,4.082556734344751,0.0,6.106226635438361e-17,0.09166666666666667,0.09166666666666667,0.09166666666666667,0.0,0.36000000000000004,0.0,0.09166666666666667,0.09166666666666667,0.0,0.0,0.0,0.0,0.09166666666666667,0.09000000000000001
2025-10-01,0.02665940489940465,0.02665940489940465,0.0,0,False,0.0,4.347600158795342,0.0,6.106226635438361e-17,0.09166666666666667,0.09166666666666667,0.09166666666666667,0.0,0.36000000000000004,0.0,0.09166666666666667,0.09166666666666667,0.0,0.0,0.0,0.0,0.09166666666666667,0.09000000000000001
2025-11-01,0.02127638905519564,0.02127638905519564,0.0,0,False,0.0,4.452123396207634,-0.03640346468020883,6.106226635438361e-17,0.09166666666666667,0.09166666666666667,0.09166666666666667,0.0,0.36000000000000004,0.0,0.09166666666666667,0.09166666666666667,0.0,0.0,0.0,0.0,0.09166666666666667,0.09000000000000001
2025-12-01,0.012460800453880568,0.012460800453880568,0.0,0,False,0.0,4.5468485057070875,-0.01590160990250622,6.106226635438361e-17,0.09166666666666667,0.09166666666666667,0.09166666666666667,0.0,0.36000000000000004,0.0,0.09166666666666667,0.09166666666666667,0.0,0.0,0.0,0.0,0.09166666666666667,0.09000000000000001
2026-01-01,0.047283278310776305,0.04691661164410964,0.09166666666666667,2,True,0.00036666666666666667,4.395207929125907,-0.06764708972367062,6.106226635438361e-17,0.0,0.09166666666666667,0.09166666666666667,0.0,0.36000000000000004,0.09166666666666667,0.09166666666666667,0.09166666666666667,0.0,0.0,0.0,0.0,0.09166666666666667,0.09000000000000001
2026-02-01,0.07431007634712158,0.07394340968045492,0.09166666666666667,2,True,0.00036666666666666667,4.676618325183892,-0.05602476227211228,6.106226635438361e-17,0.09166666666666667,0.09166666666666667,0.09166666666666667,0.0,0.36000000000000004,0.0,0.09166666666666667,0.09166666666666667,0.0,0.0,0.0,0.0,0.09166666666666667,0.09000000000000001
2026-03-01,-0.05808990238957211,-0.05808990238957211,0.0,0,False,0.0,4.987964796159929,0.0,6.106226635438361e-17,0.09166666666666667,0.09166666666666667,0.09166666666666667,0.0,0.36000000000000004,0.0,0.09166666666666667,0.09166666666666667,0.0,0.0,0.0,0.0,0.09166666666666667,0.09000000000000001
2026-04-01,0.018164926599782836,0.017064926599782836,0.27499999999999997,4,True,0.0010999999999999998,4.693046372179545,-0.059126003496943746,6.106226635438361e-17,0.09166666666666667,0.0,0.09166666666666667,0.0,0.36000000000000004,0.275,0.09166666666666667,0.0,0.0,0.0,0.0,0.0,0.0,0.09000000000000001
2026-05-01,0.015496780856095873,0.014396780856095873,0.275,5,True,0.0011,4.7730390903229996,-0.04308885780476912,6.106226635438361e-17,0.09166666666666667,0.09166666666666667,0.0,0.0,0.36000000000000004,0.09166666666666667,0.09166666666666667,0.09166666666666667,0.0,0.0,0.0,0.0,0.09166666666666667,0.09000000000000001
2026-06-01,-0.03883717439724174,-0.04027717439724174,0.36000000000000004,3,True,0.00144,4.8400261427264955,-0.029659121401042543,6.106226635438361e-17,0.1816666666666667,0.09166666666666667,0.0,0.0,0.0,0.09166666666666667,0.09166666666666667,0.09166666666666667,0.0,0.0,0.0,0.0,0.09166666666666667,0.36000000000000004
2026-07-01,0.0,-0.0007266666666666667,0.1816666666666667,4,True,0.0007266666666666667,4.648672711339797,-0.06802214904991744,6.106226635438361e-17,0.0,0.09166666666666667,0.0,0.0,0.0,0.09166666666666667,0.09166666666666667,0.1816666666666667,0.0,0.0,0.09166666666666667,0.0,0.09166666666666667,0.36000000000000004
2026-08-01,0.0,-0.0018000000000000002,0.45,3,True,0.0018000000000000002,4.609484359521028,-0.07587873052558036,0.45000000000000007,0.0,0.09166666666666667,0.0,0.0,0.0,0.09166666666666667,0.09166666666666667,0.09166666666666667,0.0,0.0,0.09166666666666667,0.0,0.09166666666666667,0.0
