date,gross_return,net_return,turnover,operations,signal_changed,trade_cost,equity,drawdown,w__CASH,w_dbc.us,w_gld.us,w_hyg.us,w_iau.us,w_ief.us,w_ivv.us,w_lqd.us,w_qqq.us,w_spy.us,w_tlt.us,w_vnq.us,w_vt.us,w_vwo.us,w_xle.us,w_xlk.us
2007-05-01,-0.012209411571276795,-0.014409411571276794,0.5499999999999999,2,True,0.0021999999999999997,0.9978,0.0,0.45000000000000007,0.0,0.0,0.0,0.0,0.5499999999999999,0.0,0.0,0.0,0.0,0.0,0.0,0.0,0.0,0.0,0.0
2007-06-01,-0.0015383241102447042,-0.0015383241102447042,0.0,0,False,0.0,0.9856174491341805,-0.012788083625768443,0.45000000000000007,0.0,0.0,0.0,0.0,0.5499999999999999,0.0,0.0,0.0,0.0,0.0,0.0,0.0,0.0,0.0,0.0
2007-07-01,0.007877145941323637,0.007877145941323637,0.0,0,False,0.0,0.9854221255804951,-0.012983723161083205,0.45000000000000007,0.0,0.0,0.0,0.0,0.5499999999999999,0.0,0.0,0.0,0.0,0.0,0.0,0.0,0.0,0.0,0.0
2007-08-01,0.01073498067480838,0.01073498067480838,0.0,0,False,0.0,0.993184439477502,-0.005208851901961187,0.45000000000000007,0.0,0.0,0.0,0.0,0.5499999999999999,0.0,0.0,0.0,0.0,0.0,0.0,0.0,0.0,0.0,0.0
2007-09-01,0.00013532164185414694,0.00013532164185414694,0.0,0,False,0.0,1.0070520970313264,0.0,0.45000000000000007,0.0,0.0,0.0,0.0,0.5499999999999999,0.0,0.0,0.0,0.0,0.0,0.0,0.0,0.0,0.0,0.0
2007-10-01,0.016774198706921865,0.014574198706921865,0.55,7,True,0.0022,1.004972558553985,-0.011362571040904657,0.45000000000000007,0.09166666666666667,0.09166666666666667,0.0,0.0,0.0,0.0,0.0,0.09166666666666667,0.09166666666666667,0.0,0.0,0.0,0.09166666666666667,0.09166666666666667,0.0
2007-11-01,-0.011111121117961626,-0.011111121117961626,0.0,0,False,0.0,1.0218301679461734,-0.011918826011865669,0.45000000000000007,0.09166666666666667,0.09166666666666667,0.0,0.0,0.0,0.0,0.0,0.09166666666666667,0.09166666666666667,0.0,0.0,0.0,0.09166666666666667,0.09166666666666667,0.0
2007-12-01,0.018864534509495975,0.018497867842829308,0.09166666666666667,2,True,0.00036666666666666667,1.0094561914109774,-0.02645460172330949,0.45000000000000007,0.09166666666666667,0.09166666666666667,0.0,0.0,0.0,0.0,0.0,0.09166666666666667,0.0,0.09166666666666667,0.0,0.0,0.09166666666666667,0.09166666666666667,0.0
2008-01-01,-0.019993362781442363,-0.019993362781442363,0.0,0,False,0.0,1.0184787998719853,-0.01775296709824592,0.45000000000000007,0.09166666666666667,0.09166666666666667,0.0,0.0,0.0,0.0,0.0,0.09166666666666667,0.0,0.09166666666666667,0.0,0.0,0.09166666666666667,0.09166666666666667,0.0
2008-02-01,0.019360090705554153,0.018260090705554153,0.27499999999999997,5,True,0.0010999999999999998,0.9970180561588218,-0.03845025784084111,0.45000000000000007,0.09166666666666667,0.09166666666666667,0.0,0.0,0.18333333333333335,0.0,0.09166666666666667,0.0,0.0,0.09166666666666667,0.0,0.0,0.0,0.0,0.0
2008-03-01,-0.014795324825789326,-0.015161991492455992,0.09166666666666667,2,True,0.00036666666666666667,1.0157078665620847,-0.02042532613248471,0.45000000000000007,0.09166666666666667,0.09166666666666667,0.0,0.0,0.09166666666666667,0.0,0.09166666666666667,0.0,0.0,0.09166666666666667,0.0,0.0,0.0,0.09166666666666667,0.0
2008-04-01,-0.0055170765643616105,-0.006250409897694944,0.18333333333333335,3,True,0.0007333333333333333,0.9995796596673368,-0.03597978182698025,0.45000000000000007,0.09166666666666667,0.09166666666666667,0.0,0.0,0.275,0.0,0.0,0.0,0.0,0.09166666666666667,0.0,0.0,0.0,0.0,0.0
2008-05-01,0.015831395220907474,0.014731395220907474,0.27499999999999997,6,True,0.0010999999999999998,0.9929714307604054,-0.04235292698953519,0.45000000000000007,0.09166666666666667,0.0,0.0,0.0,0.18333333333333335,0.0,0.0,0.09166666666666667,0.0,0.0,0.0,0.0,0.09166666666666667,0.09166666666666667,0.0
2008-06-01,-0.014524574203236922,-0.014891240869903588,0.09166666666666667,2,True,0.00036666666666666667,1.0079979559305323,-0.027860961358992964,0.45000000000000007,0.09166666666666667,0.0,0.0,0.0,0.09166666666666667,0.0,0.0,0.09166666666666667,0.0,0.0,0.09166666666666667,0.0,0.09166666666666667,0.09166666666666667,0.0
2008-07-01,-0.07445467804290504,-0.07735467804290504,0.725,8,True,0.0029,0.990113304190992,-0.045109377435844755,6.106226635438361e-17,0.4516666666666667,0.09166666666666667,0.0,0.09000000000000001,0.275,0.0,0.0,0.0,0.0,0.0,0.0,0.0,0.0,0.09166666666666667,0.0
2008-08-01,0.00048439119132685294,-0.0020489421420064806,0.6333333333333333,6,True,0.0025333333333333336,0.9140732035679716,-0.11844439749507485,0.45000000000000007,0.09166666666666667,0.0,0.0,0.0,0.4583333333333333,0.0,0.0,0.0,0.0,0.0,0.0,0.0,0.0,0.0,0.0
2008-09-01,-0.00011875504340294138,-0.000485421710069608,0.09166666666666667,2,True,0.00036666666666666667,0.9156807447637135,-0.11689404360456346,0.45000000000000007,0.0,0.0,0.0,0.0,0.4583333333333333,0.0,0.0,0.0,0.0,0.09166666666666667,0.0,0.0,0.0,0.0,0.0
2008-10-01,-0.011056223690816372,-0.011056223690816372,0.0,0,False,0.0,0.9152362933226718,-0.11732268395455114,0.45000000000000007,0.0,0.0,0.0,0.0,0.4583333333333333,0.0,0.0,0.0,0.0,0.09166666666666667,0.0,0.0,0.0,0.0,0.0
2008-11-01,0.05630535340674323,0.05630535340674323,0.0,0,False,0.0,0.9061096920760767,-0.1261246118847862,0.45000000000000007,0.0,0.0,0.0,0.0,0.4583333333333333,0.0,0.0,0.0,0.0,0.09166666666666667,0.0,0.0,0.0,0.0,0.0
2008-12-01,0.014473048118800291,0.014473048118800291,0.0,0,False,0.0,0.9571285185136955,-0.07692074932350412,0.45000000000000007,0.0,0.0,0.0,0.0,0.4583333333333333,0.0,0.0,0.0,0.0,0.09166666666666667,0.0,0.0,0.0,0.0,0.0
2009-01-01,-0.012900239394483225,-0.013633572727816557,0.18333333333333332,3,True,0.0007333333333333332,0.979825098720381,-0.055031586222774265,0.45000000000000007,0.0,0.09166666666666667,0.0,0.0,0.275,0.0,0.09166666666666667,0.0,0.0,0.09166666666666667,0.0,0.0,0.0,0.0,0.0
2009-02-01,-0.006674310024049149,-0.006674310024049149,0.0,0,False,0.0,0.967282149465834,-0.0671283276479906,0.45000000000000007,0.0,0.09166666666666667,0.0,0.0,0.275,0.0,0.09166666666666667,0.0,0.0,0.09166666666666667,0.0,0.0,0.0,0.0,0.0
2009-03-01,0.008126545246123175,0.007759878579456508,0.09166666666666666,2,True,0.0003666666666666666,0.9598378754903725,-0.0743077760816977,0.45000000000000007,0.0,0.09166666666666667,0.0,0.0,0.3666666666666667,0.0,0.09166666666666667,0.0,0.0,0.0,0.0,0.0,0.0,0.0,0.0
2009-04-01,0.006089988208681527,0.004989988208681528,0.27499999999999997,5,True,0.0010999999999999998,0.9662192292344236,-0.06815343513539762,0.45000000000000007,0.0,0.09166666666666667,0.0,0.0,0.18333333333333335,0.0,0.0,0.09166666666666667,0.0,0.09166666666666667,0.0,0.0,0.09166666666666667,0.0,0.0
2009-05-01,0.07926596704166895,0.07673263370833562,0.6333333333333333,6,True,0.0025333333333333336,0.9696408307653289,-0.06485355500836276,6.106226635438361e-17,0.0,0.0,0.09166666666666667,0.0,0.18333333333333335,0.0,0.09166666666666667,0.09166666666666667,0.0,0.0,0.0,0.45,0.09166666666666667,0.0,0.0
2009-06-01,-0.02236162513705931,-0.023094958470392644,0.18333333333333335,3,True,0.0007333333333333333,1.0457329153098371,0.0,6.106226635438361e-17,0.09166666666666667,0.09166666666666667,0.09166666666666667,0.0,0.0,0.0,0.09166666666666667,0.09166666666666667,0.0,0.0,0.0,0.45,0.09166666666666667,0.0,0.0
2009-07-01,0.08432286021302449,0.08358952687969115,0.18333333333333335,4,True,0.0007333333333333333,1.021598905537094,-0.023078559945292065,6.106226635438361e-17,0.0,0.0,0.09166666666666667,0.0,0.09166666666666667,0.0,0.09166666666666667,0.09166666666666667,0.09166666666666667,0.0,0.0,0.45,0.09166666666666667,0.0,0.0
2009-08-01,-0.0170087726301007,-0.017375439296767367,0.09166666666666667,2,True,0.00036666666666666667,1.0933181718273093,0.0,6.106226635438361e-17,0.0,0.09166666666666667,0.09166666666666667,0.0,0.0,0.0,0.09166666666666667,0.09166666666666667,0.09166666666666667,0.0,0.0,0.45,0.09166666666666667,0.0,0.0
2009-09-01,0.04595639211241085,0.04558972544574418,0.09166666666666667,2,True,0.00036666666666666667,1.073934186528238,-0.025038160075110838,6.106226635438361e-17,0.0,0.0,0.09166666666666667,0.0,0.0,0.0,0.09166666666666667,0.09166666666666667,0.09166666666666667,0.0,0.09166666666666667,0.45,0.09166666666666667,0.0,0.0
2009-10-01,0.03798002467714341,0.03581335801047675,0.5416666666666667,4,True,0.002166666666666667,1.1208545357318533,-0.04568259264861474,6.106226635438361e-17,0.0,0.09166666666666667,0.09166666666666667,0.45,0.0,0.0,0.0,0.09166666666666667,0.09166666666666667,0.0,0.09166666666666667,0.0,0.09166666666666667,0.0,0.0
2009-11-01,0.0903278327612076,0.08923449942787426,0.2733333333333333,6,True,0.0010933333333333333,1.1527184780523763,-0.03259530841919256,6.106226635438361e-17,0.0,0.09166666666666667,0.0,0.36000000000000004,0.0,0.0,0.09166666666666667,0.09166666666666667,0.0,0.0,0.09166666666666667,0.0,0.09166666666666667,0.09166666666666667,0.09000000000000001
2009-12-01,-0.008425280530587491,-0.009158613863920825,0.18333333333333335,4,True,0.0007333333333333333,1.2545462180328701,0.0,6.106226635438361e-17,0.0,0.09166666666666667,0.09166666666666667,0.36000000000000004,0.0,0.0,0.0,0.09166666666666667,0.09166666666666667,0.0,0.09166666666666667,0.0,0.09166666666666667,0.0,0.09000000000000001
2010-01-01,-0.037435669012230874,-0.03780233567889754,0.09166666666666667,2,True,0.00036666666666666667,1.1834835793393919,-0.06496488055638938,6.106226635438361e-17,0.0,0.09166666666666667,0.0,0.36000000000000004,0.0,0.0,0.0,0.09166666666666667,0.09166666666666667,0.0,0.09166666666666667,0.0,0.09166666666666667,0.09166666666666667,0.09000000000000001
2010-02-01,0.019895112499522288,0.019161779166188955,0.18333333333333335,3,True,0.0007333333333333333,1.1379262891066693,-0.10095833839385138,6.106226635438361e-17,0.0,0.09166666666666667,0.0,0.36000000000000004,0.18333333333333335,0.0,0.0,0.09166666666666667,0.09166666666666667,0.0,0.09166666666666667,0.0,0.0,0.0,0.09000000000000001
2010-03-01,0.043913427394203716,0.041740094060870384,0.5433333333333334,7,True,0.0021733333333333335,1.1580431650434762,-0.08506459400839561,6.106226635438361e-17,0.0,0.0,0.09166666666666667,0.0,0.09166666666666667,0.09000000000000001,0.0,0.09166666666666667,0.09166666666666667,0.0,0.09166666666666667,0.0,0.0,0.09166666666666667,0.36000000000000004
2010-04-01,0.0378879934261728,0.036081326759506135,0.4516666666666667,5,True,0.0018066666666666667,1.2067127359218195,-0.04661221594929066,6.106226635438361e-17,0.0,0.0,0.09166666666666667,0.36000000000000004,0.0,0.0,0.0,0.09166666666666667,0.09166666666666667,0.0,0.09166666666666667,0.0,0.09166666666666667,0.09166666666666667,0.09000000000000001
2010-05-01,-0.04613077090223537,-0.04649743756890204,0.09166666666666667,2,True,0.00036666666666666667,1.2412806161076761,-0.01930116360960643,6.106226635438361e-17,0.0,0.09166666666666667,0.0,0.36000000000000004,0.0,0.0,0.0,0.09166666666666667,0.09166666666666667,0.0,0.09166666666666667,0.0,0.09166666666666667,0.09166666666666667,0.09000000000000001
2010-06-01,-0.00766878866465407,-0.009135455331320737,0.3666666666666667,6,True,0.0014666666666666667,1.181849318915243,-0.06625606103203985,6.106226635438361e-17,0.0,0.09166666666666667,0.0,0.36000000000000004,0.275,0.0,0.0,0.0,0.0,0.09166666666666667,0.09166666666666667,0.0,0.0,0.0,0.09000000000000001
2010-07-01,0.003379292898023512,0.0030126262313568456,0.09166666666666667,2,True,0.00036666666666666667,1.1723559447340566,-0.07375649316003219,6.106226635438361e-17,0.0,0.09166666666666667,0.0,0.36000000000000004,0.275,0.0,0.09166666666666667,0.0,0.0,0.09166666666666667,0.0,0.0,0.0,0.0,0.09000000000000001
2010-08-01,0.027489553149258675,0.026756219815925342,0.18333333333333335,3,True,0.0007333333333333333,1.1778395777311086,-0.06942403808934539,6.106226635438361e-17,0.0,0.09166666666666667,0.0,0.36000000000000004,0.09166666666666667,0.0,0.09166666666666667,0.0,0.0,0.09166666666666667,0.09166666666666667,0.0,0.09166666666666667,0.0,0.09000000000000001
2010-09-01,0.04339657453209325,0.04339657453209325,0.0,0,False,0.0,1.2093303683060852,-0.04454410258311481,6.106226635438361e-17,0.0,0.09166666666666667,0.0,0.36000000000000004,0.09166666666666667,0.0,0.09166666666666667,0.0,0.0,0.09166666666666667,0.09166666666666667,0.0,0.09166666666666667,0.0,0.09000000000000001
2010-10-01,0.02897143829835869,0.028238104965025358,0.18333333333333335,4,True,0.0007333333333333333,1.2608858355814412,-0.003811663753087502,6.106226635438361e-17,0.09166666666666667,0.09166666666666667,0.0,0.36000000000000004,0.0,0.0,0.0,0.09166666666666667,0.0,0.09166666666666667,0.09166666666666667,0.0,0.09166666666666667,0.0,0.09000000000000001
2010-11-01,0.0150254502504282,0.014658783583761534,0.09166666666666667,2,True,0.00036666666666666667,1.2969397927472817,-0.006860687021796763,6.106226635438361e-17,0.09166666666666667,0.09166666666666667,0.0,0.36000000000000004,0.0,0.0,0.0,0.09166666666666667,0.09166666666666667,0.0,0.09166666666666667,0.0,0.09166666666666667,0.0,0.09000000000000001
2010-12-01,0.03419916532733727,0.033832498660670604,0.09166666666666667,2,True,0.00036666666666666667,1.3159442072187442,-0.023616974521854517,6.106226635438361e-17,0.0,0.09166666666666667,0.0,0.36000000000000004,0.0,0.0,0.0,0.09166666666666667,0.09166666666666667,0.0,0.09166666666666667,0.0,0.09166666666666667,0.09166666666666667,0.09000000000000001
2011-01-01,-0.007179305214323516,-0.007545971880990183,0.09166666666666667,2,True,0.00036666666666666667,1.322669929902135,-0.020118907902710648,6.106226635438361e-17,0.09166666666666667,0.09166666666666667,0.0,0.36000000000000004,0.0,0.0,0.0,0.09166666666666667,0.0,0.0,0.09166666666666667,0.0,0.09166666666666667,0.09166666666666667,0.09000000000000001
2011-02-01,0.03052437839546693,0.030157711728800263,0.09166666666666667,2,True,0.00036666666666666667,1.3122112610020824,-0.027867063109070944,6.106226635438361e-17,0.09166666666666667,0.0,0.0,0.36000000000000004,0.0,0.0,0.0,0.09166666666666667,0.09166666666666667,0.0,0.09166666666666667,0.0,0.09166666666666667,0.09166666666666667,0.09000000000000001
2011-03-01,0.007623429823641663,0.007256763156974996,0.09166666666666667,2,True,0.00036666666666666667,1.3517698633132118,-0.0026231285433105933,6.106226635438361e-17,0.09166666666666667,0.09166666666666667,0.0,0.36000000000000004,0.0,0.0,0.0,0.09166666666666667,0.09166666666666667,0.0,0.09166666666666667,0.0,0.0,0.09166666666666667,0.09000000000000001
2011-04-01,0.04992265200751506,0.04992265200751506,0.0,0,False,0.0,1.3620749860038934,-0.0009097213067659204,6.106226635438361e-17,0.09166666666666667,0.09166666666666667,0.0,0.36000000000000004,0.0,0.0,0.0,0.09166666666666667,0.09166666666666667,0.0,0.09166666666666667,0.0,0.0,0.09166666666666667,0.09000000000000001
2011-05-01,-0.02418739379438732,-0.02491406046105399,0.1816666666666667,4,True,0.0007266666666666667,1.4428690294130997,0.0,6.106226635438361e-17,0.1816666666666667,0.09166666666666667,0.0,0.36000000000000004,0.0,0.0,0.0,0.09166666666666667,0.0,0.0,0.09166666666666667,0.0,0.09166666666666667,0.09166666666666667,0.0
2011-06-01,-0.014837441569718949,-0.014837441569718949,0.0,0,False,0.0,1.4069466632923429,-0.024896484288229992,6.106226635438361e-17,0.1816666666666667,0.09166666666666667,0.0,0.36000000000000004,0.0,0.0,0.0,0.09166666666666667,0.0,0.0,0.09166666666666667,0.0,0.09166666666666667,0.09166666666666667,0.0
2011-07-01,0.039275865895841214,0.03744919922917455,0.4566666666666668,7,True,0.001826666666666667,1.3835392843721566,-0.04111928652670305,6.106226635438361e-17,0.0,0.0,0.0,0.36000000000000004,0.3666666666666667,0.09000000000000001,0.0,0.0,0.0,0.0,0.09166666666666667,0.0,0.09166666666666667,0.0,0.0
2011-08-01,0.055827674039564026,0.05436100737289736,0.3666666666666667,6,True,0.0014666666666666667,1.4357700985847284,-0.004920010537102559,6.106226635438361e-17,0.09166666666666667,0.09166666666666667,0.0,0.36000000000000004,0.09166666666666667,0.09000000000000001,0.0,0.09166666666666667,0.0,0.09166666666666667,0.09166666666666667,0.0,0.0,0.0,0.0
2011-09-01,-0.03638681292756103,-0.037846812927561035,0.365,7,True,0.00146,1.5137125519709487,-0.005776384070455554,6.106226635438361e-17,0.09000000000000001,0.09166666666666667,0.0,0.36000000000000004,0.275,0.0,0.09166666666666667,0.0,0.0,0.09166666666666667,0.0,0.0,0.0,0.0,0.0
2011-10-01,0.02390488292498608,0.02354488292498608,0.09000000000000001,2,True,0.00036,1.439404877203751,-0.06782553987968232,6.106226635438361e-17,0.0,0.09166666666666667,0.0,0.36000000000000004,0.275,0.0,0.09166666666666667,0.0,0.0,0.09166666666666667,0.0,0.0,0.0,0.0,0.09000000000000001
2011-11-01,0.0019234695224381922,0.001190136189104859,0.18333333333333335,3,True,0.0007333333333333333,1.472202701735819,-0.04658530729432775,6.106226635438361e-17,0.0,0.09166666666666667,0.0,0.36000000000000004,0.09166666666666667,0.0,0.09166666666666667,0.09166666666666667,0.0,0.09166666666666667,0.09166666666666667,0.0,0.0,0.0,0.09000000000000001
2011-12-01,0.004887208624812833,0.0027138752914794995,0.5433333333333334,7,True,0.0021733333333333335,1.4718286972498797,-0.04682751672079599,6.106226635438361e-17,0.0,0.09166666666666667,0.0,0.0,0.09166666666666667,0.09000000000000001,0.0,0.09166666666666667,0.09166666666666667,0.09166666666666667,0.0,0.0,0.0,0.09166666666666667,0.36000000000000004
2012-01-01,0.03735573652464077,0.03625573652464077,0.27499999999999997,6,True,0.0010999999999999998,1.4345570315239393,-0.07096505816317178,6.106226635438361e-17,0.0,0.0,0.09166666666666667,0.0,0.0,0.09000000000000001,0.09166666666666667,0.0,0.09166666666666667,0.09166666666666667,0.09166666666666667,0.0,0.0,0.09166666666666667,0.36000000000000004
2012-02-01,0.005025101122691124,0.0028517677893577908,0.5433333333333334,7,True,0.0021733333333333335,1.4832783258886255,-0.03941261104419791,6.106226635438361e-17,0.0,0.09166666666666667,0.0,0.36000000000000004,0.0,0.0,0.09166666666666667,0.09166666666666667,0.09166666666666667,0.09166666666666667,0.09166666666666667,0.0,0.0,0.0,0.09000000000000001
2012-03-01,0.03129993464396568,0.029126601310632348,0.5433333333333334,7,True,0.0021733333333333335,1.4874920920324655,-0.0366837296554966,6.106226635438361e-17,0.0,0.0,0.09166666666666667,0.0,0.09166666666666667,0.09000000000000001,0.09166666666666667,0.09166666666666667,0.09166666666666667,0.0,0.09166666666666667,0.0,0.0,0.0,0.36000000000000004
2012-04-01,-0.006470579297007671,-0.007197245963674338,0.1816666666666667,4,True,0.0007266666666666667,1.5226217699989535,-0.013933363089956519,6.106226635438361e-17,0.0,0.0,0.09166666666666667,0.09000000000000001,0.09166666666666667,0.0,0.0,0.09166666666666667,0.09166666666666667,0.0,0.09166666666666667,0.0,0.09166666666666667,0.0,0.36000000000000004
2012-05-01,-0.05600204930332391,-0.05709538263665725,0.2733333333333334,6,True,0.0010933333333333333,1.5100174864397284,-0.022096036016873932,6.106226635438361e-17,0.0,0.0,0.09166666666666667,0.0,0.0,0.09000000000000001,0.09166666666666667,0.09166666666666667,0.09166666666666667,0.09166666666666667,0.09166666666666667,0.0,0.0,0.0,0.36000000000000004
2012-06-01,0.034390468680027916,0.03329046868002792,0.27499999999999997,4,True,0.0010999999999999998,1.4238854139612624,-0.0778761152935491,6.106226635438361e-17,0.0,0.0,0.0,0.0,0.275,0.09000000000000001,0.09166666666666667,0.0,0.0,0.09166666666666667,0.09166666666666667,0.0,0.0,0.0,0.36000000000000004
2012-07-01,0.011479262737716048,0.010379262737716048,0.27499999999999997,4,True,0.0010999999999999998,1.464154410849082,-0.05179746916139727,6.106226635438361e-17,0.0,0.0,0.09166666666666667,0.0,0.0,0.09000000000000001,0.09166666666666667,0.09166666666666667,0.09166666666666667,0.09166666666666667,0.09166666666666667,0.0,0.0,0.0,0.36000000000000004
2012-08-01,0.0214620274394714,0.02109536077280473,0.09166666666666667,2,True,0.00036666666666666667,1.4787903439991779,-0.04231907757149833,6.106226635438361e-17,0.0,0.0,0.09166666666666667,0.0,0.09166666666666667,0.09000000000000001,0.09166666666666667,0.0,0.09166666666666667,0.09166666666666667,0.09166666666666667,0.0,0.0,0.0,0.36000000000000004
2012-09-01,0.0079032385942472,0.007536571927580533,0.09166666666666667,2,True,0.00036666666666666667,1.511036880105552,-0.021435865445592284,6.106226635438361e-17,0.0,0.0,0.09166666666666667,0.0,0.0,0.09000000000000001,0.09166666666666667,0.09166666666666667,0.09166666666666667,0.09166666666666667,0.09166666666666667,0.0,0.0,0.0,0.36000000000000004
2012-10-01,-0.027092670379067943,-0.028192670379067943,0.27499999999999997,6,True,0.0010999999999999998,1.5207458768797786,-0.01565798016932407,6.106226635438361e-17,0.0,0.09166666666666667,0.0,0.0,0.0,0.09000000000000001,0.0,0.09166666666666667,0.09166666666666667,0.0,0.09166666666666667,0.0,0.09166666666666667,0.09166666666666667,0.36000000000000004
2012-11-01,-0.00407665235428963,-0.005543319020956296,0.3666666666666667,7,True,0.0014666666666666667,1.4773748110523244,-0.04373102194958489,6.106226635438361e-17,0.0,0.0,0.09166666666666667,0.0,0.18333333333333335,0.09000000000000001,0.09166666666666667,0.0,0.09166666666666667,0.0,0.0,0.0,0.0,0.09166666666666667,0.36000000000000004
2012-12-01,0.02466639858613701,0.02429973191947034,0.09166666666666667,2,True,0.00036666666666666667,1.4737314440326523,-0.046089285289733994,6.106226635438361e-17,0.0,0.0,0.09166666666666667,0.0,0.18333333333333335,0.09000000000000001,0.09166666666666667,0.0,0.09166666666666667,0.0,0.0,0.0,0.09166666666666667,0.0,0.36000000000000004
2013-01-01,0.004243226205077174,0.0038765595384105075,0.09166666666666667,2,True,0.00036666666666666667,1.4728836917323451,-0.04663801484691199,6.106226635438361e-17,0.0,0.0,0.09166666666666667,0.0,0.09166666666666667,0.09000000000000001,0.09166666666666667,0.0,0.09166666666666667,0.0,0.09166666666666667,0.0,0.09166666666666667,0.0,0.36000000000000004
2013-02-01,-0.001250983754548045,-0.001984317087881378,0.18333333333333335,4,True,0.0007333333333333333,1.477506821315239,-0.04364557489967924,6.106226635438361e-17,0.0,0.0,0.09166666666666667,0.0,0.0,0.09000000000000001,0.0,0.09166666666666667,0.09166666666666667,0.0,0.09166666666666667,0.0,0.09166666666666667,0.09166666666666667,0.36000000000000004
2013-03-01,0.016810198443398663,0.016810198443398663,0.0,0,False,0.0,1.4756584842845402,-0.04484195874906949,6.106226635438361e-17,0.0,0.0,0.09166666666666667,0.0,0.0,0.09000000000000001,0.0,0.09166666666666667,0.09166666666666667,0.0,0.09166666666666667,0.0,0.09166666666666667,0.09166666666666667,0.36000000000000004
2013-04-01,0.01641582936066543,0.016049162693998763,0.09166666666666667,2,True,0.00036666666666666667,1.499914425888093,-0.029141674491239056,6.106226635438361e-17,0.0,0.0,0.09166666666666667,0.0,0.09166666666666667,0.09000000000000001,0.0,0.09166666666666667,0.09166666666666667,0.0,0.09166666666666667,0.0,0.0,0.09166666666666667,0.36000000000000004
2013-05-01,0.017906844300522272,0.017540177633855604,0.09166666666666667,2,True,0.00036666666666666667,1.5239777683451807,-0.013566055002014243,6.106226635438361e-17,0.0,0.0,0.09166666666666667,0.0,0.0,0.09000000000000001,0.0,0.09166666666666667,0.09166666666666667,0.09166666666666667,0.09166666666666667,0.0,0.0,0.09166666666666667,0.36000000000000004
2013-06-01,-0.022671574455859357,-0.023038241122526025,0.09166666666666667,2,True,0.00036666666666666667,1.5439411919445285,-0.02696365202747275,6.106226635438361e-17,0.0,0.0,0.09166666666666667,0.0,0.09166666666666667,0.09000000000000001,0.0,0.09166666666666667,0.09166666666666667,0.0,0.09166666666666667,0.0,0.0,0.09166666666666667,0.36000000000000004
2013-07-01,0.03427386404579866,0.03354053071246532,0.18333333333333335,3,True,0.0007333333333333333,1.507278188616767,-0.050069736022044564,6.106226635438361e-17,0.0,0.0,0.0,0.0,0.275,0.09000000000000001,0.0,0.09166666666666667,0.09166666666666667,0.0,0.0,0.0,0.0,0.09166666666666667,0.36000000000000004
2013-08-01,-0.019149956925443058,-0.019516623592109726,0.09166666666666669,2,True,0.0003666666666666667,1.5583668255726277,-0.017872200917863568,6.106226635438361e-17,0.0,0.0,0.09166666666666667,0.0,0.18333333333333335,0.09000000000000001,0.0,0.09166666666666667,0.09166666666666667,0.0,0.0,0.0,0.0,0.09166666666666667,0.36000000000000004
2013-09-01,0.024547476630294704,0.024180809963628036,0.09166666666666667,2,True,0.00036666666666666667,1.5312584508409115,-0.03495668191107981,6.106226635438361e-17,0.09166666666666667,0.0,0.09166666666666667,0.0,0.09166666666666667,0.09000000000000001,0.0,0.09166666666666667,0.09166666666666667,0.0,0.0,0.0,0.0,0.09166666666666667,0.36000000000000004
2013-10-01,0.03307131161142855,0.032704644944761885,0.09166666666666667,2,True,0.00036666666666666667,1.5676967050139212,-0.011992241327468567,6.106226635438361e-17,0.0,0.0,0.09166666666666667,0.0,0.09166666666666667,0.09000000000000001,0.0,0.09166666666666667,0.09166666666666667,0.0,0.0,0.0,0.09166666666666667,0.09166666666666667,0.36000000000000004
2013-11-01,0.010028698883048425,0.009662032216381759,0.09166666666666667,2,True,0.00036666666666666667,1.6189486590108522,-0.007126452146001605,6.106226635438361e-17,0.0,0.0,0.09166666666666667,0.0,0.0,0.09000000000000001,0.0,0.09166666666666667,0.09166666666666667,0.0,0.09166666666666667,0.0,0.09166666666666667,0.09166666666666667,0.36000000000000004
2013-12-01,0.016683771990658527,0.01631710532399186,0.09166666666666667,2,True,0.00036666666666666667,1.6424618181757487,0.0,6.106226635438361e-17,0.0,0.0,0.09166666666666667,0.0,0.0,0.09000000000000001,0.09166666666666667,0.09166666666666667,0.09166666666666667,0.0,0.0,0.0,0.09166666666666667,0.09166666666666667,0.36000000000000004
2014-01-01,-0.03568057390680706,-0.03568057390680706,0.0,0,False,0.0,1.6457822287151747,-0.019746164065786997,6.106226635438361e-17,0.0,0.0,0.09166666666666667,0.0,0.0,0.09000000000000001,0.09166666666666667,0.09166666666666667,0.09166666666666667,0.0,0.0,0.0,0.09166666666666667,0.09166666666666667,0.36000000000000004
2014-02-01,0.046583393438450485,0.04585006010511715,0.18333333333333335,4,True,0.0007333333333333333,1.615147798504845,-0.037992513553214646,6.106226635438361e-17,0.0,0.0,0.09166666666666667,0.0,0.0,0.09000000000000001,0.09166666666666667,0.09166666666666667,0.09166666666666667,0.09166666666666667,0.09166666666666667,0.0,0.0,0.0,0.36000000000000004
2014-03-01,0.017180232019395024,0.016813565352728356,0.09166666666666667,2,True,0.00036666666666666667,1.6977777633974598,0.0,6.106226635438361e-17,0.0,0.0,0.09166666666666667,0.0,0.0,0.09000000000000001,0.09166666666666667,0.09166666666666667,0.09166666666666667,0.0,0.09166666666666667,0.0,0.0,0.09166666666666667,0.36000000000000004
2014-04-01,0.004604592694299086,0.004604592694299086,0.0,0,False,0.0,1.726312765764259,0.0,6.106226635438361e-17,0.0,0.0,0.09166666666666667,0.0,0.0,0.09000000000000001,0.09166666666666667,0.09166666666666667,0.09166666666666667,0.0,0.09166666666666667,0.0,0.0,0.09166666666666667,0.36000000000000004
2014-05-01,0.024589550457110285,0.024222883790443617,0.09166666666666667,2,True,0.00036666666666666667,1.7336258369448374,0.0,6.106226635438361e-17,0.09166666666666667,0.0,0.09166666666666667,0.0,0.0,0.09000000000000001,0.0,0.09166666666666667,0.09166666666666667,0.0,0.09166666666666667,0.0,0.0,0.09166666666666667,0.36000000000000004
2014-06-01,0.02926760745950724,0.028534274126173906,0.18333333333333335,4,True,0.0007333333333333333,1.7775244655882645,0.0,6.106226635438361e-17,0.0,0.0,0.0,0.0,0.0,0.09000000000000001,0.0,0.09166666666666667,0.09166666666666667,0.09166666666666667,0.09166666666666667,0.0,0.09166666666666667,0.09166666666666667,0.36000000000000004
2014-07-01,-0.009950480620513317,-0.010317147287179983,0.09166666666666667,2,True,0.00036666666666666667,1.82753634265271,0.0,6.106226635438361e-17,0.0,0.09166666666666667,0.0,0.0,0.0,0.09000000000000001,0.0,0.09166666666666667,0.09166666666666667,0.0,0.09166666666666667,0.0,0.09166666666666667,0.09166666666666667,0.36000000000000004
2014-08-01,0.03648931470131009,0.03612264803464342,0.09166666666666667,2,True,0.00036666666666666667,1.8086880488167076,-0.026798848145044185,6.106226635438361e-17,0.0,0.0,0.0,0.0,0.0,0.09000000000000001,0.0,0.09166666666666667,0.09166666666666667,0.09166666666666667,0.09166666666666667,0.0,0.09166666666666667,0.09166666666666667,0.36000000000000004
2014-09-01,-0.03498441374143392,-0.03498441374143392,0.0,0,False,0.0,1.8788697437860344,0.0,6.106226635438361e-17,0.0,0.0,0.0,0.0,0.0,0.09000000000000001,0.0,0.09166666666666667,0.09166666666666667,0.09166666666666667,0.09166666666666667,0.0,0.09166666666666667,0.09166666666666667,0.36000000000000004
2014-10-01,0.02675906807190657,0.02565906807190657,0.27499999999999997,5,True,0.0010999999999999998,1.811144134857128,-0.037996765143484934,6.106226635438361e-17,0.0,0.0,0.0,0.0,0.18333333333333335,0.09000000000000001,0.09166666666666667,0.09166666666666667,0.09166666666666667,0.09166666666666667,0.0,0.0,0.0,0.0,0.36000000000000004
2014-11-01,0.02258800233729237,0.022221335670625703,0.09166666666666667,2,True,0.00036666666666666667,1.8565692993794223,-0.013868837181647886,6.106226635438361e-17,0.0,0.0,0.0,0.0,0.09166666666666667,0.09000000000000001,0.09166666666666667,0.09166666666666667,0.09166666666666667,0.09166666666666667,0.09166666666666667,0.0,0.0,0.0,0.36000000000000004
2014-12-01,0.004269880197013107,0.004269880197013107,0.0,0,False,0.0,1.8978093723730975,-0.007686361229738203,6.106226635438361e-17,0.0,0.0,0.0,0.0,0.09166666666666667,0.09000000000000001,0.09166666666666667,0.09166666666666667,0.09166666666666667,0.09166666666666667,0.09166666666666667,0.0,0.0,0.0,0.36000000000000004
2015-01-01,0.006305645921776362,0.006305645921776362,0.0,0,False,0.0,1.853111690141647,-0.036972354588690526,6.106226635438361e-17,0.0,0.0,0.0,0.0,0.09166666666666667,0.09000000000000001,0.09166666666666667,0.09166666666666667,0.09166666666666667,0.09166666666666667,0.09166666666666667,0.0,0.0,0.0,0.36000000000000004
2015-02-01,0.009933474004005731,0.009200140670672397,0.18333333333333335,4,True,0.0007333333333333333,1.8539091579494917,-0.036557925415659165,6.106226635438361e-17,0.0,0.09166666666666667,0.0,0.0,0.18333333333333335,0.09000000000000001,0.09166666666666667,0.0,0.0,0.09166666666666667,0.09166666666666667,0.0,0.0,0.0,0.36000000000000004
2015-03-01,-0.01821454983184842,-0.01931454983184842,0.27499999999999997,5,True,0.0010999999999999998,1.8707807517661448,-0.027790072212841466,6.106226635438361e-17,0.0,0.0,0.0,0.0,0.0,0.09000000000000001,0.09166666666666667,0.09166666666666667,0.09166666666666667,0.09166666666666667,0.09166666666666667,0.0,0.09166666666666667,0.0,0.36000000000000004
2015-04-01,0.011782785737087614,0.011416119070420947,0.09166666666666667,2,True,0.00036666666666666667,1.8340122288700615,-0.04689798903093689,6.106226635438361e-17,0.0,0.0,0.09166666666666667,0.0,0.0,0.09000000000000001,0.09166666666666667,0.09166666666666667,0.09166666666666667,0.09166666666666667,0.09166666666666667,0.0,0.0,0.0,0.36000000000000004
2015-05-01,-0.003933493485600629,-0.005033493485600629,0.27499999999999997,6,True,0.0010999999999999998,1.8535808177998339,-0.03672855767862593,6.106226635438361e-17,0.0,0.0,0.09166666666666667,0.0,0.09166666666666667,0.09000000000000001,0.0,0.09166666666666667,0.09166666666666667,0.0,0.0,0.0,0.09166666666666667,0.09166666666666667,0.36000000000000004
2015-06-01,-0.02508703438456469,-0.025453701051231358,0.09166666666666667,2,True,0.00036666666666666667,1.8456127968124174,-0.0408693898426673,6.106226635438361e-17,0.0,0.0,0.09166666666666667,0.0,0.18333333333333335,0.09000000000000001,0.0,0.09166666666666667,0.09166666666666667,0.0,0.0,0.0,0.09166666666666667,0.0,0.36000000000000004
2015-07-01,0.019325197810474898,0.018591864477141565,0.18333333333333335,3,True,0.0007333333333333333,1.7979923497651051,-0.06561684960851744,6.106226635438361e-17,0.0,0.0,0.0,0.0,0.3666666666666667,0.09000000000000001,0.0,0.09166666666666667,0.09166666666666667,0.0,0.0,0.0,0.0,0.0,0.36000000000000004
2015-08-01,-0.05249476771144484,-0.05249476771144484,0.0,0,False,0.0,1.8359599404476392,-0.045885799585220544,6.106226635438361e-17,0.0,0.0,0.0,0.0,0.3666666666666667,0.09000000000000001,0.0,0.09166666666666667,0.09166666666666667,0.0,0.0,0.0,0.0,0.0,0.36000000000000004
2015-09-01,0.014514416757174272,0.013781083423840938,0.18333333333333332,3,True,0.0007333333333333332,1.738305956636435,-0.09663475691738743,6.106226635438361e-17,0.0,0.0,0.0,0.0,0.5499999999999999,0.09000000000000001,0.0,0.0,0.0,0.0,0.0,0.0,0.0,0.0,0.36000000000000004
2015-10-01,0.044826992902313574,0.04409365956898024,0.18333333333333332,3,True,0.0007333333333333332,1.7622431936764569,-0.0841950204746571,6.106226635438361e-17,0.0,0.0,0.0,0.0,0.3666666666666667,0.09000000000000001,0.09166666666666667,0.0,0.0,0.09166666666666667,0.0,0.0,0.0,0.0,0.36000000000000004
2015-11-01,0.003774546594203108,0.002674546594203108,0.27499999999999997,4,True,0.0010999999999999998,1.836233789923635,-0.04574348511088622,6.106226635438361e-17,0.0,0.0,0.0,0.0,0.09166666666666667,0.09000000000000001,0.09166666666666667,0.09166666666666667,0.09166666666666667,0.09166666666666667,0.09166666666666667,0.0,0.0,0.0,0.36000000000000004
2015-12-01,-0.030456044913871886,-0.030456044913871886,0.0,0,False,0.0,1.8411372587076387,-0.043195243673239236,6.106226635438361e-17,0.0,0.0,0.0,0.0,0.09166666666666667,0.09000000000000001,0.09166666666666667,0.09166666666666667,0.09166666666666667,0.09166666666666667,0.09166666666666667,0.0,0.0,0.0,0.36000000000000004
2016-01-01,-0.012940890747572932,-0.013674224080906267,0.18333333333333335,3,True,0.0007333333333333333,1.8016419113852875,-0.06372024037952972,6.106226635438361e-17,0.0,0.0,0.0,0.0,0.275,0.09000000000000001,0.0,0.09166666666666667,0.09166666666666667,0.0,0.09166666666666667,0.0,0.0,0.0,0.36000000000000004
2016-02-01,0.023426791671080714,0.022693458337747382,0.18333333333333335,4,True,0.0007333333333333333,1.7757198035668857,-0.07719147721282893,6.106226635438361e-17,0.0,0.09166666666666667,0.0,0.0,0.275,0.09000000000000001,0.0,0.0,0.0,0.09166666666666667,0.09166666666666667,0.0,0.0,0.0,0.36000000000000004
2016-03-01,0.00707145900795264,0.004904792341285973,0.5416666666666667,5,True,0.002166666666666667,1.813381696491406,-0.057619292623101837,0.45000000000000007,0.0,0.09166666666666667,0.0,0.0,0.275,0.0,0.09166666666666667,0.0,0.0,0.09166666666666667,0.0,0.0,0.0,0.0,0.0
2016-04-01,-0.01682565916771525,-0.01972565916771525,0.725,7,True,0.0029,1.8209089564665275,-0.053707515751365675,6.106226635438361e-17,0.0,0.09166666666666667,0.0,0.0,0.0,0.09000000000000001,0.09166666666666667,0.09166666666666667,0.09166666666666667,0.09166666666666667,0.09166666666666667,0.0,0.0,0.0,0.36000000000000004
2016-05-01,0.012235980209105862,0.011869313542439195,0.09166666666666667,2,True,0.00036666666666666667,1.7817284476098618,-0.07406889676848483,6.106226635438361e-17,0.0,0.09166666666666667,0.0,0.0,0.0,0.09000000000000001,0.09166666666666667,0.0,0.09166666666666667,0.09166666666666667,0.09166666666666667,0.0,0.0,0.09166666666666667,0.36000000000000004
2016-06-01,0.02249342138515524,0.022126754718488573,0.09166666666666667,2,True,0.00036666666666666667,1.8022072957034942,-0.06342642067529303,6.106226635438361e-17,0.0,0.09166666666666667,0.0,0.0,0.0,0.09000000000000001,0.09166666666666667,0.09166666666666667,0.09166666666666667,0.09166666666666667,0.09166666666666667,0.0,0.0,0.0,0.36000000000000004
2016-07-01,0.01944691865959803,0.018713585326264697,0.18333333333333335,4,True,0.0007333333333333333,1.841393757419679,-0.04306194606790803,6.106226635438361e-17,0.09166666666666667,0.09166666666666667,0.0,0.0,0.0,0.09000000000000001,0.09166666666666667,0.0,0.0,0.09166666666666667,0.09166666666666667,0.0,0.0,0.09166666666666667,0.36000000000000004
2016-08-01,0.000861715083554716,-0.00023828491644528388,0.27499999999999997,6,True,0.0010999999999999998,1.8751382685292661,-0.02552555187628891,6.106226635438361e-17,0.0,0.09166666666666667,0.0,0.0,0.0,0.09000000000000001,0.0,0.09166666666666667,0.09166666666666667,0.09166666666666667,0.09166666666666667,0.0,0.09166666666666667,0.0,0.36000000000000004
2016-09-01,0.0070386467072987196,0.0066719800406320525,0.09166666666666667,2,True,0.00036666666666666667,1.8760659602877403,-0.02504344774053513,6.106226635438361e-17,0.0,0.0,0.0,0.0,0.0,0.09000000000000001,0.0,0.09166666666666667,0.09166666666666667,0.09166666666666667,0.09166666666666667,0.0,0.09166666666666667,0.09166666666666667,0.36000000000000004
2016-10-01,-0.01716795193901005,-0.017901285272343383,0.18333333333333335,4,True,0.0007333333333333333,1.8952380466851098,-0.015080071372503334,6.106226635438361e-17,0.0,0.09166666666666667,0.09166666666666667,0.0,0.0,0.09000000000000001,0.0,0.09166666666666667,0.09166666666666667,0.0,0.0,0.0,0.09166666666666667,0.09166666666666667,0.36000000000000004
2016-11-01,0.0017743994925434482,0.001041066159210115,0.18333333333333335,4,True,0.0007333333333333333,1.8599697316922272,-0.03340835807314135,6.106226635438361e-17,0.09166666666666667,0.0,0.09166666666666667,0.0,0.09166666666666667,0.09000000000000001,0.0,0.09166666666666667,0.0,0.0,0.0,0.0,0.09166666666666667,0.09166666666666667,0.36000000000000004
2016-12-01,0.0346633087806785,0.03429664211401183,0.09166666666666667,2,True,0.00036666666666666667,1.8625868620179071,-0.032048284166812824,6.106226635438361e-17,0.09166666666666667,0.0,0.09166666666666667,0.0,0.09166666666666667,0.09000000000000001,0.0,0.09166666666666667,0.09166666666666667,0.0,0.0,0.0,0.0,0.09166666666666667,0.36000000000000004
2017-01-01,0.016630463580294907,0.016630463580294907,0.0,0,False,0.0,1.9042046907686856,-0.016441437506979684,6.106226635438361e-17,0.09166666666666667,0.0,0.09166666666666667,0.0,0.09166666666666667,0.09000000000000001,0.0,0.09166666666666667,0.09166666666666667,0.0,0.0,0.0,0.0,0.09166666666666667,0.36000000000000004
2017-02-01,0.0374010314396912,0.03703436477302453,0.09166666666666667,2,True,0.00036666666666666667,1.9351626776121813,-0.005374180518441518,6.106226635438361e-17,0.09166666666666667,0.0,0.09166666666666667,0.0,0.0,0.09000000000000001,0.0,0.09166666666666667,0.09166666666666667,0.0,0.0,0.0,0.09166666666666667,0.09166666666666667,0.36000000000000004
2017-03-01,-0.0015460290010308798,-0.002279362334364213,0.18333333333333335,4,True,0.0007333333333333333,2.0060675619361152,0.0,6.106226635438361e-17,0.09166666666666667,0.0,0.0,0.0,0.09166666666666667,0.09000000000000001,0.0,0.09166666666666667,0.09166666666666667,0.0,0.09166666666666667,0.0,0.09166666666666667,0.0,0.36000000000000004
2017-04-01,0.01891053380545977,0.018177200472126436,0.18333333333333335,4,True,0.0007333333333333333,2.002180569149692,-0.001937618084344006,6.106226635438361e-17,0.0,0.0,0.09166666666666667,0.0,0.18333333333333335,0.09000000000000001,0.0,0.09166666666666667,0.09166666666666667,0.0,0.0,0.0,0.09166666666666667,0.0,0.36000000000000004
2017-05-01,0.022262701585637312,0.02152936825230398,0.18333333333333335,3,True,0.0007333333333333333,2.037051906697306,0.0,6.106226635438361e-17,0.0,0.0,0.09166666666666667,0.0,0.0,0.09000000000000001,0.09166666666666667,0.09166666666666667,0.09166666666666667,0.0,0.09166666666666667,0.0,0.09166666666666667,0.0,0.36000000000000004
2017-06-01,-0.019704610432114196,-0.020071277098780864,0.09166666666666667,2,True,0.00036666666666666667,2.081638637942578,0.0,6.106226635438361e-17,0.0,0.09166666666666667,0.09166666666666667,0.0,0.0,0.09000000000000001,0.09166666666666667,0.09166666666666667,0.09166666666666667,0.0,0.0,0.0,0.09166666666666667,0.0,0.36000000000000004
2017-07-01,0.036859247904090245,0.03649258123742358,0.09166666666666667,2,True,0.00036666666666666667,2.0495175757302277,-0.022632664642438072,6.106226635438361e-17,0.0,0.0,0.09166666666666667,0.0,0.0,0.09000000000000001,0.09166666666666667,0.09166666666666667,0.09166666666666667,0.0,0.09166666666666667,0.0,0.09166666666666667,0.0,0.36000000000000004
2017-08-01,0.014838061872462647,0.01447139520579598,0.09166666666666667,2,True,0.00036666666666666667,2.123503159588971,-0.0018695646468919191,6.106226635438361e-17,0.09166666666666667,0.0,0.09166666666666667,0.0,0.0,0.09000000000000001,0.09166666666666667,0.09166666666666667,0.09166666666666667,0.0,0.0,0.0,0.09166666666666667,0.0,0.36000000000000004
2017-09-01,0.003852217111482159,0.003485550444815492,0.09166666666666667,2,True,0.00036666666666666667,2.154221659852674,0.0,6.106226635438361e-17,0.0,0.09166666666666667,0.09166666666666667,0.0,0.0,0.09000000000000001,0.09166666666666667,0.09166666666666667,0.09166666666666667,0.0,0.0,0.0,0.09166666666666667,0.0,0.36000000000000004
2017-10-01,0.03801977257893124,0.0372864392455979,0.18333333333333335,4,True,0.0007333333333333333,2.1604983874072037,-0.0026739026564392976,6.106226635438361e-17,0.09166666666666667,0.0,0.09166666666666667,0.0,0.0,0.09000000000000001,0.0,0.09166666666666667,0.09166666666666667,0.0,0.0,0.0,0.09166666666666667,0.09166666666666667,0.36000000000000004
2017-11-01,0.009448139558552643,0.009081472891885977,0.09166666666666667,2,True,0.00036666666666666667,2.240173743725334,0.0,6.106226635438361e-17,0.09166666666666667,0.0,0.09166666666666667,0.0,0.0,0.09000000000000001,0.09166666666666667,0.09166666666666667,0.09166666666666667,0.0,0.0,0.0,0.09166666666666667,0.0,0.36000000000000004
2017-12-01,0.027907054951115673,0.02717372161778234,0.18333333333333335,4,True,0.0007333333333333333,2.259680902465004,-0.010825691308284147,6.106226635438361e-17,0.09166666666666667,0.0,0.0,0.0,0.0,0.09000000000000001,0.0,0.09166666666666667,0.09166666666666667,0.0,0.09166666666666667,0.0,0.09166666666666667,0.09166666666666667,0.36000000000000004
2018-01-01,0.048371101826750765,0.0480044351600841,0.09166666666666667,2,True,0.00036666666666666667,2.223485763399822,-0.035118407218666214,6.106226635438361e-17,0.09166666666666667,0.09166666666666667,0.0,0.0,0.0,0.09000000000000001,0.0,0.09166666666666667,0.09166666666666667,0.0,0.0,0.0,0.09166666666666667,0.09166666666666667,0.36000000000000004
2018-02-01,-0.039345082082827616,-0.039345082082827616,0.0,0,False,0.0,2.3301835056576863,-0.013431651680458456,6.106226635438361e-17,0.09166666666666667,0.09166666666666667,0.0,0.0,0.0,0.09000000000000001,0.0,0.09166666666666667,0.09166666666666667,0.0,0.0,0.0,0.09166666666666667,0.09166666666666667,0.36000000000000004
2018-03-01,-0.02532148830136864,-0.02568815496803531,0.09166666666666667,2,True,0.00036666666666666667,2.237681460203269,-0.05259577329515752,6.106226635438361e-17,0.09166666666666667,0.09166666666666667,0.0,0.0,0.09166666666666667,0.09000000000000001,0.0,0.09166666666666667,0.09166666666666667,0.0,0.0,0.0,0.09166666666666667,0.0,0.36000000000000004
2018-04-01,0.017305834240596837,0.01693916757393017,0.09166666666666667,2,True,0.00036666666666666667,2.2178078600473303,-0.061009988241492286,6.106226635438361e-17,0.09166666666666667,0.09166666666666667,0.0,0.0,0.18333333333333335,0.09000000000000001,0.0,0.09166666666666667,0.0,0.0,0.0,0.0,0.09166666666666667,0.0,0.36000000000000004
2018-05-01,0.03803604730785418,0.036936047307854186,0.27499999999999997,5,True,0.0010999999999999998,2.252880708229947,-0.046160616156258216,6.106226635438361e-17,0.09166666666666667,0.0,0.0,0.0,0.3666666666666667,0.09000000000000001,0.0,0.0,0.0,0.0,0.0,0.0,0.0,0.09166666666666667,0.36000000000000004
2018-06-01,-0.004827721337769519,-0.005927721337769519,0.27499999999999997,4,True,0.0010999999999999998,2.3359989569031643,-0.01096946785843167,6.106226635438361e-17,0.09166666666666667,0.0,0.0,0.0,0.09166666666666667,0.09000000000000001,0.0,0.09166666666666667,0.09166666666666667,0.0,0.09166666666666667,0.0,0.0,0.09166666666666667,0.36000000000000004
2018-07-01,0.01899263127449173,0.018625964607825063,0.09166666666666667,2,True,0.00036666666666666667,2.3238290797905954,-0.016525627208941907,6.106226635438361e-17,0.09166666666666667,0.0,0.09166666666666667,0.0,0.0,0.09000000000000001,0.0,0.09166666666666667,0.09166666666666667,0.0,0.09166666666666667,0.0,0.0,0.09166666666666667,0.36000000000000004
2018-08-01,0.028976182165157734,0.028609515498491066,0.09166666666666667,2,True,0.00036666666666666667,2.3662285195546913,-0.018533301743365427,6.106226635438361e-17,0.0,0.0,0.09166666666666667,0.0,0.09166666666666667,0.09000000000000001,0.0,0.09166666666666667,0.09166666666666667,0.0,0.09166666666666667,0.0,0.0,0.09166666666666667,0.36000000000000004
2018-09-01,0.006677286152063783,0.006677286152063783,0.0,0,False,0.0,2.4440508633952382,-0.002464360863895232,6.106226635438361e-17,0.0,0.0,0.09166666666666667,0.0,0.09166666666666667,0.09000000000000001,0.0,0.09166666666666667,0.09166666666666667,0.0,0.09166666666666667,0.0,0.0,0.09166666666666667,0.36000000000000004
2018-10-01,-0.06611630569661718,-0.06648297236328385,0.09166666666666667,2,True,0.00036666666666666667,2.459468354533854,0.0,6.106226635438361e-17,0.09166666666666667,0.0,0.09166666666666667,0.0,0.0,0.09000000000000001,0.0,0.09166666666666667,0.09166666666666667,0.0,0.09166666666666667,0.0,0.0,0.09166666666666667,0.36000000000000004
2018-11-01,0.006658653319479941,0.004458653319479941,0.55,7,True,0.0022,2.2918043066898393,-0.06961229802031854,6.106226635438361e-17,0.0,0.0,0.0,0.0,0.5499999999999999,0.09000000000000001,0.0,0.0,0.0,0.0,0.0,0.0,0.0,0.0,0.36000000000000004
2018-12-01,-0.041579105977026694,-0.04231243931036003,0.18333333333333332,3,True,0.0007333333333333332,2.2840599439910387,-0.07275622256640735,6.106226635438361e-17,0.0,0.09166666666666667,0.0,0.0,0.3666666666666667,0.09000000000000001,0.0,0.0,0.0,0.0,0.09166666666666667,0.0,0.0,0.0,0.36000000000000004
2019-01-01,0.03812726755025268,0.03739393421691935,0.18333333333333332,4,True,0.0007333333333333332,2.1891601410195944,-0.11128202921891917,6.106226635438361e-17,0.0,0.09166666666666667,0.0,0.0,0.275,0.09000000000000001,0.09166666666666667,0.0,0.0,0.09166666666666667,0.0,0.0,0.0,0.0,0.36000000000000004
2019-02-01,0.027219587554900306,0.026486254221566974,0.18333333333333335,3,True,0.0007333333333333333,2.269294871569515,-0.07875029534117506,6.106226635438361e-17,0.0,0.09166666666666667,0.09166666666666667,0.0,0.09166666666666667,0.09000000000000001,0.09166666666666667,0.0,0.0,0.09166666666666667,0.09166666666666667,0.0,0.0,0.0,0.36000000000000004
2019-03-01,0.0358970940684886,0.03553042740182193,0.09166666666666667,2,True,0.00036666666666666667,2.33020941849535,-0.05402124445056122,6.106226635438361e-17,0.0,0.09166666666666667,0.09166666666666667,0.0,0.0,0.09000000000000001,0.09166666666666667,0.0,0.09166666666666667,0.09166666666666667,0.09166666666666667,0.0,0.0,0.0,0.36000000000000004
2019-04-01,0.025214612097566664,0.024847945430899996,0.09166666666666667,2,True,0.00036666666666666667,2.4129720842297866,-0.020422666178583126,6.106226635438361e-17,0.0,0.0,0.09166666666666667,0.0,0.0,0.09000000000000001,0.09166666666666667,0.09166666666666667,0.09166666666666667,0.09166666666666667,0.09166666666666667,0.0,0.0,0.0,0.36000000000000004
2019-05-01,-0.06011664683605579,-0.06048331350272246,0.09166666666666667,2,True,0.00036666666666666667,2.472907174114807,-0.002838292791344732,6.106226635438361e-17,0.0,0.0,0.09166666666666667,0.0,0.0,0.09000000000000001,0.09166666666666667,0.09166666666666667,0.09166666666666667,0.0,0.09166666666666667,0.0,0.09166666666666667,0.0,0.36000000000000004
2019-06-01,0.07436423111524124,0.0736308977819079,0.18333333333333335,4,True,0.0007333333333333333,2.3414642574929463,-0.059278468220143266,6.106226635438361e-17,0.0,0.09166666666666667,0.09166666666666667,0.0,0.0,0.09000000000000001,0.09166666666666667,0.09166666666666667,0.0,0.09166666666666667,0.09166666666666667,0.0,0.0,0.0,0.36000000000000004
2019-07-01,0.013577883441432466,0.0132112167747658,0.09166666666666667,2,True,0.00036666666666666667,2.5128189791068505,-0.0005801917759040709,6.106226635438361e-17,0.0,0.09166666666666667,0.0,0.0,0.0,0.09000000000000001,0.09166666666666667,0.09166666666666667,0.09166666666666667,0.09166666666666667,0.09166666666666667,0.0,0.0,0.0,0.36000000000000004
2019-08-01,0.008899328094356253,0.008899328094356253,0.0,0,False,0.0,2.546937742314581,-0.011957967690204296,6.106226635438361e-17,0.0,0.09166666666666667,0.0,0.0,0.0,0.09000000000000001,0.09166666666666667,0.09166666666666667,0.09166666666666667,0.09166666666666667,0.09166666666666667,0.0,0.0,0.0,0.36000000000000004
2019-09-01,0.002663659882779587,0.0022969932161129203,0.09166666666666667,2,True,0.00036666666666666667,2.5797238439358616,-0.0005120501248068177,6.106226635438361e-17,0.0,0.09166666666666667,0.09166666666666667,0.0,0.0,0.09000000000000001,0.09166666666666667,0.09166666666666667,0.0,0.09166666666666667,0.09166666666666667,0.0,0.0,0.0,0.36000000000000004
2019-10-01,0.031210506522536857,0.03048383985587019,0.1816666666666667,4,True,0.0007266666666666667,2.583768029114639,-0.014000020934726853,6.106226635438361e-17,0.0,0.09166666666666667,0.09166666666666667,0.09000000000000001,0.0,0.0,0.09166666666666667,0.0,0.09166666666666667,0.09166666666666667,0.09166666666666667,0.0,0.0,0.0,0.36000000000000004
2019-11-01,0.003064966887700586,0.0026983002210339193,0.09166666666666667,2,True,0.00036666666666666667,2.6634317881694294,0.0,6.106226635438361e-17,0.0,0.09166666666666667,0.0,0.09000000000000001,0.0,0.0,0.09166666666666667,0.09166666666666667,0.09166666666666667,0.09166666666666667,0.09166666666666667,0.0,0.0,0.0,0.36000000000000004
2019-12-01,0.04411697839644777,0.043390311729781104,0.1816666666666667,4,True,0.0007266666666666667,2.698656701373243,-0.0016877238436365793,6.106226635438361e-17,0.0,0.0,0.0,0.0,0.09166666666666667,0.09000000000000001,0.09166666666666667,0.09166666666666667,0.09166666666666667,0.09166666666666667,0.09166666666666667,0.0,0.0,0.0,0.36000000000000004
2020-01-01,0.003871660429908358,0.002771660429908358,0.27499999999999997,6,True,0.0010999999999999998,2.6789243371875573,-0.041244438926099414,6.106226635438361e-17,0.09166666666666667,0.09166666666666667,0.0,0.0,0.0,0.09000000000000001,0.0,0.09166666666666667,0.09166666666666667,0.0,0.09166666666666667,0.0,0.09166666666666667,0.0,0.36000000000000004
2020-02-01,-0.01888344181091895,-0.019616775144252283,0.18333333333333335,4,True,0.0007333333333333333,2.6694318465138482,-0.044641689865786316,6.106226635438361e-17,0.0,0.09166666666666667,0.0,0.0,0.0,0.09000000000000001,0.09166666666666667,0.09166666666666667,0.09166666666666667,0.09166666666666667,0.09166666666666667,0.0,0.0,0.0,0.36000000000000004
2020-03-01,-0.06897227007929708,-0.07006560341263042,0.2733333333333334,5,True,0.0010933333333333333,2.5260494024503637,-0.09595658282411212,6.106226635438361e-17,0.0,0.09166666666666667,0.0,0.09000000000000001,0.18333333333333335,0.0,0.09166666666666667,0.09166666666666667,0.0,0.09166666666666667,0.0,0.0,0.0,0.0,0.36000000000000004
2020-04-01,0.0709470679816379,0.07021373464830456,0.18333333333333335,3,True,0.0007333333333333333,2.3475279315416415,-0.15984732084492492,6.106226635438361e-17,0.0,0.09166666666666667,0.0,0.09000000000000001,0.3666666666666667,0.0,0.0,0.0,0.0,0.09166666666666667,0.0,0.0,0.0,0.0,0.36000000000000004
2020-05-01,0.05024479925292486,0.049511465919591525,0.18333333333333335,3,True,0.0007333333333333333,2.512234497975641,-0.1009007749041132,6.106226635438361e-17,0.0,0.09166666666666667,0.0,0.09000000000000001,0.18333333333333335,0.0,0.09166666666666667,0.09166666666666667,0.0,0.09166666666666667,0.0,0.0,0.0,0.0,0.36000000000000004
2020-06-01,0.040501040031219515,0.04013437336455285,0.09166666666666667,2,True,0.00036666666666666667,2.6374937802234992,-0.05607194873527199,6.106226635438361e-17,0.0,0.09166666666666667,0.0,0.09000000000000001,0.09166666666666667,0.0,0.09166666666666667,0.09166666666666667,0.09166666666666667,0.09166666666666667,0.0,0.0,0.0,0.0,0.36000000000000004
2020-07-01,0.07592704025518096,0.07556037358851429,0.09166666666666667,2,True,0.00036666666666666667,2.7433087725572447,-0.01820200558806173,6.106226635438361e-17,0.0,0.09166666666666667,0.0,0.09000000000000001,0.0,0.0,0.09166666666666667,0.09166666666666667,0.09166666666666667,0.09166666666666667,0.0,0.0,0.09166666666666667,0.0,0.36000000000000004
2020-08-01,0.056167823702285985,0.056167823702285985,0.0,0,False,0.0,2.919149353176981,0.0,6.106226635438361e-17,0.0,0.09166666666666667,0.0,0.09000000000000001,0.0,0.0,0.09166666666666667,0.09166666666666667,0.09166666666666667,0.09166666666666667,0.0,0.0,0.09166666666666667,0.0,0.36000000000000004
2020-09-01,-0.04012108321399954,-0.04048774988066621,0.09166666666666667,2,True,0.00036666666666666667,3.081981145146419,0.0,6.106226635438361e-17,0.0,0.09166666666666667,0.0,0.09000000000000001,0.09166666666666667,0.0,0.09166666666666667,0.09166666666666667,0.09166666666666667,0.0,0.0,0.0,0.09166666666666667,0.0,0.36000000000000004
2020-10-01,-0.02750815314409366,-0.02750815314409366,0.0,0,False,0.0,2.958328723158021,-0.04333117169988843,6.106226635438361e-17,0.0,0.09166666666666667,0.0,0.09000000000000001,0.09166666666666667,0.0,0.09166666666666667,0.09166666666666667,0.09166666666666667,0.0,0.0,0.0,0.09166666666666667,0.0,0.36000000000000004
2020-11-01,0.08311421388333666,0.08238754721666999,0.1816666666666667,4,True,0.0007266666666666667,2.861365946376495,-0.07468714148315336,6.106226635438361e-17,0.0,0.09166666666666667,0.09166666666666667,0.0,0.09166666666666667,0.09000000000000001,0.0,0.09166666666666667,0.09166666666666667,0.0,0.0,0.0,0.09166666666666667,0.0,0.36000000000000004
2020-12-01,0.020209062603021532,0.01910906260302153,0.27499999999999997,6,True,0.0010999999999999998,3.0935274249317475,0.0,6.106226635438361e-17,0.09166666666666667,0.0,0.0,0.0,0.0,0.09000000000000001,0.09166666666666667,0.09166666666666667,0.09166666666666667,0.0,0.09166666666666667,0.0,0.09166666666666667,0.0,0.36000000000000004
2021-01-01,0.030905207169714698,0.03053854050304803,0.09166666666666667,2,True,0.00036666666666666667,3.0994282085709486,-0.028178341399500484,6.106226635438361e-17,0.09166666666666667,0.09166666666666667,0.0,0.0,0.0,0.09000000000000001,0.0,0.09166666666666667,0.09166666666666667,0.0,0.09166666666666667,0.0,0.09166666666666667,0.0,0.36000000000000004
2021-02-01,0.04658309646405367,0.046216429797387,0.09166666666666667,2,True,0.00036666666666666667,3.1928739501453482,-0.011095980984816345,6.106226635438361e-17,0.09166666666666667,0.0,0.0,0.0,0.0,0.09000000000000001,0.0,0.09166666666666667,0.09166666666666667,0.0,0.09166666666666667,0.0,0.09166666666666667,0.09166666666666667,0.36000000000000004
2021-03-01,0.01656760223507563,0.01656760223507563,0.0,0,False,0.0,3.3416079053625345,-0.009652594231884248,6.106226635438361e-17,0.09166666666666667,0.0,0.0,0.0,0.0,0.09000000000000001,0.0,0.09166666666666667,0.09166666666666667,0.0,0.09166666666666667,0.0,0.09166666666666667,0.09166666666666667,0.36000000000000004
2021-04-01,0.034917062109128615,0.034917062109128615,0.0,0,False,0.0,3.396970335964166,0.0,6.106226635438361e-17,0.09166666666666667,0.0,0.0,0.0,0.0,0.09000000000000001,0.0,0.09166666666666667,0.09166666666666667,0.0,0.09166666666666667,0.0,0.09166666666666667,0.09166666666666667,0.36000000000000004
2021-05-01,0.012146205036399085,0.012146205036399085,0.0,0,False,0.0,3.5079552488535604,-0.010674369267959283,6.106226635438361e-17,0.09166666666666667,0.0,0.0,0.0,0.0,0.09000000000000001,0.0,0.09166666666666667,0.09166666666666667,0.0,0.09166666666666667,0.0,0.09166666666666667,0.09166666666666667,0.36000000000000004
2021-06-01,0.04252202482412182,0.04252202482412182,0.0,0,False,0.0,3.5505635925646484,0.0,6.106226635438361e-17,0.09166666666666667,0.0,0.0,0.0,0.0,0.09000000000000001,0.0,0.09166666666666667,0.09166666666666667,0.0,0.09166666666666667,0.0,0.09166666666666667,0.09166666666666667,0.36000000000000004
2021-07-01,0.007023352047646583,0.007023352047646583,0.0,0,False,0.0,3.701540745787307,0.0,6.106226635438361e-17,0.09166666666666667,0.0,0.0,0.0,0.0,0.09000000000000001,0.0,0.09166666666666667,0.09166666666666667,0.0,0.09166666666666667,0.0,0.09166666666666667,0.09166666666666667,0.36000000000000004
2021-08-01,0.025340396654786317,0.024607063321452984,0.18333333333333335,3,True,0.0007333333333333333,3.7379849294790057,-0.003927805699537101,6.106226635438361e-17,0.09166666666666667,0.0,0.0,0.0,0.18333333333333335,0.09000000000000001,0.0,0.09166666666666667,0.09166666666666667,0.0,0.09166666666666667,0.0,0.0,0.0,0.36000000000000004
2021-09-01,-0.028441740904563594,-0.028441740904563594,0.0,0,False,0.0,3.8298962985180784,-0.001219519755332077,6.106226635438361e-17,0.09166666666666667,0.0,0.0,0.0,0.18333333333333335,0.09000000000000001,0.0,0.09166666666666667,0.09166666666666667,0.0,0.09166666666666667,0.0,0.0,0.0,0.36000000000000004
2021-10-01,0.044766200460701934,0.0436728671273686,0.2733333333333334,6,True,0.0010933333333333333,3.716899122635146,-0.032593392859713965,6.106226635438361e-17,0.1816666666666667,0.0,0.0,0.0,0.275,0.0,0.0,0.09166666666666667,0.0,0.0,0.0,0.0,0.0,0.09166666666666667,0.36000000000000004
2021-11-01,-0.01885372504727157,-0.019587058380604903,0.18333333333333335,3,True,0.0007333333333333333,3.880442827430415,0.0,6.106226635438361e-17,0.1816666666666667,0.0,0.0,0.0,0.09166666666666667,0.0,0.0,0.09166666666666667,0.09166666666666667,0.0,0.09166666666666667,0.0,0.0,0.09166666666666667,0.36000000000000004
2021-12-01,0.04737657869360151,0.047009912026934844,0.09166666666666667,2,True,0.00036666666666666667,3.8058860218911104,-0.040935904006452195,6.106226635438361e-17,0.09000000000000001,0.0,0.0,0.0,0.09166666666666667,0.0,0.0,0.09166666666666667,0.09166666666666667,0.09166666666666667,0.09166666666666667,0.0,0.0,0.09166666666666667,0.36000000000000004
2022-01-01,-0.015268191962167287,-0.01600152529550062,0.18333333333333335,4,True,0.0007333333333333333,3.804117180296013,-0.04935841452418255,6.106226635438361e-17,0.1816666666666667,0.09166666666666667,0.0,0.0,0.0,0.0,0.0,0.09166666666666667,0.09166666666666667,0.0,0.09166666666666667,0.0,0.0,0.09166666666666667,0.36000000000000004
2022-02-01,0.00011617442258576513,-0.0013504922440809016,0.3666666666666667,5,True,0.0014666666666666667,3.737797940593966,-0.06593146529781801,6.106226635438361e-17,0.1816666666666667,0.0,0.0,0.0,0.3666666666666667,0.0,0.0,0.0,0.0,0.0,0.0,0.0,0.0,0.09166666666666667,0.36000000000000004
2022-03-01,0.020356124664058468,0.0199894579973918,0.09166666666666666,2,True,0.0003666666666666666,3.7368614919798495,-0.06616548200998751,6.106226635438361e-17,0.1816666666666667,0.09166666666666667,0.0,0.0,0.275,0.0,0.0,0.0,0.0,0.0,0.0,0.0,0.0,0.09166666666666667,0.36000000000000004
2022-04-01,-0.04118722369342305,-0.04155389036008972,0.09166666666666669,2,True,0.0003666666666666667,3.811531436209109,-0.04750560619512878,6.106226635438361e-17,0.1816666666666667,0.09166666666666667,0.0,0.0,0.18333333333333335,0.0,0.0,0.0,0.0,0.0,0.09166666666666667,0.0,0.0,0.09166666666666667,0.36000000000000004
2022-05-01,0.01341403111080005,0.013047364444133383,0.09166666666666669,2,True,0.0003666666666666667,3.63871081035347,-0.09069314905455861,6.106226635438361e-17,0.1816666666666667,0.09166666666666667,0.0,0.0,0.275,0.0,0.0,0.0,0.0,0.0,0.0,0.0,0.0,0.09166666666666667,0.36000000000000004
2022-06-01,-0.05871411858950892,-0.059080785256175584,0.09166666666666666,2,True,0.0003666666666666666,3.684816904367145,-0.07917132461122056,6.106226635438361e-17,0.1816666666666667,0.0,0.0,0.0,0.3666666666666667,0.0,0.0,0.0,0.0,0.0,0.0,0.0,0.0,0.09166666666666667,0.36000000000000004
2022-07-01,0.0072046794653992064,0.00503801279873254,0.5416666666666666,5,True,0.0021666666666666666,3.4609511177202363,-0.13511495522652361,0.45000000000000007,0.09166666666666667,0.0,0.0,0.0,0.4583333333333333,0.0,0.0,0.0,0.0,0.0,0.0,0.0,0.0,0.0,0.0
2022-08-01,-0.022424920991637228,-0.022791587658303896,0.09166666666666667,2,True,0.00036666666666666667,3.484608002909729,-0.12920314500142194,0.45000000000000007,0.0,0.0,0.0,0.0,0.4583333333333333,0.0,0.0,0.0,0.0,0.0,0.0,0.0,0.0,0.09166666666666667,0.0
2022-09-01,-0.015711048118984078,-0.015711048118984078,0.0,0,False,0.0,3.406465943757652,-0.14873069567453112,0.45000000000000007,0.0,0.0,0.0,0.0,0.4583333333333333,0.0,0.0,0.0,0.0,0.0,0.0,0.0,0.0,0.09166666666666667,0.0
2022-10-01,-0.01446772923028574,-0.014834395896952407,0.09166666666666666,2,True,0.0003666666666666666,3.3217465635181544,-0.1699019062693472,0.45000000000000007,0.0,0.0,0.0,0.0,0.5499999999999999,0.0,0.0,0.0,0.0,0.0,0.0,0.0,0.0,0.0,0.0
2022-11-01,0.020855503911804234,0.020488837245137566,0.09166666666666666,2,True,0.0003666666666666666,3.2712881689434092,-0.18251136227337272,0.45000000000000007,0.0,0.0,0.0,0.0,0.4583333333333333,0.0,0.0,0.0,0.0,0.0,0.0,0.0,0.0,0.09166666666666667,0.0
2022-12-01,-0.01436655261256129,-0.015833219279227956,0.36666666666666675,5,True,0.001466666666666667,3.3346145804336333,-0.16668621352838153,0.45000000000000007,0.0,0.09166666666666667,0.09166666666666667,0.0,0.09166666666666667,0.0,0.0,0.0,0.09166666666666667,0.0,0.0,0.0,0.09166666666666667,0.09166666666666667,0.0
2023-01-01,0.06580880527640232,0.06327547194306898,0.6333333333333333,5,True,0.0025333333333333336,3.289648978009133,-0.17792303131152254,6.106226635438361e-17,0.0,0.09166666666666667,0.0,0.0,0.275,0.0,0.0,0.0,0.0,0.0,0.0,0.45,0.09166666666666667,0.09166666666666667,0.0
2023-02-01,-0.046919280488317144,-0.04765261382165048,0.18333333333333335,3,True,0.0007333333333333333,3.494689980286804,-0.12668367819631998,6.106226635438361e-17,0.0,0.09166666666666667,0.0,0.0,0.09166666666666667,0.0,0.0,0.0,0.09166666666666667,0.0,0.09166666666666667,0.45,0.09166666666666667,0.09166666666666667,0.0
2023-03-01,0.06755359962565001,0.06465359962565001,0.725,8,True,0.0029,3.321062548123458,-0.17007284040425552,6.106226635438361e-17,0.0,0.09166666666666667,0.09166666666666667,0.45,0.18333333333333335,0.0,0.0,0.09166666666666667,0.09166666666666667,0.0,0.0,0.0,0.0,0.0,0.0
2023-04-01,-0.014290724181356004,-0.016464057514689337,0.5433333333333334,6,True,0.0021733333333333335,3.5305724553076825,-0.11771671652612503,6.106226635438361e-17,0.36000000000000004,0.09166666666666667,0.0,0.09000000000000001,0.09166666666666667,0.0,0.09166666666666667,0.09166666666666667,0.09166666666666667,0.0,0.0,0.0,0.09166666666666667,0.0,0.0
2023-05-01,0.017190148423573907,0.015750148423573907,0.36000000000000004,3,True,0.00144,3.4675540830850355,-0.1334648868490962,6.106226635438361e-17,0.0,0.09166666666666667,0.0,0.36000000000000004,0.09166666666666667,0.0,0.09166666666666667,0.09166666666666667,0.09166666666666667,0.0,0.0,0.0,0.09166666666666667,0.0,0.09000000000000001
2023-06-01,-0.004726154632026662,-0.005459487965359995,0.18333333333333335,3,True,0.0007333333333333333,3.5245752670815804,-0.11921540235872474,6.106226635438361e-17,0.0,0.09166666666666667,0.0,0.36000000000000004,0.275,0.0,0.0,0.09166666666666667,0.09166666666666667,0.0,0.0,0.0,0.0,0.0,0.09000000000000001
2023-07-01,0.019162658118504185,0.017355991451837516,0.4516666666666667,5,True,0.0018066666666666667,3.5128219119994357,-0.1221525432459255,6.106226635438361e-17,0.0,0.0,0.0,0.0,0.275,0.09000000000000001,0.0,0.09166666666666667,0.09166666666666667,0.0,0.0,0.0,0.09166666666666667,0.0,0.36000000000000004
2023-08-01,-0.006594994408143396,-0.007694994408143396,0.27499999999999997,4,True,0.0010999999999999998,3.5697377676159983,-0.1079293801156479,6.106226635438361e-17,0.09166666666666667,0.09166666666666667,0.0,0.0,0.0,0.09000000000000001,0.0,0.09166666666666667,0.09166666666666667,0.0,0.0,0.0,0.09166666666666667,0.09166666666666667,0.36000000000000004
2023-09-01,-0.04183743535586829,-0.04257076868920163,0.18333333333333335,4,True,0.0007333333333333333,3.5435948237308987,-0.11446245163948632,6.106226635438361e-17,0.09166666666666667,0.0,0.09166666666666667,0.0,0.09166666666666667,0.09000000000000001,0.0,0.09166666666666667,0.09166666666666667,0.0,0.0,0.0,0.0,0.09166666666666667,0.36000000000000004
2023-10-01,-0.0032657672861049376,-0.004365767286104938,0.27499999999999997,4,True,0.0010999999999999998,3.3961742582772656,-0.15130256813234322,6.106226635438361e-17,0.09166666666666667,0.0,0.0,0.0,0.3666666666666667,0.09000000000000001,0.0,0.0,0.0,0.0,0.0,0.0,0.0,0.09166666666666667,0.36000000000000004
2023-11-01,0.060028899761167626,0.05966223309450096,0.09166666666666666,2,True,0.0003666666666666666,3.3801197201930933,-0.1553145664002914,6.106226635438361e-17,0.09166666666666667,0.09166666666666667,0.0,0.0,0.275,0.09000000000000001,0.0,0.0,0.0,0.0,0.0,0.0,0.0,0.09166666666666667,0.36000000000000004
2023-12-01,0.01958804736377484,0.017754714030441508,0.45833333333333337,8,True,0.0018333333333333335,3.576455709645873,-0.10625057929019133,6.106226635438361e-17,0.0,0.09166666666666667,0.09166666666666667,0.0,0.0,0.09000000000000001,0.0,0.09166666666666667,0.09166666666666667,0.0,0.09166666666666667,0.0,0.09166666666666667,0.0,0.36000000000000004
2024-01-01,0.03209251711332586,0.03135918377999252,0.18333333333333335,4,True,0.0007333333333333333,3.69398218800873,-0.07688093781201732,6.106226635438361e-17,0.0,0.09166666666666667,0.0,0.0,0.0,0.09000000000000001,0.09166666666666667,0.09166666666666667,0.09166666666666667,0.09166666666666667,0.09166666666666667,0.0,0.0,0.0,0.36000000000000004
2024-02-01,0.028258870079357252,0.027892203412690584,0.09166666666666667,2,True,0.00036666666666666667,3.8083386152289944,-0.0483034860328998,6.106226635438361e-17,0.0,0.09166666666666667,0.09166666666666667,0.0,0.0,0.09000000000000001,0.09166666666666667,0.09166666666666667,0.09166666666666667,0.09166666666666667,0.0,0.0,0.0,0.0,0.36000000000000004
2024-03-01,0.016401282157545362,0.015301282157545362,0.27499999999999997,6,True,0.0010999999999999998,3.9116504076174388,-0.02248606731004721,6.106226635438361e-17,0.0,0.09166666666666667,0.0,0.0,0.0,0.09000000000000001,0.0,0.09166666666666667,0.09166666666666667,0.0,0.09166666666666667,0.0,0.09166666666666667,0.09166666666666667,0.36000000000000004
2024-04-01,-0.043116528079312225,-0.043116528079312225,0.0,0,False,0.0,3.9758064896544507,-0.006453585487067315,6.106226635438361e-17,0.0,0.09166666666666667,0.0,0.0,0.0,0.09000000000000001,0.0,0.09166666666666667,0.09166666666666667,0.0,0.09166666666666667,0.0,0.09166666666666667,0.09166666666666667,0.36000000000000004
2024-05-01,0.05187932152254482,0.05151265485587815,0.09166666666666667,2,True,0.00036666666666666667,3.8029885768822678,-0.04964045035214637,6.106226635438361e-17,0.0,0.09166666666666667,0.0,0.0,0.09166666666666667,0.09000000000000001,0.0,0.09166666666666667,0.09166666666666667,0.0,0.0,0.0,0.09166666666666667,0.09166666666666667,0.36000000000000004
2024-06-01,0.046146650569165636,0.04577998390249897,0.09166666666666667,2,True,0.00036666666666666667,3.99534214741652,-0.01773917649603096,6.106226635438361e-17,0.09166666666666667,0.09166666666666667,0.0,0.0,0.0,0.09000000000000001,0.0,0.09166666666666667,0.09166666666666667,0.0,0.0,0.0,0.09166666666666667,0.09166666666666667,0.36000000000000004
2024-07-01,-0.03384065194587592,-0.03384065194587592,0.0,0,False,0.0,4.178181243668966,-0.0029679141487479743,6.106226635438361e-17,0.09166666666666667,0.09166666666666667,0.0,0.0,0.0,0.09000000000000001,0.0,0.09166666666666667,0.09166666666666667,0.0,0.0,0.0,0.09166666666666667,0.09166666666666667,0.36000000000000004
2024-08-01,0.007614795448014788,0.007248128781348121,0.09166666666666667,2,True,0.00036666666666666667,4.035308710517487,-0.058652157802108085,6.106226635438361e-17,0.0,0.09166666666666667,0.0,0.0,0.0,0.09000000000000001,0.0,0.09166666666666667,0.09166666666666667,0.0,0.09166666666666667,0.0,0.09166666666666667,0.09166666666666667,0.36000000000000004
2024-09-01,0.04495249961670271,0.04458583295003604,0.09166666666666667,2,True,0.00036666666666666667,4.179887011033471,-0.024925253373547895,6.106226635438361e-17,0.0,0.09166666666666667,0.0,0.0,0.0,0.09000000000000001,0.0,0.09166666666666667,0.09166666666666667,0.09166666666666667,0.09166666666666667,0.0,0.09166666666666667,0.0,0.36000000000000004
2024-10-01,-0.0029608853424887317,-0.0029608853424887317,0.0,0,False,0.0,4.3661818597220385,-0.01441043389904062,6.106226635438361e-17,0.0,0.09166666666666667,0.0,0.0,0.0,0.09000000000000001,0.0,0.09166666666666667,0.09166666666666667,0.09166666666666667,0.09166666666666667,0.0,0.09166666666666667,0.0,0.36000000000000004
2024-11-01,0.002491895088012957,0.0006852284213462905,0.4516666666666667,5,True,0.0018066666666666667,4.345389216784444,-0.027856281953236306,6.106226635438361e-17,0.0,0.09166666666666667,0.0,0.36000000000000004,0.09166666666666667,0.0,0.0,0.09166666666666667,0.09166666666666667,0.0,0.09166666666666667,0.0,0.09166666666666667,0.0,0.09000000000000001
2024-12-01,-0.019752980332570124,-0.020119646999236792,0.09166666666666667,2,True,0.00036666666666666667,4.369810429643508,-0.02239280618993289,6.106226635438361e-17,0.0,0.09166666666666667,0.0,0.36000000000000004,0.0,0.0,0.0,0.09166666666666667,0.09166666666666667,0.0,0.09166666666666667,0.0,0.09166666666666667,0.09166666666666667,0.09000000000000001
2025-01-01,0.029478609573350734,0.028378609573350734,0.27499999999999997,4,True,0.0010999999999999998,4.171551053348328,-0.06674708554073672,6.106226635438361e-17,0.0,0.09166666666666667,0.0,0.36000000000000004,0.275,0.0,0.0,0.09166666666666667,0.09166666666666667,0.0,0.0,0.0,0.0,0.0,0.09000000000000001
2025-02-01,0.007952854862850592,0.007586188196183925,0.09166666666666669,2,True,0.0003666666666666667,4.292335799776012,-0.03972530990278045,6.106226635438361e-17,0.0,0.09166666666666667,0.09166666666666667,0.36000000000000004,0.18333333333333335,0.0,0.0,0.09166666666666667,0.09166666666666667,0.0,0.0,0.0,0.0,0.0,0.09000000000000001
2025-03-01,0.0271108785889343,0.026377545255600966,0.18333333333333335,4,True,0.0007333333333333333,4.328314857970381,-0.03167613095471433,6.106226635438361e-17,0.0,0.09166666666666667,0.0,0.36000000000000004,0.09166666666666667,0.0,0.0,0.09166666666666667,0.09166666666666667,0.0,0.09166666666666667,0.0,0.0,0.09166666666666667,0.09000000000000001
2025-04-01,-0.008306055027720916,-0.009766055027720915,0.365,8,True,0.00146,4.435913223718731,-0.007604391896144924,6.106226635438361e-17,0.09166666666666667,0.09166666666666667,0.0,0.36000000000000004,0.09166666666666667,0.09000000000000001,0.0,0.0,0.0,0.09166666666666667,0.0,0.0,0.09166666666666667,0.09166666666666667,0.0
2025-05-01,0.025994548815242578,0.024894548815242577,0.27499999999999997,4,True,0.0010999999999999998,4.3942293092715055,-0.022351890875578873,6.106226635438361e-17,0.0,0.09166666666666667,0.0,0.36000000000000004,0.3666666666666667,0.09000000000000001,0.0,0.0,0.0,0.0,0.0,0.0,0.09166666666666667,0.0,0.0
2025-06-01,0.012779114343326703,0.011679114343326703,0.27499999999999997,4,True,0.0010999999999999998,4.460962287622552,-0.012571502092103337,6.106226635438361e-17,0.0,0.09166666666666667,0.09166666666666667,0.36000000000000004,0.09166666666666667,0.09000000000000001,0.0,0.09166666666666667,0.09166666666666667,0.0,0.0,0.0,0.09166666666666667,0.0,0.0
2025-07-01,0.0063328952884646105,0.005606228621797944,0.1816666666666667,4,True,0.0007266666666666667,4.509720221973388,-0.001778993486791558,6.106226635438361e-17,0.0,0.09166666666666667,0.09166666666666667,0.36000000000000004,0.0,0.0,0.09166666666666667,0.09166666666666667,0.09166666666666667,0.0,0.0,0.0,0.09166666666666667,0.0,0.09000000000000001
2025-08-01,0.04045759063905837,0.039724257305725034,0.18333333333333335,4,True,0.0007333333333333333,4.534951736060276,-0.0157584384870455,6.106226635438361e-17,0.09166666666666667,0.09166666666666667,0.0,0.36000000000000004,0.0,0.0,0.0,0.09166666666666667,0.09166666666666667,0.0,0.0,0.0,0.09166666666666667,0.09166666666666667,0.09000000000000001
2025-09-01,0.06578112223723179,0.06578112223723179,0.0,0,False,0.0,4.672499443353657,0.0,6.106226635438361e-17,0.09166666666666667,0.09166666666666667,0.0,0.36000000000000004,0.0,0.0,0.0,0.09166666666666667,0.09166666666666667,0.0,0.0,0.0,0.09166666666666667,0.09166666666666667,0.09000000000000001
2025-10-01,0.030321897681800346,0.030321897681800346,0.0,0,False,0.0,4.9798617003903,0.0,6.106226635438361e-17,0.09166666666666667,0.09166666666666667,0.0,0.36000000000000004,0.0,0.0,0.0,0.09166666666666667,0.09166666666666667,0.0,0.0,0.0,0.09166666666666667,0.09166666666666667,0.09000000000000001
2025-11-01,0.020536672526880063,0.020536672526880063,0.0,0,False,0.0,5.116726091411654,-0.030824680062450427,6.106226635438361e-17,0.09166666666666667,0.09166666666666667,0.0,0.36000000000000004,0.0,0.0,0.0,0.09166666666666667,0.09166666666666667,0.0,0.0,0.0,0.09166666666666667,0.09166666666666667,0.09000000000000001
2025-12-01,0.009550024456963308,0.009550024456963308,0.0,0,False,0.0,5.221806619560718,-0.010921043895758764,6.106226635438361e-17,0.09166666666666667,0.09166666666666667,0.0,0.36000000000000004,0.0,0.0,0.0,0.09166666666666667,0.09166666666666667,0.0,0.0,0.0,0.09166666666666667,0.09166666666666667,0.09000000000000001
2026-01-01,0.048667419075885184,0.048300752409218516,0.09166666666666667,2,True,0.00036666666666666667,5.0354924335293605,-0.0652766290561636,6.106226635438361e-17,0.0,0.09166666666666667,0.0,0.36000000000000004,0.09166666666666667,0.0,0.0,0.09166666666666667,0.09166666666666667,0.0,0.0,0.0,0.09166666666666667,0.09166666666666667,0.09000000000000001
2026-02-01,0.08116203054534804,0.08079536387868137,0.09166666666666667,2,True,0.00036666666666666667,5.379952999922404,-0.05457534931367747,6.106226635438361e-17,0.09166666666666667,0.09166666666666667,0.0,0.36000000000000004,0.0,0.0,0.0,0.09166666666666667,0.09166666666666667,0.0,0.0,0.0,0.09166666666666667,0.09166666666666667,0.09000000000000001
2026-03-01,-0.048801639056626406,-0.049168305723293074,0.09166666666666667,2,True,0.00036666666666666667,5.756352612313208,0.0,6.106226635438361e-17,0.09166666666666667,0.09166666666666667,0.0,0.36000000000000004,0.09166666666666667,0.0,0.0,0.0,0.09166666666666667,0.0,0.0,0.0,0.09166666666666667,0.09166666666666667,0.09000000000000001
2026-04-01,0.008791177923494747,0.008057844590161413,0.18333333333333335,3,True,0.0007333333333333333,5.4694116656407425,-0.04984770148699369,6.106226635438361e-17,0.09166666666666667,0.09166666666666667,0.0,0.36000000000000004,0.275,0.0,0.0,0.0,0.0,0.0,0.0,0.0,0.0,0.09166666666666667,0.09000000000000001
2026-05-01,0.01963488182013276,0.01853488182013276,0.27499999999999997,5,True,0.0010999999999999998,5.511424993069827,-0.042549099358414,6.106226635438361e-17,0.09166666666666667,0.0,0.0,0.36000000000000004,0.09166666666666667,0.0,0.0,0.09166666666666667,0.09166666666666667,0.0,0.0,0.0,0.09166666666666667,0.09166666666666667,0.09000000000000001
2026-06-01,-0.05294380979878387,-0.054383809798783864,0.36000000000000004,3,True,0.00144,5.611548888182362,-0.025155464559467933,6.106226635438361e-17,0.1816666666666667,0.0,0.0,0.0,0.09166666666666667,0.0,0.0,0.09166666666666667,0.09166666666666667,0.0,0.0,0.0,0.09166666666666667,0.09166666666666667,0.36000000000000004
2026-07-01,0.0,-0.0010933333333333333,0.2733333333333334,6,True,0.0010933333333333333,5.308641643528314,-0.07777684915048666,6.106226635438361e-17,0.0,0.0,0.0,0.0,0.18333333333333335,0.09000000000000001,0.0,0.09166666666666667,0.09166666666666667,0.0,0.09166666666666667,0.0,0.09166666666666667,0.0,0.36000000000000004
2026-08-01,0.0,-0.0018000000000000002,0.45,3,True,0.0018000000000000002,5.252835478871252,-0.08747155835535514,0.45000000000000007,0.0,0.0,0.0,0.0,0.18333333333333335,0.0,0.0,0.09166666666666667,0.09166666666666667,0.0,0.09166666666666667,0.0,0.09166666666666667,0.0,0.0
