date,gross_return,net_return,turnover,operations,signal_changed,trade_cost,equity,drawdown,w__CASH,w_agg.us,w_efa.us,w_ief.us,w_lqd.us,w_shy.us,w_spy.us,w_tlt.us,w_vea.us,w_vwo.us
2006-02-01,0.0,0.0,0.0,0,False,0.0,1.0,0.0,1.0,0.0,0.0,0.0,0.0,0.0,0.0,0.0,0.0,0.0
2006-03-01,-0.0008220744870970353,-0.0028220744870970354,0.5,2,True,0.002,0.998,-0.0020000000000000018,0.5,0.0,0.0,0.0,0.0,0.5,0.0,0.0,0.0,0.0
2006-04-01,-0.000596916687780169,-0.000596916687780169,0.0,0,False,0.0,0.9990666966352687,-0.0009333033647312972,0.5,0.0,0.0,0.0,0.0,0.5,0.0,0.0,0.0,0.0
2006-05-01,6.893081414183211e-05,6.893081414183211e-05,0.0,0,False,0.0,0.998470337051842,-0.0019595076341729634,0.5,0.0,0.0,0.0,0.0,0.5,0.0,0.0,0.0,0.0
2006-06-01,-0.001222664084414793,-0.001222664084414793,0.0,0,False,0.0,0.9985391624250717,-0.0018907118904873954,0.5,0.0,0.0,0.0,0.0,0.5,0.0,0.0,0.0,0.0
2006-07-01,0.0018861641225329517,0.0018861641225329517,0.0,0,False,0.0,0.9991351490782251,-0.001294981811501783,0.5,0.0,0.0,0.0,0.0,0.5,0.0,0.0,0.0,0.0
2006-08-01,0.007506341058806543,0.005506341058806543,0.5,2,True,0.002,0.9990176425860784,-0.0035001318602624343,0.5,0.0,0.0,0.5,0.0,0.0,0.0,0.0,0.0,0.0
2006-09-01,-0.0011610771223150573,-0.0031610771223150574,0.5,2,True,0.002,1.0045035765156243,-0.0031559237095865056,0.5,0.0,0.5,0.0,0.0,0.0,0.0,0.0,0.0,0.0
2006-10-01,0.014259416182099693,0.012259416182099693,0.5,2,True,0.002,1.0019303626590972,-0.005709516399425518,0.5,0.0,0.0,0.0,0.0,0.0,0.5,0.0,0.0,0.0
2006-11-01,0.03359359148444696,0.03159359148444696,0.5,2,True,0.002,1.0121565003362114,-0.00892391319896435,0.5,0.0,0.0,0.0,0.0,0.0,0.0,0.0,0.0,0.5
2006-12-01,0.017827958011429557,0.017827958011429557,0.0,0,False,0.0,1.0461584723268338,-0.0034460769837044714,0.5,0.0,0.0,0.0,0.0,0.0,0.0,0.0,0.0,0.5
2007-01-01,-0.0015642114989423694,-0.0035642114989423695,0.5,2,True,0.002,1.0496745844975839,-0.012519771693241033,0.5,0.0,0.0,0.0,0.0,0.5,0.0,0.0,0.0,0.0
2007-02-01,0.008163871552965718,0.006163871552965718,0.5,2,True,0.002,1.0438447328872815,-0.018004198280449746,0.5,0.0,0.0,0.0,0.5,0.0,0.0,0.0,0.0,0.0
2007-03-01,-0.005463446969202701,-0.005463446969202701,0.0,0,False,0.0,1.0523665472078134,-0.009987310689659523,0.5,0.0,0.0,0.0,0.5,0.0,0.0,0.0,0.0,0.0
2007-04-01,-0.0005590552581986596,-0.0025590552581986597,0.5,2,True,0.002,1.0486994418504272,-0.01343713608223096,0.5,0.0,0.0,0.0,0.0,0.5,0.0,0.0,0.0,0.0
2007-05-01,0.041490316146870376,0.039490316146870375,0.5,2,True,0.002,1.0439249007221814,-0.017928780476609507,0.5,0.0,0.0,0.0,0.0,0.0,0.0,0.0,0.0,0.5
2007-06-01,0.0010560279589422183,-0.0009439720410577817,0.5,2,True,0.002,1.0850631995369613,0.0,0.5,0.0,0.0,0.0,0.0,0.5,0.0,0.0,0.0,0.0
2007-07-01,0.0017588543418712854,0.0017588543418712854,0.0,0,False,0.0,1.0878453554470546,0.0,0.5,0.0,0.0,0.0,0.0,0.5,0.0,0.0,0.0,0.0
2007-08-01,0.009759073340734892,0.007759073340734892,0.5,2,True,0.002,1.0875791995398194,-0.004373087572726586,0.5,0.0,0.0,0.5,0.0,0.0,0.0,0.0,0.0,0.0
2007-09-01,0.06229818745425586,0.06029818745425586,0.5,2,True,0.002,1.1013843584375187,0.0,0.5,0.0,0.0,0.0,0.0,0.0,0.0,0.0,0.0,0.5
2007-10-01,0.02508709467478276,0.02508709467478276,0.0,0,False,0.0,1.1676586104433273,0.0,0.5,0.0,0.0,0.0,0.0,0.0,0.0,0.0,0.0,0.5
2007-11-01,-0.024940822506403726,-0.024940822506403726,0.0,0,False,0.0,1.196951772551344,-0.01827694428556781,0.5,0.0,0.0,0.0,0.0,0.0,0.0,0.0,0.0,0.5
2007-12-01,0.0,-0.002,0.5,2,True,0.002,1.1658654217311955,-0.04377353321923605,0.5,0.0,0.0,0.5,0.0,0.0,0.0,0.0,0.0,0.0
2008-01-01,0.013130649160060903,0.013130649160060903,0.0,0,False,0.0,1.1385344116609626,-0.06619004434124953,0.5,0.0,0.0,0.5,0.0,0.0,0.0,0.0,0.0,0.0
2008-02-01,0.0017542956885355787,0.0017542956885355787,0.0,0,False,0.0,1.153484107577139,-0.053928513431322544,0.5,0.0,0.0,0.5,0.0,0.0,0.0,0.0,0.0,0.0
2008-03-01,0.0018277773579610246,0.0018277773579610246,0.0,0,False,0.0,1.1587753334099284,-0.04958872421661675,0.5,0.0,0.0,0.5,0.0,0.0,0.0,0.0,0.0,0.0
2008-04-01,-0.009381894744767583,-0.009381894744767583,0.0,0,False,0.0,1.160893316727299,-0.04785158400598888,0.5,0.0,0.0,0.5,0.0,0.0,0.0,0.0,0.0,0.0
2008-05-01,-0.0011658544237329038,-0.003165854423732904,0.5,2,True,0.002,1.1477019339442198,-0.05867097114578923,0.5,0.0,0.0,0.0,0.0,0.0,0.0,0.0,0.0,0.5
2008-06-01,-0.0011880070883098504,-0.0031880070883098504,0.5,2,True,0.002,1.149598399562671,-0.057115516644865805,0.5,0.0,0.0,0.0,0.0,0.5,0.0,0.0,0.0,0.0
2008-07-01,-0.0005275698615363478,-0.002527569861536348,0.5,2,True,0.002,1.143644330771894,-0.06199896035685115,0.0,0.0,0.0,0.0,0.0,0.5,0.0,0.5,0.0,0.0
2008-08-01,0.01692770984387182,0.012927709843871819,1.0,4,True,0.004,1.1384688145766995,-0.06624384614971457,0.0,0.0,0.0,1.0,0.0,0.0,0.0,0.0,0.0,0.0
2008-09-01,0.005853988941416699,0.003853988941416699,0.5,2,True,0.002,1.1553415604846928,-0.05240505660869499,0.0,0.0,0.0,0.5,0.0,0.0,0.0,0.5,0.0,0.0
2008-10-01,-0.013143514343408547,-0.015143514343408547,0.5,2,True,0.002,1.1574611459541855,-0.050666602335368016,0.0,0.0,0.0,0.0,0.0,0.5,0.0,0.5,0.0,0.0
2008-11-01,0.04719620917143863,0.04519620917143863,0.5,2,True,0.002,1.144202308863591,-0.06154131455209588,0.0,0.0,0.0,0.5,0.0,0.5,0.0,0.0,0.0,0.0
2008-12-01,0.04121629448414377,0.037216294484143764,1.0,4,True,0.004,1.19102468007952,-0.023138262399110876,0.0,0.0,0.0,0.5,0.0,0.0,0.0,0.5,0.0,0.0
2009-01-01,-0.05585542045783776,-0.05785542045783776,0.5,2,True,0.002,1.2409488871522734,-0.03715449491037137,0.0,0.0,0.0,0.0,0.5,0.0,0.0,0.5,0.0,0.0
2009-02-01,-0.008041777327458588,-0.012041777327458588,1.0,4,True,0.004,1.1665639680749869,-0.09486934982625528,0.0,0.0,0.0,1.0,0.0,0.0,0.0,0.0,0.0,0.0
2009-03-01,0.022508905287974112,0.022508905287974112,0.0,0,False,0.0,1.1441437472526712,-0.11226507745482972,0.0,0.0,0.0,1.0,0.0,0.0,0.0,0.0,0.0,0.0
2009-04-01,0.1535018074934964,0.1495018074934964,1.0,4,True,0.004,1.1652175818134283,-0.09591400361778335,0.0,0.0,0.0,0.0,0.0,0.0,0.0,0.0,0.0,1.0
2009-05-01,0.20315833150277052,0.20315833150277052,0.0,0,False,0.0,1.344080586744991,0.0,0.0,0.0,0.0,0.0,0.0,0.0,0.0,0.0,0.0,1.0
2009-06-01,-0.00900074970924214,-0.01100074970924214,0.5,2,True,0.002,1.6139074726410618,0.0,0.0,0.0,0.0,0.0,0.5,0.0,0.0,0.0,0.0,0.5
2009-07-01,0.0802427248050096,0.0802427248050096,0.0,0,False,0.0,1.5993810954259442,-0.009000749709242029,0.0,0.0,0.0,0.0,0.5,0.0,0.0,0.0,0.0,0.5
2009-08-01,-0.05838763926844648,-0.06038763926844648,0.5,2,True,0.002,1.7063956503240083,0.0,0.0,0.0,0.0,0.0,0.0,0.0,0.0,0.0,0.0,1.0
2009-09-01,0.035831045832271036,0.03183104583227103,1.0,4,True,0.004,1.5971355113296748,-0.06402978053395025,0.0,0.0,0.5,0.0,0.0,0.0,0.0,0.0,0.5,0.0
2009-10-01,0.020146734713303527,0.016146734713303527,1.0,4,True,0.004,1.6477450968483305,-0.050796477448296296,0.0,0.0,0.0,0.0,0.0,0.0,0.0,0.0,0.0,1.0
2009-11-01,0.07822385868960602,0.07822385868960602,0.0,0,False,0.0,1.649373863794027,-0.09110370917020683,0.0,0.0,0.0,0.0,0.0,0.0,0.0,0.0,0.0,1.0
2009-12-01,0.026300899329663396,0.026300899329663396,0.0,0,False,0.0,1.7783942518417801,-0.020006334152830152,0.0,0.0,0.0,0.0,0.0,0.0,0.0,0.0,0.0,1.0
2010-01-01,-0.036871752034531635,-0.03887175203453164,0.5,2,True,0.002,1.665237814755851,-0.08236179412982869,0.0,0.0,0.0,0.0,0.5,0.0,0.0,0.0,0.0,0.5
2010-02-01,0.005931888730263846,0.003931888730263846,0.5,2,True,0.002,1.597428644006077,-0.11972840041092003,0.0,0.0,0.0,0.5,0.0,0.0,0.0,0.0,0.0,0.5
2010-03-01,0.08972240352168415,0.08772240352168414,0.5,2,True,0.002,1.6036906041509036,-0.11627771377528673,0.0,0.0,0.0,0.0,0.0,0.0,0.0,0.0,0.0,1.0
2010-04-01,-0.0033256868430731057,-0.005325686843073106,0.5,2,True,0.002,1.7440824245011437,-0.03891405015710858,0.0,0.0,0.0,0.0,0.5,0.0,0.0,0.0,0.0,0.5
2010-05-01,-0.06247916879577309,-0.06447916879577309,0.5,2,True,0.002,1.736449584865322,-0.043120167269658616,0.0,0.0,0.0,0.0,0.5,0.0,0.5,0.0,0.0,0.0
2010-06-01,0.03752229840709154,0.03352229840709153,1.0,4,True,0.004,1.618202935859553,-0.10828061575474335,0.0,0.0,0.0,0.5,0.0,0.0,0.0,0.5,0.0,0.0
2010-07-01,-0.01212549521710421,-0.01212549521710421,0.0,0,False,0.0,1.6789216293021074,-0.07482125492370462,0.0,0.0,0.0,0.5,0.0,0.0,0.0,0.5,0.0,0.0
2010-08-01,-0.018635468847526426,-0.022635468847526426,1.0,4,True,0.004,1.6776541936631484,-0.07551968211259286,0.0,0.0,0.0,0.0,0.0,0.0,0.0,0.0,0.0,1.0
2010-09-01,-0.0038671854137790618,-0.007867185413779062,1.0,4,True,0.004,1.6332455408757542,-0.0999913077914214,0.0,0.0,0.0,0.5,0.0,0.0,0.0,0.5,0.0,0.0
2010-10-01,0.02588807843861418,0.02188807843861418,1.0,4,True,0.004,1.620421759632788,-0.10705792104509204,0.0,0.0,0.0,0.0,0.0,0.0,0.0,0.0,0.0,1.0
2010-11-01,-0.009624178025519292,-0.009624178025519292,0.0,0,False,0.0,1.662371365249799,-0.0839413664639681,0.0,0.0,0.0,0.0,0.0,0.0,0.0,0.0,0.0,1.0
2010-12-01,0.024546127202419,0.020546127202419,1.0,4,True,0.004,1.6397869176569644,-0.09638664712359335,0.0,0.0,0.0,0.0,0.0,0.5,0.5,0.0,0.0,0.0
2011-01-01,0.014116861394985414,0.014116861394985414,0.0,0,False,0.0,1.6699925929635917,-0.07974164816316898,0.0,0.0,0.0,0.0,0.0,0.5,0.5,0.0,0.0,0.0
2011-02-01,0.0009946087151777583,0.0009946087151777583,0.0,0,False,0.0,1.6935676469291112,-0.0667504885627106,0.0,0.0,0.0,0.0,0.0,0.5,0.5,0.0,0.0,0.0
2011-03-01,0.010246858641376644,0.008246858641376644,0.5,2,True,0.002,1.6918615799023495,-0.067690625924269,0.0,0.0,0.0,0.0,0.5,0.0,0.5,0.0,0.0,0.0
2011-04-01,0.019027083498993735,0.017027083498993734,0.5,2,True,0.002,1.7057794506596802,-0.06002110879096856,0.0,0.0,0.0,0.0,0.5,0.0,0.0,0.0,0.0,0.5
2011-05-01,-0.05057142317565444,-0.05457142317565444,1.0,4,True,0.004,1.737592408272192,-0.04249040831786566,0.0,0.0,0.5,0.0,0.0,0.0,0.0,0.0,0.5,0.0
2011-06-01,-0.02669684879045603,-0.03069684879045603,1.0,4,True,0.004,1.6365485237065573,-0.09817118143347991,0.0,0.0,0.0,0.5,0.0,0.0,0.0,0.5,0.0,0.0
2011-07-01,-0.04579002424278389,-0.04979002424278389,1.0,4,True,0.004,1.5864864038899962,-0.12575818036147512,0.0,0.0,0.5,0.0,0.0,0.0,0.0,0.0,0.5,0.0
2011-08-01,0.07986072301670177,0.07586072301670177,1.0,4,True,0.004,1.5077857883830468,-0.16912657553887112,0.0,0.0,0.0,0.5,0.0,0.0,0.0,0.5,0.0,0.0
2011-09-01,0.08122934297953799,0.08122934297953799,0.0,0,False,0.0,1.6281986515976243,-0.10277242312604262,0.0,0.0,0.0,0.5,0.0,0.0,0.0,0.5,0.0,0.0
2011-10-01,-0.021125454664490062,-0.021125454664490062,0.0,0,False,0.0,1.728319633681891,-0.04760022035977518,0.0,0.0,0.0,0.5,0.0,0.0,0.0,0.5,0.0,0.0
2011-11-01,0.002863891543754604,0.0008638915437546042,0.5,2,True,0.002,1.688424479423566,-0.06958465852958118,0.0,0.0,0.0,0.0,0.0,0.0,0.5,0.5,0.0,0.0
2011-12-01,0.019145733463217462,0.01714573346321746,0.5,2,True,0.002,1.6898734241244304,-0.06878620980116268,0.0,0.0,0.0,0.5,0.0,0.0,0.0,0.5,0.0,0.0
2012-01-01,0.013382474005490752,0.011382474005490752,0.5,2,True,0.002,1.72686537566988,-0.048401597016724085,0.0,0.0,0.0,0.0,0.5,0.0,0.0,0.5,0.0,0.0
2012-02-01,0.041091812337777034,0.03709181233777703,1.0,4,True,0.004,1.7394892558315926,-0.04144514032323232,0.0,0.0,0.0,0.0,0.0,0.0,0.0,0.0,0.0,1.0
2012-03-01,0.03422182897380588,0.03022182897380588,1.0,4,True,0.004,1.8037241498082202,-0.0060481583782748816,0.0,0.0,0.0,0.0,0.0,0.0,1.0,0.0,0.0,0.0
2012-04-01,-0.00777107413711664,-0.00777107413711664,0.0,0,False,0.0,1.8517356831511964,-0.005908182207625345,0.0,0.0,0.0,0.0,0.0,0.0,1.0,0.0,0.0,0.0
2012-05-01,0.08060932928767783,0.07660932928767783,1.0,4,True,0.004,1.8299963250435833,-0.017578810049100002,0.0,0.0,0.0,0.5,0.0,0.0,0.0,0.5,0.0,0.0
2012-06-01,-0.01904867019630424,-0.01904867019630424,0.0,0,False,0.0,1.977511101404262,0.0,0.0,0.0,0.0,0.5,0.0,0.0,0.0,0.5,0.0,0.0
2012-07-01,0.007672257375222369,0.0036722573752223688,1.0,4,True,0.004,1.9259232961158885,-0.02608723928363288,0.0,0.0,0.0,0.0,0.0,0.0,1.0,0.0,0.0,0.0
2012-08-01,-0.005245616210756754,-0.009245616210756754,1.0,4,True,0.004,1.9252049307176027,-0.026450506725102962,0.0,0.0,0.0,0.0,0.5,0.0,0.0,0.5,0.0,0.0
2012-09-01,0.022510297013541125,0.020510297013541123,0.5,2,True,0.002,1.9184080889783346,-0.02988757554076804,0.0,0.0,0.0,0.0,0.5,0.0,0.5,0.0,0.0,0.0
2012-10-01,-0.0014850285836539578,-0.005485028583653958,1.0,4,True,0.004,1.9498381654414891,-0.013993820789740097,0.0,0.0,0.0,0.0,0.0,0.0,0.0,0.0,0.0,1.0
2012-11-01,0.016773208204254653,0.012773208204254653,1.0,4,True,0.004,1.93915482963218,-0.019396235876928514,0.0,0.0,0.5,0.0,0.0,0.0,0.0,0.0,0.5,0.0
2012-12-01,0.04767191370738921,0.04767191370738921,0.0,0,False,0.0,1.9694238391970555,-0.004089616589997069,0.0,0.0,0.5,0.0,0.0,0.0,0.0,0.0,0.5,0.0
2013-01-01,-0.013407743000755645,-0.017407743000755645,1.0,4,True,0.004,1.972986732065745,-0.029151456613978,0.0,0.0,0.0,0.0,0.0,0.0,0.0,0.0,0.0,1.0
2013-02-01,-0.010246061778816595,-0.014246061778816595,1.0,4,True,0.004,1.9309923100890876,-0.04981567231485551,0.0,0.0,0.0,0.0,0.0,0.5,0.0,0.0,0.5,0.0
2013-03-01,0.01317691622176076,0.00917691622176076,1.0,4,True,0.004,1.9035624146111527,-0.06331311435903064,0.0,0.0,0.0,0.0,0.5,0.0,0.5,0.0,0.0,0.0
2013-04-01,0.015398821793889739,0.013398821793889739,0.5,2,True,0.002,1.924788206077233,-0.05286852880143611,0.0,0.0,0.0,0.5,0.0,0.0,0.5,0.0,0.0,0.0
2013-05-01,-0.01822449634733575,-0.02222449634733575,1.0,4,True,0.004,1.9466099659469827,-0.04213068478082049,0.0,0.0,0.5,0.0,0.0,0.0,0.0,0.0,0.5,0.0
2013-06-01,-0.006827005093033467,-0.010827005093033467,1.0,4,True,0.004,1.9010565114553142,-0.06454619534694228,0.0,0.0,0.0,0.0,0.0,0.5,0.5,0.0,0.0,0.0
2013-07-01,0.029161736626090118,0.029161736626090118,0.0,0,False,0.0,1.8805256770135859,-0.07464881306266413,0.0,0.0,0.0,0.0,0.0,0.5,0.5,0.0,0.0,0.0
2013-08-01,-0.01877702889297489,-0.01877702889297489,0.0,0,False,0.0,1.9353650715252557,-0.04766396546255769,0.0,0.0,0.0,0.0,0.0,0.5,0.5,0.0,0.0,0.0
2013-09-01,0.033504290120338065,0.03150429012033806,0.5,2,True,0.002,1.8957319503423284,-0.06716625473036231,0.0,0.0,0.0,0.0,0.0,0.5,0.0,0.0,0.5,0.0
2013-10-01,0.02168027398603145,0.01968027398603145,0.5,2,True,0.002,1.951417952171018,-0.039764816654917046,0.0,0.0,0.5,0.0,0.0,0.0,0.0,0.0,0.5,0.0
2013-11-01,0.024391090862369458,0.020391090862369458,1.0,4,True,0.004,1.985750327123205,-0.023451503608552082,0.0,0.0,0.0,0.0,0.0,0.0,1.0,0.0,0.0,0.0
2013-12-01,0.009085809039462378,0.007085809039462378,0.5,2,True,0.002,2.039742788461293,-0.0005743747761628448,0.0,0.0,0.0,0.0,0.0,0.5,0.5,0.0,0.0,0.0
2014-01-01,-0.012276574804444107,-0.014276574804444107,0.5,2,True,0.002,2.0465151197307043,-0.005976521136436097,0.0,0.0,0.0,0.0,0.5,0.0,0.5,0.0,0.0,0.0
2014-02-01,0.0037195545978244704,0.0017195545978244704,0.5,2,True,0.002,2.0329735363518737,-0.012670322078835117,0.5,0.0,0.0,0.0,0.5,0.0,0.0,0.0,0.0,0.0
2014-03-01,0.02216753630435786,0.01816753630435786,1.0,4,True,0.004,2.0336171582954856,-0.01235774199113282,0.0,0.0,0.0,0.0,0.0,0.0,1.0,0.0,0.0,0.0
2014-04-01,0.0,-0.004,1.0,4,True,0.004,2.0621011201163633,0.0,0.0,0.0,0.0,0.0,0.0,0.0,0.0,0.0,0.0,1.0
2014-05-01,0.015588563278113532,0.011588563278113532,1.0,4,True,0.004,2.0538527156358968,-0.022390071249688726,0.0,0.0,0.5,0.0,0.0,0.0,0.0,0.0,0.5,0.0
2014-06-01,0.035837687765963855,0.03183768776596385,1.0,4,True,0.004,2.082043830035041,-0.008971429723289792,0.0,0.0,0.0,0.0,0.0,0.0,0.0,0.0,0.0,1.0
2014-07-01,0.01057186998911508,0.01057186998911508,0.0,0,False,0.0,2.1480328288639647,0.0,0.0,0.0,0.0,0.0,0.0,0.0,0.0,0.0,0.0,1.0
2014-08-01,0.02222459643576269,0.020224596435762687,0.5,2,True,0.002,2.16640006955774,-0.02769217619430453,0.0,0.0,0.0,0.0,0.5,0.0,0.0,0.0,0.0,0.5
2014-09-01,-0.09125442289604524,-0.09325442289604524,0.5,2,True,0.002,2.217405630095065,-0.004800233812600085,0.0,0.0,0.0,0.0,0.0,0.0,0.0,0.0,0.0,1.0
2014-10-01,0.007852077372652033,0.003852077372652033,1.0,4,True,0.004,2.002983334100804,-0.11438264561278644,0.0,0.0,0.0,0.5,0.0,0.0,0.0,0.5,0.0,0.0
2014-11-01,0.01525237619772346,0.01325237619772346,0.5,2,True,0.002,2.0190860043246124,-0.10726286385555017,0.0,0.0,0.0,0.5,0.0,0.0,0.5,0.0,0.0,0.0
2014-12-01,0.029364291483122806,0.027364291483122805,0.5,2,True,0.002,2.0416905357110315,-0.09726828979056412,0.0,0.0,0.0,0.5,0.0,0.0,0.0,0.5,0.0,0.0
2015-01-01,0.05915931710983946,0.05915931710983946,0.0,0,False,0.0,2.077295684138026,-0.08152550410900727,0.0,0.0,0.0,0.5,0.0,0.0,0.0,0.5,0.0,0.0
2015-02-01,-0.04449636754265579,-0.04649636754265579,0.5,2,True,0.002,2.2055064874492913,-0.024837207956330598,0.0,0.5,0.0,0.0,0.0,0.0,0.0,0.5,0.0,0.0
2015-03-01,-0.011018425150632616,-0.015018425150632616,1.0,4,True,0.004,2.1275221721973048,-0.05931790571419171,0.0,0.0,0.0,0.0,0.0,0.5,0.5,0.0,0.0,0.0
2015-04-01,-0.03825802302404041,-0.042258023024040414,1.0,4,True,0.004,2.0872812518431982,-0.07711039395679076,0.0,0.0,0.0,0.5,0.0,0.0,0.0,0.5,0.0,0.0
2015-05-01,-0.02082153851980051,-0.02482153851980051,1.0,4,True,0.004,1.9993962936619234,-0.11596865245042565,0.0,0.0,0.0,0.0,0.0,0.5,0.0,0.0,0.0,0.5
2015-06-01,-0.015526540811863887,-0.019526540811863887,1.0,4,True,0.004,1.949934723570226,-0.1378380430253161,0.0,0.0,0.0,0.5,0.0,0.0,0.5,0.0,0.0,0.0
2015-07-01,0.012329697239547355,0.008329697239547355,1.0,4,True,0.004,1.9119803465742262,-0.1546195380933727,0.0,0.0,0.0,0.5,0.0,0.5,0.0,0.0,0.0,0.0
2015-08-01,-0.0037907845283405295,-0.0077907845283405296,1.0,4,True,0.004,1.9323901329182236,-0.1455953686567889,0.0,0.0,0.0,0.5,0.0,0.0,0.0,0.5,0.0,0.0
2015-09-01,0.012341228653527825,0.010341228653527825,0.5,2,True,0.002,1.9135298696687086,-0.15393441779300154,0.0,0.0,0.0,1.0,0.0,0.0,0.0,0.0,0.0,0.0
2015-10-01,-0.0117250494133464,-0.0137250494133464,0.5,2,True,0.002,1.9332708889669938,-0.14520594312913082,0.0,0.0,0.0,0.5,0.0,0.0,0.0,0.5,0.0,0.0
2015-11-01,0.004378854183238912,0.00037885418323891154,1.0,4,True,0.004,1.9180136054338608,-0.15195193788989847,0.0,0.0,0.0,0.0,0.5,0.0,0.5,0.0,0.0,0.0
2015-12-01,-0.029472827991633754,-0.029472827991633754,0.0,0,False,0.0,1.9187066581041903,-0.15164550524919762,0.0,0.0,0.0,0.0,0.5,0.0,0.5,0.0,0.0,0.0
2016-01-01,0.002340379079572963,-0.0016596209204270372,1.0,4,True,0.004,1.875760048645489,-0.17063431159680043,0.5,0.0,0.0,0.0,0.0,0.5,0.0,0.0,0.0,0.0
2016-02-01,0.004657401693068053,0.002657401693068053,0.5,2,True,0.002,1.8688841791926136,-0.1736744713476558,0.5,0.0,0.0,0.5,0.0,0.0,0.0,0.0,0.0,0.0
2016-03-01,0.012787423359047811,0.010787423359047811,0.5,2,True,0.002,1.8738331468858676,-0.171486289548622,0.0,0.0,0.0,0.5,0.0,0.0,0.0,0.5,0.0,0.0
2016-04-01,0.004394132272850015,0.0003941322728500153,1.0,4,True,0.004,1.8902034660607563,-0.16424816703840772,0.0,0.0,0.0,0.0,0.0,0.0,0.0,0.0,0.0,1.0
2016-05-01,-0.011473427748256604,-0.015473427748256604,1.0,4,True,0.004,1.9038122575369913,-0.15823105161942141,0.0,0.0,0.5,0.0,0.0,0.0,0.0,0.0,0.5,0.0
2016-06-01,0.05785378650745354,0.05385378650745354,1.0,4,True,0.004,1.8669433646167446,-0.17453260083918698,0.0,0.0,0.0,0.0,0.5,0.0,0.0,0.5,0.0,0.0
2016-07-01,-0.0009262524217025225,-0.0009262524217025225,0.0,0,False,0.0,1.974953107454789,-0.12677618615927422,0.0,0.0,0.0,0.0,0.5,0.0,0.0,0.5,0.0,0.0
2016-08-01,0.017293265090264853,0.013293265090264853,1.0,4,True,0.004,1.9652313071468348,-0.1310746717842065,0.0,0.0,0.0,0.0,0.0,0.0,0.0,0.0,0.0,1.0
2016-09-01,0.021463979913732167,0.021463979913732167,0.0,0,False,0.0,1.999216573105014,-0.11604811573972473,0.0,0.0,0.0,0.0,0.0,0.0,0.0,0.0,0.0,1.0
2016-10-01,-0.010780643372157561,-0.010780643372157561,0.0,0,False,0.0,2.028735682165829,-0.10299626711710874,0.0,0.0,0.0,0.0,0.0,0.0,0.0,0.0,0.0,1.0
2016-11-01,-0.024747794116423194,-0.026747794116423196,0.5,2,True,0.002,2.0028508770674676,-0.11444121137588392,0.0,0.0,0.0,0.0,0.0,0.5,0.0,0.0,0.0,0.5
2016-12-01,0.016029404838580397,0.014029404838580397,0.5,2,True,0.002,1.9493781664440724,-0.1380841242788332,0.0,0.0,0.0,0.0,0.0,0.5,0.5,0.0,0.0,0.0
2017-01-01,0.004918784657555075,0.0029187846575550753,0.5,2,True,0.002,1.973748773669671,-0.12730868130409978,0.0,0.0,0.0,0.0,0.5,0.0,0.5,0.0,0.0,0.0
2017-02-01,0.018302669728972154,0.014302669728972154,1.0,4,True,0.004,1.971572343200084,-0.12827098815991234,0.0,0.0,0.0,0.0,0.0,0.5,0.0,0.0,0.0,0.5
2017-03-01,-0.014265519184663678,-0.018265519184663678,1.0,4,True,0.004,1.9996267511218724,-0.11586675588318807,0.0,0.0,0.0,0.0,0.0,0.0,1.0,0.0,0.0,0.0
2017-04-01,0.011700791506706443,0.007700791506706443,1.0,4,True,0.004,1.9743002720641734,-0.12706483676442115,0.0,0.0,0.0,0.0,0.0,0.0,0.0,0.0,0.0,1.0
2017-05-01,0.038066383254420244,0.03406638325442024,1.0,4,True,0.004,1.9814538971542428,-0.12390186759803534,0.0,0.0,0.5,0.0,0.0,0.0,0.0,0.0,0.5,0.0
2017-06-01,-0.0034924063756048285,-0.0034924063756048285,0.0,0,False,0.0,2.056880680604281,-0.09055198032154033,0.0,0.0,0.5,0.0,0.0,0.0,0.0,0.0,0.5,0.0
2017-07-01,0.035022204929332945,0.035022204929332945,0.0,0,False,0.0,2.0529000288139665,-0.09231202207888112,0.0,0.0,0.5,0.0,0.0,0.0,0.0,0.0,0.5,0.0
2017-08-01,0.03299401671391289,0.028994016713912888,1.0,4,True,0.004,2.116297925865232,-0.06428069655341917,0.0,0.0,0.0,0.0,0.0,0.0,0.0,0.0,0.0,1.0
2017-09-01,-0.011119504297252836,-0.011119504297252836,0.0,0,False,0.0,2.1861230950028494,-0.03340755821597141,0.0,0.0,0.0,0.0,0.0,0.0,0.0,0.0,0.0,1.0
2017-10-01,0.01996392780478906,0.01596392780478906,1.0,4,True,0.004,2.159695426174364,-0.0450925292050145,0.0,0.0,0.5,0.0,0.0,0.0,0.0,0.0,0.5,0.0
2017-11-01,-0.015379688500773203,-0.019379688500773203,1.0,4,True,0.004,2.1852241832877746,-0.033805011255833906,0.0,0.0,0.0,0.0,0.0,0.0,0.0,0.0,0.0,1.0
2017-12-01,0.021458274628344043,0.017458274628344043,1.0,4,True,0.004,2.143009651580275,-0.052470130056872066,0.0,0.0,0.0,0.0,0.0,0.0,1.0,0.0,0.0,0.0
2018-01-01,0.057103845485464655,0.05310384548546465,1.0,4,True,0.004,2.1552103029426397,-0.04707562257526632,0.0,0.0,0.0,0.0,0.0,0.0,0.0,0.0,0.0,1.0
2018-02-01,-0.02191587005101925,-0.02391587005101925,0.5,2,True,0.002,2.2646296387249287,-0.033559366592604056,0.0,0.0,0.0,0.0,0.0,0.5,0.0,0.0,0.0,0.5
2018-03-01,-0.007617080953529143,-0.007617080953529143,0.0,0,False,0.0,2.214998309848946,-0.054739753926385415,0.0,0.0,0.0,0.0,0.0,0.5,0.0,0.0,0.0,0.5
2018-04-01,-0.014765367963846032,-0.016765367963846034,0.5,2,True,0.002,2.2141163979828744,-0.055116113684237855,0.0,0.0,0.0,0.0,0.0,0.5,0.0,0.5,0.0,0.0
2018-05-01,0.017894874479050138,0.015894874479050136,0.5,2,True,0.002,2.172707183729883,-0.07278767753169157,0.0,0.0,0.0,0.0,0.0,0.5,0.5,0.0,0.0,0.0
2018-06-01,-0.00034869014872118687,-0.00034869014872118687,0.0,0,False,0.0,2.2115875060624597,-0.05619532940569261,0.0,0.0,0.0,0.0,0.0,0.5,0.5,0.0,0.0,0.0
2018-07-01,0.016337317051440925,0.016337317051440925,0.0,0,False,0.0,2.2085714871450537,-0.05748242871017217,0.0,0.0,0.0,0.0,0.0,0.5,0.5,0.0,0.0,0.0
2018-08-01,0.03191354352567921,0.02991354352567921,0.5,2,True,0.002,2.2401643125217916,-0.04400005188081346,0.0,0.0,0.0,0.0,0.0,0.0,1.0,0.0,0.0,0.0
2018-09-01,-0.0006737544254989958,-0.002673754425498996,0.5,2,True,0.002,2.315564964992038,-0.011822492651435645,0.0,0.0,0.0,0.5,0.0,0.0,0.5,0.0,0.0,0.0
2018-10-01,-0.03938351592402911,-0.04138351592402911,0.5,2,True,0.002,2.304758079497318,-0.01643437844683604,0.0,0.0,0.0,0.0,0.5,0.0,0.5,0.0,0.0,0.0
2018-11-01,0.0012285823168832755,-0.0027714176831167246,1.0,4,True,0.004,2.205132648560511,-0.05894996816254039,0.5,0.0,0.0,0.0,0.0,0.5,0.0,0.0,0.0,0.0
2018-12-01,-0.03577336107288975,-0.03977336107288976,1.0,4,True,0.004,2.20873299739851,-0.05741350350095342,0.0,0.0,0.0,0.5,0.0,0.0,0.5,0.0,0.0,0.0
2019-01-01,-0.0004918863593452727,-0.0024918863593452727,0.5,2,True,0.002,2.117848626056329,-0.09619880768703848,0.5,0.0,0.0,0.5,0.0,0.0,0.0,0.0,0.0,0.0
2019-02-01,0.004720422496869325,0.0007204224968693253,1.0,4,True,0.004,2.1041229783498596,-0.10205628806110789,0.0,0.0,0.0,0.0,0.0,0.0,0.0,0.0,0.0,1.0
2019-03-01,0.023775454045129374,0.019775454045129374,1.0,4,True,0.004,2.1055991064818693,-0.10142634390490002,0.0,0.0,0.0,0.0,0.0,0.0,1.0,0.0,0.0,0.0
2019-04-01,0.000702634225339116,-0.003297365774660884,1.0,4,True,0.004,2.1470380385503915,-0.08374209784929443,0.0,0.0,0.0,0.0,0.0,0.0,0.0,0.0,0.0,1.0
2019-05-01,-0.05906779406012086,-0.06306779406012086,1.0,4,True,0.004,2.139952434475544,-0.0867659104732541,0.0,0.0,0.0,0.0,0.0,0.0,1.0,0.0,0.0,0.0
2019-06-01,0.0032891854897681982,-0.0007108145102318018,1.0,4,True,0.004,2.0185486243726563,-0.13857551904128784,0.0,0.0,0.0,0.5,0.0,0.0,0.0,0.5,0.0,0.0
2019-07-01,-0.0027265774802434084,-0.0067265774802434085,1.0,4,True,0.004,2.0090189041846718,-0.14264236893902937,0.0,0.0,0.0,0.0,0.0,0.0,1.0,0.0,0.0,0.0
2019-08-01,0.05996795071469918,0.05596795071469918,1.0,4,True,0.004,1.9955269938492046,-0.1484001008646021,0.0,0.0,0.0,0.0,0.5,0.0,0.0,0.5,0.0,0.0
2019-09-01,-0.01531952360496669,-0.01531952360496669,0.0,0,False,0.0,2.114711018155088,-0.09753779562378861,0.0,0.0,0.0,0.0,0.5,0.0,0.0,0.5,0.0,0.0
2019-10-01,-0.0062566873844854265,-0.0062566873844854265,0.0,0,False,0.0,2.0823146527947767,-0.11136308666632078,0.0,0.0,0.0,0.0,0.5,0.0,0.0,0.5,0.0,0.0
2019-11-01,-0.0064517466935715695,-0.01045174669357157,1.0,4,True,0.004,2.061009115932202,-0.12045531799123832,0.0,0.0,0.5,0.0,0.0,0.0,0.0,0.0,0.0,0.5
2019-12-01,0.04758349527095618,0.043583495270956174,1.0,4,True,0.004,2.052770557745468,-0.12397115884053234,0.0,0.0,0.0,0.0,0.0,0.0,1.0,0.0,0.0,0.0
2020-01-01,-0.07074326445795709,-0.07474326445795709,1.0,4,True,0.004,2.1219170983700364,-0.09446256927850405,0.0,0.0,0.0,0.0,0.0,0.0,0.0,0.0,0.0,1.0
2020-02-01,0.033706321592118615,0.029706321592118615,1.0,4,True,0.004,1.9500595474531237,-0.16780353308285478,0.0,0.0,0.0,0.0,0.5,0.0,0.0,0.5,0.0,0.0
2020-03-01,0.06437366582073245,0.06237366582073245,0.5,2,True,0.002,2.018842291522023,-0.138450195296958,0.0,0.0,0.0,0.5,0.0,0.0,0.0,0.5,0.0,0.0
2020-04-01,0.0028883366573764224,0.0028883366573764224,0.0,0,False,0.0,2.1445049654001407,-0.08482309792892517,0.0,0.0,0.0,0.5,0.0,0.0,0.0,0.5,0.0,0.0
2020-05-01,-0.002095478771027115,-0.004095478771027115,0.5,2,True,0.002,2.1463976196682246,-0.08401539941681957,0.0,0.0,0.0,0.0,0.5,0.0,0.0,0.5,0.0,0.0
2020-06-01,0.020754863100979293,0.016754863100979293,1.0,4,True,0.004,2.133332289465939,-0.0895910863991215,0.0,0.0,0.0,0.0,0.0,0.0,1.0,0.0,0.0,0.0
2020-07-01,0.07975228048938643,0.07575228048938643,1.0,4,True,0.004,2.168898871846372,-0.07441289133529849,0.0,0.0,0.0,0.0,0.0,0.0,0.0,0.0,0.0,1.0
2020-08-01,0.04012642262995114,0.04012642262995114,0.0,0,False,0.0,2.3239700778251633,-0.017382276272883246,0.0,0.0,0.0,0.0,0.0,0.0,0.0,0.0,0.0,1.0
2020-09-01,-0.040320229360027215,-0.04432022936002722,1.0,4,True,0.004,2.4075537926139474,-0.005332932888679087,0.0,0.0,0.0,0.0,0.0,0.0,1.0,0.0,0.0,0.0
2020-10-01,0.017200324060507866,0.013200324060507865,1.0,4,True,0.004,2.301238748813152,-0.057740642495734074,0.0,0.0,0.0,0.0,0.0,0.0,0.0,0.0,0.0,1.0
2020-11-01,0.046762887274450216,0.044762887274450214,0.5,2,True,0.002,2.311280179956197,-0.053629103672503065,0.0,0.0,0.0,0.0,0.0,0.5,0.0,0.0,0.0,0.5
2020-12-01,0.035621179028235694,0.03162117902823569,1.0,4,True,0.004,2.4048654954828477,-0.015309898711499015,0.0,0.0,0.5,0.0,0.0,0.0,0.0,0.0,0.5,0.0
2021-01-01,0.052646090089860875,0.04864609008986087,1.0,4,True,0.004,2.415859497587197,-0.031682403126824354,0.0,0.0,0.0,0.0,0.0,0.0,0.0,0.0,0.0,1.0
2021-02-01,0.008466331009836625,0.006466331009836625,0.5,2,True,0.002,2.527807128376004,-0.027673128073257725,0.0,0.0,0.0,0.0,0.0,0.5,0.0,0.0,0.0,0.5
2021-03-01,-0.012796044721775923,-0.012796044721775923,0.0,0,False,0.0,2.549208380253862,-0.02365316286944874,0.0,0.0,0.0,0.0,0.0,0.5,0.0,0.0,0.0,0.5
2021-04-01,0.022129388727305854,0.020129388727305852,0.5,2,True,0.002,2.5115554186233755,-0.038074247580013765,0.0,0.0,0.0,0.0,0.0,0.5,0.5,0.0,0.0,0.0
2021-05-01,0.0019889943578269564,0.0019889943578269564,0.0,0,False,0.0,2.5646281913521767,-0.0177473750524908,0.0,0.0,0.0,0.0,0.0,0.5,0.5,0.0,0.0,0.0
2021-06-01,-0.006778112652597701,-0.008778112652597701,0.5,2,True,0.002,2.5645897639099906,-0.01776209276326257,0.0,0.0,0.0,0.0,0.0,0.5,0.0,0.0,0.5,0.0
2021-07-01,0.016662294969443048,0.012662294969443048,1.0,4,True,0.004,2.53701785884018,-0.028322132702364167,0.0,0.0,0.0,0.0,0.0,0.0,1.0,0.0,0.0,0.0
2021-08-01,0.011959749900622096,0.009959749900622096,0.5,2,True,0.002,2.584688745758698,-0.010064182498439322,0.0,0.0,0.0,0.5,0.0,0.0,0.5,0.0,0.0,0.0
2021-09-01,-0.03581278797942089,-0.03781278797942089,0.5,2,True,0.002,2.6051490352259163,-0.0035088237962568325,0.0,0.0,0.0,0.0,0.0,0.0,1.0,0.0,0.0,0.0
2021-10-01,0.027511498473023588,0.025511498473023586,0.5,2,True,0.002,2.5068276824022324,-0.04111755911097925,0.0,0.0,0.0,0.0,0.0,0.5,0.5,0.0,0.0,0.0
2021-11-01,-0.010539037036249255,-0.010539037036249255,0.0,0,False,0.0,2.5757942683587762,-0.014737266302651264,0.0,0.0,0.0,0.0,0.0,0.5,0.5,0.0,0.0,0.0
2021-12-01,-0.008127435410103578,-0.012127435410103578,1.0,4,True,0.004,2.538453285658116,-0.02902050279655033,0.5,0.0,0.0,0.5,0.0,0.0,0.0,0.0,0.0,0.0
2022-01-01,-0.02896988110914006,-0.032969881109140065,1.0,4,True,0.004,2.5078710622655604,-0.04071845763418225,0.0,0.0,0.0,0.0,0.0,0.5,0.5,0.0,0.0,0.0
2022-02-01,-0.0009425532971046868,-0.002942553297104687,0.5,2,True,0.002,2.4206265074868316,-0.07409022555735145,0.5,0.0,0.0,0.0,0.0,0.5,0.0,0.0,0.0,0.0
2022-03-01,-0.02854591338036927,-0.03054591338036927,0.5,2,True,0.002,2.4135082481151584,-0.07681301897833781,0.5,0.0,0.0,0.5,0.0,0.0,0.0,0.0,0.0,0.0
2022-04-01,-0.04393662624326411,-0.04793662624326411,1.0,4,True,0.004,2.335234000918769,-0.10675356963417715,0.0,0.0,0.0,0.0,0.0,0.5,0.5,0.0,0.0,0.0
2022-05-01,0.001689720784533999,-0.00031027921546600105,0.5,2,True,0.002,2.226379437900381,-0.14839134546604282,0.5,0.0,0.0,0.0,0.0,0.5,0.0,0.0,0.0,0.0
2022-06-01,-0.0010223604402603836,-0.0010223604402603836,0.0,0,False,0.0,2.225681114715839,-0.14865845989294335,0.5,0.0,0.0,0.0,0.0,0.5,0.0,0.0,0.0,0.0
2022-07-01,0.0005421452997754761,0.0005421452997754761,0.0,0,False,0.0,2.223405666391518,-0.1495288378046994,0.5,0.0,0.0,0.0,0.0,0.5,0.0,0.0,0.0,0.0
2022-08-01,-0.044170772372377876,-0.04817077237237788,1.0,4,True,0.004,2.2157126310217548,-0.15247148782607434,0.0,0.0,0.0,0.5,0.0,0.0,0.5,0.0,0.0,0.0
2022-09-01,-0.005174537737229867,-0.009174537737229867,1.0,4,True,0.004,2.109371521183274,-0.19314784690914288,0.5,0.0,0.0,0.0,0.0,0.5,0.0,0.0,0.0,0.0
2022-10-01,-0.002215320528226039,-0.002215320528226039,0.0,0,False,0.0,2.09755731175595,-0.19766688028841006,0.5,0.0,0.0,0.0,0.0,0.5,0.0,0.0,0.0,0.0
2022-11-01,0.03374647801490527,0.031746478014905266,0.5,2,True,0.002,2.088724728884118,-0.20104541670834497,0.0,0.0,0.0,0.0,0.0,0.5,0.5,0.0,0.0,0.0
2022-12-01,-0.02383602323014411,-0.02783602323014411,1.0,4,True,0.004,2.1505749846984883,-0.17738717937467186,0.0,0.0,0.5,0.0,0.0,0.0,0.0,0.0,0.5,0.0
2023-01-01,0.0504229466958821,0.048422946695882096,0.5,2,True,0.002,2.0843959067225697,-0.2027012271932771,0.0,0.0,0.0,0.0,0.0,0.5,0.0,0.0,0.5,0.0
2023-02-01,-0.035734446584550494,-0.037734446584550496,0.5,2,True,0.002,2.180748059247837,-0.16584572737296066,0.0,0.0,0.5,0.0,0.0,0.0,0.0,0.0,0.5,0.0
2023-03-01,0.008676251859196737,0.004676251859196737,1.0,4,True,0.004,2.0944089532734416,-0.19887115359674068,0.5,0.0,0.0,0.0,0.0,0.5,0.0,0.0,0.0,0.0
2023-04-01,0.01539764721579684,0.011397647215796839,1.0,4,True,0.004,2.1136189511096126,-0.19152316963121785,0.0,0.0,0.5,0.0,0.0,0.0,0.5,0.0,0.0,0.0
2023-05-01,-0.012016817686374304,-0.016016817686374304,1.0,4,True,0.004,2.1290287390062423,-0.1856287975785912,0.0,0.0,0.0,0.0,0.0,0.5,0.0,0.0,0.5,0.0
2023-06-01,0.017037965301624602,0.013037965301624602,1.0,4,True,0.004,2.0950308104453517,-0.19863328805573388,0.0,0.0,0.0,0.5,0.0,0.0,0.5,0.0,0.0,0.0
2023-07-01,0.009274083640756492,0.007274083640756492,0.5,2,True,0.002,2.136396027404224,-0.18281074848356105,0.0,0.0,0.0,0.0,0.5,0.0,0.5,0.0,0.0,0.0
2023-08-01,-0.004868712456479518,-0.006868712456479518,0.5,2,True,0.002,2.1475929311173143,-0.1785278396748795,0.0,0.0,0.0,0.0,0.0,0.5,0.5,0.0,0.0,0.0
2023-09-01,-0.02670561127135823,-0.02670561127135823,0.0,0,False,0.0,2.137136918662135,-0.18252735141450593,0.0,0.0,0.0,0.0,0.0,0.5,0.5,0.0,0.0,0.0
2023-10-01,0.001859196826970777,-0.000140803173029223,0.5,2,True,0.002,2.084296848890725,-0.2027391176379436,0.5,0.0,0.0,0.0,0.0,0.5,0.0,0.0,0.0,0.0
2023-11-01,0.004075080266732534,0.004075080266732534,0.0,0,False,0.0,2.0839956230446903,-0.20285433902971783,0.5,0.0,0.0,0.0,0.0,0.5,0.0,0.0,0.0,0.0
2023-12-01,0.033690141345739555,0.029690141345739555,1.0,4,True,0.004,2.08411812019418,-0.20280748285107852,0.0,0.0,0.0,0.0,0.0,0.0,1.0,0.0,0.0,0.0
2024-01-01,0.0350165281795789,0.0350165281795789,0.0,0,False,0.0,2.1664545426346344,-0.17131311637427482,0.0,0.0,0.0,0.0,0.0,0.0,1.0,0.0,0.0,0.0
2024-02-01,0.011923509212201033,0.009923509212201033,0.5,2,True,0.002,2.237831626658222,-0.1440107880042243,0.0,0.0,0.0,0.0,0.5,0.0,0.5,0.0,0.0,0.0
2024-03-01,0.008698530787348335,0.006698530787348335,0.5,2,True,0.002,2.259985403808688,-0.13553678396394908,0.0,0.0,0.0,0.0,0.0,0.5,0.5,0.0,0.0,0.0
2024-04-01,-0.03232950145560898,-0.03432950145560898,0.5,2,True,0.002,2.2750846685098303,-0.12976118961659988,0.0,0.0,0.0,0.0,0.5,0.0,0.5,0.0,0.0,0.0
2024-05-01,0.016819377713928163,0.012819377713928163,1.0,4,True,0.004,2.192726186145978,-0.16126399419760284,0.0,0.0,0.0,0.0,0.0,0.5,0.0,0.0,0.0,0.5
2024-06-01,0.036563955262112646,0.03256395526211264,1.0,4,True,0.004,2.2207398853082556,-0.1505485212436285,0.0,0.0,0.0,0.0,0.0,0.0,1.0,0.0,0.0,0.0
2024-07-01,0.0033982276398712985,0.0013982276398712985,0.5,2,True,0.002,2.2881457011200688,-0.12476523599850553,0.0,0.0,0.0,0.0,0.0,0.5,0.5,0.0,0.0,0.0
2024-08-01,0.02281918902137603,0.01881918902137603,1.0,4,True,0.004,2.286737655721327,-0.12530382507597027,0.0,0.0,0.0,0.0,0.0,0.0,0.5,0.5,0.0,0.0
2024-09-01,0.021971628420156653,0.021971628420156653,0.0,0,False,0.0,2.344415983853,-0.10324138478398437,0.0,0.0,0.0,0.0,0.0,0.0,0.5,0.5,0.0,0.0
2024-10-01,-0.03381041277743213,-0.037810412777432134,1.0,4,True,0.004,2.386342914229643,-0.08720398515705274,0.0,0.0,0.0,0.0,0.0,0.0,0.0,0.0,0.0,1.0
2024-11-01,0.028535350420059946,0.024535350420059946,1.0,4,True,0.004,2.2964370365699542,-0.12159373121968597,0.0,0.0,0.0,0.0,0.0,0.5,0.5,0.0,0.0,0.0
2024-12-01,-0.02991524088938119,-0.03191524088938119,0.5,2,True,0.002,2.3635717613324716,-0.09591414055591652,0.0,0.0,0.0,0.0,0.5,0.0,0.5,0.0,0.0,0.0
2025-01-01,0.011229449275760195,0.009229449275760195,0.5,2,True,0.002,2.290996005565448,-0.12367497083865897,0.0,0.0,0.0,0.0,0.0,0.5,0.5,0.0,0.0,0.0
2025-02-01,-0.008903916848260862,-0.008903916848260862,0.0,0,False,0.0,2.324611805419116,-0.11081664777066369,0.0,0.0,0.0,0.0,0.0,0.5,0.5,0.0,0.0,0.0
2025-03-01,-0.004223579716882198,-0.008223579716882198,1.0,4,True,0.004,2.3269896223543545,-0.10990711301370581,0.0,0.0,0.0,0.5,0.0,0.0,0.0,0.0,0.5,0.0
2025-04-01,-0.002296407712262416,-0.004296407712262416,0.5,2,True,0.002,2.303276965098049,-0.11897740166158854,0.0,0.0,0.0,0.5,0.0,0.0,0.0,0.0,0.0,0.5
2025-05-01,0.026560989997113316,0.024560989997113314,0.5,2,True,0.002,2.2933917267076978,-0.12275858757358804,0.0,0.0,0.0,0.5,0.0,0.0,0.0,0.0,0.5,0.0
2025-06-01,0.007885143327403088,0.005885143327403088,0.5,2,True,0.002,2.3479448237925995,-0.10189157415338412,0.0,0.0,0.0,0.0,0.0,0.5,0.0,0.0,0.5,0.0
2025-07-01,-0.002416431735803415,-0.006416431735803415,1.0,4,True,0.004,2.3522788846911604,-0.10023375980796756,0.0,0.0,0.0,0.0,0.0,0.0,0.0,0.0,0.0,1.0
2025-08-01,0.02983658238435294,0.02583658238435294,1.0,4,True,0.004,2.337208384289362,-0.10599835157154958,0.0,0.0,0.0,0.0,0.0,0.0,1.0,0.0,0.0,0.0
2025-09-01,0.05946366109599688,0.055463661095996875,1.0,4,True,0.004,2.424911967261553,-0.07245100154607886,0.0,0.0,0.0,0.0,0.0,0.0,0.0,0.0,0.0,1.0
2025-10-01,0.010454878943507051,0.010454878943507051,0.0,0,False,0.0,2.5588296862277393,-0.021226360083075213,0.0,0.0,0.0,0.0,0.0,0.0,0.0,0.0,0.0,1.0
2025-11-01,-0.00449263909620401,-0.00849263909620401,1.0,4,True,0.004,2.5799498872329223,-0.014344629729244884,0.0,0.0,0.0,0.0,0.0,0.0,1.0,0.0,0.0,0.0
2025-12-01,0.017965656134278363,0.01596565613427836,0.5,2,True,0.002,2.5529694957550997,-0.02465233682220913,0.0,0.0,0.0,0.0,0.0,0.0,0.5,0.0,0.5,0.0
2026-01-01,0.04825610214240239,0.04625610214240239,0.5,2,True,0.002,2.5673311590449157,-0.019165543990426692,0.0,0.0,0.5,0.0,0.0,0.0,0.0,0.0,0.5,0.0
2026-02-01,0.02855330815468793,0.02855330815468793,0.0,0,False,0.0,2.671854613773178,-0.013761612196882989,0.0,0.0,0.5,0.0,0.0,0.0,0.0,0.0,0.5,0.0
2026-03-01,-0.0507402858263874,-0.0507402858263874,0.0,0,False,0.0,2.800273043745974,-0.0014587890812159943,0.0,0.0,0.5,0.0,0.0,0.0,0.0,0.0,0.5,0.0
2026-04-01,-0.0004251700680271697,-0.00442517006802717,1.0,4,True,0.004,2.6475536435579183,-0.05591655531053141,0.5,0.0,0.0,0.0,0.0,0.5,0.0,0.0,0.0,0.0
2026-05-01,0.024829800519920786,0.022829800519920784,0.5,2,True,0.002,2.641135127029191,-0.05820531543026741,0.0,0.0,0.0,0.0,0.0,0.5,0.5,0.0,0.0,0.0
2026-06-01,-0.010581426589815146,-0.012581426589815146,0.5,2,True,0.002,2.701300557408723,-0.03675109979911573,0.0,0.0,0.0,0.0,0.5,0.0,0.5,0.0,0.0,0.0
2026-07-01,0.0,-0.002,0.5,2,True,0.002,2.667371509975748,-0.048849760029663236,0.0,0.0,0.0,0.0,0.0,0.5,0.5,0.0,0.0,0.0
