date,gross_return,net_return,turnover,operations,signal_changed,trade_cost,equity,drawdown,w__CASH,w_agg.us,w_dbc.us,w_efa.us,w_iau.us,w_ief.us,w_ivv.us,w_lqd.us,w_shy.us,w_spy.us,w_vt.us,w_vwo.us,w_xlk.us
2006-02-01,0.0,0.0,0.0,0,False,0.0,1.0,0.0,1.0,0.0,0.0,0.0,0.0,0.0,0.0,0.0,0.0,0.0,0.0,0.0,0.0
2006-03-01,-0.0008220744870970353,-0.0028220744870970354,0.5,2,True,0.002,0.998,-0.0020000000000000018,0.5,0.0,0.0,0.0,0.0,0.0,0.0,0.0,0.5,0.0,0.0,0.0,0.0
2006-04-01,-0.000596916687780169,-0.000596916687780169,0.0,0,False,0.0,0.9990666966352687,-0.0009333033647312972,0.5,0.0,0.0,0.0,0.0,0.0,0.0,0.0,0.5,0.0,0.0,0.0,0.0
2006-05-01,6.893081414183211e-05,6.893081414183211e-05,0.0,0,False,0.0,0.998470337051842,-0.0019595076341729634,0.5,0.0,0.0,0.0,0.0,0.0,0.0,0.0,0.5,0.0,0.0,0.0,0.0
2006-06-01,-0.001222664084414793,-0.001222664084414793,0.0,0,False,0.0,0.9985391624250717,-0.0018907118904873954,0.5,0.0,0.0,0.0,0.0,0.0,0.0,0.0,0.5,0.0,0.0,0.0,0.0
2006-07-01,0.0018861641225329517,0.0018861641225329517,0.0,0,False,0.0,0.9991351490782251,-0.001294981811501783,0.5,0.0,0.0,0.0,0.0,0.0,0.0,0.0,0.5,0.0,0.0,0.0,0.0
2006-08-01,0.007506341058806543,0.005506341058806543,0.5,2,True,0.002,0.9990176425860784,-0.0035001318602624343,0.5,0.0,0.0,0.0,0.0,0.5,0.0,0.0,0.0,0.0,0.0,0.0,0.0
2006-09-01,-0.0011610771223150573,-0.0031610771223150574,0.5,2,True,0.002,1.0045035765156243,-0.0031559237095865056,0.5,0.0,0.0,0.5,0.0,0.0,0.0,0.0,0.0,0.0,0.0,0.0,0.0
2006-10-01,0.014259416182099693,0.012259416182099693,0.5,2,True,0.002,1.0019303626590972,-0.005709516399425518,0.5,0.0,0.0,0.0,0.0,0.0,0.0,0.0,0.0,0.5,0.0,0.0,0.0
2006-11-01,0.03359359148444696,0.03159359148444696,0.5,2,True,0.002,1.0121565003362114,-0.00892391319896435,0.5,0.0,0.0,0.0,0.0,0.0,0.0,0.0,0.0,0.0,0.0,0.5,0.0
2006-12-01,0.017827958011429557,0.017827958011429557,0.0,0,False,0.0,1.0461584723268338,-0.0034460769837044714,0.5,0.0,0.0,0.0,0.0,0.0,0.0,0.0,0.0,0.0,0.0,0.5,0.0
2007-01-01,-0.0015642114989423694,-0.0035642114989423695,0.5,2,True,0.002,1.0496745844975839,-0.012519771693241033,0.5,0.0,0.0,0.0,0.0,0.0,0.0,0.0,0.5,0.0,0.0,0.0,0.0
2007-02-01,0.008163871552965718,0.006163871552965718,0.5,2,True,0.002,1.0438447328872815,-0.018004198280449746,0.5,0.0,0.0,0.0,0.0,0.0,0.0,0.5,0.0,0.0,0.0,0.0,0.0
2007-03-01,-0.005463446969202701,-0.005463446969202701,0.0,0,False,0.0,1.0523665472078134,-0.009987310689659523,0.5,0.0,0.0,0.0,0.0,0.0,0.0,0.5,0.0,0.0,0.0,0.0,0.0
2007-04-01,-0.0005590552581986596,-0.0025590552581986597,0.5,2,True,0.002,1.0486994418504272,-0.01343713608223096,0.5,0.0,0.0,0.0,0.0,0.0,0.0,0.0,0.5,0.0,0.0,0.0,0.0
2007-05-01,0.041490316146870376,0.039490316146870375,0.5,2,True,0.002,1.0439249007221814,-0.017928780476609507,0.5,0.0,0.0,0.0,0.0,0.0,0.0,0.0,0.0,0.0,0.0,0.5,0.0
2007-06-01,0.0010560279589422183,-0.0009439720410577817,0.5,2,True,0.002,1.0850631995369613,0.0,0.5,0.0,0.0,0.0,0.0,0.0,0.0,0.0,0.5,0.0,0.0,0.0,0.0
2007-07-01,0.0017588543418712854,0.0017588543418712854,0.0,0,False,0.0,1.0878453554470546,0.0,0.5,0.0,0.0,0.0,0.0,0.0,0.0,0.0,0.5,0.0,0.0,0.0,0.0
2007-08-01,0.009759073340734892,0.007759073340734892,0.5,2,True,0.002,1.0875791995398194,-0.004373087572726586,0.5,0.0,0.0,0.0,0.0,0.5,0.0,0.0,0.0,0.0,0.0,0.0,0.0
2007-09-01,0.06229818745425586,0.06029818745425586,0.5,2,True,0.002,1.1013843584375187,0.0,0.5,0.0,0.0,0.0,0.0,0.0,0.0,0.0,0.0,0.0,0.0,0.5,0.0
2007-10-01,0.02508709467478276,0.02508709467478276,0.0,0,False,0.0,1.1676586104433273,0.0,0.5,0.0,0.0,0.0,0.0,0.0,0.0,0.0,0.0,0.0,0.0,0.5,0.0
2007-11-01,-0.024940822506403726,-0.024940822506403726,0.0,0,False,0.0,1.196951772551344,-0.01827694428556781,0.5,0.0,0.0,0.0,0.0,0.0,0.0,0.0,0.0,0.0,0.0,0.5,0.0
2007-12-01,0.0,-0.002,0.5,2,True,0.002,1.1658654217311955,-0.04377353321923605,0.5,0.0,0.0,0.0,0.0,0.5,0.0,0.0,0.0,0.0,0.0,0.0,0.0
2008-01-01,0.013130649160060903,0.013130649160060903,0.0,0,False,0.0,1.1385344116609626,-0.06619004434124953,0.5,0.0,0.0,0.0,0.0,0.5,0.0,0.0,0.0,0.0,0.0,0.0,0.0
2008-02-01,0.0017542956885355787,0.0017542956885355787,0.0,0,False,0.0,1.153484107577139,-0.053928513431322544,0.5,0.0,0.0,0.0,0.0,0.5,0.0,0.0,0.0,0.0,0.0,0.0,0.0
2008-03-01,0.0018277773579610246,0.0018277773579610246,0.0,0,False,0.0,1.1587753334099284,-0.04958872421661675,0.5,0.0,0.0,0.0,0.0,0.5,0.0,0.0,0.0,0.0,0.0,0.0,0.0
2008-04-01,-0.009381894744767583,-0.009381894744767583,0.0,0,False,0.0,1.160893316727299,-0.04785158400598888,0.5,0.0,0.0,0.0,0.0,0.5,0.0,0.0,0.0,0.0,0.0,0.0,0.0
2008-05-01,-0.0011658544237329038,-0.003165854423732904,0.5,2,True,0.002,1.1477019339442198,-0.05867097114578923,0.5,0.0,0.0,0.0,0.0,0.0,0.0,0.0,0.0,0.0,0.0,0.5,0.0
2008-06-01,-0.0011880070883098504,-0.0031880070883098504,0.5,2,True,0.002,1.149598399562671,-0.057115516644865805,0.5,0.0,0.0,0.0,0.0,0.0,0.0,0.0,0.5,0.0,0.0,0.0,0.0
2008-07-01,-0.05152096548968999,-0.053520965489689994,0.5,3,True,0.002,1.143644330771894,-0.06199896035685115,0.0,0.0,0.4,0.0,0.1,0.0,0.0,0.0,0.5,0.0,0.0,0.0,0.0
2008-08-01,0.00846385492193591,0.004463854921935909,1.0,5,True,0.004,1.080383779991021,-0.11388437683140062,0.5,0.0,0.0,0.0,0.0,0.5,0.0,0.0,0.0,0.0,0.0,0.0,0.0
2008-09-01,-0.0016254359309036404,-0.0016254359309036404,0.0,0,False,0.0,1.08838972656132,-0.10731801174375177,0.5,0.0,0.0,0.0,0.0,0.5,0.0,0.0,0.0,0.0,0.0,0.0,0.0
2008-10-01,0.0028993178230227734,0.0008993178230227734,0.5,2,True,0.002,1.0844473775553551,-0.11055147110408925,0.5,0.0,0.0,0.0,0.0,0.0,0.0,0.0,0.5,0.0,0.0,0.0,0.0
2008-11-01,0.0037738263595895605,0.0037738263595895605,0.0,0,False,0.0,1.0887551939499511,-0.10701826051754648,0.5,0.0,0.0,0.0,0.0,0.0,0.0,0.0,0.5,0.0,0.0,0.0,0.0
2008-12-01,0.009431901086419003,0.007431901086419003,0.5,2,True,0.002,1.0906782390660197,-0.10544100588547434,0.5,0.0,0.0,0.0,0.0,0.5,0.0,0.0,0.0,0.0,0.0,0.0,0.0
2009-01-01,-0.008742571511026864,-0.010742571511026864,0.5,2,True,0.002,1.1090173270593306,-0.09039954313260745,0.5,0.0,0.0,0.0,0.0,0.0,0.0,0.5,0.0,0.0,0.0,0.0,0.0
2009-02-01,-0.004020888663729294,-0.006020888663729294,0.5,2,True,0.002,1.102474004265067,-0.09576628471353021,0.5,0.0,0.0,0.0,0.0,0.5,0.0,0.0,0.0,0.0,0.0,0.0,0.0
2009-03-01,0.011254452643987056,0.011254452643987056,0.0,0,False,0.0,1.0918629211659816,-0.10446934624312654,0.5,0.0,0.0,0.0,0.0,0.5,0.0,0.0,0.0,0.0,0.0,0.0,0.0
2009-04-01,0.0767509037467482,0.0747509037467482,0.5,2,True,0.002,1.1019429382245578,-0.09620185763136258,0.5,0.0,0.0,0.0,0.0,0.0,0.0,0.0,0.0,0.0,0.0,0.5,0.0
2009-05-01,0.16430934784000462,0.16230934784000461,0.5,2,True,0.002,1.1841450185014182,-0.028780864333137757,0.0,0.0,0.0,0.0,0.0,0.0,0.0,0.0,0.0,0.0,0.5,0.5,0.0
2009-06-01,-0.0025622559975596038,-0.004562255997559604,0.5,2,True,0.002,1.3759536920108975,0.0,0.0,0.0,0.0,0.0,0.0,0.0,0.0,0.5,0.0,0.0,0.5,0.0,0.0
2009-07-01,0.06918885119066209,0.06918885119066209,0.0,0,False,0.0,1.3724281464111783,-0.008374274048517427,0.0,0.0,0.0,0.0,0.0,0.0,0.0,0.5,0.0,0.0,0.5,0.0,0.0
2009-08-01,-0.03760581769651783,-0.03960581769651783,0.5,2,True,0.002,1.4614348786057252,0.0,0.0,0.0,0.0,0.0,0.0,0.0,0.0,0.0,0.0,0.0,0.5,0.5,0.0
2009-09-01,0.04231493975439837,0.04031493975439837,0.5,2,True,0.002,1.4008561451913033,-0.0414515448490026,0.0,0.0,0.0,0.5,0.0,0.0,0.0,0.0,0.0,0.0,0.5,0.0,0.0
2009-10-01,0.040175408172978266,0.03617540817297826,1.0,4,True,0.004,1.4542927554253333,-0.04786457501666064,0.0,0.0,0.0,0.0,0.5,0.0,0.0,0.0,0.0,0.0,0.0,0.5,0.0
2009-11-01,0.09807960684491308,0.09767960684491309,0.09999999999999999,2,True,0.00039999999999999996,1.4898848734718608,-0.053500287326122664,0.0,0.0,0.0,0.0,0.4,0.0,0.0,0.0,0.0,0.0,0.0,0.5,0.1
2009-12-01,-0.007422598003999671,-0.007422598003999671,0.0,0,False,0.0,1.6353577912277217,0.0,0.0,0.0,0.0,0.0,0.4,0.0,0.0,0.0,0.0,0.0,0.0,0.5,0.1
2010-01-01,-0.01516981324063892,-0.017169813240638918,0.5,2,True,0.002,1.4953258597651744,-0.09308911561230071,0.0,0.0,0.0,0.0,0.4,0.0,0.0,0.5,0.0,0.0,0.0,0.0,0.1
2010-02-01,0.010261057442824396,0.008261057442824396,0.5,2,True,0.002,1.4667573681238668,-0.11041582460408506,0.0,0.0,0.0,0.0,0.4,0.5,0.0,0.0,0.0,0.0,0.0,0.0,0.1
2010-03-01,0.07004312033949256,0.06644312033949255,0.9,5,True,0.0036,1.4764733414738331,-0.10452311437911177,0.0,0.0,0.0,0.0,0.0,0.0,0.1,0.0,0.0,0.0,0.0,0.5,0.4
2010-04-01,0.01983975981256434,0.01783975981256434,0.5,2,True,0.002,1.5767303611259198,-0.043717516880097285,0.0,0.0,0.0,0.0,0.0,0.0,0.1,0.5,0.0,0.0,0.0,0.0,0.4
2010-05-01,-0.004600050338421936,-0.006200050338421936,0.4,3,True,0.0016,1.60033479077336,-0.029401497380247887,0.0,0.0,0.0,0.0,0.4,0.0,0.0,0.5,0.0,0.0,0.0,0.0,0.1
2010-06-01,-0.0014849813400980138,-0.003484981340098014,0.5,2,True,0.002,1.5872435642789802,-0.037341289045191295,0.0,0.0,0.0,0.0,0.4,0.5,0.0,0.0,0.0,0.0,0.0,0.0,0.1
2010-07-01,0.007250377667076901,0.007250377667076901,0.0,0,False,0.0,1.5848865372038354,-0.03877081926784187,0.0,0.0,0.0,0.0,0.4,0.5,0.0,0.0,0.0,0.0,0.0,0.0,0.1
2010-08-01,-0.03388764790585779,-0.03748764790585779,0.9,5,True,0.0036,1.5967377790416706,-0.031583074773186004,0.0,0.0,0.0,0.0,0.0,0.0,0.1,0.0,0.0,0.0,0.0,0.5,0.4
2010-09-01,0.03481527693014741,0.03121527693014741,0.9,5,True,0.0036,1.5315411615895993,-0.07112463797589141,0.0,0.0,0.0,0.0,0.4,0.5,0.0,0.0,0.0,0.0,0.0,0.0,0.1
2010-10-01,0.02806434430295506,0.02606434430295506,0.5,2,True,0.002,1.5816924668777403,-0.04070801384340428,0.0,0.0,0.0,0.0,0.4,0.0,0.0,0.0,0.0,0.0,0.0,0.5,0.1
2010-11-01,0.006454362303195517,0.006454362303195517,0.0,0,False,0.0,1.6260816288495883,-0.013786113256839538,0.0,0.0,0.0,0.0,0.4,0.0,0.0,0.0,0.0,0.0,0.0,0.5,0.1
2010-12-01,0.010891584830054236,0.008891584830054236,0.5,2,True,0.002,1.6333037949191205,-0.03250101667963967,0.0,0.0,0.0,0.0,0.4,0.0,0.0,0.0,0.5,0.0,0.0,0.0,0.1
2011-01-01,-0.01755185996578649,-0.01755185996578649,0.0,0,False,0.0,1.6233183850117827,-0.03841594442513274,0.0,0.0,0.0,0.0,0.4,0.0,0.0,0.0,0.5,0.0,0.0,0.0,0.1
2011-02-01,-0.0052186420514338085,-0.006818642051433808,0.4,3,True,0.0016,1.5922744062333085,-0.05680506346093339,0.0,0.0,0.0,0.0,0.0,0.0,0.1,0.0,0.5,0.0,0.0,0.0,0.4
2011-03-01,-0.0025023905395543666,-0.0061023905395543665,0.9,5,True,0.0036,1.5782626224337033,-0.06510504208266565,0.0,0.0,0.0,0.0,0.4,0.0,0.0,0.5,0.0,0.0,0.0,0.0,0.1
2011-04-01,0.024914513174212716,0.023314513174212716,0.4,2,True,0.0016,1.5717942918696277,-0.06893660315782557,0.0,0.0,0.4,0.0,0.0,0.0,0.0,0.5,0.0,0.0,0.0,0.0,0.1
2011-05-01,-0.03214009638999863,-0.03574009638999863,0.9,5,True,0.0036,1.6162570871026238,-0.042598753875086715,0.0,0.0,0.1,0.5,0.4,0.0,0.0,0.0,0.0,0.0,0.0,0.0,0.0
2011-06-01,-0.019906779480541113,-0.022306779480541113,0.6,4,True,0.0024000000000000002,1.5549380816030367,-0.07892149779058955,0.0,0.0,0.0,0.0,0.4,0.5,0.0,0.0,0.0,0.0,0.0,0.0,0.1
2011-07-01,0.01099928463877406,0.00899928463877406,0.5,2,True,0.002,1.5209363035624561,-0.09906269000950274,0.0,0.0,0.0,0.5,0.4,0.0,0.0,0.0,0.0,0.0,0.0,0.0,0.1
2011-08-01,0.07033267312634607,0.06833267312634607,0.5,2,True,0.002,1.5345901838530192,-0.09097471804703516,0.0,0.0,0.0,0.0,0.4,0.5,0.0,0.0,0.0,0.0,0.0,0.0,0.1
2011-09-01,-0.030476210180863307,-0.030476210180863307,0.0,0,False,0.0,1.6425220136368528,-0.027040540027852833,0.0,0.0,0.0,0.0,0.4,0.5,0.0,0.0,0.0,0.0,0.0,0.0,0.1
2011-10-01,0.020906942053065772,0.020906942053065772,0.0,0,False,0.0,1.5771535116033033,-0.06576203167893035,0.0,0.0,0.0,0.0,0.4,0.5,0.0,0.0,0.0,0.0,0.0,0.0,0.1
2011-11-01,0.019521680302963196,0.017521680302963194,0.5,2,True,0.002,1.606906714741824,-0.04813751266624522,0.0,0.0,0.0,0.0,0.4,0.0,0.0,0.0,0.0,0.5,0.0,0.0,0.1
2011-12-01,0.012143734964371045,0.008543734964371046,0.9,5,True,0.0036,1.6323784394616452,-0.033049157489146275,0.0,0.0,0.0,0.0,0.0,0.5,0.1,0.0,0.0,0.0,0.0,0.0,0.4
2012-01-01,0.04011495178451829,0.03811495178451829,0.5,2,True,0.002,1.6415004182435762,-0.02764568923979649,0.0,0.0,0.0,0.0,0.0,0.0,0.1,0.5,0.0,0.0,0.0,0.0,0.4
2012-02-01,0.020388999862127766,0.016788999862127767,0.9,5,True,0.0036,1.6978002661705038,0.0,0.0,0.0,0.0,0.0,0.4,0.0,0.0,0.0,0.0,0.0,0.0,0.5,0.1
2012-03-01,0.040578587435852236,0.036978587435852237,0.9,5,True,0.0036,1.7261800153873463,-0.014880297316230418,0.0,0.0,0.0,0.0,0.0,0.0,0.1,0.0,0.0,0.5,0.0,0.0,0.4
2012-04-01,-0.012170418080053681,-0.01257041808005368,0.1,2,True,0.0004,1.780576342142079,-0.007138044293890533,0.0,0.0,0.0,0.0,0.1,0.0,0.0,0.0,0.0,0.5,0.0,0.0,0.4
2012-05-01,-0.025425586268080516,-0.027825586268080515,0.6,4,True,0.0024000000000000002,1.7539827354303241,-0.021966827393045785,0.0,0.0,0.0,0.0,0.0,0.5,0.1,0.0,0.0,0.0,0.0,0.0,0.4
2012-06-01,0.029346641707962508,0.029346641707962508,0.0,0,False,0.0,1.709386696077917,-0.04683389419620809,0.0,0.0,0.0,0.0,0.0,0.5,0.1,0.0,0.0,0.0,0.0,0.0,0.4
2012-07-01,0.00836852367475005,0.00636852367475005,0.5,2,True,0.002,1.7511509866582982,-0.023545830526648936,0.0,0.0,0.0,0.0,0.0,0.0,0.1,0.0,0.0,0.5,0.0,0.0,0.4
2012-08-01,0.019507620778250426,0.017507620778250424,0.5,2,True,0.002,1.758749376229758,-0.01930891478673713,0.0,0.0,0.0,0.0,0.0,0.0,0.1,0.5,0.0,0.0,0.0,0.0,0.4
2012-09-01,0.01646569862601617,0.01646569862601617,0.0,0,False,0.0,1.7959974728991341,0.0,0.0,0.0,0.0,0.0,0.0,0.0,0.1,0.5,0.0,0.0,0.0,0.0,0.4
2012-10-01,-0.02024014313848237,-0.02224014313848237,0.5,2,True,0.002,1.8219186863689354,-0.0074512451581207895,0.0,0.0,0.0,0.0,0.0,0.0,0.1,0.0,0.0,0.0,0.0,0.5,0.4
2012-11-01,0.004235084945428302,0.0022350849454283016,0.5,2,True,0.002,1.781472705787412,-0.029485492879986808,0.0,0.0,0.0,0.5,0.0,0.0,0.1,0.0,0.0,0.0,0.0,0.0,0.4
2012-12-01,0.03982757431181607,0.03982757431181607,0.0,0,False,0.0,1.789603307315531,-0.025056086406894718,0.0,0.0,0.0,0.5,0.0,0.0,0.1,0.0,0.0,0.0,0.0,0.0,0.4
2013-01-01,-0.004115695650751638,-0.006115695650751638,0.5,2,True,0.002,1.7847226789907087,-0.027714965534098246,0.0,0.0,0.0,0.0,0.0,0.0,0.1,0.0,0.0,0.0,0.0,0.5,0.4
2013-02-01,0.000372754602152292,-0.0016272453978477082,0.5,2,True,0.002,1.7702749039177115,-0.03558585530883274,0.0,0.0,0.0,0.0,0.0,0.0,0.1,0.0,0.5,0.0,0.0,0.0,0.4
2013-03-01,0.008092769348757911,0.006092769348757911,0.5,2,True,0.002,1.7673929124711505,-0.03715591276702257,0.0,0.0,0.0,0.0,0.0,0.0,0.1,0.5,0.0,0.0,0.0,0.0,0.4
2013-04-01,0.01579834955033277,0.013798349550332769,0.5,2,True,0.002,1.778132623629088,-0.03130510997493041,0.0,0.0,0.0,0.0,0.0,0.5,0.1,0.0,0.0,0.0,0.0,0.0,0.4
2013-05-01,0.010345258856661124,0.008345258856661123,0.5,2,True,0.002,1.8026117359953024,-0.017969326835703847,0.0,0.0,0.0,0.5,0.0,0.0,0.1,0.0,0.0,0.0,0.0,0.0,0.4
2013-06-01,-0.013179625736443058,-0.015179625736443058,0.5,2,True,0.002,1.8132707009911437,-0.03475043565285807,0.0,0.0,0.0,0.0,0.0,0.0,0.1,0.0,0.5,0.0,0.0,0.0,0.4
2013-07-01,0.023285257784623425,0.023285257784623425,0.0,0,False,0.0,1.7857937268496358,-0.04937711952591195,0.0,0.0,0.0,0.0,0.0,0.0,0.1,0.0,0.5,0.0,0.0,0.0,0.4
2013-08-01,-0.012096647285286078,-0.012096647285286078,0.0,0,False,0.0,1.8273763941294934,-0.027241620698111313,0.0,0.0,0.0,0.0,0.0,0.0,0.1,0.0,0.5,0.0,0.0,0.0,0.4
2013-09-01,0.0179528734690924,0.0179528734690924,0.0,0,False,0.0,1.8054240490072941,-0.038927405701982276,0.0,0.0,0.0,0.0,0.0,0.0,0.1,0.0,0.5,0.0,0.0,0.0,0.4
2013-10-01,0.03179357948941153,0.029793579489411526,0.5,2,True,0.002,1.8341609253201443,-0.023630044239893677,0.0,0.0,0.0,0.5,0.0,0.0,0.1,0.0,0.0,0.0,0.0,0.0,0.4
2013-11-01,0.025593769482827412,0.02359376948282741,0.5,2,True,0.002,1.8886905155626916,-0.011536215084501644,0.0,0.0,0.0,0.0,0.0,0.0,0.1,0.0,0.0,0.5,0.0,0.0,0.4
2013-12-01,0.01290417876246296,0.01090417876246296,0.5,2,True,0.002,1.9425973310518834,0.0,0.0,0.0,0.0,0.0,0.0,0.0,0.1,0.0,0.5,0.0,0.0,0.0,0.4
2014-01-01,-0.007814659514728196,-0.009814659514728196,0.5,2,True,0.002,1.9372377721032996,-0.01605830181929624,0.0,0.0,0.0,0.0,0.0,0.0,0.1,0.5,0.0,0.0,0.0,0.0,0.4
2014-02-01,0.03193348447489355,0.03193348447489355,0.0,0,False,0.0,1.932151516691454,-0.018641659866191373,0.0,0.0,0.0,0.0,0.0,0.0,0.1,0.5,0.0,0.0,0.0,0.0,0.4
2014-03-01,0.024223974652041114,0.022223974652041116,0.5,2,True,0.002,2.0013981122905626,0.0,0.0,0.0,0.0,0.0,0.0,0.0,0.1,0.0,0.0,0.5,0.0,0.0,0.4
2014-04-01,-0.0031642714438306907,-0.005164271443830691,0.5,2,True,0.002,2.0416886092333257,0.0,0.0,0.0,0.0,0.0,0.0,0.0,0.1,0.0,0.0,0.0,0.0,0.5,0.4
2014-05-01,0.023984851458555112,0.02198485145855511,0.5,2,True,0.002,2.0311576959653936,-0.010172995892719694,0.0,0.0,0.0,0.5,0.0,0.0,0.1,0.0,0.0,0.0,0.0,0.0,0.4
2014-06-01,0.032825800725707975,0.030825800725707973,0.5,2,True,0.002,2.079014716688241,0.0,0.0,0.0,0.0,0.0,0.0,0.0,0.1,0.0,0.0,0.0,0.0,0.5,0.4
2014-07-01,0.0035129589552025833,0.0035129589552025833,0.0,0,False,0.0,2.1429655194050943,0.0,0.0,0.0,0.0,0.0,0.0,0.0,0.1,0.0,0.0,0.0,0.0,0.5,0.4
2014-08-01,0.024716405934115858,0.022716405934115856,0.5,2,True,0.002,2.1461926819785457,-0.027561719041073074,0.0,0.0,0.0,0.0,0.0,0.0,0.1,0.5,0.0,0.0,0.0,0.0,0.4
2014-09-01,-0.05662683663752412,-0.05862683663752412,0.5,2,True,0.002,2.204090725937685,-0.0013281591136367066,0.0,0.0,0.0,0.0,0.0,0.0,0.1,0.0,0.0,0.0,0.0,0.5,0.4
2014-10-01,0.02179913072838129,0.01979913072838129,0.5,2,True,0.002,2.070971237424029,-0.0690050162583481,0.0,0.0,0.0,0.0,0.0,0.5,0.1,0.0,0.0,0.0,0.0,0.0,0.4
2014-11-01,0.020278784266585137,0.020278784266585137,0.0,0,False,0.0,2.1128277326751097,-0.05018863367824389,0.0,0.0,0.0,0.0,0.0,0.5,0.1,0.0,0.0,0.0,0.0,0.0,0.4
2014-12-01,-0.0004340261451479593,-0.0004340261451479593,0.0,0,False,0.0,2.155673310458487,-0.030927613886654215,0.0,0.0,0.0,0.0,0.0,0.5,0.1,0.0,0.0,0.0,0.0,0.0,0.4
2015-01-01,0.007230519176550732,0.007230519176550732,0.0,0,False,0.0,2.1105213245406014,-0.05122546816676099,0.0,0.0,0.0,0.0,0.0,0.5,0.1,0.0,0.0,0.0,0.0,0.0,0.4
2015-02-01,0.029142244042417068,0.027142244042417066,0.5,2,True,0.002,2.1163136689720408,-0.04862154807732433,0.0,0.5,0.0,0.0,0.0,0.0,0.1,0.0,0.0,0.0,0.0,0.0,0.4
2015-03-01,-0.01815553645428173,-0.020155536454281732,0.5,2,True,0.002,2.1702934512645458,-0.024355201143265504,0.0,0.0,0.0,0.0,0.0,0.0,0.1,0.0,0.5,0.0,0.0,0.0,0.4
2015-04-01,0.010794878762927774,0.008794878762927774,0.5,2,True,0.002,2.1223755705184852,-0.045896449906141945,0.0,0.0,0.0,0.0,0.0,0.5,0.1,0.0,0.0,0.0,0.0,0.0,0.4
2015-05-01,0.004052240015620013,0.0020522400156200125,0.5,2,True,0.002,2.1409957847766488,-0.0375258237200885,0.0,0.0,0.0,0.0,0.0,0.0,0.1,0.0,0.5,0.0,0.0,0.0,0.4
2015-06-01,-0.024612751415234713,-0.02661275141523471,0.5,2,True,0.002,2.1453722703418565,-0.03555839605426825,0.0,0.0,0.0,0.0,0.0,0.5,0.1,0.0,0.0,0.0,0.0,0.0,0.4
2015-07-01,0.008304762042638414,0.006304762042638414,0.5,2,True,0.002,2.0883836184468776,-0.06117736559168108,0.0,0.0,0.0,0.0,0.0,0.0,0.1,0.0,0.5,0.0,0.0,0.0,0.4
2015-08-01,-0.039734798863663136,-0.04173479886366314,0.5,2,True,0.002,2.110677427387131,-0.051155292896124416,0.0,0.0,0.0,0.0,0.0,0.5,0.1,0.0,0.0,0.0,0.0,0.0,0.4
2015-09-01,0.014755882102023877,0.014755882102023877,0.0,0,False,0.0,2.0227564641751417,-0.09067973159277676,0.0,0.0,0.0,0.0,0.0,0.5,0.1,0.0,0.0,0.0,0.0,0.0,0.4
2015-10-01,0.04995238860971288,0.04995238860971288,0.0,0,False,0.0,2.052604020081618,-0.07726190891917861,0.0,0.0,0.0,0.0,0.0,0.5,0.1,0.0,0.0,0.0,0.0,0.0,0.4
2015-11-01,0.006694909723968157,0.004694909723968157,0.5,2,True,0.002,2.1473750954333486,-0.03465803583689964,0.0,0.0,0.0,0.0,0.0,0.0,0.1,0.5,0.0,0.0,0.0,0.0,0.4
2015-12-01,-0.030300625267077608,-0.030300625267077608,0.0,0,False,0.0,2.15742807468509,-0.0301387682170019,0.0,0.0,0.0,0.0,0.0,0.0,0.1,0.5,0.0,0.0,0.0,0.0,0.4
2016-01-01,-0.009642534253925916,-0.011642534253925916,0.5,2,True,0.002,2.1064125541055523,-0.053072545806107985,0.0,0.0,0.0,0.0,0.0,0.0,0.1,0.0,0.5,0.0,0.0,0.0,0.4
2016-02-01,0.014702278150397331,0.012702278150397331,0.5,2,True,0.002,2.077765337709687,-0.06595076172758352,0.0,0.0,0.0,0.0,0.0,0.5,0.1,0.0,0.0,0.0,0.0,0.0,0.4
2016-03-01,0.003337973438317765,0.001337973438317765,0.5,3,True,0.002,2.104096595192679,-0.054113673800294304,0.5,0.0,0.0,0.0,0.0,0.5,0.0,0.0,0.0,0.0,0.0,0.0,0.0
2016-04-01,-0.017541101654291503,-0.021541101654291503,1.0,5,True,0.004,2.10267553368413,-0.054752505046301025,0.0,0.0,0.0,0.0,0.0,0.0,0.1,0.0,0.0,0.0,0.0,0.5,0.4
2016-05-01,0.011086158336995722,0.009086158336995722,0.5,2,True,0.002,2.0613803607658316,-0.07331654791900655,0.0,0.0,0.0,0.5,0.0,0.0,0.1,0.0,0.0,0.0,0.0,0.0,0.4
2016-06-01,0.014512029271626026,0.012512029271626026,0.5,2,True,0.002,2.0759045541713017,-0.06678726785995293,0.0,0.0,0.0,0.0,0.0,0.0,0.1,0.5,0.0,0.0,0.0,0.0,0.4
2016-07-01,0.0325426601729403,0.0325426601729403,0.0,0,False,0.0,2.1060301418265377,-0.05324445737448236,0.0,0.0,0.0,0.0,0.0,0.0,0.1,0.5,0.0,0.0,0.0,0.0,0.4
2016-08-01,0.014062011773401363,0.012062011773401363,0.5,2,True,0.002,2.1702168331158758,-0.024389644457004644,0.0,0.0,0.0,0.0,0.0,0.0,0.1,0.0,0.0,0.0,0.0,0.5,0.4
2016-09-01,0.01634563098400722,0.01634563098400722,0.0,0,False,0.0,2.2007344477739856,-0.01647809616587448,0.0,0.0,0.0,0.0,0.0,0.0,0.1,0.0,0.0,0.0,0.0,0.5,0.4
2016-10-01,-0.01282225145274355,-0.01282225145274355,0.0,0,False,0.0,2.2326140278411417,-0.00879170205322255,0.0,0.0,0.0,0.0,0.0,0.0,0.1,0.0,0.0,0.0,0.0,0.5,0.4
2016-11-01,-0.0027893799747196295,-0.0047893799747196295,0.5,2,True,0.002,2.1995789156004815,-0.02345822164335898,0.0,0.0,0.0,0.0,0.0,0.0,0.1,0.0,0.5,0.0,0.0,0.0,0.4
2016-12-01,0.0248068732421443,0.0248068732421443,0.0,0,False,0.0,2.19344345422049,-0.026182167724384087,0.0,0.0,0.0,0.0,0.0,0.0,0.1,0.0,0.5,0.0,0.0,0.0,0.4
2017-01-01,0.014416272604931602,0.012416272604931602,0.5,2,True,0.002,2.2146073755506497,-0.017978947737005258,0.0,0.0,0.0,0.0,0.0,0.0,0.1,0.5,0.0,0.0,0.0,0.0,0.4
2017-02-01,0.02612132829198707,0.02412132829198707,0.5,2,True,0.002,2.2375566102877595,-0.007802592373082784,0.0,0.0,0.0,0.0,0.0,0.0,0.1,0.0,0.5,0.0,0.0,0.0,0.4
2017-03-01,-0.005679740747655348,-0.007679740747655348,0.5,2,True,0.002,2.2914125519548376,0.0,0.0,0.0,0.0,0.0,0.0,0.0,0.1,0.0,0.0,0.5,0.0,0.0,0.4
2017-04-01,0.01877097807823682,0.01677097807823682,0.5,2,True,0.002,2.2814969161368417,-0.004592388801965552,0.0,0.0,0.0,0.0,0.0,0.0,0.1,0.0,0.0,0.0,0.0,0.5,0.4
2017-05-01,0.034657403405044335,0.03265740340504433,0.5,2,True,0.002,2.3150348506476495,0.0,0.0,0.0,0.0,0.5,0.0,0.0,0.1,0.0,0.0,0.0,0.0,0.0,0.4
2017-06-01,-0.017257255672679682,-0.017257255672679682,0.0,0,False,0.0,2.395267947363282,0.0,0.0,0.0,0.0,0.5,0.0,0.0,0.1,0.0,0.0,0.0,0.0,0.0,0.4
2017-07-01,0.041753761732507846,0.041753761732507846,0.0,0,False,0.0,2.361448058809846,-0.02338121560735007,0.0,0.0,0.0,0.5,0.0,0.0,0.1,0.0,0.0,0.0,0.0,0.0,0.4
2017-08-01,0.025994310189265436,0.023994310189265435,0.5,2,True,0.002,2.455127303604284,-0.0007810282465480212,0.0,0.0,0.0,0.0,0.0,0.0,0.1,0.0,0.0,0.0,0.0,0.5,0.4
2017-09-01,0.0009293749924815693,0.0009293749924815693,0.0,0,False,0.0,2.518946644288308,0.0,0.0,0.0,0.0,0.0,0.0,0.0,0.1,0.0,0.0,0.0,0.0,0.5,0.4
2017-10-01,0.03691870662324226,0.03491870662324226,0.5,2,True,0.002,2.517534102919028,-0.010038360880133768,0.0,0.0,0.0,0.5,0.0,0.0,0.1,0.0,0.0,0.0,0.0,0.0,0.4
2017-11-01,-0.0014800696994489038,-0.003480069699448904,0.5,2,True,0.002,2.6000467349680108,-0.0012827429987787298,0.0,0.0,0.0,0.0,0.0,0.0,0.1,0.0,0.0,0.0,0.0,0.5,0.4
2017-12-01,0.022181121659416814,0.020181121659416816,0.5,2,True,0.002,2.5910060876092773,-0.02357622691033212,0.0,0.0,0.0,0.0,0.0,0.0,0.1,0.0,0.0,0.5,0.0,0.0,0.4
2018-01-01,0.056624482908162445,0.05462448290816244,0.5,2,True,0.002,2.5464370163529604,-0.04037213523617844,0.0,0.0,0.0,0.0,0.0,0.0,0.1,0.0,0.0,0.0,0.0,0.5,0.4
2018-02-01,-0.013086055520433137,-0.015086055520433137,0.5,2,True,0.002,2.6798759473902845,-0.023517557999324645,0.0,0.0,0.0,0.0,0.0,0.0,0.1,0.0,0.5,0.0,0.0,0.0,0.4
2018-03-01,-0.020546756776174104,-0.020546756776174104,0.0,0,False,0.0,2.6448069419548617,-0.036295861450073685,0.0,0.0,0.0,0.0,0.0,0.0,0.1,0.0,0.5,0.0,0.0,0.0,0.4
2018-04-01,0.016501860814795745,0.016501860814795745,0.0,0,False,0.0,2.620873746903353,-0.04501654300682045,0.0,0.0,0.0,0.0,0.0,0.0,0.1,0.0,0.5,0.0,0.0,0.0,0.4
2018-05-01,0.033935606094956654,0.033935606094956654,0.0,0,False,0.0,2.664123040687903,-0.029257538919087,0.0,0.0,0.0,0.0,0.0,0.0,0.1,0.0,0.5,0.0,0.0,0.0,0.4
2018-06-01,-0.0038314797023898395,-0.0038314797023898395,0.0,0,False,0.0,2.7545316707851852,0.0,0.0,0.0,0.0,0.0,0.0,0.0,0.1,0.0,0.5,0.0,0.0,0.0,0.4
2018-07-01,0.01154616859740607,0.01154616859740607,0.0,0,False,0.0,2.733708733321667,-0.01579905570505169,0.0,0.0,0.0,0.0,0.0,0.0,0.1,0.0,0.5,0.0,0.0,0.0,0.4
2018-08-01,0.04011506362610256,0.038115063626102556,0.5,2,True,0.002,2.7597420500622953,-0.017898862634236012,0.0,0.0,0.0,0.0,0.0,0.0,0.1,0.0,0.0,0.5,0.0,0.0,0.4
2018-09-01,-0.001766997822706751,-0.003766997822706751,0.5,2,True,0.002,2.8778412684084804,-0.0032327941994095832,0.0,0.0,0.0,0.0,0.0,0.5,0.1,0.0,0.0,0.0,0.0,0.0,0.4
2018-10-01,-0.043973890488262335,-0.04597389048826234,0.5,2,True,0.002,2.86127659566101,-0.00897012333939673,0.0,0.0,0.0,0.0,0.0,0.0,0.1,0.5,0.0,0.0,0.0,0.0,0.4
2018-11-01,-0.00041838652669863325,-0.0024183865266986333,0.5,2,True,0.002,2.7299842217228103,-0.05444446348105392,0.0,0.0,0.0,0.0,0.0,0.0,0.1,0.0,0.5,0.0,0.0,0.0,0.4
2018-12-01,-0.03733402420564236,-0.03933402420564236,0.5,2,True,0.002,2.703269409816331,-0.06369738813323123,0.0,0.0,0.0,0.0,0.0,0.5,0.1,0.0,0.0,0.0,0.0,0.0,0.4
2019-01-01,0.03743871851080751,0.03743871851080751,0.0,0,False,0.0,2.5845797466565137,-0.10480666167236918,0.0,0.0,0.0,0.0,0.0,0.5,0.1,0.0,0.0,0.0,0.0,0.0,0.4
2019-02-01,0.03428352586291592,0.03228352586291592,0.5,2,True,0.002,2.6759804140598007,-0.07314918672543891,0.0,0.0,0.0,0.0,0.0,0.0,0.1,0.0,0.0,0.0,0.0,0.5,0.4
2019-03-01,0.036174869805509796,0.034174869805509794,0.5,2,True,0.002,2.7621870128782886,-0.04329072595168093,0.0,0.0,0.0,0.0,0.0,0.0,0.1,0.0,0.0,0.5,0.0,0.0,0.4
2019-04-01,0.021080919265624366,0.019080919265624365,0.5,2,True,0.002,2.856384550910736,-0.010664528736216483,0.0,0.0,0.0,0.0,0.0,0.0,0.1,0.0,0.0,0.0,0.0,0.5,0.4
2019-05-01,-0.07560959954646611,-0.07760959954646611,0.5,2,True,0.002,2.910766563494022,-0.011739998049148936,0.0,0.0,0.0,0.0,0.0,0.0,0.1,0.0,0.0,0.5,0.0,0.0,0.4
2019-06-01,0.06186981281017519,0.059869812810175185,0.5,2,True,0.002,2.7136972452758656,-0.07864873860199739,0.0,0.0,0.0,0.0,0.0,0.5,0.1,0.0,0.0,0.0,0.0,0.0,0.4
2019-07-01,0.003818517388058363,0.0018185173880583628,0.5,2,True,0.002,2.870078339493856,-0.025554415472410996,0.0,0.0,0.0,0.0,0.0,0.0,0.1,0.0,0.0,0.5,0.0,0.0,0.4
2019-08-01,0.004425671555091503,0.002425671555091503,0.5,2,True,0.002,2.875275707971225,-0.027039109485890944,0.0,0.0,0.0,0.0,0.0,0.0,0.1,0.5,0.0,0.0,0.0,0.0,0.4
2019-09-01,0.00614138217689021,0.00614138217689021,0.0,0,False,0.0,2.9051064336191468,-0.016944728167737844,0.0,0.0,0.0,0.0,0.0,0.0,0.1,0.5,0.0,0.0,0.0,0.0,0.4
2019-10-01,0.028720424551138258,0.028320424551138257,0.1,2,True,0.0004,2.921778623371547,-0.01130304707839247,0.0,0.0,0.0,0.0,0.1,0.0,0.0,0.5,0.0,0.0,0.0,0.0,0.4
2019-11-01,0.005821160216965926,0.003821160216965926,0.5,2,True,0.002,2.999681959187461,0.0,0.0,0.0,0.0,0.5,0.1,0.0,0.0,0.0,0.0,0.0,0.0,0.0,0.4
2019-12-01,0.059698955931126355,0.057298955931126355,0.6,4,True,0.0024000000000000002,3.042776212272931,-0.00417116415037877,0.0,0.0,0.0,0.0,0.0,0.0,0.1,0.0,0.0,0.5,0.0,0.0,0.4
2020-01-01,-0.021902392770811616,-0.023902392770811617,0.5,2,True,0.002,3.0626245212582845,-0.03831251487626919,0.0,0.0,0.0,0.0,0.0,0.0,0.1,0.0,0.0,0.0,0.0,0.5,0.4
2020-02-01,-0.01349878450469828,-0.01549878450469828,0.5,2,True,0.002,2.9608556128848216,-0.07026872918792537,0.0,0.0,0.0,0.0,0.0,0.0,0.1,0.5,0.0,0.0,0.0,0.0,0.4
2020-03-01,-0.04955589061601581,-0.05195589061601581,0.6,4,True,0.0024000000000000002,2.844926127493545,-0.106671472809863,0.0,0.0,0.0,0.0,0.1,0.5,0.0,0.0,0.0,0.0,0.0,0.0,0.4
2020-04-01,0.07100947957398836,0.07100947957398836,0.0,0,False,0.0,2.6974538156380086,-0.152978904794854,0.0,0.0,0.0,0.0,0.1,0.5,0.0,0.0,0.0,0.0,0.0,0.0,0.4
2020-05-01,0.05743117755982137,0.05543117755982137,0.5,2,True,0.002,2.8832206100468083,-0.09464671288087512,0.0,0.0,0.0,0.0,0.1,0.0,0.0,0.5,0.0,0.0,0.0,0.0,0.4
2020-06-01,0.04070329909421566,0.03870329909421566,0.5,2,True,0.002,3.042709750116851,-0.044565905078980395,0.0,0.0,0.0,0.0,0.1,0.0,0.0,0.0,0.0,0.5,0.0,0.0,0.4
2020-07-01,0.08375247994716431,0.08175247994716431,0.5,2,True,0.002,3.160224958982477,-0.007951752145379132,0.0,0.0,0.0,0.0,0.1,0.0,0.0,0.0,0.0,0.0,0.0,0.5,0.4
2020-08-01,0.0648502426599036,0.0648502426599036,0.0,0,False,0.0,3.3791180331346458,0.0,0.0,0.0,0.0,0.0,0.1,0.0,0.0,0.0,0.0,0.0,0.0,0.5,0.4
2020-09-01,-0.048184252858417986,-0.05018425285841799,0.5,2,True,0.002,3.5910581482447657,0.0,0.0,0.0,0.0,0.0,0.1,0.0,0.0,0.0,0.0,0.5,0.0,0.0,0.4
2020-10-01,-0.01481122494722591,-0.01681122494722591,0.5,2,True,0.002,3.4111896430116566,-0.05909076863288398,0.0,0.0,0.0,0.0,0.1,0.0,0.0,0.0,0.0,0.0,0.0,0.5,0.4
2020-11-01,0.060579393093048675,0.058179393093048676,0.6,4,True,0.0024000000000000002,3.3320990912634,-0.08090633388775281,0.0,0.0,0.0,0.0,0.0,0.0,0.1,0.0,0.5,0.0,0.0,0.0,0.4
2020-12-01,0.026957134812114193,0.024957134812114194,0.5,2,True,0.002,3.518423190144541,-0.02951251442579983,0.0,0.0,0.0,0.5,0.0,0.0,0.1,0.0,0.0,0.0,0.0,0.0,0.4
2021-01-01,0.041597728924068655,0.039597728924068654,0.5,2,True,0.002,3.5244226653392343,-0.032391589617558836,0.0,0.0,0.0,0.0,0.0,0.0,0.1,0.0,0.0,0.0,0.0,0.5,0.4
2021-02-01,0.011463222746253998,0.009463222746253998,0.5,2,True,0.002,3.6563612055324937,-0.021311864531135205,0.0,0.0,0.0,0.0,0.0,0.0,0.1,0.0,0.5,0.0,0.0,0.0,0.4
2021-03-01,0.005401658202116489,0.005401658202116489,0.0,0,False,0.0,3.6982748884722763,-0.012082109998889368,0.0,0.0,0.0,0.0,0.0,0.0,0.1,0.0,0.5,0.0,0.0,0.0,0.4
2021-04-01,0.01590959641584091,0.01590959641584091,0.0,0,False,0.0,3.718251705357272,-0.006745715225347726,0.0,0.0,0.0,0.0,0.0,0.0,0.1,0.0,0.5,0.0,0.0,0.0,0.4
2021-05-01,-0.004003285385363564,-0.004003285385363564,0.0,0,False,0.0,3.7811104925795678,-0.010594546564964613,0.0,0.0,0.0,0.0,0.0,0.0,0.1,0.0,0.5,0.0,0.0,0.0,0.4
2021-06-01,0.032358597180483395,0.032358597180483395,0.0,0,False,0.0,3.7659736282041796,-0.014555418956899935,0.0,0.0,0.0,0.0,0.0,0.0,0.1,0.0,0.5,0.0,0.0,0.0,0.4
2021-07-01,0.02337114192456302,0.02137114192456302,0.5,2,True,0.002,3.8800595813279015,-0.0011504983665470148,0.0,0.0,0.0,0.0,0.0,0.0,0.1,0.0,0.0,0.5,0.0,0.0,0.4
2021-08-01,0.014799970310986277,0.012799970310986277,0.5,2,True,0.002,3.9813545521333076,-0.006122715841937465,0.0,0.0,0.0,0.0,0.0,0.5,0.1,0.0,0.0,0.0,0.0,0.0,0.4
2021-09-01,-0.0392649815336622,-0.041264981533662204,0.5,2,True,0.002,4.024133528491107,-0.005167771355412798,0.0,0.0,0.0,0.0,0.0,0.0,0.1,0.0,0.0,0.5,0.0,0.0,0.4
2021-10-01,0.0286234591715812,0.0262234591715812,0.6,4,True,0.0024000000000000002,3.856847297406379,-0.04652368882517299,0.0,0.0,0.1,0.0,0.0,0.0,0.0,0.0,0.5,0.0,0.0,0.0,0.4
2021-11-01,0.002292043723507931,0.002292043723507931,0.0,0,False,0.0,3.967243608554715,-0.01923189856119023,0.0,0.0,0.1,0.0,0.0,0.0,0.0,0.0,0.5,0.0,0.0,0.0,0.4
2021-12-01,0.02260907485258995,0.020609074852589948,0.5,2,True,0.002,3.9683840309585947,-0.02086487842291518,0.0,0.0,0.1,0.0,0.0,0.5,0.0,0.0,0.0,0.0,0.0,0.0,0.4
2022-01-01,-0.02504686555694724,-0.02704686555694724,0.5,2,True,0.002,3.9572760472723054,-0.03351624881152393,0.0,0.0,0.1,0.0,0.0,0.0,0.0,0.0,0.5,0.0,0.0,0.0,0.4
2022-02-01,-0.018723207170061727,-0.018723207170061727,0.0,0,False,0.0,3.85044236877226,-0.05960819011573448,0.0,0.0,0.1,0.0,0.0,0.0,0.0,0.0,0.5,0.0,0.0,0.0,0.4
2022-03-01,-0.0023330633366716036,-0.004333063336671604,0.5,2,True,0.002,3.770793039128143,-0.07906091011164051,0.0,0.0,0.1,0.0,0.0,0.5,0.0,0.0,0.0,0.0,0.0,0.0,0.4
2022-04-01,-0.03253402051797895,-0.03453402051797895,0.5,2,True,0.002,3.7544715490580987,-0.08304710029889184,0.0,0.0,0.1,0.0,0.0,0.0,0.0,0.0,0.5,0.0,0.0,0.0,0.4
2022-05-01,-0.004628562950215787,-0.004628562950215787,0.0,0,False,0.0,3.6061639676692496,-0.11926819427316371,0.0,0.0,0.1,0.0,0.0,0.0,0.0,0.0,0.5,0.0,0.0,0.0,0.4
2022-06-01,-0.04362652269634154,-0.04362652269634154,0.0,0,False,0.0,3.5894726107360926,-0.12334471687822757,0.0,0.0,0.1,0.0,0.0,0.0,0.0,0.0,0.5,0.0,0.0,0.0,0.4
2022-07-01,0.0005421452997754761,-0.001457854700224524,0.5,3,True,0.002,3.4260106496110887,-0.16326695820723824,0.5,0.0,0.0,0.0,0.0,0.0,0.0,0.0,0.5,0.0,0.0,0.0,0.0
2022-08-01,-0.026703423929547554,-0.028703423929547556,0.5,2,True,0.002,3.421012309091393,-0.1644877006668204,0.5,0.0,0.0,0.0,0.0,0.5,0.0,0.0,0.0,0.0,0.0,0.0,0.0
2022-09-01,-0.005174537737229867,-0.007174537737229867,0.5,2,True,0.002,3.3230002479992597,-0.18842514231467644,0.5,0.0,0.0,0.0,0.0,0.0,0.0,0.0,0.5,0.0,0.0,0.0,0.0
2022-10-01,-0.002215320528226039,-0.002215320528226039,0.0,0,False,0.0,3.304388722972654,-0.19297062671055298,0.5,0.0,0.0,0.0,0.0,0.0,0.0,0.0,0.5,0.0,0.0,0.0,0.0
2022-11-01,0.004023273087397916,0.004023273087397916,0.0,0,False,0.0,3.2970684428014145,-0.19475845544808235,0.5,0.0,0.0,0.0,0.0,0.0,0.0,0.0,0.5,0.0,0.0,0.0,0.0
2022-12-01,-0.011435738527371953,-0.013435738527371953,0.5,2,True,0.002,3.303712782635576,-0.19313571131540608,0.5,0.0,0.0,0.5,0.0,0.0,0.0,0.0,0.0,0.0,0.0,0.0,0.0
2023-01-01,0.04715822309855877,0.04315822309855877,1.0,4,True,0.004,3.251795206812839,-0.20581551753422112,0.0,0.0,0.0,0.0,0.0,0.0,0.0,0.0,0.5,0.0,0.5,0.0,0.0
2023-02-01,-0.03725903470454994,-0.039259034704549944,0.5,2,True,0.002,3.3847404672553876,-0.17334635630302286,0.0,0.0,0.0,0.5,0.0,0.0,0.0,0.0,0.0,0.0,0.5,0.0,0.0
2023-03-01,0.04900346196252614,0.04500346196252614,1.0,4,True,0.004,3.2455937915011432,-0.2073300864097628,0.0,0.0,0.0,0.0,0.5,0.0,0.0,0.0,0.5,0.0,0.0,0.0,0.0
2023-04-01,0.00856761554089398,0.006167615540893979,0.6,4,True,0.0024000000000000002,3.393206247071936,-0.17127876270174425,0.0,0.0,0.0,0.5,0.4,0.0,0.0,0.0,0.0,0.0,0.0,0.0,0.1
2023-05-01,0.008417788446047549,0.0064177884460475485,0.5,2,True,0.002,3.40723633767384,-0.16785219997716783,0.0,0.0,0.0,0.0,0.4,0.0,0.0,0.0,0.5,0.0,0.0,0.0,0.1
2023-06-01,-0.017719935734660373,-0.019719935734660375,0.5,2,True,0.002,3.429045896885364,-0.16252566112905031,0.0,0.0,0.0,0.0,0.4,0.5,0.0,0.0,0.0,0.0,0.0,0.0,0.1
2023-07-01,0.009687449497420743,0.006087449497420743,0.9,5,True,0.0036,3.3796733799602987,-0.1745838887566743,0.0,0.0,0.0,0.0,0.0,0.0,0.1,0.5,0.0,0.0,0.0,0.0,0.4
2023-08-01,-0.005702749359229153,-0.007702749359229153,0.5,2,True,0.002,3.3933288472729477,-0.1712488201097302,0.0,0.0,0.0,0.0,0.0,0.0,0.1,0.0,0.5,0.0,0.0,0.0,0.4
2023-09-01,-0.030345806626057306,-0.030345806626057306,0.0,0,False,0.0,3.373977543363509,-0.17597498036980963,0.0,0.0,0.0,0.0,0.0,0.0,0.1,0.0,0.5,0.0,0.0,0.0,0.4
2023-10-01,0.004353076777897236,0.004353076777897236,0.0,0,False,0.0,3.26423567284045,-0.20277718810527323,0.0,0.0,0.0,0.0,0.0,0.0,0.1,0.0,0.5,0.0,0.0,0.0,0.4
2023-11-01,0.05672297105396122,0.05672297105396122,0.0,0,False,0.0,3.2784451413454736,-0.19930681599600475,0.0,0.0,0.0,0.0,0.0,0.0,0.1,0.0,0.5,0.0,0.0,0.0,0.4
2023-12-01,0.024726021417371367,0.022726021417371366,0.5,2,True,0.002,3.4574794736196135,-0.15558134145724856,0.0,0.0,0.0,0.0,0.0,0.0,0.1,0.0,0.0,0.5,0.0,0.0,0.4
2024-01-01,0.048203422909976236,0.048203422909976236,0.0,0,False,0.0,3.592718415241323,-0.12255199550211782,0.0,0.0,0.0,0.0,0.0,0.0,0.1,0.0,0.0,0.5,0.0,0.0,0.4
2024-02-01,0.01373979073626902,0.01173979073626902,0.5,2,True,0.002,3.758367940926846,-0.0820954862632719,0.0,0.0,0.0,0.0,0.0,0.0,0.1,0.5,0.0,0.0,0.0,0.0,0.4
2024-03-01,-0.0030830050567426047,-0.005083005056742605,0.5,2,True,0.002,3.8023871156851916,-0.07134470298799545,0.0,0.0,0.0,0.0,0.0,0.0,0.1,0.0,0.5,0.0,0.0,0.0,0.4
2024-04-01,-0.04358601935210285,-0.04558601935210285,0.5,2,True,0.002,3.783083008305883,-0.0760593364607246,0.0,0.0,0.0,0.0,0.0,0.0,0.1,0.5,0.0,0.0,0.0,0.0,0.4
2024-05-01,0.040828150867447156,0.038828150867447155,0.5,2,True,0.002,3.6109570921370597,-0.1180975716377386,0.0,0.0,0.0,0.0,0.0,0.0,0.1,0.0,0.5,0.0,0.0,0.0,0.4
2024-06-01,0.05520769390479716,0.05320769390479716,0.5,2,True,0.002,3.758010074642701,-0.08218288778507443,0.0,0.0,0.0,0.0,0.0,0.0,0.1,0.0,0.0,0.5,0.0,0.0,0.4
2024-07-01,-0.025254669389965324,-0.027254669389965326,0.5,2,True,0.002,3.9496350818811607,-0.03538239835624035,0.0,0.0,0.0,0.0,0.0,0.0,0.1,0.0,0.5,0.0,0.0,0.0,0.4
2024-08-01,0.009220593331238525,0.007220593331238525,0.5,2,True,0.002,3.842188576969891,-0.06162400997954731,0.0,0.0,0.0,0.0,0.0,0.0,0.1,0.0,0.0,0.5,0.0,0.0,0.4
2024-09-01,0.03933862751193158,0.03933862751193158,0.0,0,False,0.0,4.000588085535771,-0.02293816916470548,0.0,0.0,0.0,0.0,0.0,0.0,0.1,0.0,0.0,0.5,0.0,0.0,0.4
2024-10-01,-0.009866374722691938,-0.011866374722691938,0.5,2,True,0.002,4.149649798601212,-0.018326305345308325,0.0,0.0,0.0,0.0,0.0,0.0,0.1,0.0,0.0,0.0,0.0,0.5,0.4
2024-11-01,-0.008803344556778094,-0.012403344556778093,0.9,5,True,0.0036,4.093916450644879,-0.03691035394657294,0.0,0.0,0.0,0.0,0.4,0.0,0.0,0.0,0.5,0.0,0.0,0.0,0.1
2024-12-01,-0.01412706225949889,-0.016127062259498892,0.5,2,True,0.002,4.075147178342862,-0.041325806004756216,0.0,0.0,0.0,0.0,0.4,0.0,0.0,0.5,0.0,0.0,0.0,0.0,0.1
2025-01-01,-0.005108196039524793,-0.008708196039524793,0.9,5,True,0.0036,3.98223705401152,-0.0631828174596325,0.0,0.0,0.0,0.0,0.0,0.0,0.1,0.0,0.5,0.0,0.0,0.0,0.4
2025-02-01,0.00937194549622209,0.007771945496222091,0.4,3,True,0.0016,3.9795823055796733,-0.06380734430535884,0.0,0.0,0.0,0.0,0.4,0.0,0.0,0.0,0.5,0.0,0.0,0.0,0.1
2025-03-01,0.026781631921670226,0.024781631921670225,0.5,2,True,0.002,4.0063505160798965,-0.05751015024022765,0.0,0.0,0.0,0.0,0.4,0.5,0.0,0.0,0.0,0.0,0.0,0.0,0.1
2025-04-01,0.012803518827183159,0.01240351882718316,0.1,2,True,0.0004,4.103777658778161,-0.03459051484745168,0.0,0.0,0.0,0.0,0.4,0.5,0.1,0.0,0.0,0.0,0.0,0.0,0.0
2025-05-01,0.017928681392828837,0.017928681392828837,0.0,0,False,0.0,4.1563204532949,-0.022229876328359932,0.0,0.0,0.0,0.0,0.4,0.5,0.1,0.0,0.0,0.0,0.0,0.0,0.0
2025-06-01,9.420903846462086e-05,-0.0019057909615353792,0.5,2,True,0.002,4.198041235560945,-0.012415105091553746,0.0,0.0,0.0,0.0,0.4,0.0,0.1,0.0,0.5,0.0,0.0,0.0,0.0
2025-07-01,0.0035749713678418287,0.0011749713678418285,0.6,4,True,0.0024000000000000002,4.1799837598779295,-0.016663107725177206,0.0,0.0,0.0,0.0,0.4,0.0,0.0,0.0,0.0,0.0,0.0,0.5,0.1
2025-08-01,0.03721569467844388,0.035215694678443876,0.5,2,True,0.002,4.186537227973262,-0.023636814777606374,0.0,0.0,0.0,0.0,0.4,0.0,0.0,0.0,0.0,0.5,0.0,0.0,0.1
2025-09-01,0.07681570531714924,0.07481570531714923,0.5,2,True,0.002,4.321738545346418,-0.000821402061251697,0.0,0.0,0.0,0.0,0.4,0.0,0.0,0.0,0.0,0.0,0.0,0.5,0.1
2025-10-01,0.02590158996143275,0.02590158996143275,0.0,0,False,0.0,4.644408508023708,0.0,0.0,0.0,0.0,0.0,0.4,0.0,0.0,0.0,0.0,0.0,0.0,0.5,0.1
2025-11-01,0.015209866007739617,0.013209866007739617,0.5,2,True,0.002,4.7537610887966855,-0.03323357773022173,0.0,0.0,0.0,0.0,0.4,0.0,0.0,0.0,0.0,0.5,0.0,0.0,0.1
2025-12-01,0.011841074582137946,0.011841074582137946,0.0,0,False,0.0,4.816413027674107,-0.02049213160674357,0.0,0.0,0.0,0.0,0.4,0.0,0.0,0.0,0.0,0.5,0.0,0.0,0.1
2026-01-01,0.052605476524508754,0.05060547652450875,0.5,2,True,0.002,4.692004588453907,-0.06112602125982247,0.0,0.0,0.0,0.5,0.4,0.0,0.0,0.0,0.0,0.0,0.0,0.0,0.1
2026-02-01,0.06394425897730888,0.06394425897730888,0.0,0,False,0.0,4.991913852303756,-0.0514515805841983,0.0,0.0,0.0,0.5,0.4,0.0,0.0,0.0,0.0,0.0,0.0,0.0,0.1
2026-03-01,-0.06865689194617536,-0.06865689194617536,0.0,0,False,0.0,5.329766165690289,0.0,0.0,0.0,0.0,0.5,0.4,0.0,0.0,0.0,0.0,0.0,0.0,0.0,0.1
2026-04-01,0.006356024994383005,0.004356024994383005,0.5,2,True,0.002,4.953913303982199,-0.07051957816228338,0.0,0.0,0.0,0.0,0.4,0.0,0.0,0.0,0.5,0.0,0.0,0.0,0.1
2026-05-01,0.008831693269287254,0.007231693269287254,0.4,2,True,0.0016,4.977423859961099,-0.06610839852550199,0.0,0.0,0.4,0.0,0.0,0.0,0.0,0.0,0.5,0.0,0.0,0.0,0.1
2026-06-01,-0.05455289935032029,-0.05655289935032029,0.5,2,True,0.002,5.011340174881979,-0.05974483324580704,0.0,0.0,0.4,0.0,0.0,0.0,0.0,0.5,0.0,0.0,0.0,0.0,0.1
2026-07-01,0.0,-0.0036,0.9,5,True,0.0036,4.720900393372064,-0.11423874019797031,0.0,0.0,0.0,0.0,0.0,0.0,0.1,0.0,0.5,0.0,0.0,0.0,0.4
2026-08-01,0.0,-0.002,0.5,3,True,0.002,4.672190890532837,-0.1233778846416399,1.0,0.0,0.0,0.0,0.0,0.0,0.0,0.0,0.0,0.0,0.0,0.0,0.0
